Angular_Width,35.0,30.0,43.0,60.0,30.0,46.0,46.0,56.0,50.0,38.0,72.0,69.0,36.0,55.0,60.0,50.0,31.0,30.0,30.0,47.0,27.0,31.0,30.0,32.0,66.0,35.0,58.0,30.0,30.0,35.0,40.0,40.0,25.0,63.0,29.0,45.0,45.0,39.0,45.0,27.0,22.0,22.0,50.0,29.0,37.0,47.0,45.0,40.0,41.0,38.0,43.0,50.0,58.0,45.0,45.0,37.0,35.0,26.0,29.0,22.0,19.0,24.0,27.0,17.0,30.0,41.0,50.0,27.0,11.0,35.0,38.0,45.0,31.0,45.0,61.0,35.0,35.0,46.0,30.0,41.0,49.0,32.0,58.0,39.0,45.0,43.0,44.0,45.0,45.0,45.0,40.0,45.0,42.0,45.0,19.0,29.0,45.0
Velocity,920.0,950.0,830.0,1950.0,650.0,600.0,600.0,720.0,1507.0,1150.0,930.0,1020.0,301.0,815.0,2250.0,1364.0,535.0,730.0,730.0,650.0,570.0,447.0,450.0,825.0,1485.0,520.0,675.0,300.0,300.0,440.0,600.0,610.0,790.0,851.0,396.0,202.0,202.0,676.0,1400.0,236.0,917.0,917.0,296.0,576.0,354.0,1250.0,1155.0,329.0,567.0,744.0,861.0,780.0,850.0,483.0,350.0,243.0,487.0,375.0,386.0,260.0,309.0,471.0,594.0,262.0,232.0,1383.0,680.0,717.0,275.0,393.0,287.0,649.0,561.0,628.0,677.0,702.0,422.0,553.0,247.0,539.0,767.0,452.0,920.0,750.0,749.0,1204.0,1494.0,1651.0,635.0,901.0,934.0,729.0,466.0,523.0,786.0,467.0,782.0
Observed,2.795138888888889,2.388888888888889,2.5805555555555557,1.5041666666666667,2.3694444444444445,2.5625,2.9256944444444444,2.677777777777778,1.9083333333333332,2.56875,2.4305555555555554,2.484027777777778,3.7743055555555554,2.582638888888889,1.7576388888888888,2.1555555555555554,3.245138888888889,2.607638888888889,3.7430555555555554,2.834027777777778,3.0944444444444446,3.8625,2.8590277777777775,4.253472222222222,1.8722222222222222,2.7243055555555555,2.44375,2.8506944444444446,4.979166666666667,4.941666666666666,2.861111111111111,2.5756944444444443,2.0840277777777776,1.9090277777777778,3.9694444444444446,2.2493055555555554,2.9298611111111112,3.222916666666667,1.8284722222222223,4.590972222222222,2.463888888888889,3.0395833333333333,4.506944444444445,3.5236111111111112,4.628472222222222,1.5638888888888889,1.6798611111111112,4.254166666666666,2.4631944444444445,1.8520833333333333,2.4895833333333335,1.95,2.3381944444444445,3.426388888888889,4.215277777777778,3.261111111111111,3.740972222222222,4.004861111111111,3.34375,4.544444444444444,3.3291666666666666,2.8715277777777777,2.9659722222222222,3.9611111111111112,4.444444444444445,2.30625,2.310416666666667,2.6131944444444444,5.304166666666666,3.4430555555555555,4.185416666666667,2.907638888888889,3.1277777777777778,2.7666666666666666,2.4034722222222222,3.082638888888889,2.6215277777777777,2.8854166666666665,3.7854166666666664,2.9069444444444446,1.9201388888888888,3.853472222222222,1.442361111111111,1.5430555555555556,2.3881944444444443,1.8534722222222222,1.8930555555555557,2.3944444444444444,3.0625,4.3493055555555555,1.8736111111111111,2.111111111111111,1.8493055555555555,1.8965277777777778,1.7479166666666668,2.870138888888889,2.591666666666667
Spheroidal,2.9155977270565927,,,2.349661200772971,3.0791798075661063,3.5077549358829856,3.5077549358829856,2.7907460080459714,2.9613458700478077,,2.4763901089318097,2.3905264767818153,4.871532911900431,2.834108257200569,2.1636740234680474,2.584053272381425,3.781238824594766,3.0876064742915332,3.0876064742915332,3.2757455157116055,3.4240261344239116,3.789010288193822,3.744392162654549,2.7595811849460006,1.7978135086596012,3.659042819868773,3.066239572595805,,,3.9932678090408444,3.368916822131723,2.5215813680551946,3.3686942886561155,2.716834955383092,,5.729978286195546,5.729978286195546,3.2789176562801003,2.626518911216408,4.659556685015559,2.9192250850610435,2.9192250850610435,4.718646516557783,3.4317668452858925,,2.3782532936893404,2.621728209313005,4.102110147941858,2.5006214077584445,2.6102812769822776,2.145765781868249,2.916421514004469,2.2147414656355977,3.5850537633523345,4.5170018640346825,5.443210187368095,3.7251915740780532,4.249229296576232,3.074926383793354,5.357404246926308,4.8278258186765015,3.77508828882128,3.4536562357097864,5.110106952488422,5.349933055229485,2.349582844879478,2.125364794395864,3.3743629660457373,,3.628408699296415,4.9900753744877875,3.2289885133504868,3.476183022838086,3.2098663109354675,3.1382537465542555,3.2132679182104766,,3.4448537519201636,5.579639102332294,3.718546728603542,2.879283170681447,3.342170286923647,2.718445506878197,,,2.732861196156591,2.645918658003211,2.733806534204632,2.4966936139389873,2.9139768071472645,2.830201344564557,3.064125880599022,3.8437790451571345,3.7016152469441295,2.843677246943116,3.4046342973597348,2.833213653881103
tt_0.1h,,,,,,,,,,,3.3634337848052382,,,,,4.922398503404111,,4.934640676248819,4.934640676248819,,,5.241440708283335,,,2.5489485980942845,,4.535500398371369,,,5.096584694925696,4.6597497053444386,3.1868775743059814,,,,,,5.445501104462892,5.074979912955314,,,,,,,5.003245680127293,4.529322312679142,,,,,3.3386022546328604,2.4296280215494335,,4.573118154425174,,,4.878915045410395,,5.343623070511967,4.987473683431745,5.231738302856684,,4.2313394346274436,,,,5.108165129087865,,4.279033574275672,,,4.780120362062007,5.099720391910523,5.036954183131456,,,4.527686543762684,5.444171405397356,,,,,,,4.169098823796958,5.200602637138218,,,,5.390136015601456,4.56454755179584,,,,,5.123759706970304
tt_0.2h,4.2686255648732185,,,4.927201228681952,3.4228010652586818,5.222480253782123,5.222480253782123,5.158988150302321,5.085083917248994,,3.355028163641691,4.939856211654842,5.367153281811625,5.226944166701287,3.169210445135832,4.781713895499706,5.5364990956149995,4.85910778818652,4.85910778818652,4.679159274790436,3.9461992494761944,5.209918751846999,4.795852618291974,4.731384527403861,2.540130031760782,5.121117697097361,4.489088545087725,,,5.0817527156323195,4.622691038064659,3.163495502900332,5.157369585707784,4.9209540812298656,,4.001263503916562,4.001263503916562,5.38161704223603,4.946743807289749,2.411812635604292,4.395481681916863,4.395481681916863,4.578484618570656,3.765873875003308,,4.802367229014635,4.425340506248176,4.025926358066499,2.4820649130269885,5.109916385728866,3.44483214430511,3.3343991301953793,2.427469101268798,4.135420287959278,4.570766960270703,5.245537658687681,4.781246514990926,4.869170562829822,2.22556095616892,5.3442656504921615,4.984738788101822,5.196469428949058,4.803261284250766,4.2312118033878505,4.451022346504033,3.7176947207190096,2.355714751407504,5.07477506948635,,4.264984012115747,5.119594885036349,5.2431812402792275,4.749508956912905,5.047995899338275,4.998391297180206,4.874180190265179,,4.5195842906832695,5.446115388069302,5.436198434792459,5.341569120530039,4.142550352495164,4.411457979585975,,,4.157116921618581,5.0447901342995465,4.987380559090525,2.534367320127785,5.303426432888955,5.285826743580401,4.525804368313402,5.341202202253044,4.805479748174548,4.692549933213741,4.4107934343628585,5.064665595069528
tt_0.30000000000000004h,4.226016120053828,,,4.78605277556926,3.419711726717651,5.180631740018725,5.180631740018725,5.068160120397806,4.9169646934606135,,3.346726475749165,4.8238532561808825,5.3601342854090035,5.141024307347834,3.1541664339601994,4.662155216559768,5.495068995747715,4.779704974964261,4.779704974964261,4.657763210590929,3.9424089449457824,5.176995096262544,4.768863854929805,4.601366314571351,2.531422670930624,5.078481255564839,4.44425065536052,,,5.066163084004074,4.586064914707094,3.138644746504724,5.105664266739041,4.905096069909632,,4.004144633654505,4.004144633654505,5.313599178101867,4.836189288645983,2.42309106932953,4.289536732248962,4.289536732248962,4.580522920470685,3.7631631116382778,,4.60960054025054,4.336651121266186,4.031143694650382,2.4821903384290636,5.005137253552675,3.3537182067520916,3.3302309615537524,2.4253113260492682,4.133295173756778,4.568427927792072,5.249023875687271,4.77234793594107,4.859100623521954,2.242034315597266,5.344927983358502,4.981984776444733,5.159969191532582,4.748221887275577,4.231083031278104,4.458146568853408,3.6704151052981615,2.3474252680316567,5.035216128453612,,4.250167014542967,5.117184870410711,5.170689035207033,4.718240240123123,4.993951094336808,4.957016631960869,4.8280058656819165,,4.510001285467297,5.448088502511382,5.399787648580968,5.259235855191946,4.120628301054239,4.376822954975069,,,4.145214109215885,4.917857308872044,4.9088225699961185,2.5342973065562546,5.216011742595583,5.180899001657963,4.489093815442175,5.308465198613703,4.7952240207232535,4.607935661450028,4.383008073549718,5.000488934107125
tt_0.4h,4.18594570690766,,,4.673213818576187,3.4166263435035944,5.137172325048596,5.137172325048596,4.967182370834053,4.788204479031265,,3.3385046771727502,4.707312216050923,5.3530243202112615,5.053206401411444,3.140216843225062,4.5669457777403295,5.452084810007364,4.701873369049281,4.701873369049281,4.636310182046145,3.938613472972065,5.142616526223719,4.741145275998861,4.4590436103753746,2.522752535995096,5.034346989355981,4.40375985391438,,,5.049781209323555,4.550810220185667,3.112935997545719,5.051910713780671,4.871931585017592,,4.007042936515063,4.007042936515063,5.24540871521458,4.744245081674308,2.436951213516295,4.1876633879728615,4.1876633879728615,4.582410272210836,3.760452958755195,,4.448638250119984,4.266420281957835,4.036243795417249,2.4822413632646203,4.888906973879784,3.260606040712446,3.326087038498372,2.423160206526518,4.131171396467835,4.566103028599173,5.252474477514625,4.762801765464246,4.848726799245924,2.2585501121357083,5.345610400196165,4.9792112852446735,5.122306457720697,4.691330726724118,4.230953166261315,4.465322918258607,3.6288535622879863,2.3387352568097413,4.992165113333613,,4.234516510274261,5.114782296586782,5.093185098841786,4.686811169143766,4.939733639359474,4.914585325866938,4.7812508679926395,,4.498686830978841,5.450091165024787,5.361995475366712,5.171325740404427,4.097755375318229,4.34182034060359,,,4.133398614358157,4.812920407857746,4.8071789080277085,2.534227513242513,5.12815074250102,5.085655881091952,4.455701124388725,5.274680437985808,4.7848168085329235,4.519878805615008,4.354450491722673,4.936596693471074
tt_0.5h,4.1497808303684,,,4.578880885150284,3.4135633283294737,5.093273074366152,5.093273074366152,4.86465791426599,4.688356454018503,,3.33036638610065,4.602249675896019,5.345783280674368,4.971095024142414,3.1273264018818736,4.488782986532897,5.40809365035966,4.628082900773734,4.628082900773734,4.615027446765453,3.934830790851265,5.1075536254793406,4.7127430606633425,4.322820736095309,2.514090416021645,4.989204488694668,4.368345276918262,,,5.032792154233903,4.517695360817015,3.0870998851023614,4.999432574491948,4.811930250842124,,4.0099769798107445,4.0099769798107445,5.179876439273357,4.665021342691034,2.45365835307166,4.100484065711498,4.100484065711498,4.584140113554895,3.75775361713022,,4.314771686680615,4.209514869377017,4.041215458884835,2.4901682627387345,4.772766635287553,3.174720809329301,3.3219922184944153,2.4210148630663753,4.129048860166222,4.563790360931307,5.255940860137343,4.7524668532423675,4.8380360994488,2.2750609326176345,5.346313272602856,4.976417159195989,5.084625084884465,4.634904698468745,4.230822172947228,4.4725057408213615,3.59185433620587,2.3298471653833985,4.948240444995463,,4.218149181455374,5.112387745641172,5.177922944538295,4.656092538498342,4.887293119449168,4.872509122826159,4.736025466118008,,4.485848888289183,5.452123677823693,5.323205063119531,5.08539284626022,4.073890279047191,4.307287969626486,,,4.121657332871109,4.721600804943591,4.711797625757754,2.5341579490341246,5.047049661166966,5.001929503399879,4.425514018628746,5.23987137619406,4.774287716951221,4.435998268891126,4.325100461021066,4.875664529390633
tt_0.6h,4.117281491868198,,,4.497177125886083,3.4105030074715614,5.050387271679938,5.050387271679938,4.873981941957027,4.692473345901817,,3.322289097122848,4.51015883916989,5.338446782901883,4.897063865792006,3.1147658969275653,4.422231988050044,5.364589291624725,4.559626213740557,4.559626213740557,4.594124475028366,3.9310636851005256,5.072431762237102,4.684325063135475,4.200345980003476,2.5054197246208787,4.995522224344313,4.337680004537106,,,5.0153948077932,4.486896221991628,3.061556181870401,4.949763670563698,4.739743973128498,,4.012909698765725,4.012909698765725,5.11841967375949,4.594787252601236,2.473136772401631,4.028931523673236,4.028931523673236,4.5857055387459695,3.755070863291621,,4.199233782012016,4.161095809191465,4.046047389041632,2.4901682627387345,4.662387057207525,3.0990244820713997,3.3179371492005885,2.4188759550452232,4.126927508972585,4.561492920387536,5.2593964478001,4.741418772842735,4.827247795648873,2.2915544384159148,5.347034913953394,4.973622850608081,5.047556516714394,4.581530482508242,4.2306900676339865,4.475666953716427,3.557791349478066,2.3209437308833003,4.905277393758297,,4.201489483937621,5.110001383349299,5.10054211365059,4.626442322507501,4.837669073604047,4.831819939427078,4.693310707807541,,4.4717842428945005,5.454186339862645,5.284572828561068,5.0045933946967125,4.0496040768921375,4.273653113283217,,,4.109966228250414,4.639709496404976,4.6273982604034245,2.534088606480509,4.974258324597031,4.928026320878416,4.398085466586053,5.204908466432244,4.763653136789799,4.359148894902319,4.295784474350512,4.818885616026819
tt_0.7000000000000001h,4.087698754388839,,,4.4234905880875885,3.4074616488069296,5.053729270584881,5.053729270584881,4.873981941957027,4.692473345901817,,3.314280671533197,4.428806632757187,5.330996077507734,4.830996734090149,3.1018124162219465,4.363846544642001,5.322223899886012,4.496916001196951,4.496916001196951,4.573689493816346,3.9273256538435817,5.037628214340657,4.656347681302577,4.093927120324224,2.496748860925436,4.995522224344313,4.310897201299667,,,4.997722025029361,4.458372680936009,3.0368009586818516,4.9034321014769375,4.670452115125954,,4.012973803561181,4.012973803561181,5.061547871679068,4.531128916423768,2.4948325781151652,3.9700022814795375,3.9700022814795375,4.587099140044302,3.752403353806585,,4.09814134798944,4.118485956452787,4.050690224394202,2.4900599042885005,4.561023226007819,3.0342414495535195,3.3139090426266193,2.4167452906258404,4.126976422499865,4.559211930260062,5.262840283103287,4.742095968686044,4.816431223414838,2.3078844724223018,5.347777915652841,4.970807828940451,5.011467453092337,4.532329216599464,4.2305568642914295,4.475666953716427,3.5257215504534543,2.312107662204653,4.864279775414616,,4.184634989127517,5.107623584102839,5.022118971683085,4.5981106366962194,4.791341882199049,4.793018484953791,4.653539483435452,,4.456944420002401,5.4562791818752885,5.246652747504413,4.930304887704551,4.025258371606469,4.241049333941191,,,4.098261797334999,4.564634170848876,4.551959745585918,2.5340194711461663,4.908888268750161,4.861276402603835,4.372918138280511,5.170288044027984,4.752909230999649,4.290158020332456,4.266858614515513,4.766116370912641
tt_0.8h,4.060305846855044,,,4.3545512850396335,3.4044254468753934,5.012517509050667,5.012517509050667,4.775304948911071,4.609601689502597,,3.306323162280023,4.3552075093612075,5.323502602055669,4.771785798482597,3.088478857651353,4.311251556966454,5.281508767046034,4.439019123557955,4.439019123557955,4.553785983007401,3.923579915892333,5.003510579932481,4.629037749953568,4.0023383209481835,2.48808985715732,4.951048564165831,4.287191094364971,,,4.979925999417901,4.4320198483765125,3.0131823318079114,4.860198977403343,4.6758459392003715,,4.0159353176131845,4.0159353176131845,5.009059192147106,4.472384956665337,2.5181302968412638,3.9199766661040485,3.9199766661040485,4.600344103761017,3.752471995074302,,4.008435471449047,4.079981514252722,4.055080172140151,2.4898708923719823,4.469577576965094,3.0471504060551524,3.3099001036025584,2.414614662528038,4.124864268582314,4.5569568537175655,5.266245122533292,4.742095968686044,4.805616688448936,2.324034033343196,5.34853500733152,4.967992756515741,4.976755518466234,4.487951405346394,4.230422559194267,4.482903213240206,3.4951084316708148,2.3034987184219062,4.825374931562692,,4.167698865290731,5.105268878862262,4.945820996072143,4.571270519401878,4.748472621664405,4.756260999944061,4.616662930231541,,4.441852249670774,5.458386898972094,5.209911277983338,4.862272032536566,4.001077224500477,4.209401089698076,,,4.08654875960201,4.494775335304439,4.482963095419109,2.5339505807496607,4.849116584286094,4.800188812892884,4.349433250259608,5.136384495534003,4.742124250158668,4.228464652784169,4.2385709043592215,4.716603858862072
tt_0.9h,4.034589624963701,,,4.289412152953446,3.4045042949728668,5.012517509050667,5.012517509050667,4.682976452168077,4.538002581335604,,3.2984275012277067,4.288097790908068,5.316017537377775,4.717647274024785,3.074824633076787,4.262923921458423,5.242754944600165,4.385179436765611,4.385179436765611,4.534359951969236,3.91984337894246,4.970386812463403,4.602619879879057,4.016605108510703,2.479442103765905,4.90803476376459,4.265571685973555,,,4.96214676136151,4.407577475532889,2.9907002951949835,4.8194982768036425,4.612199268769473,,4.0159353176131845,4.0159353176131845,4.9600753001868725,4.417480442672968,2.542323890607804,3.8765910444781184,3.8765910444781184,4.601334401872009,3.7498192177154124,,3.9278880450874567,4.044473450630903,4.059205882251263,2.48960266681388,4.386135948356241,2.990465554408729,3.3059349325485528,2.4124791440553963,4.124864268582314,4.554710266645998,5.269633713178337,4.73044205410406,4.794876591768116,2.339989405591041,5.349305601790547,4.965180187020451,4.943576178047806,4.448425278067589,4.2302871574647725,4.490138394758105,3.465669500641525,2.295170330442488,4.788383615668863,,4.150813681073487,5.102967065293342,4.95340191014111,4.545866818167269,4.708579977974296,4.721243238542229,4.582375062163919,,4.426857240498066,5.4605051428079605,5.1746296333149076,4.799173982813954,3.9772892128676176,4.178673159796745,,,4.074834375176579,4.429227846674621,4.418817372061312,2.5338819352909923,4.793781369458884,4.743680652230978,4.327302630525082,5.10344768082723,4.731303922832012,4.172308116685599,4.211172117851675,4.669942197389901
tt_1.0h,4.010239754337817,,,4.227884577121586,3.4014858319424093,4.973494418896735,4.973494418896735,4.598171577323228,4.473986922763288,,3.2905790829099715,4.226270243059844,5.308519749902189,4.667856412939727,3.0609540031291544,4.217888509389013,5.206056233495474,4.335088507737964,4.335088507737964,4.51539054652676,3.9161196164786816,4.938513230998069,4.577310683205724,3.935321577358991,2.4708571205846965,4.867004332598299,4.245612310245633,,,4.94453857652843,4.384624479804188,2.9692773460410535,4.781087057199329,4.553333238698542,,4.018914212472737,4.018914212472737,4.914241059217602,4.365751800127327,2.56698564440012,3.838282690383494,3.838282690383494,4.601334401872009,3.7471916740760207,,3.8550498615950346,4.011242427397519,4.063063035719097,2.4973737029358745,4.309350186493248,2.9410193446092308,3.302006572019309,2.4103443822823465,4.122746580280364,4.552480925805867,5.27297196816653,4.718128567561507,4.784281749743968,2.3557432321831584,5.350088999141008,4.962374137248844,4.912162012420595,4.4134092684835196,4.230150694493204,4.497409748844802,3.437232491094619,2.28710974752903,4.753250285983086,,4.1341115538962185,5.100672112777829,4.95340191014111,4.5217758519575,4.671160083729774,4.687860326841474,4.5501316813752055,,4.412114913575351,5.462636582087725,5.140987242106348,4.740278270095587,3.9864706080406904,4.148839590605348,,,4.063068605493754,4.367442963644862,4.358709886670113,2.533813539892435,4.797976648900658,4.6908965818583965,4.306252796668559,5.108374296221882,4.720449454151094,4.120954223442823,4.184824693482369,4.625799699220806
tt_1.1h,3.9869695603847504,,,4.169576182030141,3.398475464899093,4.936693794559687,4.936693794559687,4.608587449416518,4.477733563631773,,3.2827889234758914,4.168810678645968,5.301061541307718,4.621666724793613,3.046884791459888,4.175484706182033,5.171400854829699,4.288426459766924,4.288426459766924,4.496843749657273,3.9124230570159853,4.908001881092787,4.5531806806102395,3.8634305601008236,2.462292202282697,4.872952759731561,4.226927596144378,,,4.927192230708897,4.363034012261778,2.9489372549578547,4.744652253109962,4.553333238698542,,4.021911163814366,4.021911163814366,4.871255974750966,4.316699525807053,2.573070999700576,3.8038279679603875,3.8038279679603875,4.6021197736263275,3.7471916740760207,,3.789039645344019,3.97982388548553,4.0666414075531065,2.4973737029358745,4.238598433788866,2.9410193446092308,3.298103920649737,2.4082155134528875,4.120614576153457,4.55027181096375,5.276257395278662,4.7051957389339805,4.7738562962040305,2.371274841018021,5.350884322077036,4.959596900269389,4.882482354529202,4.381890163756907,4.2300131232477725,4.5005691554397345,3.4096939121372998,2.2793526146560907,4.719819952268153,,4.117744241841137,5.098410973791033,4.881244863383472,4.498789197765291,4.6360319862142205,4.656014433130622,4.519735902547836,,4.397708754986525,5.4647775730118155,5.108959533739835,4.685138328932226,3.9632436498068273,4.150153935421258,,,4.05126480711624,4.309000284411013,4.302113239187747,2.533745392691344,4.746367353014648,4.641180452425033,4.286115468945354,5.0766806257888675,4.709626469761133,4.07370074884966,4.159732372034341,4.583887638524175
tt_1.2000000000000002h,3.9646213995292783,,,4.114182792138308,3.398475464899093,4.90211246162653,4.90211246162653,4.530925434548408,4.419058486819267,,3.275044770911336,4.115017967298627,5.293623017147183,4.578525013290346,3.032671043649316,4.135231692809612,5.175684598274529,4.244820858817548,4.244820858817548,4.478701402433217,3.90871976967901,4.878715257626027,4.530342061072588,3.7997545772232115,2.4537977292202413,4.834146887529641,4.209228695835918,,,4.9101282032206655,4.342638170812279,2.92976449476555,4.709983630105853,4.498888826929033,,4.024925806093961,4.024925806093961,4.830788951832801,4.269947705324739,2.598161076195538,3.8085808153264225,3.8085808153264225,4.602699680719525,3.7445636838674545,,3.729161810595542,3.949887948576361,4.069932816550136,2.496947948820889,4.173320633359253,2.8976607965305448,3.294217437505722,2.4060914935544133,4.118479686789215,4.5480814557522535,5.279486591462046,4.691791073884815,4.763667949009687,2.3865478481166065,5.351690581999719,4.9568151431158185,4.854128368198872,4.353477076161653,4.229874493088573,4.507819831371307,3.3829713203012943,2.2719463976100087,4.687939206138253,,4.101865899283439,5.096186407376081,4.814074956346303,4.476889110170305,4.6029999209567904,4.625591903459281,4.490948004648089,,4.3836669344455,5.46692614024505,5.078229004982859,4.633241741918027,3.9408115362748504,4.121278661303222,,,4.039421088062227,4.253584278747439,4.248550144489855,2.5336774745956063,4.697795611340553,4.594046854879707,4.266767635010183,5.046309477649629,4.698801940772682,4.029956246260554,4.135970648378134,4.543881895951927
tt_1.3000000000000003h,3.94303043698892,,,4.06148637784645,3.395489867310971,4.869276706594974,4.869276706594974,4.530925434548408,4.419058486819267,,3.2673560827970505,4.064410299062729,5.286258558742702,4.537915658205748,3.0328562008216977,4.096807511057705,5.142637215554714,4.203946579713374,4.203946579713374,4.4609436290338635,3.9050215519964695,4.85050090868026,4.508556578308344,3.7997545772232115,2.4453393747098744,4.79777274094522,4.1923050307668746,,,4.893311175983399,4.32329027634114,2.911687894258648,4.676865035202354,4.4482999900355935,,4.025038190186024,4.025038190186024,4.7925588940270245,4.225211367942393,2.623241405002773,3.776919240131974,3.776919240131974,4.603074749931693,3.7419454171322286,,3.6748499954119325,3.921198330819607,4.0729303592815995,2.4964542891830206,4.112763551063836,2.8592074844054878,3.290372929070145,2.4039778490550816,4.118567121680826,4.545912571251392,5.282631028443575,4.692920065484941,4.753774628508836,2.4015470389276743,5.352506744209677,4.954050588887185,4.827059032861143,4.3277748534455895,4.229734797496349,4.507819831371307,3.3570209029130638,2.264874890912324,4.657442811876535,,4.086412293370813,5.094000708311796,4.82184268347919,4.455968834925443,4.571829612366855,4.596453303005546,4.463600663933903,,4.370038037188351,5.469080237671733,5.0487811476923525,4.584171656519175,3.9193709981627762,4.093225460033864,,,4.027529251296073,4.200886314269155,4.197721145115793,2.533609787002206,4.65177895128727,4.54915137309581,4.248061835765839,5.017366600688547,4.6879627499729395,3.9892066130414605,4.113109837751836,4.505584041122347
tt_1.4000000000000001h,3.92212967434898,,,4.0112191596999764,3.3925010287202895,4.872664160095155,4.872664160095155,4.458454073406756,4.364515349268913,,3.259712864179164,4.016609408892691,5.278948277235031,4.499504128936678,3.018537546042353,4.059961408376694,5.111122601665556,4.16553221270442,4.16553221270442,4.443570900708437,3.9013331700116396,4.823354857508093,4.487725428305566,3.7429165760986507,2.43695466266945,4.79777274094522,4.1760003310628235,,,4.876791025046259,4.304876695852727,2.894625667948276,4.6451227446086705,4.4010232030414045,,4.028102023527026,4.028102023527026,4.756302636116743,4.182267827913165,2.648258341476321,3.7476768977940083,3.7476768977940083,4.603247030172497,3.739340392872691,,3.6256001675501466,3.8935809917747974,4.075625876430422,2.504165939055383,4.056302328594029,2.824737359303981,3.2865683902055025,2.4018703354522586,4.116439089179039,4.543764729984105,5.285739964339882,4.67925236467272,4.7440818613395095,2.4163267421536148,5.353331557009369,4.951308295596391,4.8012751173228025,4.304425129201263,4.229594016913325,4.515061356127262,3.331784167792648,2.25812151376158,4.628185496199876,,4.071241138502955,5.091856621205807,4.759711083956063,4.435962283983827,4.542311464436352,4.568467556498945,4.437462766189128,,4.356801729183644,5.471237367019057,5.020580505486578,4.5375677440315485,3.8986615645699203,4.065923114772886,,,4.015511790290475,4.150709258392453,4.149334295652807,2.5335423690266907,4.6079305009916425,4.506226458586752,4.229932850692421,4.989529900252819,4.677164556924254,3.950956715736538,4.091213241219521,4.468779869377613
tt_1.5000000000000002h,3.9018277125433087,,,3.9631651332601905,3.3895247760228813,4.841498736757785,4.841498736757785,4.391006553545594,4.313366067130119,,3.252122589852661,3.971307445317507,5.271748845931143,4.462989255320281,3.004108365625143,4.024502787273377,5.081048678606749,4.129353243857622,4.129353243857622,4.426518347579986,3.8976567569188774,4.7972763371653855,4.467853288631886,3.6918258145451546,2.4286155961453915,4.763854996766895,4.160201650578529,,,4.860593863762915,4.2872814713045955,2.878459157422185,4.614622531924397,4.356597143225372,,4.03116462379694,4.03116462379694,4.721790352836251,4.140918424818665,2.673175868112594,3.720442283898592,3.720442283898592,4.6154340682551265,3.7394663635641336,,3.5809275722131133,3.866908018477261,4.089219436980784,2.503535256255418,4.0032682698220015,2.7934505557641387,3.282790976576507,2.399773842189461,4.114306202158332,4.541637618094683,5.288783976342529,4.665267715696245,4.734600367024541,2.430884073022753,5.354163438547403,4.948593390639871,4.776654747780412,4.283035210799426,4.229452195111662,4.522252669557929,3.3072117236442864,2.263358600437641,4.60005760146305,,4.056404577568173,5.089756914880127,4.759711083956063,4.416778068989515,4.514230614993721,4.541549280285835,4.4124084007926285,,4.343925742898136,5.473395026288927,4.993542493786663,4.49311004485935,3.8986615645699203,4.039360931608826,,,4.00333591690287,4.102830692194402,4.103154828771949,2.5334752243943512,4.6079305009916425,4.465051825158298,4.212318966165185,4.989529900252819,4.666395445819944,3.9149212492629886,4.099934441037476,4.433343569748104
tt_1.6h,3.882064905948937,,,3.9171291613020003,3.3865593569353223,4.811852041631937,4.811852041631937,4.402048003859818,4.317001261282712,,3.2445767112076283,3.9282578164711595,5.264639761764556,4.428137581795454,2.989571978803724,3.9902996215969324,5.052338490262628,4.09527043113485,4.09527043113485,4.409790356643498,3.8940036254934967,4.772256601136178,4.473441787529737,3.6456531966105103,2.4203512156382203,4.731853511184454,4.144827258307487,,,4.8447406170889735,4.270406597759575,2.8631416563875973,4.585250267293304,4.362211452797055,,4.034245158080012,4.034245158080012,4.688860552385449,4.101063630077988,2.673175868112594,3.694851144682616,3.694851144682616,4.61520976619795,3.7368869450874627,,3.5403433414176106,3.841073171235621,4.091391909401864,2.50284637324512,4.016504642087966,2.8039449360221624,3.2790245013311505,2.3976722811348736,4.1121691963635385,4.5395407932810485,5.291759193874896,4.665267715696245,4.72535725357011,2.4452423211187124,5.355000700801611,4.945905352011323,4.753182330634445,4.263321171980351,4.229309293441474,4.525426767766476,3.2832784825004637,2.25687626702711,4.572961724828929,,4.041948437225074,5.087728738319129,4.7017365247011185,4.398343043867499,4.48744191788137,4.515572391916066,4.388346280902624,,4.3313741884194314,5.475548286456615,4.967594207264483,4.450634916778654,3.878634317778051,4.01352995634079,,,3.9909305972978473,4.05707383621484,4.059003604575992,2.5334083600901067,4.565985105466098,4.425462499260902,4.195171604864299,4.962721668183804,4.655638345982879,3.8808619040064514,4.078999302815646,4.399160264059901
tt_1.7000000000000002h,3.8837654162198305,,,3.8729274864308536,3.3867072979919612,4.783566675614566,4.783566675614566,4.339290485717356,4.268627436365932,,3.2370715835131705,3.887264634948224,5.257681081071496,4.394799941219389,2.974937494378537,3.957247947808355,5.0248667425476015,4.063117004465312,4.063117004465312,4.39337373059243,3.890338882803917,4.748247708659619,4.454417743720114,3.603839731775224,2.4121375465765595,4.737459177616984,4.129843293689191,,,4.829269097186625,4.2541975770145655,2.8486586213111877,4.556911792140454,4.320274676196277,,4.034245158080012,4.034245158080012,4.657369012013078,4.062530780676752,2.6979900100268424,3.670674560125917,3.670674560125917,4.614794665016234,3.734312179032713,,3.5033805686980486,3.815999241080135,4.093288652133197,2.50284637324512,3.9666114458814263,2.7750626616179943,3.2752957730554044,2.3955744672566652,4.1121691963635385,4.537458228413016,5.297588344663382,4.650981499813497,4.716295510996133,2.459401079453528,5.355833692476153,4.943263967521489,4.73071832023561,4.244993495754898,4.229172311257571,4.532587565947324,3.259936090093106,2.250674793496728,4.546834092121571,,4.027928170282394,5.08572658803314,4.693575554061681,4.3805818310938776,4.461833497975022,4.490490805357695,4.365156468003988,,4.319145078305155,5.4776709489524364,4.942649752367288,4.409941384103149,3.8593327295966446,4.01352995634079,,,3.978203838225454,4.013292849995196,4.016674301587045,2.5333417747169733,4.5257298005744815,4.387314402963966,4.178423243109137,4.937018522061408,4.644941414240748,3.848522518761456,4.059012232813984,4.3661265363916755
tt_1.8000000000000003h,3.8645144323818386,,,3.8304114565253258,3.383756663184613,4.783566675614566,4.783566675614566,4.2805801699869335,4.222670525312424,,3.2296327999792993,3.848141464404762,5.250807305332273,4.36281270859763,2.9602019283920527,3.9252588506788015,4.998520752415061,4.0327638341113925,4.0327638341113925,4.377257122658193,3.8866798407398164,4.7251953524537385,4.436257713939995,3.615058005321771,2.403997207991779,4.707146633416414,4.115206448361278,,,4.814175230450928,4.238600950222462,2.834942519199103,4.529499612748623,4.280527671333402,,4.037344241514802,4.037344241514802,4.627194921951741,4.025258667301387,2.7227094722911716,3.6477462449111044,3.6477462449111044,4.614197372458875,3.731761514674872,,3.469565317966044,3.7916257986798882,4.094947721809149,2.502106758300215,3.9195219804532826,2.7484666095115244,3.271606717724353,2.3934769481420517,4.110027329064906,4.535401060245931,5.300421153195202,4.636484451126307,4.707441940903664,2.4733408614993095,5.35665817419067,4.940637675113976,4.7092141271568835,4.227864928077906,4.229043275117874,4.539714217651635,3.2371618868783116,2.244765722192824,4.521563265938312,,4.014399570412934,5.083762539085001,4.639172103255987,4.363461884204298,4.437280444893986,4.466260416898876,4.342739469837397,,4.307176154106855,5.47975016431883,4.918629682157189,4.370874572079629,3.8408151464536786,3.9883679184131324,,,3.964968225453049,3.9713079356588423,3.97603577375412,2.5332753625698388,4.486996278166771,4.3504973580129445,4.162034227978438,4.912303004413843,4.634284686297178,3.8177239201031625,4.0399077739566565,4.334155992604792
tt_1.9000000000000001h,3.8457317878492177,,,3.7894329871051013,3.3808239600621164,4.75654683355242,4.75654683355242,4.225389592349529,4.222670525312424,,3.2222253680229187,3.8107559620402753,5.243997545912862,4.332069511990994,2.94536503450945,3.894254834856838,4.973197488579899,4.004088817164302,4.004088817164302,4.361430099233985,3.8830296359956264,4.70302645303309,4.418911984656006,3.576609533280134,2.3959097051993012,4.67850683722645,4.10087903868407,,,4.7994533334858716,4.223559116013348,2.821951225399971,4.5029923799447715,4.242785199545324,,4.040461785160005,4.040461785160005,4.598223533947021,3.9891222659498453,2.7472938103601336,3.6258919765241444,3.6258919765241444,4.613467984367162,3.729212216101587,,3.4384484505280852,3.7678942908532917,4.096377668902278,2.493578646797687,3.87494736071676,2.723818012047559,3.26794744329527,2.3913904796354473,4.10787824774161,4.533369279466569,5.303207467310131,4.638099519070238,4.698771312832832,2.487064107786864,5.357478185091168,4.938046316616237,4.6885680430568755,4.21176991937682,4.228922206908464,4.539714217651635,3.2149369744583964,2.239126033615321,4.497122491244227,,4.001344112679362,5.081824698485434,4.588099759072065,4.3469051024876535,4.41370362509042,4.44277855893597,4.321072189603001,,4.29546468006447,5.481782303191721,4.895477536134422,4.333325712010264,3.82305603986606,3.963901069480926,,,3.951057911850512,3.9310297989286482,3.9369760151021183,2.5332091855816543,4.44964532693848,4.314914858434349,4.145978995598853,4.888602709863335,4.62364632403478,3.788355769123882,4.021586440503597,4.303177096880972
tt_2.0h,3.827370409388095,,,3.7498953687027097,3.3778931605629623,4.730653470847756,4.730653470847756,4.225389592349529,4.178830883465707,,3.214880163781345,3.7749738600105047,5.237292079720646,4.302425302565098,2.9304284742102027,3.864169371780008,4.948809821624309,3.9769834745675325,3.9769834745675325,4.34588242508471,3.879401172976941,4.6816801922395825,4.4023202625103295,3.5415895404294133,2.3878967333585024,4.65143869118765,4.0868316031992435,,,4.785091639496386,4.20902782632038,2.8096245587803423,4.477278231177479,4.206831844523549,,4.0406332379207015,4.0406332379207015,4.570358524098992,3.954068440478295,2.77178591536358,3.6258919765241444,3.6258919765241444,4.613467984367162,3.7266681590117514,,3.409624848049134,3.744767111726105,4.097584575414658,2.4927229969762266,3.832662158180028,2.7008779547177255,3.2642902387306094,2.389309682417661,4.108021691441536,4.531363555695862,5.305916149634868,4.623595388606191,4.690310733858496,2.5005872449837625,5.358294898178428,4.93549076654017,4.6686917138285935,4.196566121652722,4.228809150401503,4.546817989088595,3.193220270331949,2.2337356451898813,4.473419385030866,,3.988738400861621,5.07991428906098,4.588099759072065,4.330885300412774,4.390999987255782,4.4200391955673695,4.300071349367499,,4.284009025432169,5.483779690228403,4.873126589227468,4.297195997554809,3.831905814819038,3.940075108781457,,,3.9362547020427883,3.8923085583373904,3.899361348710954,2.5331432186067104,4.4542620736174285,4.280471018049866,4.13023589970544,4.8937508296221495,4.61307522514835,3.76026871195063,4.0039814952760935,4.273126312997192
tt_2.1h,3.8094039647839963,,,3.7535432898439467,3.3749825027771294,4.734115045052022,4.734115045052022,4.220657322090119,4.166374512948096,,3.2075689574703574,3.7406846918165684,5.23065928183496,4.273808381520212,2.9154099724255502,3.834951135329902,4.948809821624309,3.951332587748766,3.951332587748766,4.330605066847056,3.879556606989354,4.661108899861574,4.386423664167523,3.509647606872022,2.3799405531026423,4.65143869118765,4.0730412607081234,,,4.771075707860291,4.19496915768832,2.797917017713189,4.452355275396258,4.17250021500513,,4.043795248027891,4.043795248027891,4.543501579668373,3.9200332183390856,2.779594347346574,3.604972961358726,3.604972961358726,4.612629474140704,3.7266681590117514,,3.3827398526482284,3.7222030851989985,4.0985760181210935,2.4917636434547603,3.792434473056346,2.679404671769589,3.260665764566511,2.3872419805265963,4.105863811913878,4.529383598361164,5.308542055543512,4.609026407357305,4.682028220035136,2.5139157422818244,5.359107781201601,4.932973972987384,4.649569170083851,4.182136061601341,4.228704111650586,4.533832089044154,3.172002336010337,2.2285976759158075,4.450442242901772,,3.9765446265228093,5.078032277524471,4.596184468828142,4.315361730288714,4.36911615729332,4.397974605672061,4.279664091300219,,4.272745070978999,5.485743241384625,4.851528530474752,4.262355766259134,3.8148879730142653,3.9420961625874043,,,3.920323013793677,3.8550773835740983,3.8630710900761187,2.533077497035265,4.4182336325757205,4.247096724808216,4.114785856101662,4.87096848571673,4.613832772243768,3.7333549526520073,3.9870523544959724,4.243947701063007
tt_2.2h,3.7918107621371746,,,3.7153657469898462,3.372077173087746,4.7092276881448925,4.7092276881448925,4.168701969552785,4.1243989686481655,,3.200314014684409,3.707791631575674,5.224143843632191,4.246139119844884,2.9154099724255502,3.8065375653095543,4.925289198756218,3.9270746344700456,3.9270746344700456,4.33218295359984,3.875922564882785,4.641266133170575,4.37116140499711,3.4804445151239634,2.3720594816841185,4.640753014013171,4.05951034091413,,,4.757400028407574,4.1813497841358185,2.7867722916416824,4.428148330189288,4.17250021500513,,4.046953672077507,4.046953672077507,4.517610415350646,3.8869595951400697,2.804175698198378,3.584928946569562,3.584928946569562,4.623942802194506,3.7241322211921215,,3.3574813581071794,3.7001681360416114,4.099360796157271,2.4917636434547603,3.7541156192310154,2.679404671769589,3.257080001756549,2.385182433295995,4.103693436365575,4.527430078480393,5.311098787467927,4.594450071919709,4.673946112394333,2.5270572183653712,5.359916191082448,4.930496101733297,4.631131310015917,4.16837958060205,4.228607119992375,4.540822773240507,3.15124814491719,2.223690920509398,4.42811070708558,,3.9647183320485055,5.076179365627468,4.548148137517273,4.300288453232497,4.347968123853207,4.376522730104625,4.259852142073214,,4.261678719893098,5.4876721245236695,4.830640118569136,4.269220732152462,3.7985790190286934,3.919000482186675,,,3.9030228424817324,3.819223848171532,3.828048842959106,2.5330119929276407,4.383377393241972,4.2147267130203545,4.099613069090992,4.849041425157338,4.603355839382857,3.7075000144541264,3.9707444943487644,4.215592777822167
tt_2.3000000000000003h,3.774572664871812,,,3.678410198073834,3.372077173087746,4.685281058307737,4.685281058307737,4.119501907844096,4.084146815817803,,3.193094953894615,3.7141372449696064,5.217711329925805,4.219369550701231,2.900275779888034,3.7788890656083822,4.902570147067308,3.9040834554471076,3.9040834554471076,4.3172222236171365,3.872289919760078,4.622124242596328,4.356498735956848,3.4536573821678758,2.364226457197219,4.615060222800821,4.0461803753860295,,,4.744059183169156,4.168138529639691,2.776173509657383,4.404591999948025,4.1396498288959265,,4.050127409864217,4.050127409864217,4.492603810038418,3.854796464089304,2.8286348478868604,3.5656579402275383,3.5656579402275383,4.622859755530953,3.7243191404268146,,3.3335990724153817,3.678638528101146,4.099948795512319,2.49911717697978,3.717578646261245,2.659246077761054,3.253523552790284,2.383134655188769,4.101509358268231,4.525502705946565,5.3135943110100925,4.594450071919709,4.666025225073099,2.540035462472588,5.360719551332295,4.928057700861245,4.613333016168326,4.1552304001525044,4.228518212214112,4.547756432555616,3.1309450082480907,2.2189936293289065,4.406423234380782,,3.953296430874616,5.074356298428029,4.502779433969408,4.285660843830556,4.327522537205368,4.355691960547119,4.2405733382329345,,4.250796628184617,5.489565565716475,4.810405977535993,4.23564075678587,3.7829120652750134,3.896491279825568,,,3.8841987857595086,3.7846629912965,3.794194273650646,2.5329466848634183,4.349610793869942,4.183303321246058,4.084703237749636,4.827937133610249,4.592907738871872,3.6826607803814113,3.955046474467963,4.187999740708619
tt_2.4000000000000004h,3.757672850508243,,,3.6426080595701933,3.369177651591599,4.6621548514813185,4.6621548514813185,4.072828494478017,4.045417873188853,,3.185927544720471,3.682524971663952,5.211400072090328,4.224045947659761,2.885052547324449,3.7519643465057015,4.9070272906683385,3.8822923908010125,3.8822923908010125,4.302515791263431,3.868663123808801,4.603636951651424,4.3424015012569726,3.4290134091861546,2.356472857296467,4.590676097199321,4.033060661982745,,,4.731038600672036,4.155307585839182,2.766073756851256,4.407817986793816,4.145159612875432,,4.053316978272051,4.053316978272051,4.468406428117305,3.8234977698884904,2.853071119170636,3.5694669261574745,3.5694669261574745,4.621649939566851,3.7218050812371075,,3.310878853313625,3.6575865615159273,4.100350666325539,2.4978882065042853,3.682643936481327,2.668550862465054,3.2499911221675575,2.3810806134715676,4.0993144498206675,4.523611289914697,5.316001096274704,4.579905141144991,4.658289100974798,2.5458454871550202,5.361517416778952,4.925677305087447,4.596129964571446,4.142591708805412,4.228437406942248,4.55459210742265,3.111074397340417,2.2145143351517618,4.385326648596674,,3.9422654705122113,5.072587718255818,4.459767552092671,4.271440213546157,4.307717447169125,4.335427979938686,4.2436589086428285,,4.240107741672546,5.491422910708934,4.790792254731059,4.203199880197644,3.767856976017356,3.874582590535283,,,3.863784955814481,3.7512989905662835,3.798028508666903,2.5328816417604685,4.316862028092146,4.152774865273386,4.070043908897787,4.807535455096513,4.582537031266838,3.6587257073260844,3.939920306671411,4.1611651121638715
tt_2.5000000000000004h,3.741097162477672,,,3.6078886138275266,3.3694006227888167,4.639804103411734,4.639804103411734,4.028428308200091,4.045417873188853,,3.17880054237321,3.6521436837501824,5.205192079767585,4.198083622846752,2.8855095165781677,3.72573354607448,4.885070974007249,3.86163713876158,3.86163713876158,4.288056678138673,3.865042951889336,4.585772320162505,4.328836463857442,3.4290134091861546,2.348773268982768,4.567427532281727,4.020141198299825,,,4.718332581687719,4.142840911168605,2.756430275272578,4.384921858552843,4.113645886536688,,4.053316978272051,4.053316978272051,4.444981166627258,3.7930215350352228,2.8774498687125742,3.550858427770436,3.550858427770436,4.620358483865857,3.719293940346688,,3.2891557752154768,3.636987442150712,4.100577302277088,2.4965614727698267,3.6492191082797945,2.6494028554297984,3.2464716122485697,2.379034699872136,4.0993144498206675,4.521736797410995,5.31837117485702,4.565909956581891,4.650710015557706,2.5586593351326883,5.362309322226793,4.92331763682887,4.579482214991003,4.130416363012046,4.228364707902074,4.561366929672658,3.091626684181392,2.2102324906736612,4.364789605606347,,3.9315822795033455,5.0708253546617925,4.51095144636929,4.25760084297508,4.288509404286742,4.315679537598044,4.224904785864055,,4.22955864854157,5.493241653777659,4.77176175871864,4.171829394996166,3.753388149663806,3.853234658483416,,,3.8419372979551554,3.719094654545188,3.765273922123015,2.532889016903937,4.285068807192147,4.123090226203203,4.055623966734856,4.787832389585674,4.572224562056363,3.6356693324632943,3.9253351101651788,4.135035868734121
tt_2.6h,3.7248330642469227,,,3.574198503512889,3.36652447655797,4.618190420791507,4.618190420791507,4.084426543209702,4.049089887645096,,3.1717219022102654,3.6229250924661756,5.209133766125888,4.172908021137118,2.8702382082119584,3.7001505685038865,4.8638087986037135,3.8420034935697913,3.8420034935697913,4.273838594555855,3.8614401472732425,4.568497376982123,4.315770627465099,3.4375658514909446,2.3411585595458746,4.545237980782986,4.00741352327168,,,4.70592735754326,4.130714212544262,2.747232688125223,4.36264987103641,4.083382291253656,,4.0374184981919825,4.0374184981919825,4.422298084013164,3.7633293196558952,2.9018256408162415,3.53290053922683,3.53290053922683,4.618973247241229,3.7168052019551396,,3.268287386279553,3.6168256201781332,4.100639183074236,2.4951562453061342,3.6171922176145017,2.6313110846094787,3.2429875815287232,2.3769925525411963,4.083410264458507,4.519888530485332,5.320677798707038,4.551544768735766,4.643307205289602,2.571319165173918,5.363092967309058,4.92099813837558,4.563355504069477,4.11865642759949,4.228300153277814,4.557601827662438,3.072572785895318,2.206128870137036,4.344766268972307,,3.921263081487268,5.069093519356102,4.46799390623346,4.244121544528753,4.269857489038259,4.296463961713016,4.206618886906654,,4.219161929562688,5.495025469921529,4.753281612880528,4.141468137037009,3.7394796572625637,3.832408746704459,,,3.818949431180954,3.6879831389524043,3.7335445997305214,2.5328244837000966,4.254176395013928,4.094216986559331,4.04143318394199,4.768784100655466,4.561947992071509,3.6133958995342255,3.91125775128603,4.109562057536095
tt_2.7h,3.708868596237153,,,3.5414579436182976,3.363670652266592,4.618190420791507,4.618190420791507,4.040116745047271,4.011790807824582,,3.1646826579235494,3.594815052114427,5.20303569175303,4.148435560055077,2.8548965961672366,3.6751963067799807,4.843195406254381,3.823334756772965,3.823334756772965,4.2598555027507246,3.8578204070217907,4.551778317894787,4.303178904112428,3.414427248761058,2.3335915873758495,4.523973768111318,3.994891313370317,,,4.693812123965472,4.118909096810967,2.7384329442866147,4.34092389093712,4.054274722002447,,4.040633619297296,4.040633619297296,4.4002807550132275,3.7343858280219138,2.9261648603715003,3.5155436149798334,3.5155436149798334,4.617501482833177,3.7143238000571728,,3.2481703869998455,3.5970794814638793,4.100545775610954,2.4951562453061342,3.5864744102582335,2.6141728963702917,3.239540806505829,2.374963075853884,4.081219570245594,4.518067700788379,5.322920362465084,4.537267432082444,4.636057596188039,2.583820041269064,5.363872004207224,4.91871761996299,4.547717156819999,4.107285680714995,4.228243762161583,4.564330579712987,3.0747418799437582,2.202211354393512,4.325266704894602,,3.9112787628546357,5.071898703929037,4.427135295700282,4.230982274282724,4.251727807801217,4.277735379058868,4.188775221351534,,4.208931609988213,5.496772243175656,4.757294257637113,4.112063907086849,3.726103284396231,3.8121209805831313,,,3.79514213046059,3.6578687019646168,3.7027795147150755,2.5327602215111256,4.224135559052229,4.066112002823502,4.027444263454527,4.750376829877496,4.55175626790151,3.591873957309872,3.8976405863650143,4.084749061614275
tt_2.8000000000000003h,3.693193681538105,,,3.509626316372305,3.360814604908228,4.605643892195076,4.605643892195076,3.9978674431331456,3.9758260990493,,3.1576805566437542,3.5677440254949033,5.197018714156002,4.124660950619727,2.8394922502338886,3.650831855367869,4.823188196402043,3.805560219101608,3.805560219101608,4.246101807802916,3.8542034262791276,4.535581548232585,4.291019459720701,3.3929746905341744,2.3261146983131766,4.550457398407161,3.982525536324829,,,4.681978614535183,4.107405429705977,2.7300267592072487,4.319738533347845,4.026257395278662,,4.043883826583624,4.043883826583624,4.3789223725907505,3.7061396879144013,2.950520223006606,3.4987442907877266,3.4987442907877266,4.615950282197446,3.7118423995561898,,3.2287131478078663,3.577732239384204,4.100306359585375,2.502050601411611,3.556980117689818,2.5979055878706276,3.2361247618682683,2.372942653018981,4.07901578489691,4.516272743232548,5.325098731089383,4.523103265091777,4.628975128754973,2.5961647271178663,5.364644501358271,4.916476031765342,4.532539603766054,4.096235846169293,4.22819554945454,4.5709750461392105,3.0561186955310404,2.202211354393512,4.306249401997775,,3.9016002379357815,5.0702128410339355,4.388118206523359,4.218164609279484,4.234075972810388,4.259471483062953,4.171349155716598,,4.1988175958395,5.49848205037415,4.7393500111065805,4.083564423955977,3.713228621520102,3.7923338008113205,,,3.7709356006234884,3.628711332101375,3.6729402593337,2.5326961423270404,4.194902339950204,4.038739901967347,4.013685862999409,4.732529227156192,4.5416068360209465,3.5984456473961473,3.8845023126341403,4.0605346080847085
tt_2.9000000000000004h,3.677798181772232,,,3.478645092342049,3.357974681071937,4.584684293717146,4.584684293717146,3.957547938916832,3.941055240575224,,3.1507375524379313,3.5416668681427836,5.191115535795689,4.101510218344629,2.8240416860207915,3.6270416672341526,4.803752520121634,3.78861341252923,3.78861341252923,4.2325722821988165,3.850591490510851,4.519891655538231,4.279271703679115,3.3730247518979013,2.311331702861935,4.5291762463748455,3.9703325452283025,,,4.670417609158903,4.096196342725307,2.7219700571149588,4.299092468805611,3.9992223042063415,,4.047130869701505,4.047130869701505,4.358156634029001,3.6785990186035633,2.9748570383526385,3.4824648164212704,3.4824648164212704,4.61206743074581,3.7093680105172098,,3.20984574733302,3.5587655613198876,4.099930182099342,2.500423574820161,3.5286114024929702,2.5824227570556104,3.232708608265966,2.3709364905953407,4.0767991268076,4.514505704399198,5.32721290923655,4.509075763635337,4.622043760493398,2.608345929067582,5.3654106091707945,4.914274779614061,4.51779689732939,4.099505021236837,4.228155544027686,4.5775489625521,3.037867612671107,2.2072415403090417,4.287692631129175,,3.892246468923986,5.068556483369321,4.35082304244861,4.20564045663923,4.2168969376944005,4.241652168799192,4.1542972144670784,,4.188857026863843,5.50015522679314,4.721895910333842,4.055925968568772,3.700828773435205,3.773028515279293,,,3.746584570966661,3.6004582322202623,3.6439414881169796,2.5326323471963406,4.166436997242272,4.012063107453287,4.000131638720632,4.715228367596865,4.531544295139611,3.577602363191545,3.8717997102066875,4.036928973160684
tt_3.0000000000000004h,3.662673440761864,,,3.4484952609054744,3.3551466153003275,4.564341300632805,4.564341300632805,3.9189769052900374,3.907418094109744,,3.1438262118026614,3.516545806080103,5.185286102350801,4.07898621680215,2.808562245685607,3.6037915907800198,4.784855243284255,3.772431513760239,3.772431513760239,4.21926194569096,3.8469978412613273,4.504673104267567,4.267920683603734,3.354386417660862,2.3040362051688135,4.508748079650104,3.958307000808418,,,4.659117106813937,4.085264971945435,2.714261350687593,4.278913970571011,3.973118821159005,,4.050393914338201,4.050393914338201,4.3379660453647375,3.6517159147188067,2.999225602950901,3.4666709545999765,3.4666709545999765,4.6103981686756015,3.693505854345858,,3.1915113176219165,3.5401703687384725,4.111053723841906,2.498738557100296,3.5013347985222936,2.5676679061725736,3.2293228562921286,2.3689411664381623,4.074566381052136,4.512764660641551,5.329263090156019,4.495183275546879,4.615245139226317,2.6203895080834627,5.366170626599342,4.91211263043806,4.503463855478913,4.088728024624288,4.228123764041811,4.584006290417165,3.019976465962827,2.2034705723635852,4.269576463382691,,3.8831784636713564,5.0669286283664405,4.39641405409202,4.193419636692852,4.200153090059757,4.22425841121003,4.1376443253830075,,4.179001305717975,5.501792365219444,4.704907485283911,4.029091955628246,3.721851376350969,3.7541872789151967,,,3.722360377665609,3.5730599518865347,3.6157537745311856,2.5325688389129937,4.199864264577627,3.9860617173835635,3.986774316523224,4.737771436572075,4.521551358047873,3.5574423759244382,3.8796604103408754,4.013873488176614
tt_3.1h,3.647810997441411,,,3.419125675689429,3.3523198147304356,4.544569691643119,4.544569691643119,3.8820442762225866,3.944762283936143,,3.1369644328951836,3.4923220979981124,5.179567369632423,4.057021137326956,2.7930694930255413,3.581070206128061,4.766466130968183,3.7569558238610625,3.7569558238610625,4.206144287716597,3.8433862193487585,4.4899126389063895,4.272436918690801,3.336896269582212,2.2968169394880533,4.489151116460562,3.9464656095951796,,,4.648070359136909,4.07459521247074,2.706861204467714,4.259204543195665,3.9479050310328603,,4.0536732892505825,4.0536732892505825,4.318320626858622,3.6254461030475795,3.0089217484928668,3.451332564931363,3.451332564931363,4.608659107703716,3.693505854345858,,3.173663870897144,3.521929888986051,4.11040930589661,2.4970040330663323,3.4750714669935405,2.560115700121969,3.225973416585475,2.366958956234157,4.072302185930312,4.51105141453445,5.331224074587226,4.511554887518287,4.608601911459118,2.632290428504348,5.366924823261797,4.910008747130632,4.489519039168954,4.078252379316837,4.22810022206977,4.59041985264048,3.002433441579342,2.1998687693849206,4.251882481388748,,3.874413225799799,5.065328869502991,4.359157221391797,4.181476214900613,4.183821361511946,4.207272951025516,4.121350526344031,,4.159674420021474,5.503394448664039,4.68836159305647,4.003053419757634,3.709423723164946,3.735775970853865,,,3.698371567763388,3.546487625222653,3.588334307074547,2.532505549956113,4.171431478578597,3.9607023973949254,3.9736070707440376,4.720481296535581,4.511605060193688,3.537889718543738,3.86731085088104,3.991381503175944
tt_3.2h,3.6332029555924237,,,3.39050032151863,3.349514204543084,4.525336941238493,4.525336941238493,3.930698693729937,3.911136854439974,,3.1301404158584774,3.4689710354432464,5.173940688371658,4.035623858682811,2.7775797634385526,3.5588454455137253,4.748554816003889,3.7421315340325236,3.7421315340325236,4.193258888088167,3.8397732842713594,4.475578417535871,4.26139273494482,3.3204147261567414,2.289658514317125,4.470297900494188,3.934762507211417,,,4.637268112041056,4.0641839052550495,2.6997707174159586,4.239943760912865,3.937131325248629,,4.0569692575372756,4.0569692575372756,4.299208786338568,3.599802939686924,3.0089217484928668,3.436422672122717,3.436422672122717,4.606856504455209,3.6910527157597244,,3.156262499745935,3.5040315319783986,4.11040930589661,2.5034955381415784,3.487604749854654,2.560115700121969,3.2226599236018956,2.3649725085124373,4.072588611394167,4.509364772122353,5.333149516489357,4.497774388641119,4.602082626894116,2.6440449324436486,5.367672950029373,4.907925279811025,4.4759415509179235,4.068019858095795,4.228084933478385,4.586853999644518,2.985227675177157,2.196419526822865,4.234576277900487,,3.8659111582674086,5.063757137861103,4.323465138673782,4.184615327976644,4.167879499029368,4.190679440740496,4.105399576481432,,4.150173367001116,5.504962878767401,4.672234424389899,3.9777461448684335,3.697448370512575,3.738410360645503,,,3.67475671088323,3.5206649471074343,3.5616603097878397,2.532442524563521,4.143731431104243,3.935954575892538,3.9606234594248235,4.703711068723351,4.50175243942067,3.5189289660193026,3.86731085088104,3.9693977972492576
tt_3.3000000000000003h,3.6188419652171433,,,3.3625857438892126,3.3337104711681604,4.50663003558293,4.50663003558293,3.893810471985489,3.8785716770216823,,3.123363728635013,3.4464454846456647,5.168387362267822,4.014750082511455,2.7621134519577026,3.537111950106919,4.731097612995654,3.7279075058177114,3.7279075058177114,4.180579116567969,3.8361623059026897,4.461660968139768,4.250697621610016,3.304817411582917,2.28256754623726,4.475391138810664,3.9232146781869233,,,4.626702334266156,4.05401712981984,2.6929535479284823,4.221112926024944,3.937131325248629,,4.05722946440801,4.05722946440801,4.280574888922274,3.5747439130209386,3.0335151595063508,3.4219168853014708,3.4219168853014708,4.604976077098399,3.68861121032387,,3.1392817310988903,3.486463498789817,4.109650237020105,2.5034955381415784,3.462227261159569,2.5458973054774106,3.2193718855269253,2.362997265532613,4.072588611394167,4.507715048734099,5.3350150915794075,4.484157836064696,4.595710677560419,2.655649023130536,5.372456024866551,4.905882167164236,4.462729804683477,4.058026343118399,4.228077915497124,4.593245956115425,2.96834901208058,2.1931157470680773,4.217676924075931,,3.857689945027232,5.062213411089033,4.289212964940816,4.172935897950083,4.152308429125696,4.1744629461318254,4.089777396991849,,4.140804689377546,5.5064977440051734,4.656508769374341,3.953166527207941,3.6859022793360054,3.738410360645503,,,3.6515329154208302,3.4955846364609897,3.535662343259901,2.532379816751927,4.116728033870459,3.911803074646741,3.947799440473318,4.6874277661554515,4.49197361478582,3.5005289274267852,3.8553762095980346,3.94792086398229
tt_3.4000000000000004h,3.6210451032966375,,,3.3353419955819845,3.3337104711681604,4.510238299611956,4.510238299611956,3.858418363612145,3.8470008270815015,,3.116624998860061,3.4247080758213997,5.162942482624203,3.9943757946603,2.746686775237322,3.5158446333371103,4.714071587193757,3.714237907435745,3.714237907435745,4.1681008329615,3.8325691064819694,4.448130745906383,4.250697621610016,3.2899972195737064,2.2755467956885695,4.475391138810664,3.911818800959736,,,4.606246763374656,4.044082344044,2.6864134538918734,4.202718415297568,3.9126910027116537,,4.05722946440801,4.05722946440801,4.262410358060151,3.5502304485999048,3.0581244858913124,3.4077926273457706,3.4077926273457706,4.6030595996417105,3.6861720057204366,,3.1226914883591235,3.469214723445475,4.1087846932932734,2.50159805547446,3.437731018755585,2.5323124430142343,3.2160865999758244,2.3610261203721166,4.070325137116015,4.506083233747631,5.340220883954316,4.4707120871171355,4.589453923050314,2.667131122201681,5.373201487120241,4.903877319768071,4.449832183774561,4.048272182233632,4.2280791834928095,4.59955229004845,2.9517877171747386,2.1899412041530013,4.201151910237968,,3.849709871225059,5.060697535518557,4.281458735000342,4.161522324662656,4.137090113479644,4.158609046600759,4.074491652660072,,4.131522095296532,5.509465392213315,4.641164592001587,3.92926952149719,3.6747621395625174,3.720488587860018,,,3.6287705996073782,3.4711772394366562,3.510322776157409,2.5323174446821213,4.0903907380998135,3.888215661048889,3.9226982397958636,4.671613011974841,4.482244972605258,3.482661164365709,3.8438189472071826,3.926949385087937
tt_3.5000000000000004h,3.6069510341621935,,,3.308763026725501,3.3309330283664167,4.492018930613995,4.492018930613995,3.8244423838332295,3.816364928148687,,3.1173195890150964,3.4037349629215896,5.157586671877652,3.974461847450584,2.731314010452479,3.4950316436588764,4.697456818073988,3.701079006306827,3.701079006306827,4.155798165127635,3.8289590687491,4.434974120929837,4.240339663811028,3.2801958601921797,2.268582352437079,4.457191612105817,3.9005924821831286,,,4.596349790692329,4.034379216842353,2.6801159037277102,4.184696021489799,3.8890356877818704,,4.060571201145649,4.060571201145649,4.24469393864274,3.5262786732055247,3.0827842112630606,3.394028653856367,3.394028653856367,4.601088832132518,3.6837545838207006,,3.0905989701859653,3.4522747257724404,4.107820402830839,2.4996741735376418,3.414084758143872,2.5193026843480766,3.2128320853225887,2.359071953687817,4.068041818682104,4.502899257000536,5.341994040179998,4.457446800079197,4.583336011972278,2.6784719256684184,5.373940485995263,4.901912526227534,4.437249802518636,4.038707016501576,4.228088750038296,4.6058159111998975,2.9355347310192883,2.1869067032821476,4.184987359680235,,3.8419900480657816,5.059209201019257,4.281458735000342,4.150350803043693,4.107660270296037,4.127934519201517,4.059486424550414,,4.122355478815734,5.510894337669015,4.626185276545584,3.9060130519792438,3.6640135939233005,3.7029622802510858,,,3.6064449325203896,3.447438764385879,3.485628009773791,2.5322554144077003,4.064688892103732,3.865175422746688,3.9104186203330755,4.656238489318639,4.47261529089883,3.465299200732261,3.83262233203277,3.9064331324771047
tt_3.6h,3.5931058460846543,,,3.2828105995431542,3.3281517843715847,4.492018930613995,4.492018930613995,3.791790120769292,3.8200998906977475,,3.110642146784812,3.383487653452903,5.152299884706736,3.9550235820934176,2.716016295365989,3.4746272047050297,4.702032714150846,3.688365672249347,3.688365672249347,4.143712048884481,3.825343323405832,4.42217548424378,4.2302873455919325,3.265881677623838,2.261703420896083,4.4396254806779325,3.8895039753988385,,,4.586667327675968,4.024826786946505,2.6682875361293554,4.167054126504809,3.8661033380776644,,4.063910017255694,4.063910017255694,4.227405343670398,3.5028296816162765,3.1074763643555343,3.397510531358421,3.397510531358421,4.599069034215063,3.681340034119785,,3.075066493358463,3.4356341641396284,4.106764778494835,2.497731115669012,3.414084758143872,2.5068258494138718,3.2096124184317887,2.3571248101070523,4.065742005594075,4.5013461066409945,5.343711211811751,4.444365751929581,4.577346515841782,2.689680088311434,5.3746586088091135,4.899985160678625,4.424973379820585,4.029351926408708,4.228099736385047,4.611990858335048,2.9195816358551383,2.183997279033065,4.169160917866975,,3.8345188195817173,5.057748127263039,4.248563406523317,4.139390784781426,4.09340886445716,4.113086625467986,4.044772365596145,,4.11332399584353,5.5122842425480485,4.611554277595133,3.883384712971747,3.6536343465559185,3.685850399546325,,,3.6102395611815155,3.424309595953673,3.4615149842575192,2.5321937343105674,4.039601426105946,3.8426665370352566,3.8983047204092145,4.641283023171127,4.463039458729327,3.4484183439053595,3.8217499824240804,3.8863679245114326
tt_3.7h,3.579470011405647,,,3.2574496609158814,3.32538309879601,4.474224309436977,4.474224309436977,3.8034875537268817,3.8200998906977475,,3.1040179785341024,3.363931743428111,5.147116768173873,3.9360240008682013,2.7169797206297517,3.454625323880464,4.685818302910775,3.676098864991218,3.676098864991218,4.131795642897487,3.821729247458279,4.409719204995781,4.220536690670997,3.265881677623838,2.254871288780123,4.422652275301516,3.8785719024017453,,,4.57719242433086,4.015413501765579,2.662721659988165,4.149778160266578,3.8438351252116263,,4.067265614401549,4.067265614401549,4.210526122711599,3.4798824968747795,3.1322374627925456,3.384084129240364,3.384084129240364,4.60895335720852,3.678929236251861,,3.0598585912957788,3.419283823110163,4.1056271977722645,2.487755347508937,3.391259998548776,2.494844800326973,3.206426851451397,2.355197158642113,4.063428952824324,4.499818984419107,5.345401712227613,4.447232569102198,4.571468167938292,2.700735388789326,5.375355560798198,4.898096843156964,4.413006097543985,4.020164038520306,4.228125024121255,4.614713867660612,2.9039189741015434,2.1812069714069366,4.153660550713539,,3.8273152275942266,5.0563390934839845,4.216892225202173,4.128659559879452,4.0794527949765325,4.098549922928214,4.0303384168073535,,4.104382004123181,5.513635628391057,4.597263175062835,3.861374229658395,3.6436064750887454,3.669121254235506,,,3.588436597492546,3.401790490373969,3.437990890815854,2.5321323410607874,4.015098412986845,3.8206606809981167,3.8863882226869464,4.626731729134917,4.453566271346062,3.431997088715434,3.8112247441895306,3.86673861509189
tt_3.8000000000000003h,3.5660528666339815,,,3.2326758014969528,3.3226271378807724,4.456853220704943,4.456853220704943,3.7720741061493754,3.7903576199896634,,3.097428120672703,3.345050646457821,5.142017901409417,3.9174451185390353,2.7018178277648985,3.4350073160603642,4.669975185301155,3.6642275326885283,3.6642275326885283,4.120044972281903,3.8181199985556304,4.397596217226237,4.21107614506036,3.2521899240091443,2.248115452937782,4.4062317493371665,3.867814088240266,,,4.567917456384748,3.9969999762251973,2.6573754204437137,4.132854672148824,3.8222272740677,,4.070638287812471,4.070638287812471,4.194038848858327,3.4574391804635525,3.1570577723905444,3.370975631289184,3.370975631289184,4.606790048070252,3.6792252263985574,,3.0449562878347933,3.4032149389386177,4.1044238125905395,2.487755347508937,3.3691938649863005,2.483314760029316,3.2032652138732374,2.3532775826752186,4.061095841694623,4.498318396508694,5.3470404651016,4.434411737136543,4.565723966341466,2.7116645760834217,5.376031694933772,4.896245907060802,4.401301585603505,4.011165021918714,4.2281393287703395,4.614713867660612,2.8885389589704573,2.178537402767688,4.138474429026246,,3.8203390748240054,5.054933421313763,4.225219055544585,4.118135071825236,4.065780126024038,4.08431387739256,4.0161744225770235,,4.09556988440454,5.5149490693584085,4.583299331367016,3.8399305110797286,3.6339146830141544,3.652760718483478,,,3.5671184952370822,3.3798217377625406,3.4150135861709714,2.5320712588727474,3.9911624216474593,3.7991488543339074,3.8746455288492143,4.6125584547407925,4.444175754673779,3.4160146121867,3.800983211491257,3.8475476489402354
tt_3.9000000000000004h,3.552848540712148,,,3.2084483080543578,3.3198734493926167,4.439883680082858,4.439883680082858,3.7720741061493754,3.7614477844908834,,3.0908868336118758,3.326808388810605,5.136982909403741,3.899270806927234,2.6867509623989463,3.415760962292552,4.654487736988813,3.6527217887341976,3.6527217887341976,4.108435522764921,3.8145276834256947,4.385781909804791,4.201895724982023,3.239063390530646,2.241415379103273,4.411231155041605,3.857186223845929,,,4.558837212156504,3.9879913674667478,2.6522471900098026,4.116270759142935,3.827417985070497,,4.070934834890068,4.070934834890068,4.177927291020751,3.4354475545696914,3.1819064719602466,3.358188924379647,3.358188924379647,4.606790048070252,3.6768310479819775,,3.030350132379681,3.3874192917719483,4.103163075633347,2.4856936298310757,3.34788186987862,2.4913529860787094,3.2001056079752743,2.349474140908569,4.061485348269343,4.496842876076698,5.348679893184453,4.434411737136543,4.560096266679466,2.722452082671225,5.376687361393124,4.894450935069472,4.389864096418023,4.002314242068678,4.228154743090272,4.6208068379200995,2.8734340220689774,2.1759833958931267,4.123609311878681,,3.8136102030985057,5.053554923739284,4.225219055544585,4.107796645257622,4.052379826083779,4.070368277840316,4.002271273639053,,4.0868426794186234,5.516225193161517,4.569648447912186,3.819045564159751,3.624548838008195,3.6367624974809587,,,3.546260077506304,3.3584087318740785,3.39254470448941,2.5320105045102537,3.9677687766961753,3.7781049818731844,3.8630716311745346,4.601775671355426,4.434843393042684,3.40045134909451,3.791046916972846,3.828748020809144
tt_4.0h,3.5398513940162957,,,3.1847663312219083,3.317139438353479,4.4232953689061105,4.4232953689061105,3.7418225021101534,3.733325368259102,,3.084384228568524,3.30917710904032,5.132048099301755,3.881485770456493,2.6717944596894085,3.396869625430554,4.639343089424074,3.6415377794764936,3.6415377794764936,4.097008500713855,3.8109162184409797,4.374268304556608,4.192989241797477,3.2264267443679273,2.2347812014631927,4.395302866585553,3.8467064639553428,,,4.549944546073675,3.979104597121477,2.647306810133159,4.100014407653362,3.8064033472910523,,4.074334672652185,4.074334672652185,4.1621760949492455,3.413927056826651,3.2068043099716306,3.358188924379647,3.358188924379647,4.604570682626218,3.6744498321786523,,3.0160289127379656,3.356616320554167,4.101850526873022,2.4836304509080946,3.3272534953430295,2.4801736916415393,3.196975337341428,2.347582908347249,4.059156645555049,4.495393937919289,5.350293935742229,4.4217790444381535,4.554567645303905,2.7330855950713158,5.377322932239622,4.892674989532679,4.37868309346959,3.993618276901543,4.228171268478036,4.626855177804828,2.858596869278699,2.1735307620838284,4.1090202536433935,,3.807089109439403,5.052203304134309,4.19471380719915,4.09766415739432,4.03924145270139,4.056703615467995,3.988620189484209,,4.078240778762847,5.517464593052864,4.556297834496945,3.7987126908265054,3.6168013415299356,3.6211139047518373,,,3.5258342092856765,3.3375094942748547,3.370592772960663,2.531950084492564,3.9568849042989314,3.7575171305797994,3.8516448722220957,4.587968970183283,4.425617806147784,3.385289235971868,3.781387367285788,3.810343711171299
tt_4.1h,3.5270712417550385,,,3.161592580843717,3.3175186151638627,4.4269932536408305,4.4269932536408305,3.7126669590361416,3.720994292758405,,3.077919294126332,3.29212998598814,5.127192909363657,3.8640579832717776,2.656958879902959,3.3783331029117107,4.639343089424074,3.63068817416206,3.63068817416206,4.085738560184836,3.8112569926306605,4.363043131772429,4.184329156763852,3.2142387935891747,2.228220277931541,4.395302866585553,3.8363926764577627,,,4.5412341402843595,3.9703432456590235,2.6425571222789586,4.084074209444225,3.7859772103838623,,4.077771680895239,4.077771680895239,4.146771238651127,3.392829121556133,3.202223074156791,3.3457072931341827,3.3457072931341827,4.602372970897704,3.6744498321786523,,3.0019825398921967,3.341594691388309,4.100491400342435,2.489535104483366,3.307292301207781,2.4694159007631242,3.193878708872944,2.345695325639099,4.056786324363202,4.49397115316242,5.350293935742229,4.409335316624492,4.549161591101438,2.7435960667207837,5.377938768360764,4.894861942157149,4.3677643816918135,3.985087984241545,4.228188905864954,4.632819411344826,2.844021157361567,2.1711911628954113,4.094714964274317,,3.8007826460525393,5.050878271926194,4.165275221224874,4.087716696318239,4.026366790756583,4.043332102242857,3.975213035941124,,4.069719509687275,5.518667867407203,4.54323097364977,3.77888530632481,3.6077246824279428,3.6058025090023875,,,3.505868195090443,3.3170854938216507,3.349106954410672,2.531890008598566,3.9340413068421185,3.7373699778690934,3.8403970301151276,4.574485694989562,4.427165249828249,3.370511267799884,3.7719733910635114,3.7923224070109427
tt_4.2h,3.5270712417550385,,,3.165681025478989,3.3148124148137867,4.41081103682518,4.41081103682518,3.708162141032517,3.6936320029199123,,3.071510287001729,3.2756406627595425,5.122416832018644,3.8470086534507573,2.6422696164809167,3.3601342369802296,4.624524635728449,3.620131685398519,3.620131685398519,4.074601235799491,3.807658536359668,4.352101171854883,4.1759165418334305,3.202454396057874,2.2217030175961554,4.379857249557972,3.8262014142237604,,,4.532701102551073,3.9616957954131067,2.6379969213157892,4.068439312279224,3.766092734411359,,4.077771680895239,4.077771680895239,4.116947813425213,3.3721572998911142,3.2273685382679105,3.333516613114625,3.333516613114625,4.600181109271944,3.6720804227516055,,2.9882014035247266,3.3268169960938394,4.099090631119907,2.487379443831742,3.287966346833855,2.4590425896458328,3.1908166371285915,2.3438265323638916,4.056786324363202,4.492583258077502,5.351882859598845,4.397062662057579,4.552094847895205,2.7539679636247456,5.378535216674209,4.8931548786349595,4.357065140269697,3.976681472733617,4.228207657113671,4.619344648439437,2.829700427595526,2.1689514592289925,4.080683943349868,,3.7887897160835564,5.049579570069909,4.173585250042379,4.077935248147696,4.013725240249187,4.030203143134713,3.962063635699451,,4.061319455504417,5.5198355773463845,4.530447870027274,3.7595586837269366,3.598945498932153,3.5926307416521013,,,3.4863319071009755,3.2971483040601015,3.328100163023919,2.531830284744501,3.911705286242068,3.717653284780681,3.829305212944746,4.5613562455400825,4.418037285562605,3.3561016591265798,3.7628322052769363,3.7746724491007626
tt_4.3h,3.514474236406386,,,3.1430170075036585,3.3121017571538687,4.394991161301732,4.394991161301732,3.680035686586052,3.6669756681658328,,3.0651348121464252,3.259684485848993,5.117699925787747,3.8303079791367054,2.6277014212682843,3.3422634904272854,4.610019424930215,3.599807482678443,3.599807482678443,4.063638419378549,3.804062203038484,4.341419824399054,4.167726716492325,3.2080620555207133,2.215282271616161,4.364889489021152,3.816150587517768,,,4.524339147377759,3.9531666645780206,2.633599292486906,4.0530995591543615,3.766092734411359,,4.081206844653934,4.081206844653934,4.1025046510621905,3.3518977812491357,3.2525488384999335,3.321625947020948,3.321625947020948,4.597996573429555,3.669711300637573,,2.9746763515286148,3.3122768816538155,4.097652953583747,2.487379443831742,3.269246382638812,2.4590425896458328,3.1877802666276693,2.3419642355293036,4.054380545858294,4.49121226137504,5.353446837514639,4.400186042301357,4.54676951887086,2.764182935934514,5.379110610112548,4.891483394429088,4.346593013964593,3.9684286937117577,4.228227522224188,4.625254943035543,2.8156285136938095,2.1738486024551094,4.066918574739248,,3.783088602591306,5.0483068325556815,4.145155057776719,4.068340227007866,4.0013189082965255,4.017329295631498,3.9491222887299955,,4.052996173501015,5.520968208089471,4.517932789865881,3.7407155353575945,3.590451216790825,3.5776789081282914,,,3.467213177587837,3.2776588052511215,3.307536493986845,2.531770921777934,3.88985373172909,3.698344283271581,3.8183477711863816,4.548543554265052,4.409015637822449,3.3420454445295036,3.7539162542670965,3.7573826359584928
tt_4.3999999999999995h,3.502069929149002,,,3.1208455464802682,3.3094031987711787,4.379518000874668,4.379518000874668,3.6528946049511433,3.6669756681658328,,3.058808081317693,3.2442359067499638,5.113077667541802,3.8139431746676564,2.6277014212682843,3.324711069930345,4.595816241577268,3.5900216791778803,3.5900216791778803,4.066042477730662,3.8004841399379075,4.330994339194149,4.159761890769005,3.1965645444579422,2.208902426995337,4.353734370321035,3.8062585326842964,,,4.5161442663520575,3.9447476603090763,2.629364968277514,4.038045205175877,3.746754890307784,,4.084659854881465,4.084659854881465,4.0883592502214015,3.3320560110732913,3.277795047033578,3.3099812399595976,3.3099812399595976,4.607529341708869,3.667364881373942,,2.9613987249322236,3.2979681701399386,4.096182896755636,2.485236967448145,3.2511213826946914,2.4490185072645545,3.1817353991791606,2.3401247579604387,4.051938582211733,4.4898673398420215,5.354986127931625,4.388182663358748,4.541546828113496,2.7742702439427376,5.3796691577881575,4.889848966617137,4.336356091778725,3.960288449190557,4.228248498402536,4.631087184417993,2.8017994076944888,2.171698899473995,4.0534106167033315,,3.7775545231997967,5.047059745993465,4.145155057776719,4.058899031486362,3.989139678888023,4.004702451638877,3.936403264757246,,4.044790243729949,5.522066255100071,4.505675956606865,3.747815371491015,3.582227780483663,3.563039743807167,,,3.4485000032000244,3.2585989595390856,3.287400502245873,2.531711888499558,3.8684723689220846,3.6794339437037706,3.8075576233677566,4.548543554265052,4.400053963065147,3.3283287435770035,3.7452537124045193,3.7404423048719764
tt_4.5h,3.4898532116785645,,,3.099129680544138,3.3094031987711787,4.379518000874668,4.379518000874668,3.6528946049511433,3.6409678016789258,,3.0525204138830304,3.249450637958944,5.108530440367758,3.797903534490615,2.6132777356542647,3.3074682145379484,4.5819025984965265,3.580446041189134,3.580446041189134,4.055248014163226,3.7968890448100865,4.320821031462401,4.151998541783541,3.185408452525735,2.20258982013911,4.339154828805476,3.79648220166564,,,4.5081108352169394,3.9364326470531523,2.6252903775312006,4.023266991134733,3.7279209848493338,,4.088131056632847,4.088131056632847,4.074485857971013,3.312585565727204,3.303096546791494,3.298590016551316,3.298590016551316,4.6052796095609665,3.6677057622000575,,2.948364768642932,3.2838847236707807,4.105888078920543,2.4831830016337335,3.23353250650689,2.4393495013937354,3.1787604833953083,2.338294384535402,4.052398271393031,4.488547627814114,5.3565012803301215,4.376365736592561,4.536410201806575,2.7842033309862018,5.380209241993725,4.888250456191599,4.326312624383718,3.952291516121477,4.228270588442683,4.631087184417993,2.788200897164643,2.1696400088258088,4.0401520086452365,,3.7721949024125934,5.0458379914052784,4.117660580202937,4.049633883405477,3.977180778514594,3.992315095849335,3.92389998678118,,4.036657242570072,5.523130246438086,4.493662877008319,3.7294281097128987,3.582227780483663,3.548702427651733,,,3.4301623464562,3.239951048977673,3.267661105375737,2.5316532142460346,3.8684723689220846,3.6609097528271377,3.796911911573261,4.5360346445813775,4.39119813637808,3.3149384981952608,3.7525438461452723,3.723841324914247
tt_4.6h,3.4778192513622344,,,3.077862396836281,3.3067168132402003,4.364354830700904,4.364354830700904,3.6266701254062355,3.6447930708527565,,3.0462724715471268,3.2344224001280963,5.104037970304489,3.7821775898337364,2.5990015799179673,3.29052645387128,4.568268104922026,3.5710999718867242,3.5710999718867242,4.044578586239368,3.793288776651025,4.301171350758523,4.144442200195044,3.1745770825073123,2.196349249687046,4.324979569762945,3.7868597637861967,,,4.50023526744917,3.928224570583552,2.6213743537664413,4.008756252471358,3.7095664516091347,,4.088477466721088,4.088477466721088,4.060904717538506,3.2934923777356744,3.328436624724418,3.2874617450870574,3.2874617450870574,4.603059790097177,3.6653726366348565,,2.9355626720935106,3.2700242530554533,4.1043088901788,2.4889411674812436,3.2164721554145217,2.430003745947033,3.175815769471228,2.336481176316738,4.049951938446611,4.487254556734115,5.357992591802031,4.376365736592561,4.531383119057864,2.79400640912354,5.3807311854325235,4.886687326710671,4.316488455515355,3.944398029707372,4.228293793275952,4.636863130144775,2.7748395586386323,2.167668011970818,4.027152264025062,,3.767016858328134,5.0446412125602365,4.125957600772381,4.0405252748169005,3.965446307323873,3.980180874466896,3.911606518086046,,4.0286378394812346,5.524158697575331,4.481895752251148,3.7114911074750125,3.5742649296298623,3.5346567328087986,,,3.4122253176756203,3.2216983418911695,3.2483340706676245,2.531594926957041,3.8475478594191372,3.6666370555758476,3.7863897192291915,4.523816795554012,4.38240348175168,3.3018443984910846,3.744072169996798,3.707569914869964
tt_4.7h,3.465980402659625,,,3.057042836677283,3.304031833074987,4.349531921092421,4.349531921092421,3.6382089257240295,3.6194554483518004,,3.040077468380332,3.219855203758925,5.099636375904083,3.786969224922359,2.5848778123036027,3.273877498228103,4.5549026019871235,3.561937451828271,3.561937451828271,4.034075166564435,3.7896884689107537,4.291678973007947,4.148477031849325,3.164022567681968,2.1901457333005965,4.311185477301478,3.777348766103387,,,4.492512247990817,3.920114020816982,2.617592425085604,3.9944817200303078,3.714681563898921,,4.091997246723622,4.091997246723622,4.047591178212315,3.2747649950906634,3.328436624724418,3.274789254181087,3.274789254181087,4.600851873867214,3.6630424936302006,,2.92298766085878,3.2563760387711227,4.102708380669355,2.4869639934040606,3.199917706195265,2.437631906475872,3.1728920224122703,2.3346873545087874,4.047474731691182,4.485987537540495,5.359460180159658,4.364714404102415,4.526448981370777,2.8001216296106577,5.38123532012105,4.885160454548895,4.306843387428671,3.9366393969394267,4.228318113368005,4.639443394728005,2.761703472584486,2.165778920520097,4.014370159711689,,3.7619856549426913,5.043469130061567,4.099384096916765,4.03155661560595,3.95390742411837,3.968251687474549,3.8995385263115168,,4.020687876269221,5.5251561580225825,4.470361125655472,3.693989631254226,3.566550612449646,3.520892925094813,,,3.394658612087369,3.2038099383935332,3.229388216510415,2.531537035945803,3.827059905976057,3.6484917285852134,3.7760237767361104,4.511856266763061,4.3737140679731965,3.2890707021579146,3.7358181956224144,3.675979027990252
tt_4.8h,3.4543022932484746,,,3.0366379604674876,3.3013531523756683,4.3533638953231275,4.3533638953231275,3.6128565156832337,3.594705472700298,,3.0339203542098403,3.205733587499708,5.09530520811677,3.7715496057644486,2.5709048826247454,3.2575136139057577,4.543436975684017,3.552984090987593,3.552984090987593,4.023712914437056,3.7860913947224617,4.282398096751422,4.141087406780571,3.1537328041158617,2.184046861715615,4.311185477301478,3.7679672916419804,,,4.484938734211028,3.9121033935807645,2.6139490283094347,3.9980412190780044,3.6967708989977837,,4.095516103319824,4.095516103319824,4.034536298830062,3.2563930079340935,3.3538536624982953,3.2638721796683967,3.2638721796683967,4.598657412454486,3.660719947889447,,2.9106321912258863,3.242938432842493,4.101090232376009,2.4850731464102864,3.2115266220644116,2.428527329582721,3.1699958802200854,2.3328825146891177,4.044966070912778,4.484745524358004,5.360904331784695,4.353264686651528,4.521591596771032,2.809776479844004,5.381722007878125,4.883668264839798,4.29738718830049,3.928976430092007,4.228343551047146,4.645154614932835,2.7487887707538903,2.1639691637828946,4.001815400086343,,3.7571096480824053,5.0423213937319815,4.073656081221998,4.022748608607799,3.942568765487522,3.9565411638468504,3.903096494730562,,4.01284791668877,5.526121188420802,4.4590512667782605,3.6769098681397736,3.559074668213725,3.5074017262086272,,,3.377451111096889,3.1863014209084213,3.2333193928934634,2.5314795495942235,3.806996655650437,3.6307084672152996,3.7657918236218393,4.5001874142326415,4.36508646607399,3.276588303036988,3.7277553444728255,3.6606420720927417
tt_4.9h,3.442794811911881,,,3.016641751397401,3.3018261063843966,4.338868408929557,4.338868408929557,3.5883623445406556,3.5705596283078194,,3.0277994335629046,3.192023577634245,5.091044265311211,3.7564238496124744,2.557090171147138,3.241427586879581,4.530336246825755,3.5441917907446623,3.5441917907446623,4.013468636199832,3.7825100356712937,4.273328531067818,4.133875480853021,3.1537328041158617,2.1779828374274075,4.297754144761711,3.758733638562262,,,4.47751046391204,3.9041829365305603,2.610439375974238,3.984050329308957,3.679296206217259,,4.099053174257278,4.099053174257278,4.021731607150286,3.238366426900029,3.379311477765441,3.2531974515877664,3.2531974515877664,4.598657412454486,3.6584102460183203,,2.898489783052355,3.2297055954113603,4.0994579079560935,2.4850731464102864,3.1953983469866216,2.4197034309618175,3.1671078326180577,2.331106989644468,4.042430271860212,4.483529954217374,5.362325329333544,4.340478575322777,4.516834823414683,2.819281827658415,5.382191592827439,4.882211038377136,4.288130022119731,3.9214412458240986,4.228370104916394,4.650815478991717,2.7360909548588097,2.162235138937831,3.9894815790466964,,3.752382637001574,5.041197697632015,4.073656081221998,4.014071372337639,3.931435724720359,3.9450424448587,3.891221962403506,,4.0050741084851325,5.527054334525019,4.447953663766384,3.6602385682053864,3.5672532627359033,3.4941742890514433,,,3.3605917347595096,3.1691437419503927,3.214745864737779,2.531494331546128,3.81236276216805,3.613276350311935,3.7556735100224614,4.505521503742784,4.356563082430512,3.2643869714811444,3.719913167413324,3.6455998406745493
tt_5.0h,3.431468879804015,,,2.997041577473283,3.2991875470615923,4.324666239321232,4.324666239321232,3.564646288752556,3.5705596283078194,,3.0217397464439273,3.1787107065320015,5.08683308493346,3.7415826627984643,2.5424433229491115,3.24571984866634,4.517485827673227,3.5355912656523287,3.5355912656523287,4.003382841125131,3.7789083854295313,4.264451412949711,4.126843417994678,3.1437017526477575,2.171980069950223,4.302668907679617,3.7496054405346513,,,4.47022295743227,3.8963555051013827,2.6070664864964783,3.970302785746753,3.6622377284802496,,4.099053174257278,4.099053174257278,4.009169137571007,3.2206921572797,3.4048392246477306,3.2427214211784303,3.2427214211784303,4.596477725543082,3.656111574266106,,2.886560672428459,3.2166710468009114,4.097814642358571,2.490868322085589,3.1797349168919027,2.4111708444543183,3.164246471133083,2.3293224684894085,4.042430271860212,4.482340466231108,5.3636967795901,4.329260555095971,4.512162222992629,2.8286238708533347,5.382644389756024,4.880789007525891,4.279033396858722,3.91401121718809,4.228397777304053,4.656450043898076,2.7235984867438674,2.1605736538767815,3.993395196273923,,3.747813146095723,5.040121819358319,4.065860236994922,4.0055468222126365,3.9204808734357357,3.933771312702447,3.8795404555276036,,3.997406701091677,5.527956143021584,4.437071817461401,3.6439630831591785,3.5599839640781283,3.4941742890514433,,,3.34406971745193,3.1358272405341268,3.1965282489545643,2.5314376489259303,3.7927289865911007,3.596184807829559,3.7457011956721544,4.494090009946376,4.348124021664262,3.2524566599167883,3.712246943730861,3.6308444063179195
tt_5.1h,3.4340020464733243,,,2.9778376477770507,3.2965441197156906,4.310746790841222,4.310746790841222,3.564646288752556,3.574408633634448,,3.0157124595716596,3.1657722238451242,5.082707505207509,3.7270172075368464,2.5288452999666333,3.2299130340106785,4.504877557978034,3.527134749572724,3.527134749572724,3.9934311867691576,3.7753043016418815,4.255771217402071,4.119972565211356,3.133890386670828,2.166061958298087,4.289564857725054,3.7406208403408527,,,4.463073829654604,3.888611661270261,2.6038063098676503,3.956791351083666,3.6455771820619702,,4.10260909749195,4.10260909749195,3.9968272261321545,3.1862801439128816,3.4181598615832627,3.232452167198062,3.232452167198062,4.605747705325484,3.656111574266106,,2.874833035748452,3.2038319809362292,4.096163474489003,2.489050858654082,3.1645174780860543,2.4028906067833304,3.1614169985987246,2.3275665398687124,4.0398394404910505,4.481176051776856,5.36880813492462,4.318199436180294,4.5075578722171485,2.8378260992467403,5.383080722764134,4.879418581724167,4.270124603528529,3.906670654192567,4.228426568210125,4.656450043898076,2.711318168323487,2.1589814429171383,3.9812950221821666,,3.7433675131760538,5.039045216981322,4.040947984904051,3.997144804801792,3.909709864296019,3.922679920680821,3.868068370502442,,3.989802010823041,5.5288271475583315,4.426393964327872,3.628071406390518,3.552934361156076,3.4812192390672863,,,3.3278749329037964,3.1196454013697803,3.1786550348624587,2.531381397973746,3.773492682725191,3.5794238834641874,3.7358527444303036,4.482930417638272,4.3397437538951635,3.2407707292586565,3.7047683033160865,3.6163684190250933
tt_5.2h,3.4228455307893455,,,2.9590000179596245,3.2939158803783357,4.297099641989917,4.297099641989917,3.57607038365677,3.5508064748719335,,3.009734141174704,3.153189667966217,5.086762945633382,3.7127191927284002,2.515397525858134,3.214370183646679,4.492503370624036,3.518854788504541,3.518854788504541,3.983591130003333,3.771701048593968,4.247270824853331,4.113270993344486,3.1391367469914258,2.1601811945438385,4.276785916648805,3.7317382292822003,,,4.456058533396572,3.8809538981877267,2.600663844961673,3.9435092685744166,3.6292971367947757,,4.086892322637141,4.086892322637141,3.984727713279426,3.169541242532432,3.443940687458962,3.22240056283772,3.22240056283772,4.603535206057131,3.656498602591455,,2.8633024427108467,3.1911875517107546,4.094507243018597,2.487314571160823,3.149728301912546,2.394875538535416,3.1586207724176347,2.325821324251592,4.02429126156494,4.480037457775325,5.370179608929902,4.307330954354256,4.503046386875212,2.8468602052889764,5.383500903379172,4.878063798416406,4.261364961974323,3.8994462774135172,4.228456469252706,4.658947241958231,2.699239289853722,2.1574473339132965,3.969386287499219,,3.7390539841726422,5.037991730961949,4.01677075587213,3.9888880513608456,3.8991281841881573,3.9117825315333903,3.8567587877623737,,3.982300164178014,5.5296678729355335,4.415908843278885,3.6125521259382367,3.546093948185444,3.4684943915344775,,,3.311997493263334,3.1037645200267434,3.16111529013142,2.5313255451619625,3.754641600884497,3.562984016723931,3.7261093049310148,4.472010838799179,4.3314695484004915,3.229355197865516,3.697489040438086,3.6021646931767464
tt_5.3h,3.4118479029275477,,,2.940526400692761,3.2912974073551595,4.283694174140692,4.283694174140692,3.5531152044422925,3.5277358568273485,,3.0037975828163326,3.1409523775801063,5.082706353161484,3.698680615518242,2.502113956492394,3.199085230473429,4.4803545558825135,3.510704657062888,3.510704657062888,3.9739022101275623,3.768114980775863,4.2389548434875906,4.106720574200153,3.1295186150819063,2.154373281635344,4.264317349996418,3.7344285026192665,,,4.449170298874378,3.8733791350387037,2.5976341692730784,3.9304274767637253,3.6133814877830446,,4.090497564058751,4.090497564058751,3.9728485788218677,3.153102575801313,3.469791827723384,3.2125244280323386,3.2125244280323386,4.60134066734463,3.6542107621207833,,2.851967017631978,3.178728607017547,4.0928486017510295,2.4856564719229937,3.1353505509905517,2.3870882680639625,3.155850733630359,2.3240882395766675,4.021685323212296,4.478924099355936,5.37152860686183,4.296633847057819,4.49861123599112,2.855748957954347,5.383905253838748,4.876742991153151,4.252782297786325,3.89230487216264,4.228488804772496,4.664506643079221,2.7022197428159416,2.1559850885532796,3.9576802854426205,,3.7348845438100398,5.041111081838608,3.9933344507589936,3.9807466459460557,3.888709907885641,3.9010954052209854,3.8456277018412948,,3.9748598458245397,5.530478846747428,4.420163470786065,3.5973941748961806,3.539458074606955,3.4716836269944906,,,3.296427821274847,3.088174326810986,3.1438975534401834,2.5312701310031116,3.7361664748750627,3.546855906955898,3.716503582894802,4.461299900431186,4.323253420181572,3.218184227589518,3.69036564277485,3.5882253549061716
tt_5.4h,3.401021678932011,,,2.922406585421413,3.288681721780449,4.283694174140692,4.283694174140692,3.530864234548062,3.505199075676501,,2.9978999993763864,3.1290331222116947,5.07871396234259,3.684893901925534,2.48899067286402,3.184052391909063,4.4684265167452395,3.502716850489378,3.502716850489378,3.964320028666407,3.764509731438011,4.2308065253309906,4.100315406452864,3.120096540544182,2.148630694951862,4.252166233956814,3.7257115710526705,,,4.442374001722783,3.8659239942207932,2.594709302764386,3.91758575104177,3.6133814877830446,,4.094103098846972,4.094103098846972,3.9611827987246215,3.1369617939926684,3.495692365337163,3.2028314946219325,3.2028314946219325,4.599164937622845,3.651943914126605,,2.840817744843662,3.1664522881619632,4.091190011706203,2.4856564719229937,3.1213683555833995,2.3870882680639625,3.1530843270011246,2.3223871681839228,4.019051869399846,4.477829708252102,5.372855382040143,4.296633847057819,4.494252687320113,2.8644622159190476,5.384290598798543,4.875452748965472,4.23606173042208,3.885275791399181,4.228531823027879,4.670021223369986,2.69035810790956,2.1545836376026273,3.9461878617294133,,3.7308343765325844,5.040117024444044,3.9933344507589936,3.9727440397255123,3.878461041022092,3.8905720044858754,3.8346921540796757,,3.967534222174436,5.531260640360415,4.40988106187433,3.582587124314159,3.533014181535691,3.4592246930114925,,,3.281156876590103,3.0728714973665774,3.126992328092456,2.5312151750549674,3.7180513818748295,3.531030817888677,3.707012068480253,4.450835368596017,4.315142287872732,3.2072321814484894,3.6834291429258883,3.5745372558012605
tt_5.5h,3.390335265081376,,,2.9046300537884235,3.2860754444263875,4.271535712759942,4.271535712759942,3.5093217748217285,3.483129539526999,,2.9920563576743007,3.117416439112276,5.074785710312426,3.6713517559692264,2.476024148054421,3.1692604534327984,4.456711248960346,3.4948457339778543,3.4948457339778543,3.954884918872267,3.7608987954445183,4.222830913495272,4.094055676367134,3.110882239881903,2.1429308117367327,4.269198977388442,3.7170910630375147,,,4.43566880421713,3.858589215669781,2.5918947951868176,3.90495423739776,3.618425592314452,,4.097727332729846,4.097727332729846,3.9497119300067425,3.1211112015880644,3.521633416414261,3.1933386083692312,3.1933386083692312,4.597008754033595,3.6496832515113056,,2.8298495952039957,3.154353211633861,4.089535635896027,2.475382849574089,3.1077661528252065,2.394413899630308,3.1503497306257486,2.3206785935908556,4.016386884730309,4.476763351354748,5.374160010367632,4.300090440083295,4.489973370917141,2.8730209679342806,5.384635747876018,4.874177545309067,4.227914654649794,3.878324099816382,4.2285855314694345,4.675512241665274,2.6786954877898097,2.153240520041436,3.9348666556179523,,3.726913304068148,5.039121381007135,4.001654583960772,3.964851970784366,3.8683885796926916,3.880226577166468,3.8239062502980232,,3.960280025843531,5.532013767398894,4.3997788187116385,3.5681211035698652,3.5267599900253117,3.447014142293483,,,3.2661777064204216,3.0578440451063216,3.1103895674459636,2.531160680577159,3.700288059655577,3.515500334557146,3.697667737491429,4.440586410928518,4.307089407462627,3.213270366191864,3.6766366907395422,3.5610783682204783
tt_5.6h,3.379797635599971,,,2.8871870641596615,3.2860754444263875,4.2584246513433754,4.2584246513433754,3.4884219453670084,3.509072918910533,,2.9862527027726173,3.106088280212134,5.070901786442846,3.6580639109015465,2.463216060772538,3.1547003015875816,4.445201226044446,3.4871262148953974,3.4871262148953974,3.9455480882897973,3.757287122309208,4.215012416243553,4.087930143345147,3.1018439210020006,2.137307559605688,4.257012030109763,3.7086047125048935,,,4.429051774088293,3.8513634214177728,2.589168298058212,3.8925263839773834,3.6028470643796027,,4.101370895747095,4.101370895747095,3.93845645012334,3.1055434118025005,3.547635668423027,3.183999859262258,3.183999859262258,4.594872823450714,3.647425009869039,,2.8190589318983257,3.1424314635805786,4.087885146494955,2.4737932132557034,3.094514333177358,2.3868014942854643,3.147645514924079,2.319002976641059,4.013692300301045,4.475706626661122,5.375441652722657,4.289603422395885,4.485797017812729,2.881392238661647,5.384941761847585,4.872918211854994,4.219925242941827,3.871482976246625,4.228649937082082,4.680938706733286,2.667218178976327,2.153240520041436,3.923727873712778,,3.7231156704947352,5.038149362895638,3.9788897773250937,3.957093780860305,3.8584666065871716,3.8700766009278595,3.813284106552601,,3.953137365169823,5.532738754060119,4.389857691247016,3.5539857503026724,3.5206833803094923,3.4350122413598,,,3.251482041552663,3.0430831308476627,3.0940799908712506,2.531106624752283,3.6828664178028703,3.5002562636509538,3.688431537244469,4.430523597635329,4.299147526267916,3.2025500163435936,3.6700207283720374,3.5478737093508244
tt_5.7h,3.3694211430847645,,,2.8700691806152463,3.2866288172081113,4.24555883416906,4.24555883416906,3.468153682537377,3.4870126913301647,,2.980485197622329,3.095044323243201,5.0670976070687175,3.6449901242740452,2.450594546739012,3.1403754418715835,4.433893017005175,3.4795136405155063,3.4795136405155063,3.9363520075567067,3.7536785257980227,4.207356416620314,4.0819484777748585,3.09299362776801,2.1317405635491014,4.245106318965554,3.7002116749063134,,,4.422520495951176,3.8442515381611884,2.586535835172981,3.8802969502285123,3.5876035285182297,,4.105034105014056,4.105034105014056,3.9273974099196494,3.090251295361668,3.5736697195097804,3.174845603760332,3.174845603760332,4.592757818289101,3.6451737387105823,,2.8084424971602857,3.1306803175248206,4.08625103905797,2.4722771886736155,3.0816311901435256,2.3794223917648196,3.144973967690021,2.317325668875128,4.010973115917295,4.474669197574258,5.376693258062005,4.279280417598784,4.481706929393113,2.8895975719206035,5.3852097052149475,4.871674251742661,4.212056770455092,3.8746044845320284,4.228725044988096,4.680938706733286,2.6559244813397527,2.141980039421469,3.9127669208683074,,3.719452017918229,5.037200620863587,3.956794631201774,3.949439993593842,3.8487010961398482,3.8600753941573203,3.802842968609184,,3.94608380459249,5.533436108846217,4.380107299424708,3.5401730285957456,3.5147797875106335,3.423228311818093,,,3.2370784184895456,3.0285986801609397,3.078056243713945,2.5310530117712915,3.665776859037578,3.485290754586458,3.6793377501890063,4.420685315039009,4.291268879082054,3.1920358040370047,3.6635503312572837,3.5349017586559057
tt_5.8h,3.359174644574523,,,2.8532679369673133,3.284055565018207,4.2329305796884,4.2329305796884,3.499715221580118,3.4654218731448054,,2.9747777543962,3.0842555398121476,5.063354596495628,3.6321407821960747,2.438123534899205,3.126270806416869,4.422779385000467,3.4720431929454207,3.4720431929454207,3.927271408494562,3.750084765255451,4.1998477736487985,4.076098613906652,3.0843037432059646,2.1207745536230505,4.233470658306032,3.691949431784451,,,4.416073750704527,3.83724335860461,2.5839941343292594,3.8682389985769987,3.5726815992966294,,4.105475545860827,4.105475545860827,3.9165147338062525,3.075227828230709,3.5997504857368767,3.1658296417444944,3.1658296417444944,4.587821115739644,3.6429332620464265,,2.797994607128203,3.1190968742594123,4.084634424652904,2.4708320484496653,3.0690877670422196,2.3722411855123937,3.142338235396892,2.3156556487083435,4.014333019964397,4.4736505364999175,5.377915390301496,4.269099392462522,4.477700548712164,2.897608745843172,5.385440621059388,4.870445049833506,4.204339221119881,3.867858085781336,4.228810844477266,4.683375363703817,2.6448037014342844,2.1406828821636736,3.9019961953163147,,3.715888364240527,5.036274830345064,3.9352991711348295,3.941914095543325,3.8391006640158594,3.8502586958929896,3.792538318783045,,3.9390967367216945,5.534106351900846,4.3705179980024695,3.526673613116145,3.5090458900667727,3.411655775271356,,,3.222925279289484,3.014349711127579,3.0623075580224395,2.530999786220491,3.6490096794441342,3.470596432685852,3.6703642676584423,4.4110419559292495,4.28349963016808,3.1817554952576756,3.6572370561771095,3.522156805265695
tt_5.9h,3.349066235125065,,,2.8367737201042473,3.281480446923524,4.220511546358466,4.220511546358466,3.4794236118905246,3.4443057398311794,,2.9691058341413736,3.073712766636163,5.05967106577009,3.61950990697369,2.4258054732345045,3.1123837060295045,4.411854912992567,3.4646712196990848,3.4646712196990848,3.9182847342453897,3.746470496058464,4.1924926596693695,4.070373109076172,3.0757746677845716,2.1153803863562644,4.222113953437656,3.683777539525181,,,4.409708770457655,3.8303432925604284,2.581540080253035,3.8563916627317667,3.5580682577565312,,4.105475545860827,4.105475545860827,3.90583239775151,3.060450527817011,3.625818113796413,3.1692719743587077,3.1692719743587077,4.58566235890612,3.64070450887084,,2.787712591700256,3.107675816398114,4.08303630258888,2.4781598718836904,3.0568719641305506,2.3652736144140363,3.1397317377850413,2.314012909308076,4.011644616723061,4.472650076262653,5.379081762395799,4.259094946552068,4.473762288223952,2.9054474239237607,5.385635544080287,4.869231152813882,4.196735791862011,3.8611856643110514,4.228907347656786,4.6887757536023855,2.6338659902103245,2.1394509593956172,3.89137714356184,,3.7124361037276685,5.0353716486133635,3.965102792251855,3.9344877037219703,3.8296388145536184,3.840583528857678,3.782386306207627,,3.932216457556933,5.534750007092953,4.361095147673041,3.513466615229845,3.517005278263241,3.4002978750504553,,,3.2090315176174045,3.0003467709757388,3.0468287393450737,2.530947024933994,3.6545077632181346,3.4561662930063903,3.6614933223463595,4.426018835511059,4.275792135857046,3.1716849538497627,3.6510945078916848,3.5096332570537925
tt_6.0h,3.3391119153238833,,,2.8205805737525225,3.2789229564368725,4.208337415475398,4.208337415475398,3.4597527352161705,3.4236048189923167,,2.963470992166549,3.063415653537959,5.056027426384389,3.6070916522294283,2.4136360781267285,3.0987119330093265,4.416533983312547,3.457432978786528,3.457432978786528,3.9094315045513213,3.7428548666648567,4.1852757330052555,4.0647784313187,3.0674146823585033,2.110034269746393,4.210981443524361,3.675733278505504,,,4.403424391523004,3.8235413362272084,2.579170748591423,3.8447272502817214,3.543768346775323,,4.109189843758941,4.109189843758941,3.895329710096121,3.045945801772177,3.6518459455110133,3.1692719743587077,3.1692719743587077,4.583526100963354,3.625053411349654,,2.777593308594078,3.096419982612133,4.075762746855617,2.476709987502545,3.044956828933209,2.3584869620390236,3.137129421811551,2.312360438052565,4.008905383758247,4.471668988466263,5.380245904438198,4.249246088322252,4.469916451256722,2.9130863561294973,5.385795496869832,4.868032571859658,4.189274586737156,3.8546169036999345,4.229014571290463,4.694113769568503,2.623095096088946,2.138273640535772,3.880922180134803,,3.709090323187411,5.034490734804422,3.943632668349892,3.927183257881552,3.82033390365541,3.8310637064278126,3.7724051293917,,3.9254000913351774,5.535367578268051,4.351824312470853,3.500568777322769,3.517005278263241,3.3891155919991434,,,3.195390893612057,2.9865805776789784,3.0316108814440668,2.5308947395533323,3.6545077632181346,3.44199301302433,3.6527558248490095,4.416351257823408,4.268170261289924,3.1618009828962386,3.6418415582738817,3.497310360427946
tt_6.1h,3.329277875367552,,,2.8046800359152257,3.2763748737052083,4.21238175407052,4.21238175407052,3.440644031856209,3.4114083372987807,,2.9578992184251547,3.0533353625796735,5.052459324710071,3.5948969735763967,2.4016456427052617,3.085247779265046,4.4057965078391135,3.450286841019988,3.450286841019988,3.9006681544706225,3.743524905759841,4.17820397624746,4.059301672037691,3.0724979331716895,2.1047651381231844,4.215786672662944,3.6677765902131796,,,4.397218375466764,3.816838067956269,2.576883335597813,3.8332192404195666,3.529745207633823,,4.112904454115778,4.112904454115778,3.884989508893341,3.0316901239566505,3.6669667954556644,3.160419919062406,3.160419919062406,4.5814146106131375,3.625053411349654,,2.7676299251616,3.0853209644556046,4.074143992271274,2.475329341366887,3.033362105023116,2.3518918165937066,3.134558749385178,2.3107396098785102,4.006121860817075,4.470707009080797,5.3813818958587945,4.262698346283287,4.466147232800722,2.920545837841928,5.385921495035291,4.866848901845515,4.181921758688986,3.8481178507208824,4.229132506530732,4.699414463248104,2.6124940924346447,2.1371487034484744,3.870644135866314,,3.705846771132201,5.033631759695709,3.922732960432768,3.9199732607230544,3.8111611427739263,3.821717218030244,3.7625500787980855,,3.912035074084997,5.535959572065622,4.342711464967579,3.4879592889919877,3.511413316708058,3.378120514564216,,,3.1819952139630914,2.973045783583075,3.016646730247885,2.530842939391732,3.63805994624272,3.4280700222589076,3.644115617033094,4.406893070787191,4.270276559982449,3.152131804265082,3.635830049403012,3.4852136648260057
tt_6.2h,3.3195891748182476,,,2.8088891371153295,3.2738405717536807,4.200438117608428,4.200438117608428,3.422091148328036,3.4114083372987807,,2.95236042374745,3.043468449264765,5.048948084469885,3.582887403666973,2.4034997578710318,3.0719870068132877,4.4057965078391135,3.443265749141574,3.443265749141574,3.8920348449610174,3.739932221826166,4.171267301309854,4.047019901685417,3.0724979331716895,2.0995450005866587,4.215786672662944,3.6599446344189346,,,4.391088245436549,3.810235873796046,2.574684531893581,3.8219090164639056,3.516003807540983,,4.11663964483887,4.11663964483887,3.8748343512415886,3.0176775748841465,3.6931118299253285,3.1516952216625214,3.1516952216625214,4.579338443931192,3.622836780268699,,2.7578234360553324,3.074374683201313,4.072544733528048,2.474015714135021,3.0220618811435997,2.342854845803231,3.132015380077064,2.3091311804018915,4.00330941285938,4.469763633329421,5.382490240037441,4.252866224851459,4.462452360894531,2.927797350101173,5.386014540679753,4.865679660346359,4.187253746204078,3.841719711665064,4.229261144995689,4.704698234796524,2.6020558774471283,2.1360738687217236,3.8605052679777145,,3.7027163137681782,5.032794394530356,3.9023984046652913,3.9128794209100306,3.8021382610313594,3.8124988893978298,3.7528584180399776,,3.9054838600568473,5.536526490002871,4.333742237649858,3.4756306502968073,3.5059776050038636,3.367324235383421,,,3.1688378835096955,2.9597335872240365,3.001929325517267,2.5307916211895645,3.6219131858088076,3.4143872051499784,3.6356049617752433,4.397593721281737,4.262785692233592,3.1426371461711824,3.6299433885142207,3.4733228622935712
tt_6.3h,3.3100184998475015,,,2.7932742945849895,3.2713174442760646,4.200438117608428,4.200438117608428,3.417143517639488,3.3911354769952595,,2.946871262509376,3.0338151762261987,5.045491953846067,3.5710744243115187,2.3916861708275974,3.058925490360707,4.395237867720425,3.43633237760514,3.43633237760514,3.883487685583532,3.7363449609838426,4.164458075072616,4.041643560864031,3.064269709866494,2.094370686914772,4.204900933429599,3.652197651565075,,,4.38503320235759,3.8037234540097415,2.5725532937794924,3.8107680110260844,3.504883960355073,,4.120399591512978,4.120399591512978,3.8648454840295017,3.0039017819799483,3.6931118299253285,3.1431286577135324,3.1431286577135324,4.577297376468778,3.6206461042165756,,2.7481697951443493,3.063583674840629,4.072544733528048,2.4727666112594306,3.011046265717596,2.336402765940875,3.129505672957748,2.3075342741794884,4.000468888320029,4.468838250264525,5.3835713500157,4.243204722646624,4.458816588390619,2.934864012990147,5.38607562193647,4.864525456912816,4.18001703498885,3.835403489880264,4.2294005220755935,4.690980678424239,2.59178586024791,2.135046999901533,3.8505349629558623,,3.6996680479496717,5.0319783221930265,3.91070988541469,3.9058765494264662,3.793241855688393,3.8034449508413672,3.743287793826312,,3.899011248257011,5.537068827543408,4.324923221487552,3.4635634142905474,3.50069224787876,3.3707072040997446,,,3.1559140984900296,2.9466374344192445,2.9874542062170804,2.530740737915039,3.6060594259761274,3.400946208741516,3.627186868339777,4.388492505997419,4.25535464566201,3.1333461366593838,3.6299433885142207,3.461633125320077
tt_6.4h,3.300572514999658,,,2.7779371538199484,3.268816117197275,4.188682158477604,4.188682158477604,3.417143517639488,3.3712667636573315,,2.94142300542444,3.0243475809693336,5.042089929804206,3.55946941440925,2.3800127399154007,3.0460665519349277,4.384852086659521,3.429515396244824,3.429515396244824,3.875067361164838,3.732769341673702,4.1577816642820835,4.0363870188593864,3.056175953708589,2.0892697130329907,4.194220379926264,3.6370304147712886,,,4.379050476010889,3.7973068174906075,2.5704965190961957,3.799792716745287,3.4914099010638893,,4.124204101040959,4.124204101040959,3.8550062337890267,2.9903579354286194,3.7191968015395105,3.1346820346079767,3.1346820346079767,4.575291174929589,3.6184658869169652,,2.7386614200659096,3.0529414121992886,4.070967630948871,2.4787047393620014,3.005681856069714,2.336402765940875,3.127031301613897,2.305967880412936,4.001235246658325,4.46793192345649,5.3846255973912776,4.233699976932257,4.455264617223293,2.9417174197733402,5.38610571436584,4.863403976429254,4.172913353890181,3.829152916558087,4.229550600517541,4.690980678424239,2.5816663173027337,2.1340661998838186,3.8406966705806553,,3.6967113940045238,5.031183205544949,3.91070988541469,3.909155876375735,3.7844781214371324,3.79451308446005,3.7338540884666145,,3.8925953544676304,5.537587073165923,4.316240185406059,3.451776255853474,3.4955529998987913,3.3600878035649657,,,3.143235221039504,2.933770365547389,2.9732120814733207,2.530690367333591,3.590490805450827,3.3877371065318584,3.618894452229142,4.379561697598547,4.248026792425662,3.1242188750766218,3.624193351250142,3.450124453753233
tt_6.5h,3.2912681032903492,,,2.762869954109192,3.253364711999893,4.177150405943394,4.177150405943394,3.399098068010062,3.35178942931816,,2.9360189246945083,3.015075229573995,5.038722870871425,3.5480350302532315,2.3800127399154007,3.03339520143345,4.374636909458786,3.4227829887531698,3.4227829887531698,3.866729425266385,3.7291745566762984,4.151225048583001,4.03123798314482,3.048234464135021,2.084226102102548,4.183765033259988,3.629607708659023,,,4.373139292001724,3.7909759669564664,2.5685119600966573,3.7889581909403205,3.4914099010638893,,4.1247161366045475,4.1247161366045475,3.8453387040644884,2.977040516678244,3.745246126782149,3.126383858732879,3.126383858732879,4.584157038480043,3.616288707125932,,2.729301573242992,3.042442874982953,4.069413255900145,2.4787047393620014,2.994890220463276,2.3301414330489933,3.1245753513649106,2.3044031281024218,3.9983934042975307,4.467044475954026,5.3856535837985575,4.224329545162618,4.4517811187542975,2.9483806644566357,5.39034173451364,4.862278792075813,4.165908221621066,3.822997720912099,4.2297114110551775,4.69620506465435,2.571707138326019,2.1331295780837536,3.8310026433318853,,3.693843375891447,5.030408714897931,3.890917068812996,3.9022552291862667,3.7758564315736294,3.785737636964768,3.7245760653167963,,3.8862756709568202,5.538081718608737,4.307700358796865,3.4402479878626764,3.490555582102388,3.349641435779631,,,3.1307590301148593,2.921097570564598,2.9591978820972145,2.530640515498817,3.57519768550992,3.374754183460027,3.610690392088145,4.370774387381971,4.240756533574313,3.1152849313803017,3.618597846943885,3.4388225288130343
tt_6.6h,3.2820715233683586,,,2.7480666930787265,3.250898282509297,4.165815440006554,4.165815440006554,3.381568785291165,3.355722638312727,,2.9306642478331923,3.005972840823233,5.035426318179816,3.5367828919552267,2.3685108022764325,3.0209112255834043,4.364585702307522,3.416143450886011,3.416143450886011,3.8694374305196106,3.7255819691345096,4.144795045256615,4.026192909106612,3.040418022312224,2.0792204714380205,4.17247596103698,3.6222652359865606,,,4.367297523654997,3.7847320321016014,2.566597539000213,3.778303315397352,3.4781980579718947,,4.12854318600148,4.12854318600148,3.8358121630735695,2.9639290319755673,3.7712336140684783,3.1181984790600836,3.1181984790600836,4.582157734315842,3.614122486207634,,2.7200817582197487,3.0320915132761,4.06788211222738,2.4775172537192702,2.9843498044647276,2.324038876686245,3.122154736891389,2.302861792035401,3.9983934042975307,4.466175667475909,5.386655796319246,4.215128610376269,4.448364186100662,2.9548245859332383,5.390312261879444,4.86116765672341,4.159030456095934,3.8169199991971254,4.2298829378560185,4.701407537329942,2.5618974110111594,2.1322351982817054,3.8214662140235305,,3.6910610939376056,5.029654544778168,3.871641860343516,3.8954642578028142,3.7673510550521314,3.777078139130026,3.71540983999148,,3.8800101578235626,5.538553252350539,4.299294324591756,3.44686465524137,3.4856944382190704,3.349641435779631,,,3.1184971281327307,2.9086272763088346,2.9454046487808228,2.5305911852046847,3.5601775064133108,3.3619915917515755,3.6026081889867783,4.362169987056404,4.233588213101029,3.1065219808369875,3.6131117586046457,3.427708155941218
tt_6.7h,3.2730090050026774,,,2.7335202284157276,3.250898282509297,4.154672182165086,4.154672182165086,3.364502977579832,3.33662369241938,,2.9253510115668178,3.010321218520403,5.032181607559323,3.525708860717714,2.3571665873751044,3.0086087030358613,4.354696746915579,3.409616531804204,3.409616531804204,3.861233875155449,3.721995361149311,4.138477599713951,4.0212461412884295,3.0327455797232687,2.0742838261649013,4.162231114227325,3.6150405439548194,,,4.361522892024368,3.778577678371221,2.5647511812858284,3.7678027912043035,3.4652553452178836,,4.12854318600148,4.12854318600148,3.826450557913631,2.968326175119728,3.797128369566053,3.1101533113978803,3.1101533113978803,4.580193303059787,3.6146370763890445,,2.7110066073946655,3.0218811091035604,4.066374628338963,2.476381406188011,2.9740822818130255,2.3181132758036256,3.119741190224886,2.301331397611648,3.9955320274457335,4.465324829798192,5.387632658239454,4.218900389503688,4.445011996664107,2.9610616522841156,5.390254194848239,4.860070844180882,4.1522447490133345,3.8109043911099434,4.230065188370645,4.706607464235276,2.5522408676333725,2.1313813631422818,3.8120510932058096,,3.6883619809523225,5.028920372482389,3.8638220918364823,3.888756965752691,3.7589820344001055,3.7685678326524794,3.7063931697048247,,3.873838252387941,5.5390021544881165,4.291014879010618,3.435558602679521,3.4809650839306414,3.339379261713475,,,3.106445759534836,2.8963503814302385,2.9318398875184357,2.5305422991514206,3.545420863199979,3.349443824030459,3.594610425643623,4.353700025938451,4.226475181989372,3.097908714786172,3.607753397896886,3.4167617824859917
tt_6.8h,3.259693675674498,,,2.7192241568118334,3.2484308732673526,4.158774374984205,4.158774374984205,3.3755082697607577,3.33662369241938,,2.92008198145777,3.001376923173666,5.02898728242144,3.5148246507160366,2.345952487550676,2.996490817051381,4.3449646988883615,3.4031625180505216,3.4031625180505216,3.853110013063997,3.718428300693631,4.132281050551683,4.0212461412884295,3.025189784821123,2.069416509475559,4.162231114227325,3.6079131616279483,,,4.350171072874218,3.77250211359933,2.5629710014909506,3.7574323094449937,3.452542047947645,,4.132395421154797,4.132395421154797,3.8172217062674463,2.9554409733973444,3.8229558686725795,3.102214122656733,3.102214122656733,4.580193303059787,3.612491426989436,,2.7020647120662034,3.0118078561499715,4.064891153946519,2.482306926511228,2.964049265254289,2.3123348765075207,3.117356976028532,2.2997998679056764,3.9926230628043413,4.464492229279131,5.376520428340882,4.209865259472281,4.441709824372083,2.967101125512272,5.3901684624142945,4.858988357707858,4.145581955555826,3.804979189299047,4.230258165393025,4.708992900792509,2.542732282076031,2.1305663962848485,3.7936368249356747,,3.6857565944083035,5.028205890674144,3.8450418361462653,3.8821419151499867,3.7507241857238114,3.7601676383055747,3.6974840741604567,,3.8677380341105163,5.5398319265805185,4.28286790009588,3.4244974991306663,3.4763631583191454,3.329264805652201,,,3.094617427326739,2.9005089555867016,2.918474303558469,2.5304939597845078,3.530921460594982,3.3371026711538434,3.578932155855,4.35900871315971,4.219440613407642,3.08947435580194,3.60253473976627,3.406009196303785
tt_6.9h,3.2507495507597923,,,2.7051750030368567,3.2459828560240567,4.14783102972433,4.14783102972433,3.358866047579795,3.3178862961940467,,2.914851028472185,2.992588966153562,5.025842309463769,3.5040939431637526,2.3348690988495946,2.972777766175568,4.335384446196258,3.3968128790147603,3.3968128790147603,3.8451052736490965,3.718428300693631,4.1261961492709816,4.016403328627348,3.01412695646286,2.064575645606965,4.152194976340979,3.6008632155135274,,,4.344589528162032,3.766511187888682,2.5612552082166076,3.7472306401468813,3.440065669827163,,4.136273437179625,4.136273437179625,3.8081516241654754,2.9427652047015727,3.8486713436432183,3.0944082364439964,3.0944082364439964,4.57826343132183,3.610360766761005,,2.6845814897678792,3.0018718540668488,4.0634319838136435,2.4811030570417643,2.9542727512307465,2.3067089510150254,3.115007339976728,2.2982930042780936,3.9896710026077926,4.462882993742824,5.377462455071509,4.209865259472281,4.43848264683038,2.9729157565161586,5.390055979136378,4.857920041773468,4.139022388961166,3.799112355802208,4.230461876373738,4.714160255622119,2.533363054972142,2.129788746125996,3.78463103948161,,3.6832142900675535,5.027510776184499,3.8450418361462653,3.875631577335298,3.7345769400708377,3.7518904325552285,3.6887189601548016,,3.8616880271583796,5.540215774439275,4.2748411521315575,3.413675439544022,3.484151743352413,3.319327190518379,,,3.0829705828800797,2.888429640326649,2.9053170611150563,2.5304461754858494,3.536472292151302,3.324970387853682,3.57124783936888,4.35068827541545,4.219440613407642,3.081180976703763,3.597415473777801,3.395431923214346
tt_7.0h,3.2419359628111124,,,2.6913592289201915,3.2435465469025075,4.1370691317133605,4.1370691317133605,3.358866047579795,3.2995197041891515,,2.9162951316684484,2.9839682653546333,5.022727678064257,3.4935292750597,2.323976202867925,2.961173854768276,4.325954928994179,3.3905355585739017,3.3905355585739017,3.8371771657839417,3.7148447441868484,4.120215508621186,4.011654742062092,3.0066871140152216,2.059798213187605,4.142380343750119,3.5939279962331057,,,4.339069650974125,3.7605961188673973,2.559611357282847,3.7371513354592025,3.445036075077951,,4.1401971047744155,4.1401971047744155,3.7992208595387638,2.9302949304692447,3.8742949813604355,3.086701753549278,3.086701753549278,4.576367836911231,3.6082412153482437,,2.6760334339924157,2.9920691726729274,4.061997342854738,2.4811030570417643,2.9447301561012864,2.313586156349629,3.1126850629225373,2.2967953658662736,3.9866950078867376,4.462105949874967,5.378380166366696,4.2009927039034665,4.435315313749015,2.97850272199139,5.389917643275112,4.856865533161908,4.132547387853265,3.7933343588374555,4.230676306411624,4.714160255622119,2.5241378294304013,2.129046868532896,3.775734290946275,,3.6807462936267257,5.026834720280021,3.8267390690743923,3.8691974696703255,3.72668272908777,3.7357212021015584,3.6800573184154928,,3.855727330315858,5.540578874293715,4.266940983943641,3.4030764824710786,3.4796533877961338,3.309528903104365,,,3.0715179927647114,2.876539387740195,2.892361607402563,2.5303989336825907,3.5222293129190803,3.3130380692891777,3.563641448970884,4.342537941876799,4.212503253482282,3.0730582079850137,3.592411080840975,3.38501029741019
tt_7.1h,3.233223062939942,,,2.6777860573492944,3.241120856720954,4.1370691317133605,4.1370691317133605,3.3426682758145034,3.303443319629878,,2.9111448796465993,2.9754910096526146,5.019678763113916,3.498356538359076,2.313204933423549,2.9497422566637397,4.316670027561486,3.3843395463190973,3.3843395463190973,3.829364887904376,3.711263399105519,4.1143467598594725,4.006993770599365,2.9993803510442376,2.0551058570854366,4.132737587671727,3.587068979628384,,,4.333618927747011,3.7547575370408595,2.5580193917267025,3.7272357889451087,3.432800262235105,,4.1407786421477795,4.1407786421477795,3.790414554066956,2.9180096318013966,3.890363538172096,3.0901410402730107,3.0901410402730107,4.5745062083005905,3.6082412153482437,,2.6676167850382626,2.9823985383845866,4.060587408486754,2.4799101813696325,2.9447301561012864,2.308072328567505,3.110397952608764,2.295309639070183,3.987589245196432,4.461347036529332,5.379247451666743,4.192242163233459,4.432206742465496,2.9840739695355296,5.389754337724298,4.855824590660632,4.126187778543681,3.787627723067999,4.230901488568634,4.719328087288886,2.5150502626784146,2.1338587971404195,3.7669592411257327,,3.6783501068130136,5.02617741888389,3.8349785120226443,3.862863576039672,3.718890158459544,3.7278236891143024,3.671514665707946,,3.849837748799473,5.540925337001681,4.2591553893871605,3.392716492526233,3.475274534430355,3.299884374253452,,,3.0757972858846188,2.8648285032249987,2.8796012829989195,2.530352254398167,3.508230564184487,3.3013005405664444,3.556146068032831,4.334509312175214,4.205620204098523,3.065068353433162,3.587536653969437,3.3747709756717086
tt_7.2h,3.224634861573577,,,2.664439540822059,3.2387097026221454,4.12646399717778,4.12646399717778,3.3268989478237927,3.2853985093533993,,2.9060339531861246,2.967169107403606,5.0166767137125134,3.4879546081647277,2.3025491633452475,2.938472577370703,4.321369157638401,3.3782454091124237,3.3782454091124237,3.8216263307258487,3.7076887520961463,4.108581245411187,4.0024290308356285,2.992182268295437,2.0504368687979877,4.137529300060123,3.580316841136664,,,4.328255289699882,3.7490014070644975,2.5549923232756555,3.7309399438090622,3.4207713990472257,,4.144726562779397,4.144726562779397,3.781755239702761,2.905933464411646,3.9159235544502735,3.0825645783916116,3.0825645783916116,4.572659048717469,3.6061269529163837,,2.6593196843750775,2.972858623135835,4.059202303178608,2.4787166421301663,2.9353993674740195,2.302713463548571,3.108126205857843,2.2938499972224236,3.984620725736022,4.460616868920624,5.380117864347994,4.183648627717048,4.429155073128641,2.9894176009111106,5.3895669262856245,4.854797575622797,4.119910126551986,3.781975781545043,4.2311427583917975,4.724454633425921,2.5060981400310993,2.1331487935967743,3.7583208745345473,,3.676024972461164,5.025538573041558,3.817131772171706,3.8566028783097863,3.7112196441739798,3.7200182117521763,3.6753815887495875,,3.8440043753944337,5.5412632171064615,4.251490757800639,3.3825654978863895,3.4710104037076235,3.290404487401247,,,3.064561084844172,2.8533114925958216,2.8836000384762883,2.530306154396385,3.4944699481129646,3.289750733412802,3.5487279971130192,4.326642946340144,4.198833145201206,3.0572412265464664,3.582753104157746,3.3646952202543616
tt_7.3h,3.2161449468694627,,,2.651312695350498,3.239485528320074,4.116052416153252,4.116052416153252,3.337743969168514,3.2677016211673617,,2.90096073737368,2.9589791973121464,5.013720663730055,3.4777113450691104,2.2920822631567717,2.927358445711434,4.3122295923531055,3.3722168901003897,3.3722168901003897,3.814000265672803,3.7041238686069846,4.102911679074168,3.997950699646026,2.9851126349531114,2.045816072728485,4.128091624006629,3.573620641604066,,,4.322977969422936,3.7433251212351024,2.5535461115650833,3.7211447935551405,3.4089577444829047,,4.14870076533407,4.14870076533407,3.773214034270495,2.894052325282246,3.9413159866817296,3.075074770487845,3.075074770487845,4.581411188933998,3.604034195654094,,2.6511502908542752,2.9634423358365893,4.0578439948149025,2.4683660664595664,2.926303105428815,2.2974814493209124,3.10588718065992,2.292398781981319,3.9816339151002467,4.459896431770176,5.380965339485556,4.171418040525168,4.426142265088856,2.9945474355481565,5.38935852330178,4.853784762788564,4.113749543670565,3.776408964768052,4.231708302162588,4.726853494532406,2.4972791322506964,2.1324715954251587,3.749786847271025,,3.6737718963995576,5.024917878210545,3.799745411146432,3.850425680167973,3.7036464298143983,3.712346391286701,3.666968608275056,,3.8382663163356483,5.541592665016651,4.243935590609908,3.3726453268900514,3.466857946012169,3.2939210506156087,,,3.0534902084618807,2.8419573451392353,2.871031509246677,2.5303323860280216,3.480939900968224,3.2783916923217475,3.5414184127002954,4.318891073111445,4.192097689956427,3.049539673142135,3.5780743435025215,3.3547646696679294
tt_7.4h,3.207775010727346,,,2.651312695350498,3.2371006282046437,4.105809204746038,4.105809204746038,3.3223489937372506,3.2677016211673617,,2.8959415308199823,2.9509345572441816,5.010812364518642,3.4676384436897933,2.294197964016348,2.916403960902244,4.303227860946208,3.366266837809235,3.366266837809235,3.8064477825537324,3.70057634357363,4.097345544025302,3.9935510852374136,2.9851126349531114,2.0412676162086427,4.118812739849091,3.5670169009827077,,,4.31778480950743,3.7377305515110493,2.552143240813166,3.711507486179471,3.3973523578606546,,4.152701823972166,4.152701823972166,3.7648140657693148,2.882366316858679,3.966561834793538,3.067714990116656,3.067714990116656,4.579591623973101,3.6019529849290848,,2.643095170147717,2.954153287690133,4.05650863237679,2.4671311913989484,2.9174052025191486,2.292382092680782,3.1036540190689266,2.290964804124087,3.9786303220316768,4.459195390343666,5.381790199782699,4.162992672994733,4.423185840714723,2.9994732746854424,5.389134646393359,4.852786903269589,4.107687544077635,3.7709100265055895,4.232032652013004,4.7319721626117826,2.4885926032438874,2.1318258731625974,3.7413866189308465,,3.6716021802276373,5.024339052848518,3.799745411146432,3.844345602672547,3.696191216353327,3.704781215172261,3.658690001349896,,3.8325822157785296,5.541913828346878,4.2364910105243325,3.3629339085891843,3.4628135515376925,3.2845891448669136,,,3.0425968398340046,2.8307697507552803,2.8586542876437306,2.5302874241024256,3.4676394094713032,3.267215769737959,3.53418430313468,4.318891073111445,4.185457098297775,3.0419935076497495,3.5735153746791184,3.345005648676306
tt_7.5h,3.1995004871860147,,,2.638401528354734,3.234747188631445,4.109982972964644,4.109982972964644,3.3073520553298295,3.250302408821881,,2.8909637359902263,2.943012671545148,5.007938260212541,3.4577006194740534,2.283855114597827,2.9056031219661236,4.2943631378002465,3.360416649840772,3.360416649840772,3.799012735951692,3.697014239616692,4.0918746665120125,3.989242434501648,2.978144478984177,2.036774341482669,4.118812739849091,3.5604856805875897,,,4.312673609238118,3.7322206567041576,2.550782523583621,3.7020006887614727,3.3973523578606546,,4.152701823972166,4.152701823972166,3.756526398938149,2.8708548001013696,3.991606242954731,3.0604533096775413,3.0604533096775413,4.577805449720472,3.6025398951023817,,2.6351639861240983,2.944982709363103,4.064895181450993,2.4671311913989484,2.9087286004796624,2.292382092680782,3.1014471990056336,2.2895552669651806,3.9786303220316768,4.458513557445258,5.382592518348247,4.154699784703553,4.420271296519786,3.0041672810912132,5.388895881827921,4.851803590543568,4.101706486660987,3.76546233240515,4.232384772505611,4.737093313597143,2.480035967659205,2.1312103271484375,3.7330857748165727,,3.669486042112112,5.023753698449582,3.807958036661148,3.8383339536376297,3.688839515671134,3.6973052537068725,3.650501938071102,,3.8269916400313377,5.542226850986481,4.229160071350634,3.3534174282103777,3.4628135515376925,3.2754155788570642,,,3.0318941911682487,2.8197546540759504,2.8464605608023703,2.5302430279552937,3.4676394094713032,3.2562159108929336,3.527037885505706,4.311294298619032,4.1788666802458465,3.034566151443869,3.5801208838820457,3.3506659432314336
tt_7.6h,3.1913414667360485,,,2.625698837451637,3.232392412610352,4.099916365928948,4.099916365928948,3.292739366181195,3.233210346661508,,2.886024671141058,2.9352277484722435,5.005133388563991,3.447926348540932,2.273666942026466,2.8949495456181467,4.285630114376545,3.3546250024810433,3.3546250024810433,3.7916541872546077,3.693457115907222,4.086492013186216,3.9850116474553943,2.9713014708831906,2.032307930290699,4.1097300737164915,3.554007369093597,,,4.307643837295473,3.7214282578788698,2.549462877213955,3.692602056078613,3.3859647712670267,,4.156749812886119,4.156749812886119,3.748374553397298,2.8595390683040023,4.016464475542307,3.053279264830053,3.053279264830053,4.576052240561694,3.600475922692567,,2.6273423274978995,2.935935210902244,4.063557795248926,2.4659126685000956,2.900238001719117,2.287411174736917,3.099269984755665,2.288154552690685,3.975583355408162,4.4578506904654205,5.383372072596103,4.146517718676478,4.4173977370373905,3.008645066060126,5.388642807956785,4.850834733340889,4.095835843123496,3.760096198413521,4.232764706015587,4.737093313597143,2.4716115295886993,2.130624074023217,3.7249134718440473,,3.667435077484697,5.0231855739839375,3.7909718984737992,3.8324141884222627,3.681580949574709,3.6899512764066458,3.64244137192145,,3.8214724250137806,5.542531874962151,4.221929579973221,3.344112923834473,3.458874500822276,3.266367365140468,,,3.021339323371649,2.8088938840664923,2.8344532614573836,2.530199204571545,3.4545605867169797,3.245396056212485,3.5199984339997172,4.303805310744792,4.172351775690913,3.027287024538964,3.5756289227865636,3.3410559622570872
tt_7.7h,3.183274614159018,,,2.613220219966024,3.230058170389384,4.090010058134794,4.090010058134794,3.292739366181195,3.237149268388748,,2.881134739611298,2.9275571084581316,5.002378567587584,3.4382804380729795,2.2636185279116035,2.8844463429413736,4.277028182055801,3.348924590740353,3.348924590740353,3.784409928135574,3.689908848144114,4.0812070202082396,3.9808509475551546,2.9645652594044805,2.0278990739025176,4.114525499753654,3.5476180617697537,,,4.302693485748023,3.7161512947641313,2.5481832013465464,3.6833507111296058,3.374758734367788,,4.160805755760521,4.160805755760521,3.7403296595439315,2.8484047073870897,4.041085928678513,3.0462180860340595,3.0462180860340595,4.574331654701382,3.59842132544145,,2.619640950579196,2.9270055876113474,4.062251722440124,2.4716408103704453,2.8919568047858775,2.2825771123170853,3.0971176899038255,2.285401787608862,3.960468546487391,4.4572062767110765,5.384129319805652,4.146517718676478,4.414564055390656,3.012921725399792,5.388375983573496,4.849880513269454,4.090042125433683,3.7547945948317647,4.233172202017158,4.742176385130733,2.46331682568416,2.1300666159950197,3.7168358215130866,,3.665446951985359,5.022634395863861,3.7743942849338055,3.826562308706343,3.674432734027505,3.68268142035231,3.634467629250139,,3.8160040760412812,5.54282904509455,4.214808041229844,3.3349909354001284,3.4550365055911243,3.257472498342395,,,3.010950904339552,2.798190569039434,2.822610112372786,2.5301559609360993,3.441698344424367,3.234747411683202,3.513027193490416,4.296464714221656,4.165931412950158,3.0201208000071347,3.5712557598017156,3.3315958702005446
tt_7.8h,3.1753196357749403,,,2.6009418698959053,3.230058170389384,4.080240731593221,4.080240731593221,3.3034281763248146,3.2203800664283335,,2.8762878915295005,2.9200148633681238,5.006491424515843,3.428776339162141,2.253664412535727,2.874089531134814,4.268552000634372,3.3432855610735714,3.3432855610735714,3.777239576447755,3.6863834895193577,4.087068842723966,3.9845903110690415,2.9695685114711523,2.0235770056024194,4.105588316451758,3.541280080098659,,,4.297820528503507,3.7109452933073044,2.5469424189068377,3.6742026596330106,3.3797135278582573,,4.1453735418617725,4.1453735418617725,3.7324153971858323,2.8374347807839513,4.041085928678513,3.0392393302172422,3.0392393302172422,4.574331654701382,3.596374938264489,,2.6120452992618084,2.9181904774159193,4.06097647966817,2.470395060721785,2.883850311394781,2.2892738529480994,3.0949974386021495,2.2840337632223964,3.957428019028157,4.456580592319369,5.384864732157439,4.138481706846505,4.411756050772965,3.016973142977804,5.388095964211971,4.848940738942474,4.084354929160327,3.7495411997660995,4.233607174828649,4.744591784197837,2.455139197409153,2.1295367521233857,3.7088818033225834,,3.663519563153386,5.022099880967289,3.7743942849338055,3.8207858433015645,3.6673733456991613,3.675529929343611,3.626617541536689,,3.8106257477775216,5.54311850015074,4.207782636396587,3.3260731142945588,3.4512970452196896,3.2486927956342697,,,3.0007412284612656,2.787647590506822,2.810944529250264,2.530113303102553,3.4290477568283677,3.213947808369994,3.5061595560982823,4.2856229790486395,4.159562083426863,3.0130797275342047,3.5669628977775574,3.322267231531441
tt_7.9h,3.167453598231077,,,2.5888558975420892,3.2277348176576197,4.070645047817379,4.070645047817379,3.28914857422933,3.2038808977231383,,2.8714819196611643,2.9125804817304015,5.003793149255216,3.419425919651985,2.243891119491309,2.863869519904256,4.260201397351921,3.3377166567370296,3.3377166567370296,3.7701606061309576,3.6828451668843627,4.081860212609172,3.9804880539886653,2.96292356075719,2.0192781714722514,4.096836394164711,3.535029432270676,,,4.293024559505284,3.7058127112686634,2.545739460736513,3.665196910034865,3.3687093569897115,,4.14947505062446,4.14947505062446,3.7246032184921205,2.8266489822417498,4.065464488230646,3.0323719079606235,3.0323719079606235,4.572624130174518,3.5943442028947175,,2.6045651505701244,2.9094927087426186,4.0597315756604075,2.469172479119152,2.8759420346468687,2.284526327624917,3.092893204651773,2.282682518940419,3.9543697079643607,4.455973949283361,5.385578798130155,4.142459819559008,4.408999918494374,3.020816513802856,5.387803287245333,4.848015187308192,4.078756713308394,3.744366308208555,4.234069706406444,4.749669279437512,2.458461276255548,2.1290332856588066,3.701017927378416,,3.661650950089097,5.021581737790257,3.7582108015194535,3.8150975215248764,3.6604212378151715,3.668457319494337,3.618850596714765,,3.8053156142123044,5.543400378432125,4.212054671254009,3.317338370718062,3.4428210500627756,3.240049451123923,,,2.990668226033449,2.7772500538267195,2.7994449133984745,2.530071237590164,3.4185224659740925,3.203792457934469,3.49935864796862,4.278403390664607,4.1532864309847355,3.00617851736024,3.562765586655587,3.313096678350121
tt_8.0h,3.15969658177346,,,2.5769591475836933,3.2254249271936715,4.070645047817379,4.070645047817379,3.2752274917438626,3.187663312535733,,2.8667121841572225,2.9052657722495496,5.00114287622273,3.4101957753300667,2.2342122229747474,2.853794023860246,4.251971144229174,3.332235387992114,3.332235387992114,3.763193234335631,3.679312828928232,4.076737377792597,3.976448114030063,2.956397030968219,2.0150182698853314,4.088222235441208,3.528846461791545,,,4.288303740788251,3.700757031328976,2.5445733363740146,3.6562882508151233,3.3578760060481727,,4.153604625258595,4.153604625258595,3.7169166118837893,2.8160319980233908,4.089490198995918,3.0323719079606235,3.0323719079606235,4.581281393300742,3.592323967255652,,2.597188599873334,2.8924290318973362,4.058516509830952,2.4679745249450207,2.885986811015755,2.2798829483799636,3.0908240005373955,2.2813500417396426,3.9513014275580645,4.455386173445731,5.386271922383457,4.134577493648976,4.4062807485461235,3.0244566737674177,5.387498482130468,4.847121402621269,4.073230016976595,3.7392530888319016,4.234559831675142,4.754751562606543,2.4504208411090076,2.1285550696775317,3.6932730902917683,,3.659839210100472,5.02499812701717,3.766406435519457,3.809471809770912,3.6535537177696824,3.661500230897218,3.611203920096159,,3.800053298473358,5.543674817774445,4.205128623638302,3.308775476180017,3.4391600633971393,3.2315069721080363,,,2.980769654735923,2.7669970146380365,2.788116210605949,2.530029770452529,3.4060814259573817,3.1937917009927332,3.4926572837866843,4.271280904300511,4.147058808710426,2.999380586668849,3.558679049834609,3.3040515957400203
tt_8.1h,3.152025037445128,,,2.5652741440571845,3.22631294792518,4.06117919832468,4.06117919832468,3.2616529893130064,3.187663312535733,,2.8620054773055017,2.8980542737990618,4.998539704829454,3.401114036794752,2.224667468108237,2.8438562974333763,4.243861246854067,3.3268107562325895,3.3268107562325895,3.756295007187873,3.66425354545936,4.071696258615702,3.9724819301627576,2.9499649703502655,2.0108222332783043,4.079783769790083,3.522711947094649,,,4.283656152896583,3.6957690534181893,2.5434521287679672,3.6475184871815145,3.3472232124768198,,4.157782609574497,4.157782609574497,3.7093276968225837,2.8055702638812363,4.089514110703021,3.0255775838159025,3.0255775838159025,4.579602038487792,3.592323967255652,,2.5899202320724726,2.884059126023203,4.057332661002874,2.4679745249450207,2.87821356812492,2.2753525199368596,3.0887551615014672,2.280024755746126,3.948226159438491,4.454817121382803,5.386271922383457,4.126798435579985,4.403597702272236,3.02791129052639,5.38718206435442,4.84622322069481,4.067804499529302,3.7341851466335356,4.235077504534274,4.759798606391996,2.4424982396885753,2.1281010396778584,3.6856141025200486,,3.658082485664636,5.024506388232112,3.7505961069837213,3.8039173744618893,3.6467907335609198,3.6546163288876414,3.6036366778425872,,3.7948778877034783,5.543941953219473,4.198305361438543,3.3003974775783718,3.435592468827963,3.2230967888608575,,,2.9710023910738528,2.756897441111505,2.776942517608404,2.529988906811923,3.3938412140123546,3.183948920108378,3.486022313591093,4.264296385925263,4.133408298250288,2.9927169256843626,3.55466539086774,3.295158185996115
tt_8.2h,3.144460131879896,,,2.553770654834807,3.224031250923872,4.0493367672897875,4.0493367672897875,3.2484136899001896,3.1755109606310725,,2.857332168612629,2.8909533605910838,4.9959827600978315,3.3921466767787933,2.2152614099904895,2.8340439051389694,4.243861246854067,3.3214521119371057,3.3214521119371057,3.749504953622818,3.6607507774606347,4.066743198782206,3.9685802282765508,2.9436180745251477,2.006702068261802,4.079783769790083,3.5166612714529037,,,4.279081635642797,3.6908510886132717,2.5423566177487373,3.6388621367514133,3.336762019433081,,4.161969437263906,4.161969437263906,3.701859518419951,2.795279795769602,4.113086925353855,3.0290561160072684,3.0290561160072684,4.577956288587302,3.592973050661385,,2.582757240626961,2.8758009900338948,4.056175708305091,2.4736546725034714,2.870600047521293,2.270935136359185,3.0867155860178173,2.278717676177621,3.945131259970367,4.454266625922173,5.386944436933845,4.119157498702407,4.400950059760362,3.031157690100372,5.386854539159685,4.848948526661843,4.06246282486245,3.7291928846389055,4.235605485737324,4.764830990228802,2.434696971438825,2.1276701665483415,3.678069875575602,,3.6563790100626647,5.024054327048361,3.7351526115089655,3.7984470813535154,3.6401186105795205,3.6478459928184748,3.5961865433491766,,3.7897676024585962,5.544201921205968,4.191572230309248,3.292182168457657,3.4321155389770865,3.2230967888608575,,,2.9613824132829905,2.746935397386551,2.765929887071252,2.52994865225628,3.381797081325203,3.174252660945058,3.479466255288571,4.257403852418065,4.1272672466002405,2.9861509641632438,3.5507398657500744,3.2863845084793866
tt_8.3h,3.144460131879896,,,2.5418580817058682,3.2217620983719826,4.04004764650017,4.04004764650017,3.2484136899001896,3.159571234602481,,2.852695647161454,2.883959239348769,4.993471212685108,3.3833227488212287,2.2059344141744077,2.8243777118623257,4.235866640228778,3.3161770552396774,3.3161770552396774,3.7427825476042926,3.6572596952319145,4.061871014069766,3.9647399284876883,2.93737552780658,2.0025995592586696,4.084581916220486,3.510656936559826,,,4.27457830356434,3.6860065134242177,2.541294967290014,3.6302977250888944,3.3264587810263038,,4.166187036316842,4.166187036316842,3.6872265599668026,2.7851506620645523,4.136255702003837,3.022358280606568,3.022358280606568,4.576347315683961,3.5909679573960602,,2.5756929791532457,2.8676435202360153,4.05504706967622,2.472443393897265,2.8631699816323817,2.2666401797905564,3.084696924313903,2.2774313213303685,3.945131259970367,4.45373452687636,5.387596839573234,4.111615596339107,4.398336925078183,3.0342154907993972,5.386516398284584,4.84807134559378,4.057187796570361,3.724259729962796,4.236178428400308,4.746131158433855,2.4270084626041353,2.127261457964778,3.670607249252498,,3.653138588182628,5.023593652062118,3.7351526115089655,3.793034955393523,3.6335276551544666,3.6411634874530137,3.5888123298063874,,3.784722337499261,5.54445485631004,4.18493778584525,3.28414274007082,3.428727228194475,3.2147815618664026,,,2.951926149893552,2.7371021825820208,2.755073662381619,2.529909010976553,3.3699433249421418,3.1647090683691204,3.4730083849281073,4.250643582083285,4.121216237079352,2.991851574741304,3.5469002802856266,3.277756373398006
tt_8.4h,3.136976942885667,,,2.530529133975506,3.2195186764001846,4.030877737794071,4.030877737794071,3.2428107168525457,3.1438979501836,,2.8481124760583043,2.8770552156493068,4.990986166521907,3.3746081716381013,2.1967899701558053,2.814832730218768,4.240574047435075,3.310955012217164,3.310955012217164,3.7361653852276504,3.6537932152859867,4.057074588257819,3.9609546582214534,2.9312215545214713,1.9985404023900628,4.076291115954518,3.5047356565482914,,,4.270145005080849,3.6812275205738842,2.540266220457852,3.6218633744865656,3.3163228784687817,,4.162719970103353,4.162719970103353,3.680057900957763,2.7751647564582527,4.159039984457195,3.015764620155096,3.015764620155096,4.574774448759854,3.588991243392229,,2.568738198839128,2.8595952372998,4.053946224972606,2.4712607385590672,2.85589000582695,2.262439471669495,3.0827102409675717,2.276157207787037,3.946247406769544,4.4532203818671405,5.3924744091928005,4.111615596339107,4.401017063297331,3.0370905897580087,5.386168118566275,4.847225499805063,4.052009073551744,3.7193691353313625,4.2367792734876275,4.751196125522256,2.4194382075220346,2.127261457964778,3.663255583960563,,3.651584825012833,5.023148108739406,3.727191237732768,3.7876902702264488,3.6270349863916636,3.634552044328302,3.5815525860525668,,3.7797209075652063,5.544700889382511,4.178390338085592,3.276257417164743,3.425423847977072,3.202296166215092,,,2.942589921411127,2.7274233498610556,2.744363068137318,2.5298699885606766,3.3582798149436712,3.1553091327659786,3.4666110826656222,4.243970533367246,4.115209747571498,2.9853871730156243,3.5431444235146046,3.269242447335273
tt_8.5h,3.139948597177863,,,2.519384712446481,3.217275182250887,4.021864250302315,4.021864250302315,3.229859238024801,3.1284838882274926,,2.843570196069777,2.8702596756629646,4.988562713377178,3.3660319480113685,2.187714271713048,2.805417233146727,4.232695746701211,3.305795290041715,3.305795290041715,3.729613901115954,3.650316822808236,4.052361489739269,3.957236316986382,2.925149267539382,1.9945421516895294,4.068125283811241,3.498876352328807,,,4.265780023299158,3.6765154767781496,2.539269424043596,3.6135171321220696,3.3063652478158474,,4.166963390540332,4.166963390540332,3.6729881851933897,2.7653401237912476,4.181372883729637,3.009239478968084,3.009239478968084,4.573217872995883,3.5870256507769227,,2.561873009428382,2.851643747650087,4.052872660104185,2.470107092987746,2.8487843167968094,2.2583418199792504,3.0848490656353533,2.2748997933231294,3.9431662056595087,4.4527243645861745,5.393098579719663,4.11570576345548,4.398430254776031,3.039789334870875,5.385810167528689,4.84637491684407,4.046909585595131,3.7226298386231065,4.237408045679331,4.756225840654224,2.4119765372015536,2.13205929659307,3.655997013207525,,3.650077845901251,5.022717426996678,3.7120937621220946,3.782425551209599,3.620619245339185,3.6280454713851213,3.574364891741425,,3.774801842402667,5.544940152671188,4.171932557132095,3.268539006821811,3.4222035966813564,3.194114156998694,,,2.933413959108293,2.717866866849363,2.733806534204632,2.5298315891996026,3.346799940802157,3.1460481379181147,3.460308177396655,4.237403162755072,4.109270055778325,2.979049221612513,3.539487896487117,3.2608680967241526
tt_8.6h,3.1325837075710297,,,2.508409413974732,3.2150505599565804,4.012963976711035,4.012963976711035,3.2172221587970853,3.1133220372721553,,2.8390676928684115,2.8635494955815375,4.986182190012187,3.3575600874610245,2.1787905390374362,2.796128696296364,4.224928039126098,3.2956843664869666,3.2956843664869666,3.723145898897201,3.6468497198075056,4.047724179923534,3.953576782718301,2.9361940943636,1.9906140891835093,4.060121121816337,3.4930609832517803,,,4.261483246926218,3.6718702842481434,2.5383036476559937,3.6052965531125665,3.3212844734080136,,4.171262482646853,4.171262482646853,3.6660305224359035,2.7556560314260423,4.203278108034283,3.0028215027414262,3.0028215027414262,4.5717150322161615,3.585069463122636,,2.555116019677371,2.8437988059595227,4.05182585818693,2.476942740380764,2.8418198954313993,2.2690079333260655,3.0829085437580943,2.273662940133363,3.9400813351385295,4.452246710192412,5.3937036958523095,4.1083127609454095,4.395862972829491,3.0423183077946305,5.385443003382534,4.845537483692169,4.041872277855873,3.717800543177873,4.238063975702971,4.761242856737226,2.4046266824007034,2.1316705807112157,3.648814362939447,,3.648616167716682,5.022301341407001,3.697338507976383,3.7772152721881866,3.614299881272018,3.6216041785664856,3.5672895377501845,,3.7699448480270803,5.545172769576311,4.165568540804088,3.2609666571952403,3.4190641208551824,3.186027019750327,,,2.9243524968624115,2.7084446661174297,2.7233954705297947,2.529793804511428,3.3354976535774767,3.136929592117667,3.4540662518702447,4.2309613060206175,4.103416680824012,2.9728031242266297,3.535893232561648,3.2526167170144618
tt_8.7h,3.1253058123402297,,,2.497607532888651,3.2128372681327164,4.0042145708575845,4.0042145708575845,3.2048723809421062,3.132467766292393,,2.8346006306819618,2.8569404100999236,4.983843733090907,3.3492072098888457,2.190051867160946,2.786958412732929,4.217271053697914,3.2907132236287,3.2907132236287,3.7167806210927665,3.643395663239062,4.043161114677787,3.9499730463139713,2.9301091143861413,1.982832490466535,4.052230019122362,3.487324704416096,,,4.257253233343363,3.6672960785217583,2.537367974873632,3.5971603486686945,3.311311164870858,,4.175579249858856,4.175579249858856,3.6591555713675916,2.746128501370549,4.22469756193459,2.9964814260601997,2.9964814260601997,4.565708386246115,3.5831193537451327,,2.548446253873408,2.836047193966806,4.050805296748877,2.475753319915384,2.835006987210363,2.2648855610750616,3.079102353192866,2.2724424763582647,3.936998711898923,4.451787285506725,5.394290168303996,4.101055916864425,4.3933415547944605,3.044697458855808,5.3850670722313225,4.844712920486927,4.036926867440343,3.713043311610818,4.238747170660645,4.766245841048658,2.397387112490833,2.1313021681271493,3.6417365060187876,,3.6471983515657485,5.021899586543441,3.682914434466511,3.7720687803812325,3.6080637527629733,3.6152670830488205,3.56030241958797,,3.7651292430236936,5.545398871414363,4.159285866655409,3.2535410495474935,3.4160031066276133,3.1780611206777394,,,2.915443872101605,2.6991492309607565,2.7131249448284507,2.5297566489316523,3.3243741346523166,3.127942942548543,3.4478981336578727,4.2245993497781456,4.09760556416586,2.9666613899171352,3.532376212067902,3.2444707178510725
tt_8.8h,3.1181080020032823,,,2.486980900168419,3.2106402022764087,3.9955728575587273,3.9955728575587273,3.192828288767487,3.117309761699289,,2.8301953272894025,2.8504178705625236,4.98154656868428,3.3409843523986638,2.1811671112664044,2.7779146088287234,4.209720370359719,3.2945875776931643,3.2945875776931643,3.703686310444027,3.639957003761083,4.038666911888868,3.946423551533371,2.9241256923414767,1.9790242742747068,4.040919974911958,3.4816477238200605,,,4.253088852390647,3.66278313100338,2.536461496260017,3.589145881589502,3.301511380355805,,4.179932264611125,4.179932264611125,3.652387784793973,2.7367454222403467,4.245631147641689,2.9902115338481963,2.9902115338481963,4.564189850818366,3.5811815820634365,,2.5418749595992267,2.828399504069239,4.049810458905995,2.47459481889382,2.8283555563539267,2.2608635015785694,3.0772333000786602,2.27123438520357,3.933924034703523,4.451345983427018,5.394858405459672,4.093897243961692,4.3908512578345835,3.0469063236378133,5.384682807605714,4.843901143409312,4.032056439202279,3.7083419268019497,4.239457650575787,4.7712520733475685,2.390249262098223,2.130953172687441,3.634731180500239,,3.645823028869927,5.0215118997730315,3.7054459834471345,3.7669980921782553,3.601901409216225,3.6090095383115113,3.5533856581896544,,3.760393236298114,5.545618584845215,4.153093329165131,3.2433607750572264,3.4130188869312406,3.1701850201934576,,,2.9066473632119596,2.689978215377778,2.7029949971474707,2.5297201280482113,3.3299579774029553,3.119094071444124,3.441823174711317,4.236189038492739,4.091858399100602,2.9606394693255424,3.5289348638616502,3.23645654367283
tt_8.9h,3.1110071912407875,,,2.476509142667055,3.2138280193321407,4.008516862988472,4.008516862988472,3.21522936783731,3.102396236266941,,2.8258247654885054,2.8384309001266956,4.979289987124503,3.33286110451445,2.172336875926703,2.768978090491146,4.202275976538658,3.2896734047681093,3.2896734047681093,3.697400703560561,3.6365435398183763,4.034249585587531,3.9429235020652413,2.9182252581231296,1.975295658223331,4.040919974911958,3.4760116953402758,,,4.2489885236136615,3.658334931358695,2.5355832958593965,3.581212254241109,3.2918527154251933,,4.184322386980057,4.184322386980057,3.6457001282833517,2.7274918239563704,4.26605355553329,2.9840370337478817,2.9840370337478817,4.562705590389669,3.579255994874984,,2.5353992781601846,2.820841788779944,4.048840822651982,2.473467198200524,2.8218334689736366,2.256939229555428,3.075398042332381,2.2700439654290676,3.9308572527952492,4.450922662392259,5.395382069516927,4.086870946921408,4.388391310349107,3.048965960741043,5.384290634188801,4.843102132435888,4.027259635273367,3.7036800016649067,4.2401957041583955,4.768745459616184,2.383224188350141,2.1306227422319353,3.627826578915119,,3.6444888417609036,5.021138018462807,3.691012343391776,3.761978608556092,3.5958301122300327,3.6028150976635516,3.546574540436268,,3.7557164602912962,5.54583203420043,4.1469798078760505,3.236059748567641,3.420485587324947,3.1624268130399287,,,2.897980400826782,2.6809290698729455,2.6930041792802513,2.5296842441894114,3.3299579774029553,3.110370758920908,3.4358047526329756,4.229845278896391,4.08619418554008,2.954701791983098,3.525584952905774,3.228542158380151
tt_9.0h,3.103987429756671,,,2.4662008159793913,3.2116459175013006,3.9998815334402025,3.9998815334402025,3.2031448311172426,3.0877209859900177,,2.8214902598410845,2.8319886326789856,4.977073188871145,3.32486386410892,2.1636740234680474,2.7601713724434376,4.194933875463903,3.2848341218195856,3.2848341218195856,3.691195826046169,3.6331227854825556,4.029902394395322,3.93948328262195,2.9123984542675316,1.971588030923158,4.03317453712225,3.470450958237052,,,4.244953223969787,3.65394817199558,2.534734031651169,3.573396532330662,3.282345687970519,,4.188770111184567,4.188770111184567,3.6391154723241925,2.7183830309659243,4.285971079953015,2.9779218398034573,2.9779218398034573,4.561254934873432,3.5638964870013297,,2.5290087875910103,2.8133846633136272,4.056969127617776,2.4723747354000807,2.8154650880023837,2.2531220447272062,3.073561682831496,2.268860411364585,3.9321276363916695,4.450519043020904,5.39591483771801,4.079938431736082,4.385960849467665,3.050883403979242,5.383890943136066,4.842315765097737,4.022519777994603,3.6990878810174763,4.240965272765607,4.773737032432109,2.3762913746759295,2.1303100548684597,3.620991234201938,,3.643195611424744,5.020777684170753,3.676898912061006,3.7570194052532315,3.5898283855058253,3.596717884298414,3.539829946588725,,3.751078949775547,5.546044301241636,4.140947999898344,3.228893058374524,3.420485587324947,3.1547571681439877,,,2.8894562483765185,2.67199164070189,2.6831511007621884,2.529648999683559,3.3190046553499997,3.1017803554423153,3.4298726175911725,4.223579110112041,4.0805699583143,2.948862785473466,3.532009033486247,3.2207538704387844
tt_9.1h,3.0970590077340603,,,2.4560592994093895,3.2094766558147967,3.991391346324235,3.991391346324235,3.191325718536973,3.073278267402202,,2.817203979473561,2.825639091897756,4.9748775898478925,3.316961431875825,2.155084292870015,2.751469140406698,4.187692852690816,3.2800425477325916,3.2800425477325916,3.6850907495245337,3.6297148996964097,4.021408059168607,3.936093683820218,2.9066661088727415,1.967910853214562,4.025535045191646,3.464950678870082,,,4.240982634946704,3.6496083117090166,2.5339143644087017,3.565658164676279,3.273001126013696,,4.189689185004681,4.189689185004681,3.6326079461723566,2.70940418029204,4.3004004885442555,2.971908054780215,2.971908054780215,4.559837199747562,3.5638964870013297,,2.5227194097824395,2.80601560510695,4.056007833685726,2.4630194138735533,2.809218513313681,2.249386216979474,3.0717368917539716,2.267685439437628,3.9321276363916695,4.450136841274798,5.396430542226881,4.084167872555554,4.383559144567698,3.0526659693568945,5.383484131656587,4.841541884001344,4.01786571694538,3.694549210369587,4.2417700118385255,4.778711610008031,2.3694674391299486,2.1300143161788583,3.614255436230451,,3.641943170223385,5.020430645439774,3.663095645606518,3.7521318360231817,3.583916647359729,3.5906776967458427,3.5331896976567805,,3.742016419302672,5.5462602488696575,4.1350021455436945,3.2218621582724154,3.417559311259538,3.1471988297998905,,,2.881037854589522,2.6631878721527755,2.673430288210511,2.5296143973246217,3.3082226677797735,3.107412787154317,3.4239946557208896,4.217431467957795,4.075006665661931,2.9431371395476162,3.5287035745568573,3.2130644931457937
tt_9.2h,3.0902056149207056,,,2.4460569405928254,3.207319976761937,3.983004210051149,3.983004210051149,3.1797946337610483,3.077250517439097,,2.812959552742541,2.819378915242851,4.972738213837147,3.30918182246387,2.1466350136324763,2.7428893609903753,4.180552392266691,3.275307312142104,3.275307312142104,3.6850907495245337,3.6263230377808213,4.017263222951442,3.9327529673464596,2.90101175615564,1.964280302170664,4.018039952032268,3.459496128372848,,,4.237076062243432,3.6453164257109165,2.5331234224140644,3.558034576009959,3.263787862379104,,4.189689185004681,4.189689185004681,3.626187606714666,2.7005620980635285,4.319502935744822,2.9659644379280508,2.9659644379280508,4.558451763354242,3.5619991840794683,,2.516508834902197,2.7987430379725993,4.0550710815005,2.461909137200564,2.8031044621020555,2.2457396695390344,3.069929731078446,2.2665263805538416,3.9290961576625705,4.449775909073651,5.39692958118394,4.084167872555554,4.37883629463613,3.054320727940649,5.383076584432274,4.840779240708798,4.01327995583415,3.690063375979662,4.2426090110093355,4.783691188786179,2.3627384663559496,2.1297347634099424,3.6076053720898926,,3.6407302422448993,5.020096648018807,3.671174606308341,3.7472949381917715,3.5780817619524896,3.5847356491722167,3.526611940935254,,3.7375703011639416,5.5464797164313495,4.1291305660270154,3.214981264900416,3.41470530256629,3.139725698158145,,,2.8727577761746943,2.654491802211851,2.6638317150063813,2.529580437578261,3.297605765517801,3.098941325675696,3.418181703891605,4.2113579087890685,4.069523422978818,2.9374897154048085,3.525486122816801,3.2054910589940846
tt_9.3h,3.083452444989234,,,2.4362221993505955,3.205172956455499,3.9747575325891376,3.9747575325891376,3.168527708388865,3.077250517439097,,2.8087563095614314,2.813190036918968,4.970640106592327,3.301508684642613,2.138271015137434,2.7344174799509346,4.173508188221604,3.2706272304058075,3.2706272304058075,3.67904593097046,3.6229632943868637,4.013182702474296,3.936375275719911,2.8954272363334894,1.9607331855222583,4.010665264446288,3.454121940769255,,,4.233231900725514,3.6410725195892155,2.5323604219593108,3.550484612584114,3.254729123786092,,4.194183136802167,4.194183136802167,3.6198662351816893,2.691844407003373,4.338033125270158,2.96008129324764,2.96008129324764,4.557078893296421,3.5601135659962893,,2.5103896320797503,2.7915602810680866,4.054158343467861,2.460843568202108,2.797133194282651,2.2360912868753076,3.06813503568992,2.265383083373308,3.926057357341051,4.449436080176383,5.397412354126573,4.077374591957778,4.376529633067548,3.0428612660616636,5.382674358785152,4.840026631485671,4.008745883591473,3.6856137034483254,4.243481859564781,4.788633167743683,2.3561123278923333,2.1294706584885716,3.6010240488685668,,3.639555607456714,5.019774699117988,3.671174606308341,3.742519444786012,3.5723132444545627,3.578866162803024,3.5201367759145796,,3.733160538133234,5.546702549327165,4.123335356358439,3.208219364285469,3.411922285798937,3.132362987846136,,,2.864573991857469,2.645918658003211,2.6543675889261067,2.5295471092686057,3.287147904280573,3.0905980886891484,3.4124513431452215,4.2053774474188685,4.064077634830028,2.9319347999989986,3.5223198998719454,3.1980446875095367
tt_9.4h,3.0767740779556334,,,2.4265230731107295,3.2030561408028007,3.966609214898199,3.966609214898199,3.178658325690776,3.0630380981601775,,2.804587483406067,2.8070943458005786,4.968585933558643,3.2902140002697706,2.130033591762185,2.7260591806843877,4.1665608691982925,3.266023498494178,3.266023498494178,3.673073714133352,3.619601452257484,4.009160663466901,3.9330754838883877,2.889931269455701,1.9572170772589743,4.015444326680154,3.448809560853988,,,4.229450058657676,3.6368802334181964,2.5316245234571397,3.5430252817459404,3.243569129612297,,4.1987153850495815,4.1987153850495815,3.6245318222790956,2.6832592426799238,4.338033125270158,2.9474944160319865,2.9474944160319865,4.565611877478659,3.5582327730953693,,2.5043627033010125,2.784466016571969,4.054158343467861,2.4598212181590497,2.791273475624621,2.232509568333626,3.0663611334748566,2.26425111386925,3.92302542924881,4.449116948060691,5.397879239637405,4.0707073281519115,4.374253666494042,3.04437955096364,5.382277420256287,4.839283933863044,4.004293168894947,3.6812294558621943,4.244389198720455,4.791140589397401,2.349582844879478,2.1292212763801217,3.5945401447825134,,3.6475420901551843,5.019463836681098,3.657642211765051,3.7378043914213777,3.5666305096819997,3.573051270097494,3.513739468064159,,3.72882494982332,5.546928592957556,4.117619588505477,3.201596850063652,3.4092072057537735,3.1360382894054055,,,2.856522621586919,2.6374557106755674,2.6450261273421347,2.5295144002884626,3.2768513094633818,3.0823750365525484,3.406771535985172,4.199509920086712,4.058691940270364,2.926487104035914,3.5223198998719454,3.1834697141312063
tt_9.5h,3.0701722083613276,,,2.4169710148125887,3.200938426889479,3.9709475659765303,3.9709475659765303,3.167608017567545,3.04904817789793,,2.800468362867832,2.801071929745376,4.966574891470373,3.2826270372606814,2.121890009380877,2.717809836845845,4.159706138540059,3.2614596197381616,3.2614596197381616,3.6671898448839784,3.616255343426019,4.005206234753132,3.9298248244449496,2.894843414891511,1.9537103441543877,4.00816134782508,3.443540744483471,,,4.22572956699878,3.6327308109030128,2.5309150088578463,3.535677742678672,3.2346339127980173,,4.203306430019438,4.203306430019438,3.618290371261537,2.6747923153452575,4.355974323581904,2.9416913562454283,2.9416913562454283,4.564274773932993,3.556375761050731,,2.4984100530855358,2.777462475001812,4.053269091527909,2.4655022555962205,2.800736544188112,2.229012575931847,3.064599027391523,2.2631335658952594,3.920006816741079,4.448818805161864,5.398333435412496,4.064127936027944,4.3720077108591795,3.0457703666761518,5.381885730661452,4.83855100767687,3.999905267264694,3.676894785836339,4.245331690181047,4.791140589397401,2.3431482897140086,2.1289859316311777,3.5881226919591427,,3.6463920758105814,5.019163853954524,3.6444195262156427,3.7331628715619445,3.5610208744183183,3.56732917111367,3.5016142865642905,,3.7245434182696044,5.547157695051283,4.111971159465611,3.201596850063652,3.4065588880330324,3.128781187813729,,,2.848563344683498,2.6291058263741434,2.635815728455782,2.5294823115691543,3.266709545161575,3.0742759252898395,3.40115410881117,4.193710536696017,4.05338755948469,2.9211112945340574,3.5192208010703325,3.1763367247767746
tt_9.6h,3.0636541000567377,,,2.4075753944925964,3.1988403256982565,3.9629208906553686,3.9629208906553686,3.167608017567545,3.0352732837200165,,2.796389694791287,2.801071929745376,4.964606136549264,3.275156141258776,2.1138649289496243,2.709666933864355,4.148310905788094,3.256947962101549,3.256947962101549,3.661353380884975,3.6129279672168195,4.001312664709985,3.92661627009511,2.8894135248847306,1.9502522042021155,4.00816134782508,3.438349782023579,,,4.222069547511637,3.628626110032201,2.530231054406613,3.5233573052100837,3.2258475231938064,,4.207918526604772,4.207918526604772,3.612119080964476,2.6664561927318573,4.373315209057182,2.935974767431617,2.935974767431617,4.562968279700726,3.5545323630794883,,2.492551961913705,2.7705426127649844,4.052404221147299,2.464506035670638,2.794964010361582,2.229012575931847,3.062858030665666,2.2620338071137667,3.921399425715208,4.448541573248804,5.398777984082699,4.057671325281262,4.369790980126709,3.0470547722652555,5.381499257404357,4.837827831506729,3.995581077411771,3.672608838416636,4.246309460606426,4.796075379475951,2.336816370021552,2.1287640263326466,3.581799221690744,,3.6452783583663404,5.018874544650316,3.6524597299285233,3.736507718451321,3.5554744470864534,3.561675720848143,3.4952980442903936,,3.7203158191405237,5.5473897024057806,4.106398772448301,3.1950893346220255,3.403975491411984,3.1216021687723696,,,2.840731719508767,2.6208684775047004,2.6237338832579553,2.5294508449733257,3.256717653479427,3.066292427945882,3.3956172452308238,4.187998614273965,4.048122045118362,2.915822307113558,3.5161873884499073,3.1693229395896196
tt_9.700000000000001h,3.057203479576856,,,2.3983003171160817,3.183845936320722,3.9550283355638385,3.9550283355638385,3.1567909670993686,3.0392722440883517,,2.792350608855486,2.7951299268752337,4.96267899684608,3.2677712440490723,2.105932254344225,2.7016304968856275,4.141548554413021,3.252505579032004,3.252505579032004,3.6556020411662757,3.6096216165460646,3.997478541918099,3.923459106590599,2.8840550566092134,1.9468536763451993,4.0010139918886125,3.4332179352641106,,,4.218468288425356,3.624566149432212,2.529571986757219,3.5160809350199997,3.2258475231938064,,4.208959987852722,4.208959987852722,3.606041468679905,2.6582321017049253,4.390046539250761,2.930308544076979,2.930308544076979,4.562968279700726,3.5553431469015777,,2.486771293915808,2.7637153905816376,4.0515645034611225,2.464506035670638,2.7893133549951017,2.2255982905626297,3.0611248039640486,2.2609509769827127,3.9184308433905244,4.448285098653287,5.399213042575866,4.045878819655627,4.367602822370827,3.0482395505532622,5.381117957644165,4.837114353664219,3.99130417406559,3.6683558863587677,4.247321070637554,4.801017353776842,2.330573918763548,2.1285549802705646,3.5755547075532377,,3.6441998025402427,5.01859570434317,3.639507726300508,3.7319305702112615,3.5500101037323475,3.5560744386166334,3.4890415109694004,,3.716121532022953,5.547624472063035,4.100892671383917,3.1887002219446003,3.401455372106284,3.1145285023376346,,,2.832988908048719,2.612736460752785,2.614643950946629,2.5294200014322996,3.2468774714507163,3.058428403455764,3.390127851627767,4.193215818144381,4.042916007805616,2.9106352678500116,3.5132182384841144,3.1623977054841816
tt_9.8h,3.050842877011746,,,2.3891852986998856,3.1817794027738273,3.9550283355638385,3.9550283355638385,3.1462305090390146,3.0257087582722306,,2.788345295935869,2.7892728336155415,4.960792603902519,3.2604972552508116,2.098118955269456,2.693700022995472,4.134877949953079,3.2481048749759793,3.2481048749759793,3.649897270835936,3.6063514053821564,3.993697992991656,3.920347809791565,2.8840550566092134,1.9435313832946122,3.993977610953152,3.428127442486584,,,4.214926709420979,3.620554625056684,2.5289370687678456,3.508910466451198,3.2171798646450043,,4.213640471920371,4.213640471920371,3.600032065063715,2.650135879404843,4.406156481709331,2.9247359014116228,2.9247359014116228,4.5616918141022325,3.5535226832143962,,2.481067203450948,2.75696290936321,4.050749273970723,2.4635585760697722,2.783795353025198,2.2222759504802525,3.059416585136205,2.2598812766373158,3.9154792153276503,4.448049251455814,5.399638755246997,4.03955194586888,4.365442516282201,3.0493312822654843,5.384818087331951,4.8357159732840955,3.987104158848524,3.664165401365608,4.248366464395076,4.805923673324287,2.3244301192462444,2.128358178306371,3.5693722050637007,,3.6431554001756012,5.018327130470425,3.639507726300508,3.7273988910019398,3.544615312013775,3.550561185926199,3.4828787744045258,,3.7119983537122607,5.547861858736724,4.095454927068204,3.1824451736174524,3.408804967533797,3.1075324253179133,,,2.8253682018257678,2.6047114320099354,2.605674628634006,2.513356827199459,3.2524472628720105,3.050676050130278,3.384698024019599,4.187587207648903,4.037788465153426,2.905515050049871,3.510329309850931,3.155588203575462
tt_9.9h,3.044551413040608,,,2.3801825903356075,3.1797247426584363,3.9472273904830217,3.9472273904830217,3.1562103894539177,3.0257087582722306,,2.7843896029517055,2.78347956109792,4.958928430918604,3.2533206096850336,2.084564816672355,2.6980641442351043,4.128294944763184,3.2437545894645154,3.2437545894645154,3.644257277715951,3.6030827332288027,3.989980452693999,3.9172794772312045,2.878760846797377,1.940228431019932,3.9987469571642578,3.423112682532519,,,4.211443183477968,3.616582415997982,2.5283346329815686,3.5018064160831273,3.208654722198844,,4.218361617065966,4.218361617065966,3.594101184979081,2.6421468784101307,4.421599981375039,2.9247359014116228,2.9247359014116228,4.560444742441177,3.551709972321987,,2.475457707885653,2.750301156193018,4.049957889597863,2.462643158622086,2.7783793355338275,2.219021467026323,3.0577039318159223,2.258827473036945,3.9154792153276503,4.447833904530853,5.400055228266865,4.03955194586888,4.36329625826329,3.0503361434675753,5.384440476074815,4.835030817426741,3.9829647154547274,3.6600218610838056,4.249446959700435,4.808456197846681,2.3183789206668735,2.133148597087711,3.563279737252742,,3.64214409282431,5.018068620469421,3.626810827758163,3.722923699300736,3.5392805971205235,3.545113109983504,3.4767710608430207,,3.7079265913926065,5.548101723194122,4.090089828707278,3.1762922536581755,3.406331855803728,3.1075324253179133,,,2.8178354520350695,2.596786315087229,2.59681442566216,2.513327209278941,3.242749943397939,3.043038493487984,3.3793463241308928,4.182063435204327,4.03269714070484,2.9004767052829266,3.507484421133995,3.1488633416593075
tt_10.0h,3.038329162169248,,,2.3713322882540524,3.1776855485513806,3.939556570723653,3.939556570723653,3.145829889457673,3.0123328249901533,,2.780473889783025,2.777765540406108,4.957121329847723,3.2462226571515203,2.076817209366709,2.690229061525315,4.1218002969399095,3.2394534358754754,3.2394534358754754,3.638700248207897,3.599832764826715,3.9863192504271865,3.914253226015717,2.8735479447059333,1.9369378201663494,3.991793724242598,3.41815463360399,,,4.208016788121313,3.612651551142335,2.5277459672652185,3.494785495568067,3.2002432965673506,,4.218361617065966,4.218361617065966,3.5882603619247675,2.63428055960685,4.436341498978436,2.9192250850610435,2.9192250850610435,4.559226476587355,3.549908598419279,,2.469914081506431,2.743721032515168,4.04918971657753,2.4683592384681106,2.773076621349901,2.2158426488749683,3.056000425014645,2.2577913142740726,3.912531523499638,4.447638910263777,5.400462650693953,4.033307547215372,4.3611899563111365,3.051260200329125,5.384067993145436,4.834354900289327,3.9788847668096423,3.6559243574738503,4.250562811270356,4.813357336446643,2.312409163918346,2.132962685544044,3.56713093072176,,3.6411649314686656,5.017819975502789,3.618707347661257,3.71851742034778,3.5340246283449233,3.539714345242828,3.470757323782891,,3.7038862123154104,5.548343921545893,4.084787621162832,3.170262092258781,3.4039189578033984,3.100631256122142,,,2.81041762791574,2.5812534941360354,2.588080647867173,2.513298214878887,3.233199540991336,3.035509397275746,3.3740396820940077,4.176598626188934,4.027662818785757,2.8955354099161923,3.504699523560703,3.1422363156452775
tt_10.1h,3.032186015509069,,,2.3625958538614213,3.1776855485513806,3.9319734619930387,3.9319734619930387,3.1356921875849366,2.999175999313593,,2.776597918011248,2.7721318369731307,4.955352784134448,3.2392336213961244,2.0692534712143242,2.6825020513497293,4.115390401799232,3.2352208457887173,3.2352208457887173,3.633187644649297,3.5966036282479763,3.982713189907372,3.9112654267810285,2.8684035539627075,1.9336918722838163,3.984968665521592,3.4132350645959377,,,4.204647439997643,3.6087620593607426,2.5271794493310153,3.4878687080927193,3.1919686514884233,,4.223144733346999,4.223144733346999,3.582483516074717,2.618869211524725,4.4481401378288865,2.9137615086510777,2.9137615086510777,4.567699620034546,3.549908598419279,,2.464447512291372,2.7372152502648532,4.048444135114551,2.467468295712024,2.767898133955896,2.2221927330829203,3.054316241759807,2.256772398017347,3.909591615665704,4.447464154101908,5.405271477997303,4.027162570040673,4.3591093379072845,3.0521091469563544,5.383700598031282,4.83368811942637,3.974848155863583,3.651857311371714,4.251695496961474,4.8182669803500175,2.3065422577783465,2.13278788048774,3.561114883515984,,3.640216941945255,5.017580998130143,3.60628233384341,3.7141555729322135,3.528835067525506,3.5343998414464295,3.4648143867962062,,3.6999159632250667,5.5488347872160375,4.0795505116693676,3.1643321183510125,3.401564760133624,3.0938141490332782,,,2.803103997837752,2.573639824986458,2.5794462808407843,2.513269843533635,3.2237877426669,3.028086895123124,3.363616277463734,4.171212670393288,4.030351374763995,2.8906564344651997,3.5019732653163373,3.1357187223620713
tt_10.200000000000001h,3.035318745765835,,,2.353996970690787,3.17565690074116,3.936347851064056,3.936347851064056,3.1356921875849366,2.987076726742089,,2.7727554026059806,2.7665561931207776,4.953622173983604,3.232320610433817,2.06171654490754,2.67486455431208,4.1090645575895905,3.2310251710005105,3.2310251710005105,3.627737607806921,3.5980443712323904,3.9791610934771597,3.9112654267810285,2.8633228009566665,1.9305082107894123,3.984968665521592,3.4083896093070507,,,4.198075449094176,3.60491755977273,2.526634442154318,3.481013646814972,3.19691308401525,,4.2279494712129235,4.2279494712129235,3.5767809920944273,2.611323466990143,4.461803921032697,2.9083873913623393,2.9083873913623393,4.566496361512691,3.548117097467184,,2.459072709083557,2.730805129278451,4.047720537986606,2.467468295712024,2.762813702225685,2.219067067373544,3.0526421554386616,2.2557667708024383,3.9066703217104077,4.4473094888962805,5.405668810941279,4.021133198868483,4.3570537767373025,3.052888445556164,5.383338249288499,4.8330303630791605,3.970884372945875,3.647849998436868,4.252879062667489,4.8182669803500175,2.3007543105632067,2.1326236333698034,3.5551578979939222,,3.639312726445496,5.017351495567709,3.594096780754626,3.709847620688379,3.5237023388035595,3.529147278983146,3.4589248285628855,,3.6959941908717155,5.54908318631351,4.074378055986017,3.15850647399202,3.399267790839076,3.0870607644319534,,,2.7958653355017304,2.566124764736742,2.5709363645873964,2.513242094311863,3.214518452528864,3.0207769102416933,3.3584853801876307,4.165925343520939,4.02540510892868,2.8858545124530792,3.499304400291294,3.1292805089615285
tt_10.3h,3.0292552392929792,,,2.3581527657806873,3.1736419429071248,3.9288964588195086,3.9288964588195086,3.1257597524672747,2.974116610828787,,2.7689597541466355,2.7610576055012643,4.9418356362730265,3.2255118270404637,2.0543325054459274,2.6673391945660114,4.1090645575895905,3.226876663044095,3.226876663044095,3.6223684083670378,3.5948565588332713,3.9756578663364053,3.9083244246430695,2.8521047979593277,1.9273971458896995,3.978246420621872,3.403598288074136,,,4.194872208405286,3.6011092024855316,2.5261103357188404,3.4742574472911656,3.1887577171437442,,4.213016202207655,4.213016202207655,3.5711652720347047,2.6038858047686517,4.474757190793753,2.903071529697627,2.903071529697627,4.565318705048412,3.546340844128281,,2.453758729621768,2.734755488112569,4.047018331475556,2.4666150328703225,2.7578347604721785,2.216015732381493,3.0509889447130263,2.2547747935168445,3.892102832905948,4.447174783796072,5.406057464424521,4.025555940810591,4.355022546369582,3.053603209089488,5.382980910129845,4.832381516229361,3.9669772600755095,3.6438871626742184,4.254097673110664,4.823143028188497,2.29505411721766,2.132469417527318,3.5492868861183524,,3.6384243411011994,5.017131273634732,3.594096780754626,3.7055927789770067,3.513652083929628,3.5239407317712903,3.453125025611371,,3.692121186759323,5.549333387054503,4.069275003392249,3.152796894777566,3.397027164231986,3.0804035323671997,,,2.7887470121495426,2.558692588470876,2.562525141518563,2.5132149648852646,3.205382370389998,3.0135657670907676,3.35340948170051,4.165925343520939,4.020491336006671,2.881144887767732,3.496691694483161,3.1229489808902144
tt_10.4h,3.0232563046738505,,,2.349661200772971,3.171652495395392,3.9215261172503233,3.9215261172503233,3.1194725912064314,2.9613458700478077,,2.765204270835966,2.7556347576901317,4.9401530609466136,3.2187781119719148,2.04699002020061,2.6599009884521365,4.102822809014469,3.2227744651027024,3.2227744651027024,3.6170418090187013,3.591692986898124,3.9722120566293597,3.9054225012660027,2.8470883113332093,1.9243028005585074,3.971606491599232,3.398861952126026,,,4.191723280586302,3.5973385106772184,2.5256065516732633,3.467562111094594,3.180706808809191,,4.2178937825374305,4.2178937825374305,3.565609585493803,2.596554414369166,4.487051473464817,2.8977996562607586,2.8977996562607586,4.564164011739194,3.547221234999597,,2.4433663291856647,2.7284151343628764,4.046336943749338,2.4723885748535395,2.7529724212363362,2.213036629371345,3.0493485974147916,2.253798165358603,3.889231501147151,4.446964730974287,5.406437587924302,4.019630298484117,4.353015082422644,3.0542582124471664,5.382628538180143,4.83174139354378,3.9631258570589125,3.6399679486639798,4.2553514912724495,4.809600721113384,2.289448161609471,2.132324725855142,3.543487610761076,,3.63756447378546,5.016920141410083,3.5821799505501986,3.701404122170061,3.5087121557444334,3.518815752118826,3.4473927160724998,,3.688296884763986,5.549585263244808,4.064229321666062,3.1471778261475265,3.3948403294198215,3.073809703812003,,,2.7816978828050196,2.551369017455727,2.554233013186604,2.5131884505972266,3.205382370389998,3.0064638680778444,3.3484059711918235,4.160693183541298,4.015631428454071,2.8764943666756153,3.4941512322984636,3.1166930035687983
tt_10.5h,3.0173373175784945,,,2.3413203503005207,3.172852350398898,3.9142495347186923,3.9142495347186923,3.109715750440955,2.9613458700478077,,2.767256898339838,2.750265654642135,4.938506821170449,3.2121442942880094,2.0397858903743327,2.6525640855543315,4.096661152783781,3.2187389726750553,3.2187389726750553,3.611775927245617,3.5885641598142684,3.968817445449531,3.902560720220208,2.842152312863618,1.9212181456387043,3.9763596993871033,3.4022086830809712,,,4.188627975992858,3.593605535104871,2.5251225125975907,3.4609627122990787,3.1727844537235796,,4.222839957103133,4.222839957103133,3.5601243493147194,2.5893250959925354,4.498674982693046,2.8926146803423762,2.8926146803423762,4.563031926751137,3.5454697064124048,,2.438275677151978,2.72215656330809,4.0543188489973545,2.471558630466461,2.7481968658976257,2.210128261242062,3.0477257636375725,2.2528281584382057,3.886378267314285,4.44688911177218,5.406809334177524,4.013799428939819,4.351030665915459,3.054858071729541,5.382281095255166,4.8311277576722205,3.959314142819494,3.63607660215348,4.256638320162892,4.8144734860397875,2.276817867066711,2.1321890712715685,3.5377431767992675,,3.6367323040030897,5.016717909835279,3.590127760078758,3.6972560030408204,3.5038456111215055,3.5087256147526205,3.4417118644341826,,3.684500928968191,5.549838689621538,4.052393053658307,3.141654992941767,3.3948403294198215,3.077531703747809,,,2.774766923394054,2.54412236623466,2.5460379901342094,2.5131625453941524,3.196383216418326,2.999456610530615,3.3434435119852424,4.155534660443664,4.01082456111908,2.8719159024767578,3.5004260265268385,3.1105259861797094
tt_10.6h,3.0114719048142433,,,2.3330719796940684,3.17089506611228,3.9070857390761375,3.9070857390761375,3.100183100439608,2.9487439035438,,2.7635599146597087,2.7449702727608383,4.936896423343569,3.205597690772265,2.0326523389667273,2.645310333929956,4.090579480864108,3.2147370018064976,3.2147370018064976,3.606588830705732,3.5854375828057528,3.965472860727459,3.8997363629750907,2.8372819353826344,1.9181790882721543,3.969833708833903,3.3975133961066604,,,4.185585366096348,3.58991356799379,2.524657663423568,3.4544207751750946,3.164961965754628,,4.227819808758795,4.227819808758795,3.554722591303289,2.5821968992240727,4.509643241763115,2.8961455235257745,2.8961455235257745,4.563031926751137,3.5437319483608007,,2.433249753434211,2.715976767707616,4.053647690918297,2.470764273777604,2.7481968658976257,2.207289108540863,3.0461195702664554,2.2518682149238884,3.8835378605872393,4.44683291669935,5.407172854989767,4.008072725497186,4.349068704526871,3.0554069774225354,5.381938534788787,4.830504805315286,3.9555715271271765,3.632242455147207,4.257959637325257,4.8193559516221285,2.2712980709038675,2.132061986718327,3.532081300392747,,3.635927019175142,5.004238192457706,3.578423050697893,3.693158554378897,3.499039927031845,3.503781591542065,3.4361167051829398,,3.6807705177925527,5.550093544647098,4.047408515587449,3.136241175699979,3.3927065548487008,3.071015676949173,,,2.77901190565899,2.536995904520154,2.537954743485898,2.5131372534669936,3.1875149412080646,2.9925539544783533,3.338533950969577,4.15047118999064,4.006089840549976,2.867409507278353,3.497913219500333,3.104459754191339
tt_10.700000000000001h,3.0056967814452946,,,2.3249726979993284,3.168936741538346,3.9070857390761375,3.9070857390761375,3.090852279216051,2.952748558949679,,2.7599003999494016,2.7397482814267278,4.93532107770443,3.1991194491274655,2.0256140334531665,2.6381517415866256,4.0845778114162385,3.2107795467600226,3.2107795467600226,3.601442400366068,3.5823320406489074,3.9621774568222463,3.896942794788629,2.832469013519585,1.915193209424615,3.963404924608767,3.3928887816146016,,,4.18259589234367,3.58625483000651,2.524211468640715,3.447954460978508,3.164961965754628,,4.232853474095464,4.232853474095464,3.5493774972856045,2.5751659302040935,4.5199505421333015,2.8910215185023844,2.8910215185023844,4.561922111548483,3.541996075771749,,2.4283101609908044,2.7098681945353746,4.05299644684419,2.4700042149052024,2.7435196563601494,2.207289108540863,3.044518598355353,2.25092349993065,3.8835378605872393,4.446796010248363,5.407528290525079,4.008072725497186,4.347115483600646,3.055908974260092,5.381600820925087,4.829890361521393,3.9518820010125637,3.6284504174254835,4.259316006209701,4.824206699617207,2.265858905389905,2.1319430228322744,3.526473125908524,,3.6351478388532996,5.004050797782838,3.5669734170660377,3.6891111079603434,3.4942844859324396,3.4988935869187117,3.430586642585695,,3.677086287178099,5.550349707249552,4.04248485667631,3.1309096585027874,3.390624675899744,3.06459185667336,,,2.772169189527631,2.529935314320028,2.529962668195367,2.513112572953105,3.178774078376591,2.9857472614385188,3.3336781202815473,4.155619548168033,4.001385380979627,2.8629903085529804,3.495453068986535,3.0984641085378826
tt_10.8h,2.9999818741343915,,,2.3169570695608854,3.166997261811048,3.899992920458317,3.899992920458317,3.090852279216051,2.9403524454683065,,2.756274535320699,2.734574796166271,4.933780250605196,3.192738793324679,2.0256140334531665,2.6310896733775735,4.089282723143697,3.2068657893687487,3.2068657893687487,3.5963551057502627,3.57925009354949,3.9589263913221657,3.894194352440536,2.8277348638512194,1.9122789190150797,3.9570509968325496,3.3883139337413013,,,4.179644548799843,3.5826296475715935,2.5233721705153584,3.4415810289792717,3.1572631169110537,,4.232853474095464,4.232853474095464,3.544099490623921,2.568229701835662,4.529658030718565,2.885950800962746,2.885950800962746,4.56083423178643,3.540283460635692,,2.4234339077956975,2.7038345602340996,4.052364576142281,2.4700042149052024,2.7389385597780347,2.204529503826052,3.0429458557628095,2.249993129633367,3.880701207090169,4.446779696736485,5.407875786069781,4.002406134270132,4.3451968296431005,3.056367772631347,5.381267906166613,4.8292843219824135,3.9446437801234424,3.624699746724218,4.260706481523812,4.824206699617207,2.2605086718685925,2.1318317488767207,3.52094688732177,,3.634394021704793,5.0038718418218195,3.5669734170660377,3.6851269439794123,3.4895998053252697,3.4940433772280812,3.425105805043131,,3.6734487186186016,5.550608012825251,4.0376269137486815,3.125667323358357,3.397852012887597,3.0582298152148724,,,2.7653900659643114,2.522974753752351,2.5220842328853905,2.513088499661535,3.1843311404809356,2.9790358575992286,3.3288952885195613,4.150622101034969,3.9967319839634,2.8586236275732517,3.4930618102662265,3.0925527228973806
tt_10.9h,2.994323382154107,,,2.309089389629662,3.1650707237422466,3.8882618038915098,3.8882618038915098,3.081702799536288,2.928129381965846,,2.7526959059759974,2.729472313541919,4.932273338083178,3.1864262274466455,2.01868646312505,2.624103114474565,4.083357086405158,3.2030157814733684,3.2030157814733684,3.599547356367111,3.576193207409233,3.955728464294225,3.8977244035340846,2.823062610346824,1.9093949180096388,3.9570509968325496,3.383790658786893,,,4.176723829470575,3.5790444812737405,2.5229768911376595,3.435263107996434,3.162201310507953,,4.23796246945858,4.23796246945858,3.538901352789253,2.561389054171741,4.529658030718565,2.8809237726964056,2.8809237726964056,4.569234528578818,3.5385840232484043,,2.4186154138296843,2.6978822899982333,4.051751549821347,2.4597102678380907,2.7344647706486285,2.21078498987481,3.041360985953361,2.249075058847666,3.882305709645152,4.446784498170018,5.408215468283743,4.006882744375616,4.343298617750406,3.0567868193611503,5.380939750932157,4.828686552122235,3.941108847502619,3.620974529068917,4.263612687587738,4.826799803413451,2.255239339079708,2.1317277527414262,3.5154848261736333,,3.633664436172694,5.003701142035425,3.5748803135938942,3.6811802284792066,3.4849742334336042,3.4892722093500197,3.4197073630057275,,3.6698382678441703,5.550868751015514,4.032822898123413,3.1205265764147043,3.395807096734643,3.051953153219074,,,2.7587259258143604,2.5160899814218283,2.5142946457490325,2.5130650303326547,3.1757152383215725,2.9724225932732224,3.3241492458619177,4.145674257539213,3.992148988414556,2.854324609041214,3.4907037946395576,3.086738870013505
tt_11.0h,2.9887490812689066,,,2.3013027915731072,3.163159978110343,3.8812548988498747,3.8812548988498747,3.091322044376284,2.9160614837892354,,2.7491574990563095,2.7244404214434326,4.9307996542192996,3.180206575896591,2.0117944134399295,2.6172212660312653,4.077507301233709,3.199197825975716,3.199197825975716,3.594526709523052,3.5731724286451936,3.9525780910626054,3.894997491966933,2.818452148232609,1.9065194693394005,3.9457116574048996,3.3793024513870478,,,4.1738340822048485,3.575502361636609,2.522597095929086,3.429034943226725,3.154595810454339,,4.239352063275874,4.239352063275874,3.5337568153627217,2.5546450233086944,4.538742532487959,2.8759763026610017,2.8759763026610017,4.568151975981891,3.5368932196870446,,2.4138741586357355,2.6919910898432136,4.051156850531697,2.4589715865440667,2.7300691083073616,2.2080616671591997,3.039778233040124,2.2481718552298844,3.8794956086203456,4.4468102576211095,5.4085474498569965,4.001303588040173,4.341430259402841,3.0571693531237543,5.380616311915219,4.828103092964739,3.93762422259897,3.617304011248052,4.265132479835302,4.83167379675433,2.250048816204071,2.1316306376829743,3.5100739635527134,,3.6329582082107663,5.003538517281413,3.5636289631947875,3.677281271200627,3.480405692011118,3.484555147588253,3.4143713116645813,,3.6662923521362245,5.551131766289473,4.028077045921236,3.125877366401255,3.3938117623329163,3.045753220561892,,,2.752123439218849,2.5093021355569363,2.506621863692999,2.513042160309851,3.167226994410157,2.9658953505568206,3.3194542983546853,4.140795537736267,3.9875933481380343,2.843677246943116,3.4883951991796494,3.080995384603739
tt_11.1h,2.9832332567311823,,,2.293663001153618,3.1612610379233956,3.874355730134994,3.874355730134994,3.08233252260834,2.9160614837892354,,2.745655302423984,2.728484583552927,4.929358693305403,3.174067565705627,2.01448946679011,2.6104097948409617,4.071733584627509,3.1954222903586924,3.1954222903586924,3.5895827151834965,3.570155316963792,3.9494742224924266,3.8923100498504937,2.818452148232609,1.9036779031157494,3.9394481885246933,3.374883210286498,,,4.170973618514836,3.572007145732641,2.522232312709093,3.422858541365713,3.1471103173680604,,4.244540426880121,4.244540426880121,3.5286765983328223,2.5479943151585758,4.547503323294222,2.8710801526904106,2.8710801526904106,4.567090930882841,3.5368932196870446,,2.4092075414955616,2.686182637233287,4.050579970236868,2.4582652314566076,2.7390269455499947,2.2054146588779986,3.0382042257115245,2.2472793483175337,3.876695408951491,4.4468568176962435,5.40887190727517,3.9958001216873527,4.339595732279122,3.0575183611363173,5.380297185853124,4.827536529395729,3.9341891668736935,3.613673146814108,4.266695518512279,4.836520743556321,2.2449452779255807,2.1316306376829743,3.504742532968521,,3.632274658884853,5.003383787814528,3.5526194549165666,3.67342991521582,3.475885333493352,3.479890984017402,3.409081881865859,,3.6627906672656536,5.551396904978901,4.02339415345341,3.1207996853627264,3.3918646057136357,3.0396078866906464,,,2.7456248132511973,2.502596433274448,2.499027806799859,2.5130198849365115,3.1588573358021677,2.9594689635559916,3.3148286645300686,4.136005464475602,3.9830862460657954,2.8394361077807844,3.48613502131775,3.0753492126241326
tt_11.200000000000001h,2.977774034719914,,,2.286097189411521,3.1612610379233956,3.8675224035978317,3.8675224035978317,3.073548716958612,2.9200659226626158,,2.7421837029978633,2.7235116115771234,4.927948284894228,3.1679912908002734,2.0077567943371832,2.603700117673725,4.0660322974435985,3.191687975078821,3.191687975078821,3.5846779299899936,3.567160237580538,3.946416095364839,3.8896577707491815,2.8233024845831096,1.9008737015537918,3.9332973626442254,3.3705149586312473,,,4.1681435951031744,3.568549511488527,2.5218820781446993,3.4167534355074167,3.1397150489501655,,4.249785298947245,4.249785298947245,3.523672753944993,2.5414299559779465,4.555700509343296,2.8662209808826447,2.8662209808826447,4.5660510319285095,3.537851858418435,,2.4045881214551628,2.6804409278556705,4.05002041393891,2.457589965313673,2.734703372232616,2.202820318751037,3.0366308530792594,2.246403622440994,3.8739105514250696,4.446924020070583,5.4091889867559075,3.990388825070113,4.337794449646026,3.0578364091925323,5.379982175771147,4.826986605767161,3.930802888702601,3.61008220911026,4.26828598510474,4.841364553198218,2.2399206766858697,2.1315400251187384,3.4994730087928474,,3.6316131497733295,5.003235572017729,3.541827554348856,3.6696393992751837,3.471431828569621,3.4752653259783983,3.403872131370008,,3.659333547577262,5.551664010621607,4.018761576618999,3.115796342957765,3.3899646080099046,3.033547348808497,,,2.739215982146561,2.4959633420221508,2.491543796379119,2.512998191639781,3.150611314922571,2.953125111758709,3.3102398146875203,4.131261246278882,3.978626966010779,2.835261424537748,3.483922265470028,3.0697703631594777
tt_11.3h,2.9723954177461565,,,2.278673506807536,3.162571966648102,3.8607928683049977,3.8607928683049977,3.0649355142377317,2.9082000218331814,,2.738738287705928,2.718583193141967,4.926549339201301,3.1620057350955904,2.001097110565752,2.5970623227767646,4.060403208248317,3.188012040220201,3.188012040220201,3.5798271694220603,3.5641906829550862,3.943398839328438,3.8870376152917743,2.818748260848224,1.8981289225630462,3.9272162006236613,3.36619839258492,,,4.165342963300645,3.5651318663731217,2.521545945201069,3.4107350730337203,3.1324367965571582,,4.255108498968184,4.255108498968184,3.5187195101752877,2.5349535536952317,4.563372941687703,2.8614418446086347,2.8614418446086347,4.565031941048801,3.536182847805321,,2.400035467464477,2.674764971714467,4.049477698281407,2.464116466231644,2.730454109609127,2.200287621933967,3.0350685412995517,2.2472609248943627,3.8711411454714835,4.447011696640402,5.4094988238066435,3.985033083241433,4.336025853641331,3.0581260160543025,5.379671257454902,4.826453110668808,3.9274496803991497,3.5972983106039464,4.2699377797544,4.8462043311446905,2.2349622370675206,2.1202250751666725,3.4942523115314543,,3.630973041523248,5.003093173727393,3.5604671905748546,3.6658846996724606,3.4670337536372244,3.470712056849152,3.398722472600639,,3.6559206657111645,5.5519329365342855,4.014181988313794,3.110874755308032,3.3881105012260377,3.0275470106862485,,,2.732861196156591,2.4894450614228845,2.484126588795334,2.512977071106434,3.1424794774502516,2.9468746660277247,3.3057001302950084,4.126582760363817,3.9742392715997994,2.8311684164218605,3.4817559993825853,3.0642715990543365
tt_11.4h,2.9670715322718024,,,2.2713220762088895,3.1607023971155286,3.8541266536340117,3.8541266536340117,3.0565179558470845,2.896498864982277,,2.735342978965491,2.7137221675366163,4.925196830183268,3.156083670910448,1.9944944740273058,2.590511619579047,4.054846744518727,3.1843681852333248,3.1843681852333248,3.5750466901808977,3.5612468305043876,3.9404309457167983,3.884448583703488,2.8142488775774837,1.895451326854527,3.9212438324466348,3.3619148074649274,,,4.162571009714156,3.558421067427844,2.521223474293947,3.4047674909234047,3.1252577868290246,,4.260469963308424,4.260469963308424,3.5138280387036502,2.5285577191971242,4.5705016241408885,2.8567119417712092,2.8567119417712092,4.564033314585686,3.5345239639282227,,2.3955644560046494,2.6691690129227936,4.048951345961541,2.4634380536153913,2.7262908522970974,2.1978147933259606,3.0335101992823184,2.2464073854498565,3.868390080984682,4.4471196895465255,5.4098023804835975,3.9797497959807515,4.334289374295622,3.058389608748257,5.379364408552647,4.825935747008771,3.9241587333381176,3.593748870305717,4.2716323477216065,4.8462043311446905,2.2300791572779417,2.120140157174319,3.4891083990223706,,3.630353737156838,5.002956468146294,3.549661808181554,3.6621759184636176,3.4626895571127534,3.4662092584185302,3.393617284949869,,3.652532281819731,5.5522035378962755,4.009659808129072,3.106044969987124,3.386301410384476,3.0216239602304995,,,2.726618397049606,2.482978177256882,2.476829247083515,2.5129565186798573,3.1344672022387385,2.940709717106074,3.301226470153779,4.121989289764315,3.9698838219046593,2.8271229905076325,3.479635276366025,3.058866263832897
tt_11.5h,2.961798755917698,,,2.264097659382969,3.1588483159430325,3.8475606101565063,3.8475606101565063,3.0744160055182874,2.8849460277706385,,2.731979623902589,2.708928531035781,4.923872585874051,3.1502483361400664,1.9880472249351442,2.584053272381425,4.04935925360769,3.180765386670828,3.180765386670828,3.5702994549646974,3.5583440526388586,3.937506543006748,3.8818989912979305,2.8098194329068065,1.8927889470942318,3.91535778157413,3.3576971222646534,,,4.1598275625146925,3.5551250684075058,2.5209142421372235,3.39886605553329,3.1181649141944945,,4.265890059061348,4.265890059061348,3.509009343571961,2.522256875410676,4.577154173050076,2.852029654663056,2.852029654663056,4.56305481120944,3.5328765152953565,,2.391144377179444,2.6636328231543303,4.048441647551954,2.4627827811054885,2.7222124077379704,2.195400765631348,3.031957766506821,2.2455687490291893,3.870053504128009,4.447247837670147,5.410100131295621,3.9895249931141734,4.3325845007784665,3.0586294205859303,5.379061600659043,4.825434314552695,3.9209143836051226,3.590223476756364,4.273372463416308,4.848888155538589,2.225276299752295,2.1200610562227666,3.484023878816515,,3.6297546341083944,5.002825333271176,3.53906811773777,3.6585124162957072,3.45839126361534,3.461739281658083,3.3885900867171586,,3.649205337278545,5.552475668489933,4.005185811314732,3.1012840825133026,3.384536082856357,3.0312775187194347,,,2.720428463537246,2.476610507350415,2.4696074705570936,2.512936529237777,3.1265650573186576,2.9346282090991735,3.2967906733974814,4.117438359651715,3.965581436175853,2.8231399985961616,3.4775758730247617,3.053524094168097
tt_11.6h,2.956601339392364,,,2.256961985491216,3.1570053887553513,3.858477001544088,3.858477001544088,3.0659512137062848,2.8735809326171875,,2.7286502765491605,2.70418200828135,4.922576164826751,3.1444873115979135,1.9816049174405634,2.5776583356782794,4.043940682895482,3.1772022820077837,3.1772022820077837,3.565603799186647,3.5554498308338225,3.9346247953362763,3.8793839691206813,2.805446602869779,1.8875132366083562,3.9259781390428543,3.35352840507403,,,4.157112201210111,3.5518666580319405,2.52061782265082,3.3930498440749943,3.111180316656828,,4.267531480640173,4.267531480640173,3.5042389072477818,2.516042025294155,4.583312341477722,2.8473885715939105,2.8473885715939105,4.556271553970873,3.531240737531334,,2.3867758251726627,2.6581633877940476,4.04794845636934,2.462157104164362,2.7182305264286697,2.1930443067103624,3.0304148849099874,2.2439338890835643,3.870053504128009,4.447395964991301,5.41039216471836,3.984250955749303,4.330897727049887,3.0588475139811635,5.378764748107642,4.824948497582227,3.9177159694954753,3.586750689893961,4.27515467023477,4.853738782461733,2.220530455932021,2.119987373240292,3.479000428225845,,3.629175153095275,5.002699647564441,3.5286626182496548,3.6549061718396842,3.454156581312418,3.4573426162824035,3.3836201587691903,,3.6459203958511353,5.552749187219888,4.000762241892517,3.096599717158824,3.3828135360963643,3.025346622336656,,,2.71433320408687,2.470313428901136,2.4624853343702853,2.5129170971922576,3.118778461124748,2.928636180702597,3.2924025738611817,4.1129494067281485,3.9613518277183175,2.8192192846909165,3.475542369764298,3.048258612398058
tt_11.700000000000001h,2.9514553444460034,,,2.249917489476502,3.1551929931156337,3.8518876377493143,3.8518876377493143,3.0576775618828833,2.8889602785930037,,2.725347821600735,2.6994915469549596,4.921307028271258,3.138786009978503,1.975303071551025,2.571362921502441,4.038591349031776,3.1736785755492747,3.1736785755492747,3.5609577307477593,3.5525786615908146,3.931784875690937,3.8769155028276145,2.8011216623708606,1.8849303224124014,3.920088228303939,3.3493912792764604,,,4.154423817060888,3.5545882037840784,2.5203338004648685,3.387281841598451,3.11610642215237,,4.267531480640173,4.267531480640173,3.499528012704104,2.509904131758958,4.589022577274591,2.8509526513516903,2.8509526513516903,4.555277823936194,3.529618601780385,,2.382476530969143,2.6527703935280442,4.047471275553107,2.4615598833188415,2.7143167085014284,2.2015935969538987,3.028869311325252,2.2431360851041973,3.8673378792591393,4.4475639052689075,5.41067856317386,3.979048053268343,4.329254771117121,3.063191009219736,5.378469938412309,4.824478100053966,3.9145627175457776,3.5833158274181187,4.276981239207089,4.858587238471955,2.2158543970435858,2.1199187668971717,3.4740219679661095,,3.6286147641949356,5.002579290419817,3.5307707116007805,3.6513344147242606,3.449973475653678,3.452994702383876,3.3786916970275342,,3.642677545081824,5.553023957181722,3.996388799510896,3.0919884154573083,3.38113345624879,3.019495327491313,,,2.7083260901272297,2.464096094481647,2.4554483671672642,2.5128982169553638,3.11109797982499,2.9227248686365783,3.2880612639710307,4.106452347245067,3.9571517766453326,2.8153758887201548,3.4735510209575295,3.0430826884694397
tt_11.8h,2.9463565554469824,,,2.2429984561167657,3.1533808526583016,3.845396948978305,3.845396948978305,3.049560656771064,2.8775967876426876,,2.7220731964334846,2.6948665408417583,4.9200647277757525,3.143580616917461,1.9690673961304128,2.565131573472172,4.0333077078685164,3.1702157109975815,3.1702157109975815,3.556381001137197,3.5497314473614097,3.92898165108636,3.8744860710576177,2.796868100296706,1.8824026980437338,3.914282967336476,3.345320344902575,,,4.1517633073963225,3.5513735013082623,2.5200617774389684,3.3815956520847976,3.11610642215237,,4.273079846054316,4.273079846054316,3.4948741369880736,2.5038466029800475,4.5943309860304,2.8463694360107183,2.8463694360107183,4.554304083343595,3.528008862864226,,2.3782532936893404,2.6474340483546257,4.047009622212499,2.4680467592552304,2.7104828325100243,2.199221766553819,3.027341098058969,2.242354677990079,3.864631320349872,4.447751487605274,5.415470782201737,3.9739327407442033,4.327641788404435,3.063385103829205,5.378179091960192,4.824022844899446,3.9114391333423555,3.579918407369405,4.278852058108896,4.863432503771037,2.211260826792568,2.119854942895472,3.469114723149687,,3.628072894178331,5.002464143559337,3.520369518082589,3.647806335706264,3.4458325086161494,3.4486947492696345,3.37384022353217,,3.639457424171269,5.553299841471016,3.9920701724477112,3.0874645207077265,3.3721324503421783,3.0137159638106823,,,2.7023658989928663,2.4579665954224765,2.448495754506439,2.5128798820078373,3.1005289405584335,2.9168928540311754,3.2837850325740874,4.101957944221795,3.953002406284213,2.811576171312481,3.4716009506955743,3.037966887000948
tt_11.9h,2.949615773744881,,,2.2361299241892993,3.151585666462779,3.838965001050383,3.838965001050383,3.0416258862242103,2.8663856722414494,,2.7188504254445434,2.6903006518259645,4.918848847039044,3.1379490536637604,1.962871979456395,2.5589795992709696,4.028089906554669,3.166778984479606,3.166778984479606,3.551835656631738,3.546911020297557,3.926224287599325,3.872094630729407,2.792667697649449,1.8799388860352337,3.9085404300130904,3.3412949959747493,,,4.149129448458552,3.548195708077401,2.519801360089332,3.3759531979449093,3.1092146593146026,,4.278668781276792,4.278668781276792,3.490290758665651,2.4978728010319173,4.599215131253004,2.8463694360107183,2.8463694360107183,4.553349985275418,3.51294168503955,,2.374070311896503,2.6421619886532426,4.046563029289246,2.4674400207586586,2.706727229524404,2.1969061866402626,3.0258004534989595,2.2415864234790206,3.8619364807382226,4.447958547621965,5.415751942433417,3.968868738040328,4.326058308593929,3.063561480026692,5.377892184071243,4.8235825058072805,3.908374251332134,3.576558324508369,4.280765224248171,4.868294865358621,2.206724560353905,2.119795619510114,3.464266625698656,,3.6275490331463516,5.002354088705033,3.510169029701501,3.64432118460536,3.441753805615008,3.444426785223186,3.377883681561798,,3.636297713033855,5.553576706908643,3.987796167843044,3.0830004760064185,3.3704806747846305,3.0079852640628815,,,2.6964988773688674,2.4518927936442196,2.441642737481743,2.5128620858304203,3.1005289405584335,2.9111489630304277,3.279542670585215,4.097524531185627,3.948903428390622,2.8078345847316086,3.469691349659115,3.032923346851021
tt_12.0h,2.944582998752594,,,2.2294013602659106,3.1498081372119486,3.832628295291215,3.832628295291215,3.0509263104759157,2.8553201807662845,,2.7156585827469826,2.6857729088515043,4.917658954393119,3.132399797439575,1.9568506716750562,2.552919149864465,4.032787546515465,3.1633797930553555,3.1633797930553555,3.5473392913118005,3.5441187946125865,3.9235068196430802,3.869741885457188,2.7885188753716648,1.8775035673752427,3.902899411972612,3.3373165405355394,,,4.146521809510887,3.5450555342249572,2.5195521605201066,3.379784911405295,3.102403932251036,,4.284339682199061,4.284339682199061,3.48575172200799,2.4919733931310475,4.603719605132937,2.8418550984933972,2.8418550984933972,4.552415179554373,3.5113586196675897,,2.3699400848709047,2.6318218130618334,4.038341382052749,2.4668610584922135,2.7030614321120083,2.1946459133177996,3.0242579858750105,2.2408335274085402,3.859258729033172,4.448184900917113,5.416027636267245,3.963872889522463,4.324503881856799,3.0637216912582517,5.377609184477478,4.823156851809472,3.905352571513504,3.573219303507358,4.282724737655371,4.871032800525427,2.202252813614905,2.1197405285201967,3.4594617444090545,,3.627042695414275,5.002249010372907,3.500146436970681,3.6408785399980843,3.437725441996008,3.440227690152824,3.373091483488679,,3.6331778266467154,5.553854422643781,3.983569798525423,3.078605863265693,3.3704806747846305,3.00233188085258,,,2.6907190047204494,2.4459044290706515,2.445689565502107,2.512844822369516,3.092954752035439,2.905479063745588,3.2753452914766967,4.0931517807766795,3.944874292705208,2.804151245392859,3.4597358615137637,3.0279535013251007
tt_12.1h,2.9396201162599027,,,2.222722486127168,3.1512287124060094,3.8263475261628628,3.8263475261628628,3.0509263104759157,2.8444292596541345,,2.712500287219882,2.6813078154809773,4.916494642850012,3.126921730581671,1.9508153647184372,2.5469141341745853,4.027634168043733,3.160017132293433,3.160017132293433,3.542909726500511,3.5413654232397676,3.9208285459317267,3.8674254566431046,2.7933281320147216,1.875074076000601,3.907622824423015,3.333367592189461,,,4.143940040841699,3.5419561029411852,2.519313803873956,3.3742079697549343,3.0956955095753074,,4.290054907556623,4.290054907556623,3.4812684138305485,2.4861603840254247,4.59399691876024,2.8373869103379548,2.8373869103379548,4.551499323453754,3.5113586196675897,,2.3658790169283748,2.626739210449159,4.0379029382020235,2.4663088000379503,2.6994575797580183,2.1924399179406464,3.022725834045559,2.2400952908210456,3.856599587481469,4.448430378455669,5.416297948453575,3.952280770521611,4.3229779889807105,3.063867167569697,5.377330064307898,4.822745666839182,3.902373460587114,3.569930473808199,4.284707855898887,4.871032800525427,2.1978512024506927,2.1196894138120115,3.454725958406925,,3.6265533552505076,5.002148792613298,3.5079162479378283,3.6374915363267064,3.433746850118041,3.436074764467776,3.3683538800105453,,3.627057107631117,5.554132859222591,3.9793908544816077,3.0742902467027307,3.3688689451664686,2.9967476963065565,,,2.684973804745823,2.440004613250494,2.438909106887877,2.5128280841745436,3.0854904893785715,2.899887150619179,3.2711925860494375,4.088860108051449,3.940872282255441,2.800541104748845,3.4578575338236988,3.023066862951964
tt_12.200000000000001h,2.9347057649865746,,,2.216165733523667,3.1494816625490785,3.830666247755289,3.830666247755289,3.04312347760424,2.8323440705426037,,2.709369210060686,2.676905786152929,4.915355440694839,3.1214980324730277,1.9448936530388892,2.5409959838725626,4.022546019405127,3.1566924238577485,3.1566924238577485,3.53851000033319,3.5431307698599994,3.918188585434109,3.8651466886512935,2.789232101291418,1.8726594904437661,3.9020574246533215,3.329482686240226,,,4.141383667476475,3.5388909708708525,2.5190859148278832,3.3686942886561155,3.0890655424445868,,4.295832925941795,4.295832925941795,3.476851801853627,2.480413105804473,4.5979650020599365,2.8329557506367564,2.8329557506367564,4.550602071918547,3.5097764269448817,,2.3618868868798018,2.621728209313005,4.037478806916624,2.472245380282402,2.695926093030721,2.19028702378273,3.021196261048317,2.239368558395654,3.8583233822137117,4.448694804217666,5.416297948453575,3.952280770521611,4.321480231359601,3.063999214209616,5.377054792363197,4.825713847763836,3.899436273612082,3.566676661837846,4.286755254492164,4.8758883648552,2.193525633774698,2.1196420318447053,3.4500458417460322,,3.626080548390746,5.002053322270513,3.5079162479378283,3.634135313797742,3.4298073393292725,3.4319670172408223,3.3636533389799297,,3.6240562363527715,5.554411893710494,3.9752641660161316,3.070031253620982,3.367296375334263,2.9912069188430905,,,2.679328821133822,2.4341534902341664,2.4322119541466236,2.5128827495500445,3.07812692085281,2.89437980344519,3.267103247344494,4.084607149939984,3.9437856590375304,2.7969720396213233,3.4560180818662047,3.018235848750919
tt_12.3h,2.9298381116241217,,,2.209693885874003,3.1494816625490785,3.824453114066273,3.824453114066273,3.0354649294167757,2.8215827238745987,,2.706265154760331,2.672544618602842,4.914240932092071,3.1161537673324347,1.9476959784515202,2.5351545312441885,4.022546019405127,3.1534281447529793,3.1534281447529793,3.5341588277369738,3.540419892873615,3.9155862918123603,3.862899291794747,2.789232101291418,1.8702856935560703,3.9020574246533215,3.3256412129849195,,,4.138852233532816,3.5358604597859085,2.518868133891374,3.3632582649588585,3.082536176312715,,4.297748358454555,4.297748358454555,3.4724776363000274,2.4747481690719724,4.60161392763257,2.8285996187478304,2.8285996187478304,4.558868668507785,3.5082176942378283,,2.357930733356625,2.6167757185176015,4.037068551871926,2.4717101994901896,2.6924688816070557,2.188198092393577,3.0196729684248567,2.238655046094209,3.8557002916932106,4.448977984022349,5.416562933474779,3.9473601896315813,4.320010147988796,3.0641190255992115,5.376783336512744,4.82532677706331,3.8965255906805396,3.5634583896026015,4.288842496462166,4.880763157270849,2.1892504463903606,2.119598150718957,3.4454079479910433,,3.6256238222122192,5.00196248665452,3.498070353642106,3.6308200643397868,3.425926655996591,3.4278895589523017,3.359026680700481,,3.6210755687206984,5.554691404104233,3.9711790694855154,3.0658376375213265,3.365762637462467,2.98574251960963,,,2.6737614991143346,2.4283960796892643,2.4256112254224718,2.5128670260310173,3.0708700618706644,2.8889424144290388,3.26304468838498,4.080412326846272,3.939844876062125,2.793456750921905,3.454216741491109,3.0134749650023878
tt_12.4h,2.9298381116241217,,,2.2138110254891217,3.1477486393414438,3.818311174865812,3.818311174865812,3.0279617202468216,2.8215827238745987,,2.7032114900648594,2.6682329666800797,4.9131507175043225,3.1108776456676424,1.941902440506965,2.529369646217674,4.0175195299088955,3.150186497718096,3.150186497718096,3.5298544550314546,3.5377150275744498,3.9130165320821106,3.850318438373506,2.7851822837255895,1.867946792859584,3.896549749188125,3.321844380814582,,,4.136344849132001,3.5328647098504007,2.5186601197347045,3.3578645791858435,3.076095414813608,,4.303663426078856,4.303663426078856,3.4638889813795686,2.4691678434610367,4.604965750593692,2.824289291165769,2.824289291165769,4.55797687266022,3.5066716875880957,,2.354024755768478,2.61187410261482,4.036671753972769,2.4717101994901896,2.689093668013811,2.1782099190168083,3.018159404862672,2.237954232376069,3.8557002916932106,4.449279761407524,5.416822683997452,3.942523029167205,4.31856729881838,3.0641190255992115,5.376515669748187,4.824953575618565,3.90176422894001,3.5602742643095553,4.290977120399475,4.885612628888339,2.1850328259170055,2.119557550176978,3.4408387797884643,,3.624756815843284,5.001876175403595,3.488428385462612,3.627545301336795,3.4220948610454798,3.4238778688013554,3.3544528326019645,,3.618151948787272,5.5549712660722435,3.9671389660798013,3.0617073574103415,3.364265660289675,2.9803451648913324,,,2.668224148452282,2.4227020335383713,2.419063170440495,2.5128518058918417,3.0637102010659873,2.8835806315764785,3.2590286107733846,4.0762745202519,3.9359516007825732,2.789995708502829,3.4524527387693524,3.0087955901399255
tt_12.5h,2.9250430148094893,,,2.2074015918187797,3.146032525692135,3.818311174865812,3.818311174865812,3.0210442882962525,2.810993881430477,,2.7001916421577334,2.66397921834141,4.91208440810442,3.1056533991359174,1.936130738351494,2.523675783071667,4.012554957531393,3.1469804286025465,3.1469804286025465,3.525615253020078,3.5350353405810893,3.910488445777446,3.848109379876405,2.781202267855406,1.8656773553229868,3.8911388074047863,3.318092725239694,,,4.133861956652254,3.52990385517478,2.5184615249745548,3.3525314442813396,3.06490634707734,,4.303663426078856,4.303663426078856,3.459684352390468,2.463654831983149,4.604965750593692,2.8200232749804854,2.8200232749804854,4.557086043059826,3.50513469055295,,2.3501831190660596,2.607041705865413,4.036671753972769,2.4712000456638634,2.6857753498479724,2.1761450078338385,3.016647662501782,2.237261928152293,3.8530987594276667,4.449599733110517,5.41707728523761,3.9377332078292966,4.317151310387999,3.0642276969738305,5.376251762267202,4.824594025500119,3.8989063622429967,3.557109171524644,4.293151196092367,4.872307995799929,2.180891719646752,2.11952002113685,3.436321881134063,,3.624345675110817,5.001794277690351,3.4961392544209957,3.624310545157641,3.41831020032987,3.419909480959177,3.3499310351908207,,3.615265670698136,5.555251367855817,3.963143684901297,3.0576505050994456,3.362805229611695,2.967966999858618,,,2.6627874989062548,2.417069904971868,2.4126273640431464,2.5128370807506144,3.056653426028788,2.8783001699484885,3.255055117420852,4.072213830891997,3.9321054173633456,2.786588848568499,3.4524527387693524,3.004167749080807
tt_12.6h,2.9202942880801857,,,2.201093894895166,3.144328123424202,3.8122638976201415,3.8122638976201415,3.0136622739955783,2.800540901720524,,2.6972040398977697,2.6597854434512556,4.911023975815624,3.1005050856620073,1.9304268988780677,2.518042994197458,4.007652793079615,3.1438090805895627,3.1438090805895627,3.521404547151178,3.5323819620534778,3.9079963508993387,3.8459424944594502,2.777273717802018,1.8634574566967785,3.885802772361785,3.3143680659122765,,,4.1314025479368865,3.5269780051894486,2.5182720152661204,3.3472731998190284,3.0585378976538777,,4.309624627232552,4.309624627232552,3.455519147682935,2.458201394882053,4.608063403517008,2.8157959752716124,2.8157959752716124,4.557086043059826,3.5036051725037396,,2.3464119830168784,2.602272441610694,4.036288004368544,2.4707139427773654,2.682524904143065,2.174129918217659,3.015146926511079,2.2365792063064873,3.850518061313778,4.449937554541975,5.417326824739575,3.9330076072365046,4.319826726801693,3.0643262271769345,5.375991581007838,4.824247941374779,3.8960737325251102,3.5539910537190735,4.295372784603387,4.877172774635255,2.176822538021952,2.1194853647612035,3.4318595277145505,,3.6239488972350955,5.001716685947031,3.4866645014844835,3.621129236649722,3.4145704181864858,3.415984211489558,3.3454465097747743,,3.6124168201349676,5.55553158884868,3.9591980800032616,3.0536442059092224,3.3613805258646607,2.9626173404976726,,,2.6574203581549227,2.411529218312353,2.406248028855771,2.5128228426910937,3.0496916859410703,2.8730872068554163,3.2511423607356846,4.0772687629796565,3.928325507324189,2.783251073677093,3.450725370552391,2.9996060892008245
tt_12.700000000000001h,2.9155977270565927,,,2.1948967087082565,3.1426409711129963,3.8062739004381,3.8062739004381,3.0136622739955783,2.8045502132736146,,2.6942451195791364,2.6556259654462337,4.910004292149097,3.095422074198723,1.9248697077855468,2.5124705121852458,4.002809738274664,3.1406736080534756,3.1406736080534756,3.517240638844669,3.5297528482042253,3.905539399944246,3.843810526188463,2.773396531585604,1.8612584555521607,3.8905139551497996,3.307079331949353,,,4.128971864003688,3.5240913052111864,2.51809124276042,3.3420548564754426,3.052268556319177,,4.315662092994899,4.315662092994899,3.451405111234635,2.4528445112518966,4.610883054789156,2.8116375459358096,2.8116375459358096,4.5562337399460375,3.5047216513194144,,2.3426748672500253,2.597548204474151,4.035916909575462,2.460586093366146,2.674939419142902,2.1721757487393916,3.013650933280587,2.2359086018987,3.8479399350471795,4.450290840584785,5.417571378406137,3.9375276141799986,4.3184445491060615,3.0644155289046466,5.375735096167773,4.823915009852499,3.8932952363975346,3.550905856769532,4.297644578851759,4.877172774635255,2.1728001590818167,2.1242755744606256,3.427436818834394,,3.6235648640431464,5.001643292140216,3.4866645014844835,3.6179763320833445,3.41086884168908,3.412086983677,3.341031793039292,,3.6096053677611053,5.5558126899413764,3.955291524063796,3.049698024522513,3.3599907578900456,2.957334856968373,,,2.652085745241493,2.4060411783866584,2.3999532223679125,2.5128090833313763,3.0552035430446267,2.867946611251682,3.247259649913758,4.073259202297777,3.924569827504456,2.7799488571472466,3.4490337083116174,2.995123782660812
tt_12.8h,2.9109506644308567,,,2.1887276130728424,3.1409661676734686,3.8003776846453547,3.8003776846453547,3.006442643236369,2.7942525828257203,,2.69131580227986,2.651515477336943,4.9090073690749705,3.090389022603631,1.9193137693218887,2.5069887256249785,3.9980257777497172,3.1345379184931517,3.1345379184931517,3.513121832162142,3.5271514989435673,3.9031192152760923,3.841713630128652,2.769562150351703,1.8590646712109447,3.8852471285499632,3.303499049972743,,,4.1265703700482845,3.521234480664134,2.5179188875481486,3.336895477026701,3.0460813059471548,,4.321803392842412,4.321803392842412,3.4473400581628084,2.447547498624772,4.613465640228242,2.8075217874720693,2.8075217874720693,4.5554005624726415,3.5032148752361536,,2.3389806346967816,2.5928869512863457,4.035558084025979,2.4601154145784676,2.6717434730380774,2.1721757487393916,3.0121497535146773,2.2352475682273507,3.8335761791095138,4.45065906457603,5.417811028659344,3.932871030177921,4.317088384646922,3.064496436621994,5.375482279341668,4.823595101945102,3.8905575540848076,3.547852977178991,4.299957685638219,4.882057370617986,2.1688370779156685,2.124243342783302,3.4230789225548506,,3.623206422198564,5.001573990564793,3.477366492152214,3.605362480506301,3.4072236735373735,3.4082532920874655,3.3366669211536646,,3.6068123802542686,5.556092595215887,3.9514273954555392,3.045810082461685,3.366994069889188,2.952114589512348,,,2.646843148395419,2.400615664664656,2.393750810995698,2.512795794289559,3.048334832303226,2.86288540950045,3.243418905418366,4.06928376480937,3.920859220903367,2.7766968989744782,3.4473773413337767,2.990691738203168
tt_12.9h,2.9063644194975495,,,2.1826976630836725,3.1263844007626176,3.804663720075041,3.804663720075041,2.9993527377955616,2.784084734041244,,2.6884315367788076,2.6474604881368577,4.91354650631547,3.0854293941520154,1.9138317215256393,2.50155928498134,3.993301428388804,3.131512599531561,3.131512599531561,3.5090667977929115,3.5245891814120114,3.9007356031797826,3.839650636073202,2.7743741725571454,1.8568883566185832,3.8800321868620813,3.299944404978305,,,4.124197646509856,3.5184099236503243,2.5177546460181475,3.331808337010443,3.0460813059471548,,4.307896972168237,4.307896972168237,3.4433366330340505,2.442304300609976,4.615829108748585,2.8111084727570415,2.8111084727570415,4.554586091544479,3.5017190566286445,,2.3353425515815616,2.588292594999075,4.035211146809161,2.4601154145784676,2.6685998989269137,2.1702583143487573,3.010665732435882,2.2346007423475385,3.8310070540755987,4.451042068656534,5.418045850005001,3.928291793446988,4.315744773950428,3.0645697116851807,5.375233096536249,4.8232965799979866,3.887860481161624,3.544832304120064,4.302341834641993,4.886917606461793,2.1649499693885446,2.124213634058833,3.4187697619199753,,3.622846446465701,5.001508676446974,3.4682235312648118,3.602253328077495,3.403623507823795,3.404461422935128,3.3323345030657947,,3.60407489631325,5.556375288404524,3.9476055460982025,3.041989939752966,3.365628283470869,2.9469424337148666,,,2.641665547620505,2.3952823039144278,2.3875887049362063,2.5127829667180777,3.0415642503648996,2.857887634076178,3.2396198571659625,4.065361888147891,3.917193430941552,2.7734956475906074,3.445772287901491,2.9863220918923616
tt_13.0h,2.9018236538395286,,,2.1767192147672176,3.12474098848179,3.79884180938825,3.79884180938825,3.008415254764259,2.784084734041244,,2.685572694055736,2.6434630835428834,4.912578389514238,3.0805309331044555,1.9138317215256393,2.4961910038255155,3.9886340177617967,3.1285197967663407,3.1285197967663407,3.5050390381366014,3.5220326809212565,3.898387882858515,3.837621759157628,2.7705998583696783,1.8547491854988039,3.8800321868620813,3.29644811199978,,,4.121852707117796,3.5156177151948214,2.517598213162273,3.326758381910622,3.0399656682275236,,4.314170737750828,4.314170737750828,3.439369829837233,2.4371525845490396,4.617990262340754,2.807040828745812,2.807040828745812,4.562779825180769,3.500232540536672,,2.3317760839127004,2.5837437249720097,4.034875729121268,2.459667267743498,2.6655210736207664,2.1683877739124,3.007663474883884,2.2339690406806767,3.8284465866163373,4.45143969822675,5.418275921139866,3.928291793446988,4.314439684152603,3.064636048860848,5.362778486218303,4.823020368814468,3.885203517973423,3.5418276246637106,4.304781267885119,4.8897808766923845,2.161138438154012,2.1241862792521715,3.414509986061603,,3.6224980037659407,5.001447245944291,3.4758971775881946,3.5991816320456564,3.400065643247217,3.4007102106697857,3.32807260658592,,3.6013726554811,5.55665857065469,3.9438307234086096,3.0382153457030654,3.3642954234965146,2.941834418103099,,,2.6365269334055483,2.3899908210150898,2.381534322630614,2.512770591303706,3.0348845226690173,2.852955719921738,3.235880230087787,4.061492562759668,3.913571489509195,2.7703438969329,3.444184025749564,2.9820155510678887
tt_13.1h,2.8973277010954916,,,2.170810083858669,3.1231294171884656,3.7930736211128533,3.7930736211128533,3.001436784863472,2.774038303643465,,2.6827432005666196,2.6394963329657912,4.911609447561204,3.0805309331044555,1.908496759366244,2.4909131112508476,3.9840230448171496,3.1255596661940217,3.1255596661940217,3.5083369137719274,3.5195025578141212,3.8960713944397867,3.8356260238215327,2.766871369443834,1.852641892619431,3.8749096421524882,3.2929912745021284,,,4.119536284357309,3.5128585980273783,2.5174492932856083,3.321766148786992,3.033941705711186,,4.320551552809775,4.320551552809775,3.4354512384161353,2.432044220622629,4.6231959206052125,2.8030158928595483,2.8030158928595483,4.561972113791853,3.500232540536672,,2.3282554293982685,2.5792471799068153,4.03455148357898,2.4656833610497415,2.662505821790546,2.166562696918845,3.006169756408781,2.2333455528132617,3.82589593809098,4.451851764228195,5.418501317966729,3.9237539037130773,4.313159451354295,3.064696082379669,5.362534600775689,4.8227661033160985,3.882586150430143,3.538870271295309,4.307278216350824,4.894656986463815,2.1573604405857623,2.1241611181758344,3.410283354111016,,3.622160772792995,5.001389079261571,3.4669083701446652,3.5961465812288225,3.396542531903833,3.396983546204865,3.3238593847490847,,3.598705844953656,5.556942300871015,3.9400942591018975,3.0344962147064507,3.362995366100222,2.941834418103099,,,2.631472908426076,2.3847639430314302,2.3755439836531878,2.512758654076606,3.02829547598958,2.8480971241369843,3.232170408125967,4.057695588562638,3.910012384876609,2.7672577369958162,3.4426287836395204,2.9777840031310916
tt_13.200000000000001h,2.892899751663208,,,2.1650230712257326,3.1215199902653694,3.787376530934125,3.787376530934125,2.9946108842268586,2.7780793365091085,,2.6799407778307796,2.635576934553683,4.910673876293004,3.075681602116674,1.903149166610092,2.4856831869110465,3.9887111512944102,3.1226522447541356,3.1226522447541356,3.5043565118685365,3.5169963408261538,3.893794901203364,3.8336637732572854,2.7632021834142506,1.8505853461101651,3.8635111628100276,3.289575173985213,,,4.117247214540839,3.510135168209672,2.517307594884187,3.3168446621857584,3.0279981633648276,,4.326998883392662,4.326998883392662,3.4315783623605967,2.42701154621318,4.6250784657895565,2.7990288455039263,2.7990288455039263,4.561182442121208,3.498758333735168,,2.324764262419194,2.574815242085606,4.034238064195961,2.4652497372590005,2.6595528507605195,2.172630579676479,3.0046743182465434,2.2327310969121754,3.82589593809098,4.452278111129999,5.418722115457058,3.9192742938175797,4.311903670430183,3.0647502783685923,5.362292807549238,4.82253338303417,3.879993239417672,3.535946246702224,4.309825851116329,4.899535488337278,2.160925610922277,2.1241379994899035,3.406115256715566,,3.6218344387598336,5.001334010623395,3.4669083701446652,3.593147810548544,3.393074054736644,3.393320115748793,3.319693684577942,,3.596074291970581,5.557226346805692,3.944311146158725,3.039497355464846,3.3617273750714958,2.936785275582224,,,2.626485653221607,2.3796225008554757,2.3696123608388007,2.5127471457235515,3.021801434457302,2.843301218934357,3.228500695899129,4.057695588562638,3.9064830881543458,2.7642036732286215,3.4411058793775737,2.973598418291658
tt_13.3h,2.888514768332243,,,2.1592695065774024,3.1199262947775424,3.787376530934125,3.787376530934125,2.9879052294418216,2.7681847265921533,,2.677157909143716,2.6396191813983023,4.9097538576461375,3.070903483312577,1.8978817202150822,2.4805118860676885,3.984155508223921,3.119765107985586,3.119765107985586,3.500416869763285,3.5145166283473372,3.891552879475057,3.831729320809245,2.7595811849460006,1.8485767524689436,3.8584583587944508,3.286200314294547,,,4.114985103253275,3.5074419951997697,2.51717282878235,3.3119572503492236,3.032907048240304,,4.326998883392662,4.326998883392662,3.427764088846743,2.431273133959621,4.626796700526029,2.7951043196953833,2.7951043196953833,4.560410405974835,3.497296965215355,,2.3213199255988,2.570442291442305,4.033935135696083,2.464837248902768,2.6566740665584803,2.170837240293622,3.003186901565641,2.232132688164711,3.8233547750860453,4.452718558721244,5.418938388582319,3.923788707703352,4.310671989805996,3.0647991714067757,5.362054996658117,4.8223217646591365,3.877453580033034,3.533055537380278,4.31243234500289,4.899535488337278,2.157200093381107,2.1241167807020247,3.401993863284588,,3.6215186938643456,5.005036352202296,3.4581018099561334,3.590197872836143,3.389649238437414,3.389696172438562,3.315559210255742,,3.5934780198149383,5.55751057388261,3.940616086125374,3.035818663891405,3.3604907672852278,2.9317979873158038,,,2.6215319628827274,2.3745305850170553,2.3637854834087193,2.5127360546030104,3.0153909400105476,2.838566574268043,3.2248703255318105,4.053929426707327,3.903005224186927,2.7611956456676126,3.4396146559156477,2.969472309574485
tt_13.4h,2.8841765886172652,,,2.153600834775716,3.1199262947775424,3.7817682628519833,3.7817682628519833,2.9879052294418216,2.758408530149609,,2.6743928478099406,2.63574580475688,4.908849204424769,3.066183716058731,1.8927605617791414,2.4754267213866115,3.9796550860628486,3.1169104231521487,3.1169104231521487,3.496516373939812,3.512066245544702,3.8893448221497238,3.829827951733023,2.75600826786831,1.8466185140423477,3.8534759329631925,3.2828489243984222,,,4.112749551888555,3.5047793933190405,2.5170447221025825,3.3071263609454036,3.0270280530676246,,4.3335547195747495,4.3335547195747495,3.423984165303409,2.4262877702713013,4.628363880794495,2.791218458674848,2.791218458674848,4.559655615594238,3.4984753956086934,,2.3179356465116143,2.566108805127442,4.03364236978814,2.464837248902768,2.653841474093497,2.169088033027947,3.00170438317582,2.2315493472851813,3.8208252461627126,4.453172923065722,5.419150210916996,3.9193706922233105,4.3094640844501555,3.0648432658053935,5.36182111967355,4.822130847722292,3.8749520564451814,3.530197977088392,4.315093076787889,4.904365683440119,2.153515907935798,2.124097327236086,3.397905091755092,,3.6212132363580167,5.0049865073524415,3.4496130933985114,3.5872734361328185,3.3862662380561233,3.386111149098724,3.3114924849942327,,3.590898190625012,5.5577948577702045,3.936962200794369,3.032194104976952,3.3604907672852278,2.926844846457243,,,2.6166641460731626,2.369487605523318,2.357997287530452,2.5127253718674183,3.0153909400105476,2.833901198580861,3.221281227655709,4.050213471520692,3.8995784535072744,2.758234790060669,3.4381544603966177,2.9654061789624393
tt_13.5h,2.871386564336717,,,2.1480478229932487,3.118352485820651,3.7762102060951293,3.7762102060951293,2.981331454589963,2.748785614501685,,2.671672557014972,2.631924177519977,4.907959706615657,3.061524880118668,1.8876207582652569,2.4703937908634543,3.97521050600335,3.1140865446068347,3.1140865446068347,3.4926738375797868,3.5096534118056297,3.8871701303869486,3.827952168881893,2.75600826786831,1.8446658509783447,3.8485427028499544,3.2795528387650847,,,4.108356504701078,3.5021466370671988,2.5169230001047254,3.30234546167776,3.0212406651116908,,4.340181189123541,4.340181189123541,3.4202505201101303,2.4213906032964587,4.629792260471731,2.7873717229813337,2.7873717229813337,4.559655615594238,3.4970373953692615,,2.3146160962060094,2.561829913407564,4.041468965355307,2.4644450643099844,2.65106680104509,2.1673820093274117,3.0002222754992545,2.230971300508827,3.8225309276022017,4.453640918713063,5.407891886308789,3.915009095799178,4.30827960325405,3.0648830183781683,5.361591127701104,4.821960229426622,3.8724882593378425,3.5273729478940368,4.317790550645441,4.907227335032076,2.149895620997995,2.12407946633175,3.393876174930483,,3.62091777427122,5.004939562175423,3.4409528323449194,3.584384383633733,3.382922904100269,3.3825649162754416,3.307472097221762,,3.5883716102689505,5.558363079093397,3.933349225204438,3.0286211506463587,3.359284847974777,2.9219604921527207,,,2.611866243649274,2.3645311426371336,2.352288297843188,2.512715090997517,3.0090711028315127,2.829298604745418,3.2142452248372138,4.046546841040254,3.89622171362862,2.7553198086097836,3.4441743344068527,2.9614117755554616
tt_13.6h,2.867100874427706,,,2.142511266283691,3.1167925214394927,3.7644095341674984,3.7644095341674984,2.990247050765902,2.748785614501685,,2.668974838219583,2.628158002626151,4.907085188198835,3.0569091038778424,1.8905733674764633,2.4654117762111127,3.9708184744231403,3.1112923407927155,3.1112923407927155,3.4888528008013964,3.50725235696882,3.8850282710045576,3.827952168881893,2.752476988825947,1.8427192936651409,3.8485427028499544,3.276294445618987,,,4.106197609100491,3.499544385820627,2.516807402484119,3.297633830923587,3.0155266444198787,,4.342793817166239,4.342793817166239,3.4165617753751576,2.4165421328507364,4.631093211937696,2.783559035975486,2.783559035975486,4.558917688205838,3.495611713267863,,2.311327829491347,2.557614886201918,4.041181933134794,2.4705088417977095,2.648348963819444,2.165717812720686,2.998749787453562,2.2304073930718005,3.8200138537213206,4.454121914692223,5.408099666703492,3.9107203534804285,4.307118199300021,3.0649188440293074,5.3613649709150195,4.821809522807598,3.870061758439988,3.524564786348492,4.320562828332186,4.912046522367746,2.14634267706424,2.124063078314066,3.385945037472993,,3.6206320207566023,5.004895438905805,3.4324317798018456,3.5815303176641464,3.3796125664375722,3.379043580032885,3.3034969633445144,,3.585878575220704,5.558646773919463,3.929777128621936,3.0251102265901864,3.3581089447252452,2.9256973695009947,,,2.607093425001949,2.3686909466050565,2.346673334017396,2.5127052036114037,3.002835357096046,2.834743047133088,3.2107766326516867,4.051581421401352,3.892893620301038,2.752466421574354,3.4427384766750038,2.957460236735642
tt_13.700000000000001h,2.8628601520322263,,,2.137063396628946,3.118404853157699,3.7589189456775784,3.7589189456775784,2.9837743039242923,2.7528214138001204,,2.6663052341900766,2.624424791429192,4.906225438695401,3.0523616489954293,1.8854898014105856,2.455669617280364,3.966479144524783,3.1085292608477175,3.1085292608477175,3.4850709019228816,3.5048728664405644,3.8808366525918245,3.826101506128907,2.7490088692866266,1.8407933893613517,3.84369746921584,3.2730747871100903,,,4.104064254555851,3.496972663793713,2.51669767126441,3.2929575834423304,3.0098765613511205,,4.349607906769961,4.349607906769961,3.4129285751841962,2.411749449558556,4.632277247495949,2.77981013758108,2.77981013758108,4.567022867500782,3.4941864400170743,,2.3080681040883064,2.553450091741979,4.0409049154259264,2.4701291085220873,2.645687271375209,2.1640949766151607,2.997277596499771,2.2298581935465336,3.8175072367303073,4.454615995287895,5.408303142990917,3.9107203534804285,4.305979567114264,3.0649511190131307,5.361142600886524,4.821678317617625,3.867672120220959,3.5218020593747497,4.323388499207795,4.916817026678473,2.1428286167792976,2.1240480560809374,3.382047322113067,,3.62035569595173,5.0048540607094765,3.4324317798018456,3.5787102696485817,3.3731356444768608,3.375580210238695,3.3034969633445144,,3.583418690599501,5.558930033817887,3.926250950898975,3.021638527046889,3.3569624084047973,2.920868529006839,,,2.6023942031897604,2.363798624370247,2.3410877930000424,2.512695699930191,3.008317283820361,2.830201344564557,3.20734638068825,4.047959187533706,3.892893620301038,2.7577227759175003,3.441333467606455,2.9535653949715197
tt_13.8h,2.8586755516007543,,,2.1317333932965994,3.1168767628259957,3.7534944522194564,3.7534944522194564,2.9774420084431767,2.7433060789480805,,2.6636610929854214,2.6207323148846626,4.905380269046873,3.0478716576471925,1.880534179508686,2.4508671928197145,3.9621921540237963,3.1058192779310048,3.1058192779310048,3.4813269153237343,3.5048728664405644,3.8787911627441645,3.824275804217905,2.7376910466700792,1.8389009069651365,3.848400864750147,3.2698943205177784,,,4.101955261081457,3.4944347413256764,2.5165935610421,3.2883327091112733,3.004313192330301,,4.35649672197178,4.35649672197178,3.4093270925804973,2.4070290960371494,4.633354101330042,2.776100743561983,2.776100743561983,4.566290399990976,3.492786114104092,,2.301710657775402,2.5493243038654327,4.040637590922415,2.4697673181071877,2.64308057539165,2.1625125440768898,2.9958017133176327,2.229323221836239,3.814999796450138,4.455642853397876,5.408502378966659,3.906468898523599,4.304863401688635,3.064980184659362,5.360923971049488,4.8215662045404315,3.8653189362958074,3.5190704450942576,4.326399651821703,4.921561425551772,2.139359438791871,2.1240343009121716,3.3781789005734026,,3.6200885265134275,5.004815352149308,3.4400248252786696,3.5759244919754565,3.369956562295556,3.372153816744685,3.299550981260836,,3.5809920290485024,5.559212740976363,3.9227595762349665,3.0182170937769115,3.363876447547227,2.916099373716861,,,2.5977691505104303,2.358955916482955,2.3355866256169975,2.5126865706406534,3.0021641105413437,2.825715024024248,3.2039707736112177,4.04438460059464,3.8896148330532014,2.7548919641412795,3.439958685077727,2.949727796949446
tt_13.9h,2.8545304741710424,,,2.1264173169620335,3.1153656747192144,3.7481543524190784,3.7481543524190784,2.9712183228693902,2.733935918658972,,2.649982523173094,2.617087329272181,4.904549502301961,3.043425721116364,1.8756912061944604,2.446137110237032,3.9579581595025957,3.1031259666197,3.1031259666197,3.4776381705887616,3.502518398221582,3.8767768256366253,3.822474222164601,2.7342673945240676,1.8370413738302886,3.843620448373258,3.266735378652811,,,4.09987020958215,3.4919249205850065,2.5164948222227395,3.28377328813076,3.004313192330301,,4.3634795374237,4.3634795374237,3.4057680289261043,2.402373071759939,4.634341694880277,2.776100743561983,2.776100743561983,4.565574158448726,3.49139660410583,,2.2986182789318264,2.545253927819431,4.040379644371569,2.469422777183354,2.6405405243858695,2.1625125440768898,2.9943438223563135,2.2287942082621157,3.812503478489816,4.456175272818655,5.408697440754622,3.9109738511033356,4.303769340738654,3.0650063501670957,5.3607090334407985,4.82147277565673,3.8629872407764196,3.516370110679418,4.329335893969983,4.926280937623233,2.1359418956562877,2.1240343009121716,3.3743629660457373,,3.619830245617777,5.004779237788171,3.4316427134908736,3.573186147492379,3.366815439425409,3.368763857986778,3.2956705344840884,,3.57859896030277,5.559494786895812,3.9193069408647716,3.014844275545329,3.36274906527251,2.911364092025906,,,2.59319466073066,2.354154883418232,2.330178300384432,2.512677806429565,2.996094273868948,2.8212876855395734,3.200621690135449,4.0408775536343455,3.8863851772621274,2.752121434547007,3.4386135381646454,2.945959312375635
tt_14.0h,2.8504209388047457,,,2.121178676839918,3.1138710877858102,3.7428597155958414,3.7428597155958414,2.9712183228693902,2.7246615341864526,,2.6473701000213623,2.6134916194714606,4.903732942882925,3.039044812321663,1.8708140668459237,2.441485120449215,3.953773618210107,3.100462344009429,3.100462344009429,3.4739693580195308,3.5001916722394526,3.8747930233366787,3.826026731636375,2.730890133418143,1.8352180891670287,3.838905582204461,3.263629629742354,,,4.097808697260916,3.4894442167133093,2.5164012205787003,3.279244835022837,3.0092162117362022,,4.370580618735403,4.370580618735403,3.4022522536106408,2.3977616359479725,4.634341694880277,2.772428346797824,2.772428346797824,4.564873770810664,3.490018101874739,,2.2955496786162257,2.5412449026480317,4.040130777284503,2.4758746325969696,2.638040471356362,2.1685298304073513,2.9928684532642365,2.2282786169089377,3.812503478489816,4.45672010909766,5.4088884042575955,3.906779794488102,4.302697094622999,3.069300685543567,5.360497739166021,4.82139763282612,3.860705729573965,3.51370065798983,4.3323107357136905,4.924390924628824,2.132585195824504,2.1240217187441885,3.370588738936931,,3.6195805948227644,5.004745644051582,3.423428161069751,3.5704703754745424,3.3637048732489347,3.3620825582183897,3.291834406554699,,3.5762387295253575,5.559776057954878,3.915892954915762,3.011517373844981,3.361649850849062,2.9066919833421707,,,2.588648817501962,2.3494301955215633,2.3247875813394785,2.5126693979837,2.99010885739699,2.8169264448806643,3.197308927308768,4.037398034706712,3.883204247802496,2.749379571992904,3.4372974638827145,2.938557617366314
tt_14.1h,2.846379518508911,,,2.116050234530121,3.112389062065631,3.737627901136875,3.737627901136875,2.9800063567236066,2.715540506877005,,2.6447839410975575,2.6099423160776496,4.902930420823395,3.0438083242625,1.8660225234925747,2.4368644785135984,3.9496390954591334,3.097827901598066,3.097827901598066,3.4703382067382336,3.4978873673826456,3.87283942848444,3.8242476317100227,2.7275592195801437,1.8334492002613842,3.8342551575042307,3.260559511836618,,,4.0957703506574035,3.4869908872060478,2.5163125237450004,3.2747687003575265,3.003723778296262,,4.377758557908237,4.377758557908237,3.398777542170137,2.3932049139402807,4.63524828851223,2.759945088531822,2.759945088531822,4.564188876654953,3.492634068708867,,2.292518252506852,2.5372820487245917,4.039890697225928,2.4755231253802776,2.6355922846123576,2.1669749063439667,2.991396989673376,2.22777710435912,3.814176287036389,4.457277150359005,5.409075340721756,3.9026388456113636,4.30164638068527,3.069323672913015,5.360290041193366,4.821340377442539,3.8584594866260886,3.5110616898164153,4.335355495568365,4.929126061499119,2.1292783892713487,2.128823227714747,3.366858155000955,,3.6193393184803426,5.004714498762041,3.41534241149202,3.567787878215313,3.36064316611737,3.358807693235576,3.288041471503675,,3.573892927262932,5.5600564503110945,3.9125221939757466,3.0082492348738015,3.3605781784281135,2.902078163344413,,,2.5767154949717224,2.3447818136774004,2.3194874431937933,2.512661336455494,2.984202259685844,2.8126233243383467,3.1940313219092786,4.033965728711337,3.880090992897749,2.746679062023759,3.4360098829492927,2.934938504360616
tt_14.200000000000001h,2.8423784668557346,,,2.110938704572618,3.110924714244902,3.737627901136875,3.737627901136875,2.9738907208666205,2.71260967804119,,2.642208036966622,2.6064207646995783,4.9021417470648885,3.0394666302017868,1.861383467912674,2.4322993522509933,3.9455542089417577,3.0952213197015226,3.0952213197015226,3.4667434841394424,3.499938182067126,3.870915446896106,3.8224919200874865,2.724271731916815,1.8317232178524137,3.829648468643427,3.2575260759331286,,,4.093754718080163,3.484566100873053,2.5229355497285724,3.270338036585599,2.998301171232015,,4.373568525072187,4.373568525072187,3.3953567016869783,2.3887293343432248,4.639855163637549,2.7563183777965605,2.7563183777965605,4.563519116025418,3.49126841686666,,2.2895293114706874,2.5333559047430754,4.039659119211137,2.4751884853467345,2.6355922846123576,2.165458318311721,2.9899326567538083,2.227289059199393,3.811691317241639,4.457846005447209,5.409258318133652,3.8985502240248024,4.300616906024516,3.0693443487398326,5.360085892956704,4.82130060903728,3.856248200405389,3.5144370500929654,4.338455507531762,4.933813279028982,2.1259970418177545,2.1288115847855806,3.363156023900956,,3.619106168858707,5.00468572974205,3.430963782593608,3.5651383409276605,3.3576196478679776,3.3555680997669697,3.2842748290859163,,3.5715980897657573,5.5603358573280275,3.9091856298036873,3.0050153327174485,3.3595334626734257,2.897502778097987,,,2.5722224162891507,2.340153050608933,2.3142755972221494,2.5126536120660603,2.9783765599131584,2.808374729938805,3.1907898518256843,4.030579867307097,3.8832886344753206,2.744020450860262,3.4347502388991416,2.931373877916485
tt_14.3h,2.838414595462382,,,2.105915036983788,3.109474587254226,3.7419254812411964,3.7419254812411964,2.9678786653093994,2.7034801547415555,,2.6396858668886125,2.6029482623562217,4.901366728823632,3.0351909082382917,1.8567250678315759,2.4278133269399405,3.9455542089417577,3.0926440744660795,3.0926440744660795,3.463183581829071,3.497672147117555,3.8690207065083086,3.8207596614956856,2.721019545570016,1.830035817809403,3.8389580389484763,3.254529824014753,,,4.091761385090649,3.482169612310827,2.522848565131426,3.265971116255969,2.9929392002522945,,4.380850587505847,4.380850587505847,3.3919652099721134,2.3842900288291276,4.640653965063393,2.752721064258367,2.752721064258367,4.56286413827911,3.4899132582359016,,2.2865765667520463,2.5294822710566223,4.039435765706003,2.4748700400814414,2.643766576424241,2.1639797491952777,2.9884672542102635,2.226808992214501,3.8092171316966414,4.458426081575453,5.409437407273799,3.894530307035893,4.299595440272242,3.0693629374727607,5.359885248821229,4.821277925744653,3.854071523062885,3.5118300621397793,4.341611127834767,4.938474937342107,2.1227658726274967,2.1288009556010365,3.359505592379719,,3.618880902417004,5.004659266676754,3.422881322912872,3.5625209296122193,3.3546327273361385,3.3523618495091796,3.288377143908292,,3.5693345642648637,5.560614176094532,3.90588594134897,3.001826961990446,3.3585151163861156,2.892985628452152,,,2.5678087174892426,2.335596471093595,2.3090780596248806,2.5126462155021727,2.972630374133587,2.804183606058359,3.1876013609580696,4.027239684481174,3.88024378195405,2.741403731983155,3.4335179892368615,2.9278742517344654
tt_14.4h,2.8344973525963724,,,2.1100027514621615,3.108051368035376,3.7367543689906597,3.7367543689906597,2.961996261496097,2.6944524929858744,,2.6371770254336298,2.5995220192708075,4.900605210103095,3.030969775747508,1.8520960379391909,2.4233800442889333,3.934126795269549,3.0901175984181464,3.0901175984181464,3.4596780403517187,3.4954377291724086,3.8671546764671803,3.819050133228302,2.7178254136815667,1.8283384968526661,3.8343690438196063,3.251553263515234,,,4.089789723511785,3.479801415000111,2.522688016295433,3.2698186892084777,2.987658408936113,,4.388215164188296,4.388215164188296,3.3886148971505463,2.3799025705084205,4.641386276111007,2.749189828056842,2.749189828056842,4.562223591841757,3.4885670011863112,,2.2836994817480445,2.5256681595928967,4.039220370352268,2.47456714278087,2.6413480690680444,2.162538988981396,2.9870116519741714,2.2263397900387645,3.806753980461508,4.4590171170420945,5.4096126719377935,3.8905438175424933,4.298607759643346,3.0693796426057816,5.359688061289489,4.821271926164627,3.851929151453078,3.509237422142178,4.344821696635336,4.943112547509372,2.119585175998509,2.1287912614643574,3.3558922833763063,,3.618663283996284,5.004635039251298,3.4149244092404842,3.559935823548585,3.3516823621466756,3.349174682982266,3.2846555383875966,,3.5671026101335883,5.560891286469996,3.902622732333839,2.9986838256008923,3.3575225844979286,2.888521157670766,,,2.563459705095738,2.331116296350956,2.313160641118884,2.5126391374506056,2.966958219651133,2.80005701771006,3.1844367678277194,4.023965193890035,3.877225236967206,2.738828809466213,3.432312569580972,2.9244131785817444
tt_14.5h,2.8306216238997877,,,2.105045303236693,3.1111773760057986,3.7316631134599447,3.7316631134599447,2.9562122100032866,2.685564999934286,,2.6347025940194726,2.5961378500796854,4.89985700044781,3.0267889564856887,1.8476091627962887,2.4189790915697813,3.930089896544814,3.0876064742915332,3.0876064742915332,3.4561904529109597,3.4932355121709406,3.8653171663172543,3.817363291978836,2.7146728695370257,1.8249972108751535,3.829822758678347,3.248628850094974,,,4.0878471923060715,3.4774659699760377,2.5226143863983452,3.2654999997466803,2.982445494737476,,4.395680901128799,4.395680901128799,3.3853040575049818,2.3755781087093055,4.642057264689356,2.7456966917961836,2.7456966917961836,4.554787246044725,3.4872304061427712,,2.2808690927922726,2.5219015474431217,4.03901267144829,2.464901185594499,2.638992812950164,2.161135514266789,2.9855613163672388,2.2258825544267893,3.8043028716929257,4.459612953942269,5.409784181509167,3.882901023607701,4.297640462871641,3.0693946480751038,5.359494283795357,4.8212822107598186,3.849820740055293,3.5066875955089927,4.351399410050362,4.947745765093714,2.1164601426571608,2.128782430663705,3.352319128345698,,3.618453087285161,5.004612979944795,3.4071252327412367,3.5573960128240287,3.348759575281292,3.3460440328344703,3.28099790494889,,3.5649007274769247,5.561166568659246,3.8993960502557456,2.9955822522751987,3.3565553124062717,2.8841123948805034,,,2.559129503555596,2.326673131901771,2.3080284004099667,2.5126323685981333,2.9613665440119803,2.795984456781298,3.1813074368983507,4.0207150699570775,3.8742533470503986,2.736310053616762,3.431133456993848,2.9210044969804585
tt_14.6h,2.8267970606684685,,,2.1001801481470466,3.109756886959076,3.726612891536206,3.726612891536206,2.9545706673525274,2.676763676572591,,2.63225953001529,2.5927921128459275,4.899121924303472,3.022669160272926,1.8432031711563468,2.414642700459808,3.9261026619933546,3.08512383652851,3.08512383652851,3.452737529296428,3.49104822659865,3.863504221662879,3.815693775191903,2.719441084191203,1.8233619746752083,3.825357451569289,3.2457378543913364,,,4.085932785645127,3.4751547132618725,2.5225450177676976,3.261211760342121,2.97729066060856,,4.40327257104218,4.40327257104218,3.3820310817100108,2.3713208460249007,4.642671742476523,2.7422385020181537,2.7422385020181537,4.55414069397375,3.4859049688093364,,2.2780336644500494,2.518168103415519,4.038812412880361,2.464592017699033,2.6366740656085312,2.15976902237162,2.984112359583378,2.225438203662634,3.8018628507852554,4.460213501937687,5.409952002111822,3.8789344606921077,4.296693263575435,3.0694081210531294,5.359303870238364,4.821308379527181,3.8477313835173845,3.5041657644324005,4.354794669896364,4.929823899175972,2.1133826854638755,2.1287743938155472,3.3487733295187354,,3.6182502075098455,5.0045930203050375,3.4146072291769087,3.5548775237984955,3.3458832972683012,3.342947328928858,3.2773824585601687,,3.562729759607464,5.5614399504847825,3.89621052891016,2.9925342313945293,3.355612760409713,2.8878529043868184,,,2.5548625783994794,2.3222701651975513,2.302984512411058,2.512696678750217,2.955849037040025,2.7919629402458668,3.178211869671941,4.025713895447552,3.8713281452655792,2.7338174278847873,3.429996901191771,2.9176446455530822
tt_14.700000000000001h,2.8230081060901284,,,2.1001801481470466,3.108347817789763,3.7216266696341336,3.7216266696341336,2.948760932777077,2.680823005270213,,2.629825478885323,2.58947440283373,4.898399852216244,3.0185997812077403,1.8387559517286718,2.4103857651352882,3.9221616429276764,3.082667914684862,3.082667914684862,3.449318758677691,3.4888766794465482,3.8617244767956436,3.8140520569868386,2.719441084191203,1.8217691560275853,3.8209523987025023,3.242881472222507,,,4.084046107251197,3.4728709124028683,2.5224797097034752,3.256971137598157,2.9722152212634683,,4.410948554053903,4.410948554053903,3.3788099195808172,2.367103057913482,4.643234145827591,2.7388176103122532,2.7388176103122532,4.553513323888183,3.4845911329612136,,2.2752405516803265,2.514481176622212,4.038619351107627,2.4642980345524848,2.6344043100252748,2.1584382676519454,2.982674421276897,2.2250053407624364,3.8034879718907177,4.460818625986576,5.410116198007017,3.8750003771856427,4.295765695627779,3.069420211482793,5.359116776380688,4.821349149569869,3.8456864249892533,3.501672565471381,4.358255031984299,4.934429450426251,2.1103315614163876,2.1287670889869332,3.345280849840492,,3.6180544206872582,5.004575094208121,3.4146072291769087,3.5523905865848064,3.34304336598143,3.3398852669633925,3.2738077910616994,,3.5605889540165663,5.561711366288364,3.893056866712868,2.989517515990883,3.3624460715800524,2.883496076334268,,,2.5506617384962738,2.3179373517632484,2.302984512411058,2.5126904961653054,2.9612947646528482,2.787997724954039,3.175150712020695,4.025713895447552,3.8684494071640074,2.7313625598326325,3.428868826944381,2.9143455107696354
tt_14.8h,2.819261954165995,,,2.0953237251378596,3.1069712433964014,3.716723369434476,3.716723369434476,2.9430759018287063,2.680823005270213,,2.627434294205159,2.586207900661975,4.897690559737384,3.0145827657543123,1.8257035873830318,2.4061620254069567,3.9182673236355186,3.0802379669621587,3.0802379669621587,3.4459505234844983,3.486735411453992,3.8599727414548397,3.8124320516362786,2.7163295093923807,1.8201905526220798,3.816586924251169,3.240059677977115,,,4.082186872605234,3.4706122265197337,2.522418265696615,3.256971137598157,2.9771139724180102,,4.4144759848713875,4.4144759848713875,3.375615735538304,2.3629223606549203,4.643748582340777,2.7354294694960117,2.7354294694960117,4.552904590498656,3.4832898611202836,,2.2725065830163658,2.5108519685454667,4.038433251902461,2.464018614962697,2.6321825361810625,2.164397882297635,2.9812382981181145,2.2245821547694504,3.80106271058321,4.461418330669403,5.410276833921671,3.8711155131459236,4.29485371382907,3.069431056268513,5.358932984061539,4.821385280229151,3.843671032227576,3.4992081597447395,4.361780470237136,4.939011584036052,2.107323146890849,2.128760456107557,3.341824660077691,,3.617865508887917,5.004559135530144,3.4069306938908994,3.5499347471632063,3.3402391588315368,3.336854558903724,3.270273605361581,,3.5584606966003776,5.561980746220797,3.8899379861541092,2.9865414099767804,3.3615191909484565,2.883496076334268,,,2.5465148496441543,2.313685574103147,2.298023236915469,2.512684595771134,2.9558481415733695,2.7840927448123693,3.1721409684978426,4.022504920139909,3.865616344846785,2.7289460776373744,3.4277654960751534,2.9110792609862983
tt_14.9h,2.8155545410700142,,,2.0905355750583112,3.105595658533275,3.7210089839063585,3.7210089839063585,2.937484696507454,2.672155406791717,,2.625035964883864,2.5829845028929412,4.896993803791702,3.0106037477962673,1.821317045018077,2.410482959356159,3.9144194880500436,3.0778351137414575,3.0778351137414575,3.4425976504571736,3.4846114930696785,3.8582487404346466,3.8108331584371626,2.7132588396780193,1.818663351237774,3.8213045825250447,3.237272991798818,,,4.08035475295037,3.4683800521306694,2.5223604957573116,3.252791185863316,2.97210474871099,,4.422391772270203,4.422391772270203,3.372460269369185,2.3588170097209513,4.644218855071813,2.732102526817471,2.732102526817471,4.5523139629513025,3.468519297428429,,2.269798289053142,2.507273827213794,4.046224921941757,2.47019705735147,2.6300082933157682,2.164397882297635,2.979799192864448,2.22417030017823,3.80106271058321,4.462031867355108,5.410433974117041,3.867279142141342,4.293957086279988,3.069440779276192,5.358753005042672,4.821416880004108,3.84168488252908,3.4967715265229344,4.365353891626,4.943569039460272,2.104351478163153,2.1287544406950474,3.3457427830435336,,3.617683259770274,5.004545013420284,3.399370585102588,3.547508084680885,3.3374695032835007,3.3338573602959514,3.266764731146395,,3.5563798174262047,5.562248030677438,3.8868535603396595,2.983606705442071,3.3615191909484565,2.879166414961219,,,2.5423851972445846,2.3052569897845387,2.293072036933154,2.512678967323154,2.9558481415733695,2.7802382786758244,3.169154821895063,4.019339255522937,3.8628479219041765,2.7265681638382375,3.4336596690118313,2.916448404546827
tt_15.0h,2.811900188680738,,,2.0858734091743827,3.1042341026477516,3.716174092143774,3.716174092143774,2.93199950363487,2.6635902733542025,,2.622700168285519,2.5798042765818536,4.896307148039341,3.006682941224426,1.8170377896167338,2.4063116405159235,3.9106188151054084,3.0754753784276545,3.0754753784276545,3.439279011916369,3.4825202263891697,3.856552009936422,3.8092552721500397,2.710226478986442,1.8171723685227334,3.8213045825250447,3.234504059422761,,,4.0785494572483,3.4661744232289493,2.5223062173463404,3.2486359300091863,2.97210474871099,,4.422391772270203,4.422391772270203,3.369342161808163,2.3547709714621305,4.644648481626064,2.728808125015348,2.728808125015348,4.551740921102464,3.467242886777967,,2.2671588230878115,2.5037275115028024,4.046042334288359,2.47019705735147,2.627880634739995,2.163091535679996,2.9783801417797804,2.2237689369358122,3.798642832785845,4.462649069726467,5.410587679594755,3.863511594943702,4.293075584806502,3.069449490401894,5.3585767722688615,4.821444054599851,3.839727630838752,3.494349290151149,4.3690093187615275,4.948121938388795,2.1014250800944865,2.128748991061002,3.3423230880871415,,3.6175074661150575,5.004531254991889,3.39071805216372,3.5451106391847134,3.3347334624268115,3.330880908295512,3.2633155887015164,,3.5543283615261316,5.562513155397028,3.883803732227534,2.9807128198444843,3.360616134945303,2.8748964900150895,,,2.538321774918586,2.301140699069947,2.28819946013391,2.5126736015081406,2.950471789110452,2.776431472506374,3.1662025954574347,4.016216236632317,3.8601041208021343,2.7242282014340162,3.4325739950872958,2.913237212225795
tt_15.1h,2.8082792423665524,,,2.0812531420961022,3.102891487069428,3.716174092143774,3.716174092143774,2.9405616829171777,2.6551468181423843,,2.6203706711530685,2.5766543839126825,4.8956129481084645,3.002810056786984,1.8170377896167338,2.402177306357771,3.9068621825426817,3.0731338220648468,3.0731338220648468,3.435995515435934,3.480444261804223,3.854882244952023,3.807697858195752,2.7072333730757236,1.8157206904143095,3.8170151044614613,3.2317838547751307,,,4.0767706502228975,3.463994788005948,2.5222552521154284,3.2445292249321938,2.9671591594815254,,4.430458463262767,4.430458463262767,3.3662599376402795,2.3467873204499483,4.6450407188385725,2.7255462878383696,2.7255462878383696,4.551184962037951,3.467242886777967,,2.264562000054866,2.500220426823944,4.045866337604821,2.469925935380161,2.625799037050456,2.161819585133344,2.9769453681074083,2.2233791267499328,3.79624119726941,4.4632699633948505,5.415432951413095,3.8679809411987662,4.292208942584693,3.0694572757929564,5.3584042196162045,4.821466908790171,3.8377989465370774,3.4919686908833683,4.372729047201574,4.950883044861257,2.0985654587857425,2.1287440597079694,3.3389378399588168,,3.6173379253596067,5.00451785326004,3.3832749631255865,3.542753668036312,3.332023254595697,3.3279532655142248,3.2599060581997037,,3.550311923958361,5.562776062171906,3.880792976822704,2.977866485249251,3.3597363978624344,2.8706788890995085,,,2.5343243503011763,2.297096375375986,2.2834225450642407,2.512668488547206,2.9451719569042325,2.7726755528710783,3.1632824512198567,4.013135172892362,3.8574050944298506,2.721926669124514,3.4315120461396873,2.9100570334121585
tt_15.200000000000001h,2.8116460372693837,,,2.076630871742964,3.101564266718924,3.7113834801129997,3.7113834801129997,2.935155178885907,2.646794115193188,,2.618073903489858,2.5735401823185384,4.8949461448937654,2.9989872057922184,1.8128990409895778,2.3981079226359725,3.903149734251201,3.0708193802274764,3.0708193802274764,3.4327481482177973,3.478417158126831,3.8532390212640166,3.8061604904942214,2.704274256248027,1.8143098163418472,3.8127636136487126,3.2290954194031656,,,4.075018011499196,3.459719558712095,2.522207431960851,3.240467683877796,2.96226793481037,,4.438639452215284,4.438639452215284,3.363226808141917,2.342886502854526,4.649398868903518,2.7223229045048356,2.7223229045048356,4.5591911021620035,3.4659794089384377,,2.2619522507302463,2.496763330884278,4.045696710702032,2.4696684516966343,2.623775295447558,2.160582043696195,2.9755135416053236,2.223000617697835,3.793856179807335,4.463894481770694,5.415583583060652,3.8642713488079607,4.291356917936355,3.069464229978621,5.358235282357782,4.821485546883196,3.8358985017985106,3.48961549019441,4.376513250172138,4.950883044861257,2.095748744904995,2.12873960332945,3.335592234507203,,3.617174439597875,5.004504801239818,3.3832749631255865,3.540416200645268,3.3293570750392973,3.3250608695670962,3.256535056978464,,3.5483457292430103,5.563036696054041,3.8778129876591265,2.9750490174628794,3.358879496343434,2.866498631890863,,,2.5303792748600245,2.2930602501146495,2.2786617050878704,2.5126636205241084,2.9399417089298368,2.7689760755747557,3.1603936376050115,4.010095458012074,3.854748710989952,2.7196770454756916,3.4304733285680413,2.9069213224574924
tt_15.3h,2.8080683150328696,,,2.072108103428036,3.1033570459112525,3.706654839683324,3.706654839683324,2.935155178885907,2.6508575989864767,,2.615796240977943,2.570463149342686,4.8942891475744545,2.9952005320228636,1.8087269878014922,2.394110871013254,3.8994814320467412,3.0685304892249405,3.0685304892249405,3.436060186009854,3.4763905317522585,3.851621998474002,3.804643089417368,2.7013690834864974,1.8129027555696666,3.808588059153408,3.226439787540585,,,4.073290741071105,3.457618516869843,2.5221625925041735,3.2364650005474687,2.957454841118306,,4.446975770406425,4.446975770406425,3.360218114685267,2.3390460135415196,4.6497411779128015,2.725985195953399,2.725985195953399,4.558646893594414,3.4647292448207736,,2.2593961558304727,2.4933610945008695,4.045533249154687,2.469424041453749,2.621783309150487,2.159378068521619,2.9740918749012053,2.2226283908821642,3.7914877040311694,4.464522496797144,5.415730901993811,3.8642713488079607,4.290519278496504,3.0694704386405647,5.358069896697998,4.821500069927424,3.8340259096585214,3.487290238495916,4.380345199257135,4.955386243760586,2.092943897470832,2.1287355800159276,3.3322717547416687,,3.617016817908734,5.004492091946304,3.375977752264589,3.538107269909233,3.3267247234471142,3.322196513880044,3.2532027773559093,,3.546409302391112,5.563295002095401,3.8748660809360445,2.9722704659216106,3.3580449474975467,2.862369030714035,,,2.526449598837644,2.2890748493373394,2.273949809372425,2.512658989056945,2.934778688941151,2.7653258978389204,3.157539972104132,4.007117146160454,3.8521347395144403,2.7174494969658554,3.4294741107150912,2.9038304504938424
tt_15.4h,2.8045285339467227,,,2.067686135880649,3.1020593428984284,3.7020056629553437,3.7020056629553437,2.9298644731752574,2.6508575989864767,,2.6135348607786,2.5674222293309867,4.893641835078597,2.991469937376678,1.8045755345374346,2.390143546741456,3.895857954863459,3.066266691777855,3.066266691777855,3.432851586956531,3.4743932583369315,3.8500309749506414,3.803146610967815,2.6985020362772048,1.811493297573179,3.7971804295666516,3.223816827405244,,,4.071589583531022,3.455541931092739,2.522120581474155,3.232485906686634,2.95270137116313,,4.4554303623735905,4.4554303623735905,3.35724540008232,2.335226522292942,4.650053042918444,2.722800189163536,2.722800189163536,4.558118872810155,3.4634914798662066,,2.2568709487095475,2.4900027099065483,4.045375891961157,2.4756381739862263,2.6198335620574653,2.1582065387628973,2.972670298535377,2.2219148818403482,3.7769944965839386,4.465153878554702,5.415874967351556,3.8605952356010675,4.2896957993507385,3.069475977215916,5.357907997444272,4.821510578971356,3.832166513428092,3.4849928678013384,4.384259496815503,4.959864427801222,2.0901749590411782,2.1287319525144994,3.329000583384186,,3.616864871699363,5.0044797193259,3.368788822554052,3.535826602950692,3.324125783983618,3.31936216307804,3.249895020853728,,3.5445017418824136,5.563550924882293,3.871951871085912,2.977068134583533,3.3572322744876146,2.858285111375153,,,2.5225810832343996,2.2851616395637393,2.2693292954936624,2.5126545852981508,2.9296887149102986,2.76172148110345,3.1547359502874315,4.004159023985267,3.8495625047944486,2.715255981311202,3.428481735289097,2.9007840217091143
tt_15.5h,2.801024220418185,,,2.0632557249628007,3.1007740614004433,3.6973986634984612,3.6973986634984612,2.924658950418234,2.6425999966450036,,2.611298379022628,2.5714643113315105,4.898181788157672,2.987784252036363,1.8005390954203904,2.386211283970624,3.9005207088775933,3.064026433508843,3.064026433508843,3.4296932658180594,3.4724138253368437,3.8484611022286117,3.8066825699061155,2.7032482670620084,1.8101194519549608,3.7930583991110325,3.221227144356817,,,4.0699135875329375,3.4534883592277765,2.5220812489278615,3.228553459048271,2.94801237154752,,4.443522012792528,4.443522012792528,3.3543092547915876,2.3314611953683197,4.650336925406009,2.7196479509584606,2.7196479509584606,4.558118872810155,3.462254161480814,,2.2543855127878487,2.4866725304163992,4.045224431436509,2.4754011994227767,2.617925498634577,2.148033260833472,2.9712577466852963,2.221571897622198,3.7746456139720976,4.465788419824094,5.416015837807208,3.8569693118333817,4.288886259775609,3.069480916019529,5.357749523129314,4.821517171338201,3.8303486648947,3.4827232672832906,4.388238103594631,4.96435961406678,2.0874602338299155,2.1335298661142588,3.3257614648900926,,3.6167184174992144,5.004467676393688,3.3761788168922067,3.5335738053545356,3.3215591399930418,3.3165478971786797,3.2466434529051185,,3.5426037088036537,5.563804415520281,3.869070255663246,2.974320463370532,3.3564410391263664,2.8542519616894424,,,2.5150241651572287,2.281320338603109,2.264775060582906,2.5126504013314843,2.92466629948467,2.7581638963893056,3.1519510191865265,3.993029403500259,3.847051002085209,2.7130973394960165,3.427512461785227,2.8977938555181026
tt_15.6h,2.7975768512114882,,,2.05887802131474,3.1007740614004433,3.7017324096523225,3.7017324096523225,2.933105720207095,2.6344881979748607,,2.60907069593668,2.568462090101093,4.897542365361005,2.9841457596048713,1.7966325106099248,2.382339291740209,3.8969389852136374,3.0618114033713937,3.0618114033713937,3.426552867051214,3.470461891964078,3.853662893176079,3.805206310003996,2.7004191069863737,1.8087515644729137,3.788991033565253,3.2186534204520285,,,4.068262432236224,3.4514606497250497,2.522044451441616,3.224664580542594,2.9368119556456804,,4.452265039552003,4.452265039552003,3.3514076359570026,2.327749941498041,4.650336925406009,2.7165552973747253,2.7165552973747253,4.557606580667198,3.463662951719016,,2.2519813077524304,2.483381980098784,4.045224431436509,2.4754011994227767,2.6160583603195846,2.14688389794901,2.96985496673733,2.2212387467734516,3.7723135109990835,4.466425629798323,5.416153574362397,3.8533929977566004,4.288090416230261,3.069485316053033,5.357594411354512,4.821519944816828,3.8285576440393925,3.4804811482317746,4.392281060572714,4.967136036604643,2.0847896174527705,2.1335265366360545,3.3225552695803344,,3.616577277891338,5.00445595709607,3.3761788168922067,3.531348403543234,3.3190237935632467,3.313780373893678,3.2434292836114764,,3.5407511782832444,5.564055426977575,3.8662214349024,2.9716101535595953,3.3556707776151597,2.8502533892169595,,,2.5112871127203107,2.2774828542023897,2.2602284643799067,2.512646428309381,2.9197079865261912,2.751202270388603,3.149198110215366,3.9901084299199283,3.844560468569398,2.7109734900295734,3.427512461785227,2.894832547288388
tt_15.700000000000001h,2.7941648736596107,,,2.0546168009750545,3.099505099467933,3.697190954349935,3.697190954349935,2.9279878018423915,2.626437195111066,,2.6068958127871156,2.565508860629052,4.89691246021539,2.980554865207523,1.7926857057027519,2.3785414560697973,3.8933991212397814,3.0596365365199745,3.0596365365199745,3.423446971923113,3.4685307862237096,3.8521194821223617,3.803750426042825,2.697627401445061,1.8074051113799214,3.788991033565253,3.2223028307780623,,,4.0666358466260135,3.449455781839788,2.522010052111,3.2208326514810324,2.932186041492969,,4.461151469964534,4.461151469964534,3.3485514926724136,2.324107085354626,4.650595093611628,2.713488307315856,2.713488307315856,4.5570906000211835,3.4624648145399988,,2.249579102732241,2.4801403805613518,4.045078665483743,2.475176455453038,2.614231693558395,2.145765781868249,2.9684524834156036,2.220910490024835,3.7723135109990835,4.467065390199423,5.4162882338278,3.857884145807475,4.287308056373149,3.0694892345927656,5.357442601118237,4.821518993470818,3.8267931886948645,3.4782520681619644,4.3963891714811325,4.971624686382711,2.0821768371388316,2.1335235349833965,3.3193866573274136,,3.6164412768557668,5.004444554448128,3.3690989394672215,3.529150498099625,3.3165118633769453,3.3110454133711755,3.2402517325244844,,3.5389294675551355,5.564303912222385,3.8634101785719395,2.968938557431102,3.3463288568891585,2.8540135552175343,,,2.507601687684655,2.273689590394497,2.2557594375684857,2.5126426592469215,2.9090182669460773,2.7477924656122923,3.1464744256809354,3.987226724624634,3.8421108932234347,2.708884324412793,3.4265658585354686,2.8919121976941824
tt_15.8h,2.7907839897088706,,,2.0504199881106615,3.098252379335463,3.6927092038094997,3.6927092038094997,2.922951170708984,2.6305026169866323,,2.6047273208387196,2.5625936863943934,4.896291991695762,2.976993902120739,1.7887565940618515,2.374775202013552,3.8899006922729313,3.0574788697995245,3.0574788697995245,3.420374442823231,3.4666260918602347,3.850601189304143,3.80231463117525,2.6948713078163564,1.806105448398739,3.784977462608367,3.2197633907198906,,,4.065033562481403,3.4474762845784426,2.5219779182225466,3.2170215034857392,2.927612370811403,,4.461151469964534,4.461151469964534,3.3457169951871037,2.320489650592208,4.6508296355605125,2.710454569198191,2.710454569198191,4.55660840542987,3.4612657777033746,,2.2472182526253164,2.476951017510146,4.044938399456441,2.4814234701916575,2.612444581463933,2.1446792227216065,2.9670619214884937,2.220591855701059,3.7699978444725275,4.467707603704184,5.41641987208277,3.854362533893436,4.286538956686854,3.0694927209988236,5.357294034212828,4.821514410898089,3.825054978951812,3.4760621208697557,4.400544497184455,4.976111836731434,2.085675138514489,2.1335208318196237,3.316240785177797,,3.6163102467544377,5.004433462396264,3.362156942486763,3.52697973838076,3.314041504636407,3.3083438836038113,3.2371105295605958,,3.5371308755129576,5.56454982701689,3.8676061863079667,2.9663061373867095,3.3455718168988824,2.8500596205703914,,,2.503973338752985,2.2699598562903702,2.251380693167448,2.512639084365219,2.904122729320079,2.7444245852530003,3.1437811120413244,3.9843837497755885,3.8397021857090294,2.706829883158207,3.4256414845585823,2.889033236540854
tt_15.9h,2.7874421174637973,,,2.046203510835767,3.0970125077292323,3.688285729382187,3.688285729382187,2.922951170708984,2.6225860831327736,,2.6025977074168622,2.5596917285583913,4.8956633768975735,2.973487265408039,1.784927868284285,2.371036136522889,3.886443375144154,3.055345641914755,3.055345641914755,3.417336931452155,3.464743616525084,3.8491076910868287,3.800898770801723,2.692152012139559,1.8048188867978752,3.7809976087883115,3.2172722863033414,,,4.063455320429057,3.445525097195059,2.5219479254446924,3.213254628702998,2.923109397292137,,4.470166144892573,4.470166144892573,3.342917586211115,2.316907512024045,4.651042661163956,2.710454569198191,2.710454569198191,4.564582367427647,3.4600910381413996,,2.244862211868167,2.4706785762682557,4.044803444296122,2.481205699034035,2.620319324079901,2.143623510375619,2.9656788487918675,2.220282880589366,3.7676899577490985,4.468352185096592,5.416548544541001,3.8508891267701983,4.28578290855512,3.0694958209060133,5.357148649170995,4.821506288368255,3.8233427652157843,3.4738981276750565,4.404781337361783,4.976111836731434,2.0831009675748646,2.1335184001363814,3.3131411829963326,,3.6161840208806098,5.008144284598529,3.3694830308668315,3.5305747562088072,3.311603322159499,3.305664088111371,3.23399220360443,,3.535360835492611,5.564793128985912,3.8648259062319994,2.9637046535499394,3.344835002440959,2.84615447698161,,,2.5004060501232743,2.2663115933537483,2.247019488364458,2.5126356976106763,2.899293478112668,2.7411017129197717,3.1411202889867127,3.981578905135393,3.8373341425321996,2.704823875334114,3.4247389063239098,2.886196398176253
tt_16.0h,2.7841347991488874,,,2.0420624599792063,3.0957868387922645,3.688285729382187,3.688285729382187,2.9180083102546632,2.6147494381293654,,2.600476969499141,2.556827758438885,4.895061482209712,2.9700244828127325,1.7879972886294127,2.3673524828627706,3.883027019444853,3.053237020969391,3.053237020969391,3.414328610524535,3.4628863856196404,3.847634554374963,3.7994975806213915,2.692152012139559,1.8035505055449903,3.785709518007934,3.214810452889651,,,4.061900838743895,3.4435942098498344,2.5219199527055025,3.2095306268893182,2.91866641305387,,4.4793495568446815,4.4793495568446815,3.3401525281369686,2.3133694967254996,4.651239679194987,2.7074624649249017,2.7074624649249017,4.56411008676514,3.458930059336126,,2.2425434426404536,2.4675926472991705,4.044673616997898,2.480999049730599,2.6185522275045514,2.143623510375619,2.964291803073138,2.2199817677028477,3.7692750985734165,4.468998980242759,5.416674306150526,3.8508891267701983,4.2850397024303675,3.0694985752925277,5.3570063887164,4.821494716219604,3.821656207088381,3.471760564483702,4.409082435071468,4.9806168377399445,2.080567447002977,2.1335162152536213,3.310069960542023,,3.6160624376498163,5.008133616764098,3.362645205575973,3.5284350705333054,3.30919636040926,3.3030173876322806,3.2309281257912517,,3.533620490692556,5.565033778548241,3.8620741395279765,2.9611533898860216,3.344117437954992,2.842293556779623,,,2.4968711803667247,2.2626710580661893,2.2426911084912717,2.512632491532713,2.8945331452414393,2.7378266691230237,3.1385071333497763,3.9788116212002933,3.835006522014737,2.7028378089889884,3.4238577182404697,2.8834010688588023
tt_16.1h,2.7808794802986085,,,2.038033675402403,3.0815582456998527,3.683939200360328,3.683939200360328,2.9263709327206016,2.6147494381293654,,2.5983874504454434,2.554002075921744,4.8944687228649855,2.9666073783300817,1.7842493685893714,2.363741405773908,3.8796523697674274,3.0511507685296237,3.0511507685296237,3.4113711211830378,3.4610656914301217,3.8461904050782323,3.7981213056482375,2.689470785204321,1.8023490435443819,3.781779680401087,3.2123785614967346,,,4.06036983570084,3.4416880551725626,2.5218938859179616,3.2058431725017726,2.91866641305387,,4.484179671853781,4.484179671853781,3.337420569267124,2.30990059254691,4.6514218132942915,2.7044826801866293,2.7044826801866293,4.563651873730123,3.458930059336126,,2.240267581306398,2.4645519996993244,4.044548738282174,2.480999049730599,2.6168232639320195,2.142597430385649,2.9629265321418643,2.219690474215895,3.7669821390882134,4.469647856429219,5.416797212790698,3.8474802020937204,4.284309103153646,3.0695010204799473,5.3568671946413815,4.82147978246212,3.818358964752406,3.469648834783584,4.413430941756815,4.983457702212036,2.0780411502346396,2.1335142548196018,3.3070317460224032,,3.615945339202881,5.008123244624585,3.362645205575973,3.5263340286910534,3.3068195465020835,3.300384850706905,3.227899490389973,,3.53190236678347,5.56527173705399,3.859353130683303,2.958621532190591,3.343418697360903,2.8384813251905143,,,2.4933487395755947,2.25905589107424,2.238439756911248,2.5126294582150877,2.8898317273706198,2.7346019139513373,3.135910838842392,3.9788116212002933,3.8327384516596794,2.7008837503381073,3.4229974974878132,2.880657698493451
tt_16.200000000000003h,2.7776570771820843,,,2.034053636249155,3.0803607064299285,3.679632139392197,3.679632139392197,2.921496433671564,2.607028141617775,,2.5963049978017807,2.551212447695434,4.893885002005845,2.963234654162079,1.7806240026839077,2.360176037531346,3.876316755078733,3.0490872487425804,3.0490872487425804,3.4084313553757966,3.447228467091918,3.844770188909024,3.796764161903411,2.686821203213185,1.8011723905801773,3.7779205543920398,3.209977168124169,,,4.0588620491325855,3.4398021935485303,2.521869615651667,3.2022098200395703,2.914273601025343,,4.493654784746468,4.493654784746468,3.334720592945814,2.3064801269210875,4.639609299600124,2.7015629396773875,2.7015629396773875,4.563207331579179,3.457780221942812,,2.2380253127776086,2.4615638917312026,4.044428636785597,2.4808029988780618,2.6151325264945626,2.141611228697002,2.961551276035607,2.219408746343106,3.7647049305960536,4.470298305153847,5.416797212790698,3.8441010108217597,4.283578036352992,3.069503189995885,5.356731011532247,4.82146157277748,3.816747676115483,3.4675634633749723,4.4178613922558725,4.987957505043596,2.0755583671852946,2.1335124974139035,3.304028218612075,,3.6158325718715787,5.008113163057715,3.3559059924446046,3.5242505609057844,3.30447282968089,3.3043527817353606,3.224905631504953,,3.530214485246688,5.565506968647242,3.8566626352258027,2.9561265353113413,3.3427383890375495,2.8347180387936532,,,2.4898899411782622,2.255506645422429,2.234286844730377,2.5126294582150877,2.885192441754043,2.731417472474277,3.1333437971770763,3.9761017146520317,3.820224438328296,2.6989601920358837,3.4221578501164913,2.8779394049197435
tt_16.3h,2.774464152287692,,,2.030050804838538,3.0791798075661063,3.6678975354880095,3.6678975354880095,2.9167121602222323,2.5949646891094744,,2.5942508094012737,2.548470492474735,4.893310230690986,2.9598871073685586,1.7769564157351851,2.3566271709278226,3.873020112980157,3.047045025974512,3.047045025974512,3.4055220196023583,3.44544326281175,3.84337374009192,3.795425628311932,2.691566498018801,1.8000061865895987,3.7779205543920398,3.2076058136299253,,,4.057377512101084,3.43793886853382,2.5218470324762166,3.1985991653054953,2.9099550708197057,,4.503267514985055,4.503267514985055,3.332064079120755,2.3030766947194934,4.639772602822632,2.6986855403520167,2.6986855403520167,4.56277606729418,3.456640784163028,,2.235852751415223,2.458618250209838,4.044313145801425,2.4708921564742923,2.6134789371863008,2.1474966052919626,2.9601731868460774,2.2191363759338856,3.7624419927597046,4.470949360635132,5.4169173198752105,3.8485958725214005,4.28287217952311,3.0737964720465243,5.360367977526039,4.808629489503801,3.815146650187671,3.4655044744722545,4.422354259062558,4.992476223967969,2.0730951596051455,2.133510924410075,3.3010438405908644,,3.6157239847816527,5.0081033650785685,3.3632035283371806,3.522193950600922,3.3021552097052336,3.3017619238235056,3.2219459800980985,,3.5285493889823556,5.565739002544433,3.8540025134570897,2.953668249770999,3.3420761195011437,2.830973230302334,,,2.486486268695444,2.2520329686813056,2.230122088920325,2.5126265911385417,2.885192441754043,2.7282723425887525,3.130804461427033,3.9734085965901613,3.81799611216411,2.6970685780979693,3.421338376123458,2.8752596778795123
tt_16.400000000000002h,2.771309075411409,,,2.0261219777166843,3.078012725804001,3.66365464637056,3.66365464637056,2.912029975093901,2.58735488448292,,2.59021927556023,2.5457643601112068,4.8927443153224885,2.956592465285212,1.773286688607186,2.3531200475990772,3.873020112980157,3.0450258632190526,3.0450258632190526,3.402642825152725,3.44366389606148,3.842000480275601,3.7941055581904948,2.6889461800456047,1.7988928309641778,3.774111927486956,3.2052654735744,,,4.055920000653714,3.436099478509277,2.5218260190449655,3.19503167970106,2.914885811973363,,4.513059234246612,4.513059234246612,3.329427229706198,2.299722746014595,4.639923383481801,2.702363159507513,2.702363159507513,4.56277606729418,3.458115774206817,,2.2336907209828496,2.455692315939814,4.052088690921664,2.4707017526961863,2.611862022895366,2.146519578061998,2.958807621151209,2.218873185571283,3.760193365626037,4.471598196774721,5.417034680955112,3.8452684776857495,4.282178318593651,3.073798333760351,5.360234867315739,4.808604613412172,3.8135838750749826,3.463471134658903,4.426905720494688,4.99696909962222,2.070684461388737,2.1335095181129873,3.2981039504520595,,3.6156195080839097,5.008093845564872,3.356564102228731,3.520164158195257,3.299859127961099,3.299191715195775,3.2190058403648436,,3.5269070556387305,5.565966363530606,3.8513728794641793,2.95124053908512,3.3420761195011437,2.830973230302334,,,2.483136795461178,2.2486218865960836,2.226001776754856,2.5126238823868334,2.880619838833809,2.725168891251087,3.128294418565929,3.970751683227718,3.8158265403471887,2.6952079655602574,3.4271583962254226,2.872618614230305
tt_16.500000000000004h,2.771309075411409,,,2.0141040151938796,3.0768562466837466,3.659469062462449,3.659469062462449,2.912029975093901,2.5797965354286134,,2.588237915188074,2.5430679097771645,4.892187169287354,2.9613080671988428,1.7697022818028927,2.349670274183154,3.8697621738538146,3.043048192281276,3.043048192281276,3.3997963522560894,3.4419068843126297,3.8406487554311752,3.7928036213852465,2.686375102493912,1.7978135086596012,3.778802099637687,3.2029388872906566,,,4.05448865192011,3.4342795270495117,2.5218064808286726,3.19150171848014,2.9106128928251565,,4.5229918151162565,4.5229918151162565,3.324251026380807,2.2964156377129257,4.640062533784658,2.6995217171497643,2.6995217171497643,4.562357700895518,3.4570025210268795,,2.2315701306797564,2.4527998762205243,4.051975482143462,2.4705212232656777,2.6102812769822776,2.145570445805788,2.9574500415474176,2.218617483507842,3.760193365626037,4.472244701813906,5.41714934958145,3.841986805200577,4.281496256124228,3.0737999817356467,5.3601046544499695,4.808576660696417,3.8120443844236434,3.461448040790856,4.4314988581463695,4.99696909962222,2.0683189015835524,2.133508261758834,3.2951917303726077,,3.6155192512087524,5.008084597531706,3.350035533774644,3.518160428851843,3.2976020858623087,3.296665804926306,3.2161198370158672,,3.5252731358632445,5.56618911260739,3.848777926992625,2.9488528352230787,3.3414315106347203,2.827282820828259,,,2.479794431012124,2.2451862636953592,2.2219634987413883,2.512621325906366,2.876106368843466,2.722109724301845,3.1258145882748067,3.9756994913332164,3.8136759395711124,2.700334890279919,3.42635403200984,2.870016789995134
tt_16.6h,2.7681858874857426,,,2.0102239144034684,3.075727385468781,3.655358035583049,3.655358035583049,2.907420068513602,2.572373947594315,,2.586289477534592,2.5404075756669044,4.891638685017824,2.9580540279857814,1.766262883786112,2.346283706370741,3.866542786359787,3.041085055563599,3.041085055563599,3.396996332798153,3.4401699691079557,3.839318434242159,3.791519423481077,2.6838402980938554,1.7967263390310109,3.775040998123586,3.2006570361554623,,,4.05308320466429,3.432486603502184,2.5217883293516934,3.18802433507517,2.906401542481035,,4.53310953034088,4.53310953034088,3.3217105716466904,2.293168917298317,4.640190885402262,2.696700371336192,2.696700371336192,4.570283243432641,3.455899504944682,,2.2294352324679494,2.449954330921173,4.051866630092263,2.4705212232656777,2.608748241327703,2.144649704452604,2.9560923175886273,2.218367936555296,3.7579593090340495,4.472888871096075,5.417261376045644,3.8387503223493695,4.280826048925519,3.0738014387898147,5.3599772858433425,4.808546761516482,3.810527900699526,3.4594639991410077,4.436167594511062,4.983771506231278,2.0660023046657443,2.133507141377777,3.2923121419735253,,3.615330812521279,5.008075616322458,3.350035533774644,3.516183076892048,3.2953748763538897,3.2941690031439066,3.220223621930927,,3.523677219171077,5.566407313104719,3.8462098618038,2.946498111821711,3.340804183855653,2.823638517409563,,,2.4764914391562343,2.241789421066642,2.218016070779413,2.5126189147122204,2.88148519070819,2.719099839217961,3.123380668461323,3.9730757866054773,3.8115642154589295,2.6985007924959064,3.425569124519825,2.8674536352045834
tt_16.700000000000003h,2.765113750472665,,,2.0064494321122766,3.075727385468781,3.6512846355326474,3.6512846355326474,2.8995465408079326,2.572373947594315,,2.5843531587161124,2.5377855799160898,4.891098771709949,2.954840601887554,1.7628580867312849,2.342934207059443,3.871192673686892,3.039145882707089,3.039145882707089,3.394208014011383,3.438456602394581,3.838009126484394,3.7902527884580195,2.681339451111853,1.7956216521561146,3.771328918170184,3.198401960544288,,,4.051703478209674,3.4307114938274026,2.521771478932351,3.1845651427283883,2.902242398355156,,4.53310953034088,4.53310953034088,3.319199876394123,2.2899532630108297,4.640309213194996,2.693915320094675,2.693915320094675,4.569874682929367,3.4548071729950607,,2.22735509974882,2.4471486904658377,4.0517619820311666,2.476656074170023,2.607237652875483,2.1437564161606133,2.954749451484531,2.21812724461779,3.759501929394901,4.473530584946275,5.41737081296742,3.8355584270320833,4.2675959365442395,3.073802725877613,5.359852707013488,4.808518533594906,3.8090340881608427,3.45750371273607,4.440894621424377,4.988280314486474,2.063717148732394,2.133507141377777,3.289465054869652,,3.6152423485182226,5.008066895417869,3.341184339951724,3.5142309819348156,3.2931769229471684,3.2917012739926577,3.217372863087803,,3.5221052914857864,5.566621027421206,3.843670943751931,2.9441713304258883,3.3474947325885296,2.8112957645207644,,,2.473244236782193,2.2384559055790305,2.2140524717979133,2.5126166422851384,2.8770290724933147,2.7161296610720456,3.1209651376120746,3.970487385056913,3.809491659514606,2.6966973897069693,3.4248032956384122,2.864940026309341
tt_16.8h,2.7620751871727407,,,2.0027444576844573,3.07459975220263,3.647258403711021,3.647258403711021,2.895012845750898,2.5764277428388596,,2.5824432182125747,2.53519941912964,4.890567376744002,2.951667697634548,1.7594058443792164,2.339615372940898,3.868010031990707,3.037230718880892,3.037230718880892,3.391452710609883,3.436763846781105,3.836720538791269,3.7890033153817058,2.678869775030762,1.7945667821913958,3.7676458191126585,3.196174538694322,,,4.050349263474345,3.4289653203450143,2.521755848545581,3.1884547509253025,2.8981261453591287,,4.538791773375124,4.538791773375124,3.3167300764471292,2.286776329856366,4.640418239403516,2.6911628670059144,2.6911628670059144,4.569479712750763,3.4537275773473084,,2.225283105392009,2.444389429874718,4.051661390811205,2.476480855140835,2.6057610157877207,2.142889521084726,2.953415027819574,2.2178951958194375,3.757281274534762,4.474169624038041,5.422268701251596,3.8355584270320833,4.266940929461271,3.0738038611598313,5.359730866737664,4.808491939678788,3.807562791276723,3.4555679741315544,4.445662961807102,4.992807370144874,2.061426490545273,2.133506143465638,3.286651494447142,,3.615157540421933,5.0080581940710545,3.3347512055188417,3.5123021118342876,3.2910067858174443,3.2892567748203874,3.2145556220784783,,3.520556688308716,5.5668303170241416,3.84116068482399,2.941870162729174,3.346877438016236,2.807693752925843,,,2.4700461141765118,2.2352187521755695,2.2181392055936158,2.512614502105862,2.8726290045306087,2.713195528835058,3.116217302158475,3.9679338233545423,3.8074579634703696,2.694924096111208,3.4240561802871525,2.862448832951486
tt_16.900000000000002h,2.7654776577837765,,,1.9990153340622783,3.0765267852693796,3.647258403711021,3.647258403711021,2.8905482715927064,2.5690795709379017,,2.5805430775508285,2.5326595157384872,4.890044559258968,2.948538552504033,1.7559988498687744,2.336323854047805,3.864866081625223,3.0353371198289096,3.0353371198289096,3.388726595323533,3.4350939108990133,3.8354525081813335,3.7890033153817058,2.6764326919801533,1.7935499167069793,3.7640297263860703,3.1939750676974654,,,4.047716640401632,3.427238706499338,2.521741361822933,3.185032917186618,2.8940756376832724,,4.549234290607274,4.549234290607274,3.3142782486975193,2.283633570186794,4.64051863597706,2.6884232508018613,2.6884232508018613,4.569097924977541,3.452659787144512,,2.223272499628365,2.4416686668992043,4.051564712077379,2.4763148026540875,2.6043180795386434,2.14204801665619,2.9520819885656238,2.217671563383192,3.7550751673989,4.474805702921003,5.422375874128193,3.823951600585133,4.266298217698932,3.073804862331599,5.359611713793129,4.808466943912208,3.8061136384494603,3.4536562357097864,4.450507162604481,4.997308601159602,2.0591847826726735,2.122205008752644,3.2838585088029504,,3.615076256915927,5.008048724848777,3.3284422224387527,3.5104072941467166,3.2888648766092956,3.286842269357294,3.21177127212286,,3.5190286161378026,5.567235874477774,3.838677991181612,2.9396050833165646,3.346276824362576,2.8041392397135496,,,2.4669037093408406,2.232014026027173,2.214224573224783,2.512612487655133,2.868288165424019,2.7103009480051696,3.1138839195482433,3.965414570644498,3.805462950374931,2.6931815184652805,3.423327418975532,2.859993401914835
tt_17.000000000000004h,2.762475313153118,,,1.9953191108070314,3.0754367825575173,3.6516554672271013,3.6516554672271013,2.8861653548665345,2.561802603304386,,2.5786661002784967,2.5301529755815864,4.88953022332862,2.945432708133012,1.7526869690045714,2.3330880906432867,3.861758852843195,3.033466615714133,3.033466615714133,3.3860296700149775,3.4334465796127915,3.834204653277993,3.787770646158606,2.674028384499252,1.7925203158520162,3.7640297263860703,3.1918036960996687,,,4.046437872108072,3.4255298357456923,2.521727946586907,3.181650874670595,2.8900704504922032,,4.559875511098653,4.559875511098653,3.3118565450422466,2.2805211883969605,4.640611029230058,2.685748829971999,2.685748829971999,4.568728922400624,3.451604350004345,,2.2275499156676233,2.4389670556411147,4.051471807062626,2.476157493889332,2.602908445056528,2.1412432566285133,2.954713885206729,2.21745614008978,3.752889591269195,4.478090409189463,5.422480555716902,3.820808914490044,4.265667603816837,3.073805744294077,5.3594951974228024,4.8084435113705695,3.804686375427991,3.457119851373136,4.45540919713676,5.001805615611374,2.05696029542014,2.1222041035071015,3.2811088184826076,,3.6149983718059957,5.008038525935262,3.3222208083607256,3.5085258814506233,3.2867498015984893,3.2844375767745078,3.209019075613469,,3.5175245674327016,5.5674322647973895,3.8362228395417333,2.9373702639713883,3.3456925223581493,2.800607602111995,,,2.463760512880981,2.2287879320792854,2.2103506471030414,2.5126105938106775,2.864010010380298,2.7074487139470875,3.1115774954669178,3.9629291286692023,3.8035024045966566,2.691468288190663,3.422616650350392,2.857573978602886
tt_17.1h,2.7594989771023393,,,1.9917204561643302,3.074347439687699,3.64767460571602,3.64767460571602,2.881876217201352,2.5546617177315056,,2.5768027659505606,2.5276557286269963,4.889024268835783,2.9423796739429235,1.749504656996578,2.32992110773921,3.858687835279852,3.029789133463055,3.029789133463055,3.383363641332835,3.43182073533535,3.8329767966642976,3.7913002339191735,2.6716514667496085,1.7914900579489768,3.768733434379101,3.189660658594221,,,4.04518386721611,3.423845916520804,2.5217155325226486,3.1783087626099586,2.8900704504922032,,4.570699450559914,4.570699450559914,3.309464812744409,2.277473431546241,4.640611029230058,2.683104217518121,2.683104217518121,4.568372318521142,3.4542053220793605,,2.2255360553972423,2.4362885816954076,4.051382542122155,2.4760085185989738,2.6015314972028136,2.1479118205606937,2.95339499367401,2.2172487527132034,3.7507158615626395,4.478725748602301,5.422582793980837,3.8177095064893365,4.2650488945655525,3.073806520551443,5.359381266403943,4.808421606197953,3.8032807703129947,3.455232539214194,4.460370001848787,5.001805615611374,2.0547907506115735,2.122203298844397,3.278385865036398,,3.614923761226237,5.008027634583414,3.3356338716112077,3.506666950881481,3.2825946365483105,3.2820821357890964,3.2062988951802254,,3.5160425980575383,5.567624477669597,3.8337954245507717,2.935168608557433,3.3451241990551353,2.797121985349804,,,2.46066237334162,2.2256054310128093,2.2065607751719654,2.5126795046962798,2.8597864527255297,2.7046423736028373,3.1093002893030643,3.9604971618391573,3.801562950015068,2.6897856793366373,3.421923534013331,2.8551906179636717
tt_17.200000000000003h,2.756555156316608,,,1.9882201910950243,3.073270953260362,3.6437397939153016,3.6437397939153016,2.8943174085579813,2.547548955306411,,2.574980608187616,2.5251920674927533,4.888526605907828,2.939361745491624,1.7463180418126285,2.326791622210294,3.8556525125168264,3.0279842843301594,3.0279842843301594,3.3807434774935246,3.430218470748514,3.8317645248025656,3.7900827578268945,2.6626426009461284,1.7905131410807371,3.7651424389332533,3.187528671231121,,,4.043954484630376,3.422177851665765,2.521704054903239,3.175001075025648,2.8949789754115045,,4.581750111654401,4.581750111654401,3.3071032306179404,2.2744855163618922,4.64486631564796,2.6804833807982504,2.6804833807982504,4.568027739413083,3.4531638068147004,,2.223577792290598,2.433672570157796,4.051296785939485,2.482224498875439,2.6001867395825684,2.147088090889156,2.9520771261304617,2.2170474636368454,3.748564559035003,4.479357885662466,5.422682637814432,3.8146672225557268,4.264441892970353,3.0738072032108903,5.359269871376455,4.808401194866747,3.801896440796554,3.4533680411987007,4.465372226666659,5.004796664696187,2.0526558929122984,2.1222025845199823,3.2756943930871785,,3.6148523059673607,5.008016087580472,3.3294162577949464,3.504830767866224,3.280563483014703,3.2797539895400405,3.203595968428999,,3.514582215808332,5.5678125764243305,3.8314004451967776,2.932997912634164,3.3445715196430683,2.7936777067370713,,,2.4576065610162914,2.222498303744942,2.202847212087363,2.5126778315752745,2.8556163692846894,2.7018742845393717,3.1070664995349944,3.9580785054713488,3.7996636568568647,2.688146336004138,3.4212476988323033,2.8528426536358893
tt_17.3h,2.7536378097720444,,,1.9847181350924075,3.0722068115137517,3.6398492883890867,3.6398492883890867,2.889992139302194,2.5587190841324627,,2.573175071272999,2.5227544605731964,4.888037133030593,2.9363799174316227,1.7525737038813531,2.323669161647558,3.8526532063260674,3.0262224907055497,3.0262224907055497,3.378135548438877,3.4286503503099084,3.830576265230775,3.7888823859393597,2.660268389619887,1.7886815289966762,3.761616613715887,3.1854405417107046,,,4.042749540414661,3.4205320752225816,2.5216934522613883,3.171744159888476,2.891024174168706,,4.5930090504698455,4.5930090504698455,3.3047704519703984,2.2715162043459713,4.64494846155867,2.677894930820912,2.677894930820912,4.56769482139498,3.452133414335549,,2.219773514661938,2.4310750430449843,4.051214426755905,2.482071845792234,2.5988731454126537,2.146289071533829,2.9494831785559654,2.216852289624512,3.752237123437226,4.480612291954458,5.42278013471514,3.811647656839341,4.263846407644451,3.073807802516967,5.359160963911563,4.808382243383676,3.800519063603133,3.451528040226549,4.470449605956674,5.009331084787846,2.050579097121954,2.1222019512206316,3.273033869918436,,3.614783891942352,5.008003920316696,3.3232843573205173,3.503016128204763,3.278559354133904,3.277450458612293,3.200944420415908,,3.5131453778594732,5.567996619734913,3.8290283251553774,2.9308653492480516,3.3440341455861926,2.790277332998812,,,2.4546074173413217,2.219459548126906,2.199130818247795,2.512676261831075,2.8515034709125757,2.69914434524253,3.1048485031351447,3.955692521762103,3.797765217255801,2.6865223380737007,3.4205888360738754,2.850530226714909
tt_17.400000000000002h,2.7507822290062904,,,1.9811993837356567,3.0711590466089547,3.6360217537730932,3.6360217537730932,2.885745389852673,2.551625735592097,,2.5757797085680068,2.5203558900393546,4.8875557561405,2.9334451970644295,1.7494453908875585,2.320576840545982,3.84968922752887,3.02447007317096,3.02447007317096,3.375558814499527,3.427088877186179,3.829407305456698,3.78770211385563,2.6579261031001806,1.7877438748255372,3.758136133197695,3.183376752771437,,,4.041568256914616,3.4189088833518326,2.5216836659237742,3.1685040877200663,2.887118232436478,,4.599797761533409,4.599797761533409,3.3024647515267134,2.2685493831522763,4.645023914985359,2.675331322941929,2.675331322941929,4.559846563264728,3.45111668901518,,2.217922767624259,2.42853491473943,4.051135383080691,2.4819272523745894,2.6064941762015224,2.145514650736004,2.9481847775168717,2.2166648735292256,3.750092572066933,4.481234444305301,5.422875332180411,3.808667441830039,4.263262252788991,3.073808327782899,5.359054495580494,4.808364719618112,3.7991766086779535,3.4497091192752123,4.475585225503892,5.01383750885725,2.0485337236896157,2.122201391030103,3.270404734648764,,3.6147184064611793,5.007991167716682,3.3172698291018605,3.501223393715918,3.276582076679915,3.2729206127114594,3.198324519675225,,3.5117299649864435,5.5681766690686345,3.826682497281581,2.928752176463604,3.3435117467306554,2.7869219491258264,,,2.451655778568238,2.2164489938877523,2.195434521418065,2.512674790341407,2.847450174856931,2.696448889095336,3.102656056638807,3.953338824212551,3.7958872355520725,2.6849257959984243,3.419946600217372,2.8482629507780075
tt_17.500000000000004h,2.7479484821669757,,,1.9777644872665405,3.070125940721482,3.6322201048024,3.6322201048024,2.8815893065184355,2.5446155196987092,,2.5740000079385936,2.517993874847889,4.887082380242646,2.930533374194056,1.7463104575872421,2.317554736509919,3.846761638764292,3.028304918203503,3.028304918203503,3.3628091691061854,3.425547548569739,3.8282573046162724,3.786541750188917,2.65561031550169,1.786847562994808,3.7547013256698847,3.1813385020941496,,,4.040411717724055,3.4173022089526057,2.521674641408026,3.165302200242877,2.883261242415756,,4.599797761533409,4.599797761533409,3.3001984511502087,2.265639710240066,4.645093168132007,2.672787318006158,2.672787318006158,4.559511263854802,3.4501120154745877,,2.216093179769814,2.426032654941082,4.0510595347732306,2.4817903214134276,2.6051952675916255,2.144765719771385,2.946913182269782,2.2164850058034062,3.747966987080872,4.481853036675602,5.422968276310712,3.816139387432486,4.262689245399088,3.0738087873905897,5.358950420282781,4.808348590508103,3.7978545338846743,3.447913588490337,4.480762428604066,5.018340496812016,2.046503998339176,2.1222008946351707,3.267794232349843,,3.6146557414904237,5.007977863308042,3.3244056748226285,3.4994519553147256,3.2746304580941796,3.2706939899362624,3.1957359802909195,,3.5103183882310987,5.568352783098817,3.82436243025586,2.9266662504523993,3.343003997579217,2.783581644296646,,,2.448729867115617,2.213431910146028,2.191813160199672,2.512673412449658,2.8434478137642145,2.69378975732252,3.1004896238446236,3.958258282393217,3.794029680080712,2.683355052024126,3.4193206294439733,2.8460149434395134
tt_17.6h,2.745147098787129,,,1.9744269475340843,3.0691049373708665,3.628462288528681,3.628462288528681,2.8774945219047368,2.5377380470745265,,2.572241455782205,2.5156696126796305,4.88661691127345,2.927663506474346,1.7431498966179788,2.314603387378156,3.8438676614314318,3.0265875924378633,3.0265875924378633,3.3602626640349627,3.4240261344239116,3.82712609693408,3.7854010574519634,2.6533388956449926,1.7860066937282681,3.7432770058512688,3.1793255819939077,,,4.0392790348269045,3.415719712153077,2.52166632656008,3.1621382269077003,2.879443374928087,,4.611476066056639,4.611476066056639,3.297947596758604,2.2628043848089874,4.645156677812338,2.6765270587056875,2.6765270587056875,4.559187326580286,3.4491214687004685,,2.2142714844085276,2.423531581182033,4.050986764021218,2.487807158380747,2.603926345705986,2.1440406553447247,2.9456365518271923,2.2163123162463307,3.7458612541668117,4.4824678101576865,5.423059012275189,3.8131612963043153,4.262127203866839,3.0738091892562807,5.358848691452295,4.8083338239230216,3.7965526087209582,3.4461272940970957,4.486015140078962,5.022840394638479,2.0444918139837682,2.1222004564478993,3.2652243892662227,,3.6145957922562957,5.007964041084051,3.3244056748226285,3.4977023461833596,3.272704642266035,3.268475731369108,3.1931783468462527,,3.508947641123086,5.568525022827089,3.8220681101083755,2.9152365820482373,3.3425105758942664,2.780286285094917,,,2.452810644172132,2.2104616202414036,2.1882801121100783,2.512672122102231,2.8487863852642477,2.6911707972176373,3.098346895072609,3.958258282393217,3.7921926020644605,2.6818121606484056,3.4187106564641,2.8437995221465826
tt_17.700000000000003h,2.742380104959011,,,1.971166389528662,3.0711116339080036,3.6328516993671656,3.6328516993671656,2.885521117132157,2.530879186000675,,2.570511835627258,2.5035945302806795,4.886159255634993,2.9248349615372717,1.7400388508103788,2.311665015295148,3.841007196344435,3.024880914017558,3.024880914017558,3.357745082117617,3.4225264699198306,3.8260133881121874,3.7842746945098042,2.6510975030250847,1.7852048752829432,3.7432770058512688,3.1773389489389956,,,4.038170102518052,3.4141564844176173,2.521658671554178,3.1590066268108785,2.8756843474693596,,4.6233732011169195,4.6233732011169195,3.2957247993908823,2.2599947629496455,4.645214871037751,2.674033075105399,2.674033075105399,4.558874407783151,3.4481424810364842,,2.212467534467578,2.421089497860521,4.050916958134621,2.487807158380747,2.603926345705986,2.1433384437114,2.9443538426421583,2.2161467308178544,3.7437750878743827,4.483078672550619,5.423147584777325,3.810221862513572,4.261575947981328,3.07380953989923,5.358749263454229,4.808320387732238,3.7952706711366773,3.444373367354274,4.491325823124498,5.025964716915041,2.042507748119533,2.1222000694833696,3.2626799386925995,,3.6145384572446346,5.007949732244015,3.3184601049870253,3.495973802637309,3.2708036699332297,3.2663051933050156,3.190649807918817,,3.5075975959189236,5.568693447392434,3.8197995461523533,2.9131861245259643,3.349129455629736,2.7840557107701898,,,2.4499280541203916,2.207547303289175,2.184800106100738,2.5126709160394967,2.844835551455617,2.6885947776027024,3.0962297208607197,3.9559339806437492,3.79037608159706,2.680295710451901,3.418116348795593,2.841616432182491
tt_17.8h,2.7396305929869413,,,1.9678804902359843,3.0711116339080036,3.6328516993671656,3.6328516993671656,2.885521117132157,2.5349551676772535,,2.568796676583588,2.5012943972833455,4.885709317866713,2.9220399507321417,1.7369948267005384,2.308737977873534,3.838180359452963,3.0231959372758865,3.0231959372758865,3.35525659378618,3.421046952717006,3.8249189611524343,3.7831736323423684,2.6488874265924096,1.7844343492761254,3.73988553090021,3.17537795053795,,,4.03708469774574,3.412616714835167,2.521651630755514,3.155924088321626,2.871972137130797,,4.63547220826149,4.63547220826149,3.2935299617238343,2.257217647973448,4.645268143154681,2.674033075105399,2.674033075105399,4.558572173118591,3.4471782757900655,,2.210700610652566,2.4186482364311814,4.050850006286055,2.487674091476947,2.602687783073634,2.1426580417901278,2.9430837142281234,2.215988101903349,3.741708690300584,4.483685518614948,5.423234037589282,3.8073206478729844,4.261035300791264,3.0738098453730345,5.3586520915851,4.808308251667768,3.7940083225257695,3.4426417839713395,4.496678070630878,5.025964716915041,2.0405508931726217,2.122199728153646,3.260163958184421,,3.6144836372695863,5.007934968918562,3.3126287939958274,3.4942776700481772,3.275267702061683,3.2641586349345744,3.188135410659015,,3.5062685520388186,5.568858116399497,3.81755682034418,2.911156219430268,3.348644337616861,2.780800099018961,,,2.4470522641204298,2.204675161279738,2.181313074659556,2.51266978867352,2.844835551455617,2.686053935904056,3.0941374097019434,3.9536411482840776,3.788580037187785,2.6788061619736254,3.4175373883917928,2.839465665165335
tt_17.900000000000002h,2.7369208694435656,,,1.9645927255041897,3.070116011891514,3.629135373979807,3.629135373979807,2.8814946254715323,2.5349551676772535,,2.5671025826595724,2.499028821475804,4.885267011355609,2.919280326459557,1.7340745320543647,2.3058591755107045,3.842812483664602,3.0215333998203278,3.0215333998203278,3.3527937051840127,3.419588192831725,3.8238425627350807,3.782091804780066,2.6467035999521613,1.7836408871226013,3.7365383813157678,3.1734436131082475,,,4.036022730637342,3.411096417810768,2.521645160857588,3.152855937834829,2.876874402165413,,4.647817607037723,4.647817607037723,3.2913630697876215,2.2544830930419266,4.645317055284977,2.6715564341284335,2.6715564341284335,4.558280297555029,3.432707801926881,,2.2089497768320143,2.4162712255492806,4.042510156985372,2.4875480025075376,2.601478412281722,2.148483596276492,2.9418324921280146,2.2158362325280905,3.727113875094801,4.484288293868303,5.423318414948881,3.804457194637507,4.26050508255139,3.0738101107999682,5.358557132072747,4.808297384530306,3.7927653323858976,3.44093196419999,4.502105861436576,5.030527615919709,2.0386402900330722,2.1221994278021157,3.2576763993129134,,3.6144312378019094,5.007919780910015,3.306875682901591,3.4925935440696776,3.273392153903842,3.262037420645356,3.1856717159971595,,3.5049613043665886,5.569019088987261,3.81534462608397,2.9091518511995673,3.348644337616861,2.777583723887801,,,2.444214235059917,2.201876149047166,2.1778357177972794,2.5126687358133495,2.8409336055628955,2.6835499526932836,3.0920721367001534,3.9513793801888824,3.786804229952395,2.677343944553286,3.407174307387322,2.837346891872585
tt_18.000000000000004h,2.7342617316171527,,,1.9613822395913303,3.069132645148784,3.6254612929187715,3.6254612929187715,2.877527754753828,2.528217364102602,,2.565426853019744,2.4967887750826776,4.884832238312811,2.916563137434423,1.7312202407047153,2.303022666834295,3.8400175855495036,3.019890238996595,3.019890238996595,3.350357753690332,3.41815118258819,3.822783961892128,3.781029125675559,2.6445491649210453,1.7828797069378197,3.733216057997197,3.1715175230056047,,,4.03498404007405,3.4095920398831367,2.5216337726451457,3.149823642335832,2.873207153286785,,4.660391095560044,4.660391095560044,3.289223540574312,2.251739939674735,4.645362558308989,2.6691341754049063,2.6691341754049063,4.5579984644427896,3.4317668452858925,,2.2072484460659325,2.4139240053482354,4.042444576509297,2.4874285073019564,2.6002978179603815,2.1478201686404645,2.9405781854875386,2.2156909280456603,3.7250704439356923,4.484886884689331,5.423400758765638,3.8016309454105794,4.259985116776079,3.0738103413023055,5.358464340213686,4.8082877565175295,3.791541548445821,3.439242490567267,4.507591583300382,5.035111488774419,2.036768581252545,2.1221991637721658,3.255218972917646,,3.614381166640669,5.007904198486358,3.3139729341492057,3.4909305167384446,3.2715411838144064,3.259938968345523,3.1832384136505425,,3.5036743977107108,5.569176422432065,3.8131535002030432,2.9071798408403993,3.3481729771010578,2.777583723887801,,,2.441419164184481,2.1990896849893034,2.1744459364563227,2.512667754199356,2.837084482423961,2.6810757098719478,3.0900475792586803,3.949148231651634,3.785048134624958,2.6759072514250875,3.4066065005026758,2.8352593327872455
tt_18.1h,2.7316230325959623,,,1.958270053844899,3.0681602717377245,3.621846423484385,3.621846423484385,2.8736330680549145,2.521570523735136,,2.563764066901058,2.4945575073361397,4.889316760469228,2.9138658423908055,1.728305872529745,2.3002347885631025,3.837255444843322,3.0182687756605446,3.0182687756605446,3.347966573666781,3.416734053287655,3.8217429146170616,3.7799854781478643,2.6492338720709085,1.7821533810347319,3.7299557784572244,3.1696330406703055,,,4.033965736627579,3.4081073249690235,2.5216287788935006,3.1468283478170633,2.8695839792490005,,4.652346666436642,4.652346666436642,3.287109504919499,2.249056538566947,4.645404874812812,2.666740683838725,2.666740683838725,4.565883743111044,3.4317668452858925,,2.2055733129382133,2.4116196292452514,4.042381688021123,2.477285336703062,2.5991456815972924,2.1478201686404645,2.939331364352256,2.215551998000592,3.7250704439356923,4.485480949282646,5.423481112811714,3.8061114409938455,4.2594752330332994,3.0738105406053364,5.358373673632741,4.808279337827116,3.7903365632519126,3.437574089039117,4.518706820905209,5.03971382137388,2.0349430488422513,2.122198932338506,3.252776682842523,,3.6143333348445594,5.007888250052929,3.3139729341492057,3.489288428798318,3.269715002272278,3.2578645767644048,3.1808351324871182,,3.5011580768041313,5.569329345598817,3.8109868480823934,2.9052334101870656,3.3477147608064115,2.774411180522293,,,2.438676357269287,2.196304126176983,2.171140375547111,2.512666838709265,2.8332911683246493,2.6786357606761158,3.088035434484482,3.946947288233787,3.7833307702094316,2.674497965257615,3.406053487211466,2.833213653881103
tt_18.200000000000003h,2.7290229508653283,,,1.955242100637406,3.0672034975141287,3.618254769127816,3.618254769127816,2.8815895337611437,2.514964587520808,,2.562123283278197,2.492357473820448,4.888888506218791,2.91121046571061,1.7253807145170867,2.297507232055068,3.8345259367488325,3.0166670526377857,3.0166670526377857,3.345583934802562,3.41921460442245,3.819712594617158,3.778960643336177,2.6471062107011676,1.7814580043777823,3.7346329474821687,3.1677716933190823,,,4.032963676843792,3.4066430092789233,2.5216242037713528,3.143865837715566,2.8695839792490005,,4.665382609702647,4.665382609702647,3.2850318984128535,2.2464409642852843,4.649663833435625,2.6643700413405895,2.6643700413405895,4.565609612967819,3.4308407730422914,,2.203944092616439,2.4093454284593463,4.042321390938014,2.477285336703062,2.598021532408893,2.1471794028766453,2.938105378765613,2.215418666601181,3.7230462725274265,4.486069947481155,5.423559517133981,3.803323470056057,4.25897526089102,3.0738107124343514,5.358285090420395,4.808272099588066,3.789150044322014,3.435929568950087,4.5243156952783465,5.043008693493903,2.0331533825956285,2.1221987288445234,3.250375841278583,,3.614287642762065,5.007871964015067,3.3083004890941083,3.4876664048060775,3.2679048008285463,3.255813014693558,3.1784596662037075,,3.4999266155064106,5.569476784672588,3.8088442953303456,2.90331933228299,3.3472694153897464,2.7712825764901936,,,2.435981748625636,2.193556761369109,2.1678553810343146,2.512665986549109,2.8295485652051866,2.6677590114995837,3.0860473294742405,3.9447959903627634,3.7871123934164643,2.6731286169961095,3.405514979735017,2.8311833990737796
tt_18.3h,2.7264359705150127,,,1.9521731762215495,3.066260846797377,3.6226384146139026,3.6226384146139026,2.877745844423771,2.502941477112472,,2.560506031382829,2.490185293368995,4.8884676261805,2.908591749612242,1.7225218694657087,2.294799670111388,3.8318299427628517,3.015084330458194,3.015084330458194,3.345583934802562,3.4178277757018805,3.81872297776863,3.777954513207078,2.6450069239363074,1.780789646320045,3.731413619592786,3.165932474192232,,,4.031977669801563,3.405194033868611,2.521620016079396,3.140932402573526,2.865999103989452,,4.665382609702647,4.665382609702647,3.282968007493764,2.243855986278504,4.649702336173505,2.6620275638997555,2.6620275638997555,4.5653449720703065,3.4299129461869597,,2.202348878607154,2.407078083138913,4.042263589333743,2.4771687700413167,2.5969247720204294,2.146558309905231,2.9368897061794996,2.215290973428637,3.7210395112633705,4.48665368789807,5.423636014107615,3.803323470056057,4.258004384115338,3.073810860980302,5.358198548667133,4.80826601292938,3.7879824489355087,3.4343040748499334,4.529929058626294,5.047673440538347,2.0313909398391843,2.127014887984842,3.2479982268996537,,3.614243987482041,5.007855367381126,3.3027195180766284,3.4860648149624467,3.266128607094288,3.253785681910813,3.1761128287762403,,3.4987124246545136,5.569618904497474,3.8067256775684655,2.901429788209498,3.346836651675403,2.768165393732488,,,2.433310765773058,2.190875585190952,2.164578853175044,2.512665193527937,2.8258530064485967,2.6653485065326095,3.0840850099921227,3.9426546627655625,3.785398909356445,2.6717703379690647,3.4049906781874597,2.829182027373463
tt_18.400000000000002h,2.7238852572627366,,,1.9491062914021313,3.0653300755657256,3.6190858385525644,3.6190858385525644,2.877745844423771,2.4964329516515136,,2.5589101067744195,2.488047965336591,4.888054036069661,2.90600409405306,1.7198098455555737,2.2920918841846287,3.8318299427628517,3.013522551394999,3.013522551394999,3.343229322694242,3.416460636071861,3.8177501312457025,3.776967041194439,2.6450069239363074,1.780109389219433,3.731413619592786,3.1641170629300177,,,4.031007568817586,3.4037653277628124,2.5216161869466305,3.138045207131654,2.8624756997451186,,4.678656477481127,4.678656477481127,3.28092970745638,2.241305131930858,4.649738108273596,2.6597073008306324,2.6597073008306324,4.5653449720703065,3.4290129337459803,,2.200763099361211,2.4048562706448138,4.042208188679069,2.4770593624562025,2.595855026040226,2.1459554922766984,2.935668076854199,2.215169235598296,3.719042462762445,4.487232099287212,5.4237106423825026,3.8005715874023736,4.257533609867096,3.0738109881058335,5.358114007860422,4.808261050377041,3.7868341258727014,3.4326989757828414,4.535580637399107,5.047673440538347,2.0348656540736556,2.1270147059112787,3.245645583141595,,3.6142022903077304,5.007838487159461,3.293671702966094,3.4844840159639716,3.2643776005133986,3.2517686816863716,3.173793958965689,,3.4975160704925656,5.56975586572662,3.8109136880375445,2.899569822475314,3.3464161879383028,2.765093076042831,,,2.430648887529969,2.188237284310162,2.161327640991658,2.512664455920458,2.8222075258381665,2.6629732996225357,3.0821449351496994,3.9475322640500963,3.783723821397871,2.6704379455186427,3.4044802831485868,2.827211973257363
tt_18.500000000000004h,2.721364790573716,,,1.946101133711636,3.0673933890648186,3.6155736315995455,3.6155736315995455,2.8739718040451407,2.4964329516515136,,2.557339353952557,2.485944699961692,4.88764763623476,2.9034533156082034,1.7229749076068401,2.2894333372823894,3.8291648752056062,3.0119805154390633,3.0119805154390633,3.3409004705026746,3.4151135850697756,3.81679383572191,3.775998041499406,2.642937048804015,1.7794154179282486,3.7282360033132136,3.162325993180275,,,4.030053304042667,3.402356492355466,2.521612688433379,3.1351737077347934,2.8589942515827715,,4.692172242794186,4.692172242794186,3.2789176562801003,2.2387712160125375,4.649771329946816,2.657421827316284,2.657421827316284,4.565089530311525,3.4281235770322382,,2.1991997668519616,2.40264897281304,4.042155099101365,2.482963781338185,2.5948117272928357,2.145373417530209,2.9344668774865568,2.2150532701052725,3.717063737101853,4.487805161625147,5.428606999106705,3.797871978022158,4.25707320868969,3.0738110970705748,5.358031427487731,4.808259645476937,3.7919389163143933,3.4311189972795546,4.541253960691392,5.05235600983724,2.033135684672743,2.127014546189457,3.243320162408054,,3.6141624744050205,5.011489960830659,3.2881681537255645,3.4829225102439523,3.262650362215936,3.2497948836535215,3.171488002408296,,3.4963374198414385,5.569887826684862,3.8088186965323985,2.89774177223444,3.34600775456056,2.7620665156282485,,,2.4280215175822377,2.1856617303565145,2.158154537435621,2.512663770932704,2.8186107496730983,2.66063265921548,3.080230562482029,3.945437294896692,3.7820484237745404,2.6691298112273216,3.4039835133589804,2.825273498892784
tt_18.6h,2.724825614131987,,,1.9502009344287217,3.0664853141643107,3.612101268954575,3.612101268954575,2.870266399346292,2.490040907636285,,2.555790228303522,2.4838770404458046,4.887248347047716,2.9009391367435455,1.7202931265346706,2.2868173834867775,3.8265307885594666,3.010478106793016,3.010478106793016,3.3385973004624248,3.4138016239739954,3.815849721431732,3.7634691316634417,2.640889283269644,1.778745808172971,3.7250997414812446,3.160559558775276,,,4.0291147185489535,3.4009640752337873,2.5216094944626093,3.132337872404605,2.8555549969896674,,4.705931619275361,4.705931619275361,3.2769314348697662,2.236251272726804,4.649802171159536,2.655155970249325,2.655155970249325,4.564843003638089,3.4298190879635513,,2.1976385433226824,2.4004964870400727,4.042106135748327,2.482859255746007,2.593794528860599,2.1350829526782036,2.9332834035158157,2.214942895807326,3.7185545726679265,4.4883727533742785,5.428680028766394,3.7951907119713724,4.256623015739024,3.0620174668729305,5.3579508271068335,4.808265251573175,3.790807289071381,3.4295409321784973,4.546930983662605,5.057078193407506,2.0314356414601207,2.1270144069567323,3.24102344783023,,3.6141244652681053,5.0114722568541765,3.2881681537255645,3.481380522251129,3.260947651229799,3.2478444734588265,3.1692302906885743,,3.4951756265945733,5.5700149410404265,3.8067470942623913,2.8959320136345923,3.3456110688857734,2.759069819934666,,,2.4254340194165707,2.183096115011722,2.155065785627812,2.512663135305047,2.8239157013595104,2.6583267054520547,3.0783401830121875,3.9433517083525658,3.78039216902107,2.667843683157116,3.403500075917691,2.823366382624954
tt_18.700000000000003h,2.7223354619927704,,,1.9472394152544439,3.065588852390647,3.612101268954575,3.612101268954575,2.8620317792519927,2.4836811437271535,,2.5542668881826103,2.481839162297547,4.886855863966048,2.898443916346878,1.7176709030754864,2.2842519162222743,3.823927331715822,3.008983936626464,3.008983936626464,3.336317831184715,3.4124932722188532,3.8149262024089694,3.7625223235227168,2.6388845392502844,1.7781052952632308,3.7297758730128407,3.1588172684423625,,,4.028191771358252,3.3995915702544153,2.5216065822169185,3.129535747691989,2.844339270144701,,4.715159910731018,4.715159910731018,3.274970886297524,2.233785502612591,4.649802171159536,2.6529387710615993,2.6529387710615993,4.564605019520968,3.428956214338541,,2.1961027067154646,2.398366456851363,4.042106135748327,2.482761232648045,2.592802624218166,2.1345190284773707,2.9320901823230088,2.214837934356183,3.7165941423736513,4.488934813532978,5.428751265164465,3.799656587652862,4.256182867102325,3.0620175544172525,5.357872249558568,4.808277687057853,3.789694294333458,3.427995738107711,4.552646235562861,5.044413472060114,2.029729891102761,2.1270142854191363,3.2387555865570903,,3.6140881911851466,5.011453892569989,3.2827699766494334,3.4798574526794255,3.259268199559301,3.2459177621640265,3.167000508867204,,3.4940133299678564,5.570137357339263,3.8046989631839097,2.8941457378678024,3.3521693404763937,2.7561130421236157,,,2.4228960489854217,2.1805269978940487,2.1519958646968007,2.5126625457778573,2.8203630754724145,2.656064093578607,3.0764771248213947,3.9412946212105453,3.7787551335059106,2.6665818714536726,3.403500075917691,2.819645937997848
tt_18.8h,2.7198805501684546,,,1.9443297320976853,3.0647015660069883,3.6086675538681448,3.6086675538681448,2.85837389761582,2.4877681117504835,,2.552758399862796,2.4798079910688102,4.886469786055386,2.887022541370243,1.7151384484022856,2.281744469422847,3.8213543938472867,3.007508604321629,3.007508604321629,3.334061533678323,3.4112040605396032,3.8140186415985227,3.7615939900279045,2.6369110038504004,1.7774930903688073,3.7266786079853773,3.157099728472531,,,4.027284177020192,3.3982386090792716,2.5216039288789034,3.126761202700436,2.8409370533190668,,4.729417835827917,4.729417835827917,3.279321870300919,2.2313547427766025,4.649830790236592,2.6405685637146235,2.6405685637146235,4.5724751353263855,3.428104096557945,,2.1945982510223985,2.396290197968483,4.042057405691594,2.482761232648045,2.5918478975072503,2.1339727276936173,2.9309179317206144,2.214738210197538,3.7146500344388187,4.489491325803101,5.428820746950805,3.7970111183822155,4.255752611439675,3.062017627991736,5.3577956492081285,4.808296771720052,3.7885999302379787,3.426474191248417,4.558365736156702,5.049172938335687,2.02806141320616,2.127014179714024,3.2365020676515996,,3.6216012900695205,5.011434277519584,3.2897690213285387,3.4783646347932518,3.2576112528331578,3.244012577459216,3.1647986797615886,,3.4928861730732024,5.570255223196,3.802674630191177,2.8923869649879634,3.3517788778990507,2.7598754526115954,,,2.4204045850783587,2.178000976331532,2.148913986515254,2.5126619995571673,2.81686368631199,2.6538311718031764,3.0746528850868344,3.93926570052281,3.7771372431889176,2.6653450182639062,3.4030296932905912,2.817843658849597
tt_18.900000000000002h,2.717468914575875,,,1.9415233610197902,3.0647015660069883,3.605290429200977,3.605290429200977,2.8547822958789766,2.4814850222319365,,2.551267090253532,2.477803686633706,4.886090045794845,2.884572516195476,1.712512945290655,2.2792499689385295,3.8188117230311036,3.006054929923266,3.006054929923266,3.3318485086783767,3.409933266695589,3.813126817345619,3.7606840319931507,2.6415821337141097,1.7769076027907431,3.7236216249875724,3.155389618128538,,,4.026391799096018,3.3969060983508825,2.521601513493806,3.1240328825078905,2.8375779618509114,,4.743929345160723,4.743929345160723,3.277382282074541,2.228985303081572,4.649857336189598,2.6383810359984636,2.6383810359984636,4.572242895141244,3.4272652505896986,,2.1931085963733494,2.394227033481002,4.042010732926428,2.482669359073043,2.5909052821807563,2.1334427525289357,2.9297480918467045,2.2146435491740704,3.7127215545624495,4.490042152348906,5.428888511843979,3.7943998188711703,4.255332085303962,3.0620176903903484,5.357720983680338,4.8083223276771605,3.787524040788412,3.4249655501917005,4.56412408920005,5.053947045933455,2.0264026997610927,2.1270140879787505,3.2342895991168916,,3.6215656213462353,5.011413487140089,3.284445050638169,3.4768813434056938,3.255976927932352,3.2421303116716444,3.162623235024512,,3.4917756118811667,5.570368679706007,3.800673917401582,2.8923869649879634,3.35139973834157,2.7569613503292203,,,2.4179452350363135,2.1755203772336245,2.145857924129814,2.5126614938490093,2.8134116753935814,2.6516339294612408,3.0728420238010585,3.937264658510685,3.775541350711137,2.664129833225161,3.402572109363973,2.816058313474059
tt_19.000000000000004h,2.7150781941600144,,,1.9387870864011347,3.0638262797147036,3.5935456841252744,3.5935456841252744,2.851255658082664,2.475331062451005,,2.549796374514699,2.4758202163502574,4.885716576594859,2.882140630390495,1.7098782104440033,2.2767655048519373,3.816300181671977,3.0046196673065424,3.0046196673065424,3.3296438357792795,3.4086803747341037,3.8122505340725183,3.7597923697903752,2.639622890856117,1.7763417502865195,3.720604343805462,3.1537196561694145,,,4.030936364084482,3.3942911652848125,2.521599317435175,3.1213149833492935,2.834251866210252,,4.758697861805558,4.758697861805558,3.2754682824015617,2.2266596504487097,4.649881947785616,2.6362203527241945,2.6362203527241945,4.572018411010504,3.426438639406115,,2.191656737588346,2.392195309512317,4.0419660387560725,2.4885337823070586,2.5821858854033053,2.1329324967227876,2.9285896332003176,2.214553780388087,3.7127215545624495,4.490587153937668,5.428954596631229,3.791822280269116,4.254921126179397,3.0620177420787513,5.357648209203035,4.80835417797789,3.786466136574745,3.4234779966063797,4.569903260096908,5.053947045933455,2.0247742258943617,2.127014007885009,3.2320996117778122,,3.6215315931476653,5.011391593143344,3.279190218541771,3.47541568800807,3.254365423694253,3.240268487483263,3.1506355199962854,,3.490681099705398,5.570477867033333,3.79870199970901,2.890654729679227,3.3510316708125174,2.7540873675607145,,,2.4154864200390875,2.173085984773934,2.142889813054353,2.512661026325077,2.8100022417493165,2.6494610216468573,3.071053338702768,3.937264658510685,3.773971736896783,2.662937098648399,3.402127057313919,2.8143000435084105
tt_19.1h,2.712718354072422,,,1.9360015587881207,3.0629648338072,3.5902111576870084,3.5902111576870084,2.851255658082664,2.475331062451005,,2.5483363401144743,2.473868006374687,4.885349296964705,2.879751140717417,1.7073724390938878,2.2743185996077955,3.804805818479508,3.003202225547284,3.003202225547284,3.3274666918441653,3.407446519471705,3.811389582231641,3.7589189927093685,2.6377038001082838,1.7757753445766866,3.720604343805462,3.150443885009736,,,4.030059883836657,3.393008152488619,2.521597321610898,3.1186289223842323,2.8309824098832905,,4.758697861805558,4.758697861805558,3.2735790028236806,2.224325509276241,4.6499047563411295,2.634089268743992,2.634089268743992,4.571801448240876,3.426438639406115,,2.190241129603237,2.3901740247383714,4.041923247277737,2.4884461206384003,2.5812532329000533,2.132441525813192,2.9274206832051277,2.214468734804541,3.710810656659305,4.491126241628081,5.429019037168473,3.791822280269116,4.254519576206803,3.0620177858509123,5.357577285263687,4.808392146602273,3.7854257891885936,3.4220135868526995,4.575686365365982,5.05875837802887,2.0231876457110047,2.1270139389671385,3.2299334881827235,,3.621499139815569,5.011368666309863,3.279190218541771,3.479045960586518,3.252768113743514,3.23842965811491,3.1484896168112755,,3.489603181835264,5.570582919754088,3.7967485045082867,2.888947178144008,3.3506744070909917,2.751211396884173,,,2.413056790828705,2.1707281740382314,2.140000230167061,2.512660594191402,2.8066379628144205,2.647326916921884,3.069288593251258,3.9352910593152046,3.7724283915013075,2.661768877413124,3.4016942814923823,2.8125706473365426
tt_19.200000000000003h,2.7103729574009776,,,1.9332156600430608,3.0621158573776484,3.5868994342163205,3.5868994342163205,2.8478062879294157,2.46920467633754,,2.546894195023924,2.473868006374687,4.884988138452172,2.8773907753638923,1.7048417581245303,2.2718978645280004,3.802320488728583,3.001804683357477,3.001804683357477,3.325315481983125,3.4062317926436663,3.8105437732301652,3.758061716798693,2.6358143440447748,1.775216809939593,3.7176074744202197,3.148839121684432,,,4.029198482632637,3.3917425852268934,2.5215955106541514,3.1064334181137383,2.827749743591994,,4.773729832842946,4.773729832842946,3.271713447291404,2.2220333088189363,4.6541994591243565,2.631977706681937,2.631977706681937,4.571591780055314,3.425623982679099,,2.188852838706225,2.388192663900554,4.041882284916937,2.4883640385232866,2.580344453919679,2.132441525813192,2.926271113101393,2.214388245716691,3.7122728298418224,4.491659398190677,5.429081869777292,3.7892780737020075,4.254127278923988,3.0620178217068315,5.357508169021457,4.808436060324311,3.7843894558027387,3.4205619380809367,4.581508167088032,5.062363276723772,2.0216357205063105,2.1270138788968325,3.22779303509742,,3.6214681970886886,5.011344774160534,3.2861493160016835,3.477610170841217,3.251201137434691,3.236596457194537,3.1463690465316176,,3.488541548140347,5.570683970116079,3.7948175333440304,2.887267525307834,3.350327712483704,2.7483883583918214,,,2.410667142830789,2.168383454438299,2.12792246369645,2.512660195119679,2.80332118133083,2.6452136281877756,3.067546502687037,3.933344602584839,3.770911118015647,2.666784629691392,3.4012735141441226,2.810869367327541
tt_19.300000000000004h,2.7080655470490456,,,1.9304986083880067,3.048126481473446,3.5836283387616277,3.5836283387616277,2.8555579567328095,2.4732962362468243,,2.5454705213196576,2.471947349142283,4.884633030742407,2.875060751568526,1.7024836386553943,2.2695375592447817,3.7998653864488006,3.0004247943870723,3.0004247943870723,3.323190199676901,3.405035409145057,3.809712902177125,3.757217383943498,2.633952096570283,1.7746783746406436,3.722298745531589,3.147255984134972,,,4.02835219912231,3.390494682826102,2.5215938687324524,3.1037780134938657,2.827749743591994,,4.78902733232826,4.78902733232826,3.269868852570653,2.219742418732494,4.654220083262771,2.6298920488916337,2.6298920488916337,4.571591780055314,3.427382000721991,,2.18750369688496,2.386232159100473,4.041843084618449,2.4883640385232866,2.579459826461971,2.131969325710088,2.9251401578076184,2.214240262750536,3.710389222484082,4.4921865672804415,5.4291431293822825,3.777622787747532,4.253744079731405,3.0620178510434926,5.357440821360797,4.808485742192715,3.783384940121323,3.4191316133365035,4.58735052542761,5.067208604421467,2.020113206934184,2.1270138267427683,3.2256779735907912,,3.6214387048967183,5.011319982819259,3.280982627067715,3.476183022838086,3.249657570850104,3.2348074461333454,3.1442753402516246,,3.487495733425021,5.573967439122498,3.7929087071679533,2.88561075553298,3.3499913276173174,2.7456036168150604,,,2.408314388245344,2.166034811642021,2.125037446152419,2.512659827247262,2.80332118133083,2.643150493968278,3.0658238236792386,3.9314249376766384,3.7694194447249174,2.6656351797282696,3.400864504277706,2.8091969289816916
tt_19.400000000000002h,2.7057846467942,,,1.9278417900204659,3.047297537792474,3.580397921614349,3.580397921614349,2.8521386277861893,2.467237505596131,,2.5440733078867197,2.470058193895966,4.884283903986216,2.8727646130137146,1.7001856830902398,2.2672230005264282,3.7974382983520627,2.999062264803797,2.999062264803797,3.3210883624851704,3.4038574947044253,3.808896786533296,3.7563858972862363,2.6321174446493387,1.7741635255515575,3.71933849574998,3.145695459097624,,,4.027520481497049,3.389261879492551,2.5215923809446394,3.1011552405543625,2.8245533872395754,,4.7998359254561365,4.7998359254561365,3.2680592867545784,2.2175083798356354,4.654239170253277,2.627827755175531,2.627827755175531,4.5713891834020615,3.426592504605651,,2.1861814581789076,2.384317289106548,4.049608259927481,2.4941847883164883,2.5785986431874335,2.1377628673799336,2.924012270756066,2.2141723637469113,3.708526434376836,4.492707641329616,5.429202849976718,3.775113142095506,4.253369825426489,3.062017874792218,5.357375202234834,4.808541024569422,3.782397946808487,3.417723491322249,4.593196677509695,5.0720663433894515,2.018632442690432,2.1270138267427683,3.2235908401198685,,3.621410603169352,5.0112943556159735,3.2758815796114504,3.47477232478559,3.2481369199231267,3.2330393795855343,3.1422063997015357,,3.4864659919403493,5.574062928091735,3.791021801531315,2.8839797228574753,3.3499913276173174,2.7428451883606613,,,2.406006799079478,2.163711331784725,2.122233896050602,2.5126594877801836,2.8000539215281606,2.641100612003356,3.064125880599022,3.9201939553022385,3.767972428817302,2.6645069806836545,3.406541899777949,2.8075526733882725
tt_19.500000000000004h,2.703535176347941,,,1.9252737639471889,3.0464816871099174,3.5772066926583648,3.5772066926583648,2.8487942703068256,2.461297564674169,,2.5426947469823062,2.4682009830139577,4.883940684143454,2.8704992355778813,1.7001856830902398,2.264949623029679,3.795039082877338,2.9977192105725408,2.9977192105725408,3.319011053070426,3.4026985485106707,3.8080952051095665,3.755567118059844,2.630306930281222,1.7736711353063583,3.7164354138076305,3.1441572215408087,,,4.02670351555571,3.388046051375568,2.521591035183519,3.0985651155933738,2.82941763009876,,4.815680957399309,4.815680957399309,3.266260538715869,2.215308619197458,4.654256826266646,2.6257958845235407,2.6257958845235407,4.579262712039053,3.4258144702762365,,2.184869844466448,2.382427232339978,4.049569862429053,2.4941065749153495,2.5777607522904873,2.1373012475669384,2.9228883092291653,2.214108010288328,3.706684754230082,4.493212645407766,5.429261065553874,3.7726368019357324,4.2530043656006455,3.062017893884331,5.361009512562305,4.808667712379247,3.7814274011179805,3.416328729595989,4.599081284366548,5.076958067715168,2.0171902128495276,2.1270137820392847,3.2215288835577667,,3.621383835095912,5.011267955414951,3.2758815796114504,3.4733798229135573,3.246637795586139,3.2312939702533185,3.140148234553635,,3.485452658031136,5.574154716450721,3.7891568676568568,2.8823797502554953,3.3496655812487006,2.74013328878209,,,2.403743924573064,2.1614201446063817,2.1194263924844563,2.49662579363212,2.7968303877860308,2.639108571689576,3.0624483642168343,3.918298624455929,3.7665313025936484,2.6633997675962746,3.40614126669243,2.8059372678399086
tt_19.6h,2.701324292458594,,,1.922780899796635,3.045677648857236,3.5772066926583648,3.5772066926583648,2.845496274996549,2.4554093265905976,,2.541337536647916,2.4663716475479305,4.883603299967945,2.8682678476907313,1.6978339273482561,2.262689143884927,3.7926678746007383,2.9963947660289705,2.9963947660289705,3.31697402196005,3.401558231562376,3.80730800004676,3.754760874900967,2.630306930281222,1.7732032192870975,3.7135697500780225,3.1426407019607723,,,4.02590075135231,3.386848094407469,2.5215898184105754,3.0960047226399183,2.826257782522589,,4.831799645442516,4.831799645442516,3.264485117048025,2.2131686178036034,4.65427314909175,2.6237776959314942,2.6237776959314942,4.579065026715398,3.4250486977398396,,2.183577869553119,2.380582192912698,4.049533128272742,2.4940334227867424,2.5769454394467175,2.136857219040394,2.921783037483692,2.2140469825826585,3.7048625089228153,4.4937213668599725,5.429317809641361,3.770193490665406,4.252647557295859,3.062017908785492,5.360945758409798,4.808738780673593,3.7804724778980017,3.4149538604542613,4.6049866690300405,5.081839252728969,2.015772013925016,2.127013743389398,3.219481209758669,,3.6213583457283676,5.011240841355175,3.2828184496611357,3.4720052708871663,3.2451605768874288,3.2295691184699535,3.138135044835508,,3.484455468133092,5.574242924340069,3.7873138980939984,2.880791653878987,3.340070253238082,2.7374432161450386,,,2.4015018260106444,2.159178229048848,2.1166146150790155,2.4966255058534443,2.785988320596516,2.637126862537116,3.060796894133091,3.916429494507611,3.7651156182400882,2.6623185239732265,3.40575193380937,2.804349652957171
tt_19.700000000000003h,2.6991380620747805,,,1.9202332911081612,3.0448836158029735,3.5815931507386267,3.5815931507386267,2.845496274996549,2.4495686953887343,,2.540002177003771,2.4645603438839316,4.883271680213511,2.8660536254756153,1.6849302309565246,2.2604360692203045,3.7903252448886633,2.9951043077744544,2.9951043077744544,3.3203392908908427,3.4004357387311757,3.806534965056926,3.7539670215919614,2.6285237837582827,1.772757200524211,3.7135697500780225,3.141147254034877,,,4.025112914852798,3.3856664216145873,2.5215887194499373,3.093470064457506,2.823136347346008,,4.848193295300007,4.848193295300007,3.2627323041670024,2.2110629798844457,4.654288230929524,2.621810915414244,2.621810915414244,4.578874034807086,3.4242935897782445,,2.1822926769964397,2.3787590810097754,4.0494979922659695,2.4939650534652174,2.5761644351296127,2.136430562939495,2.920695571694523,2.2139896233566105,3.7030526376329362,4.494223813991994,5.429373115301132,3.7677990328520536,4.252299253828824,3.0620179204270244,5.3608836508356035,4.80881477938965,3.7795345075428486,3.413586168549955,4.610895522870123,5.080725921317935,2.014347709249705,2.1270137103274465,3.217468603979796,,3.6213340824469924,5.011213071644306,3.27778644207865,3.470648448448628,3.2437047879211605,3.2278638533316553,3.1361493384465575,,3.4834739584475756,5.574327670037746,3.7854929198510945,2.8792282678186893,3.339749127626419,2.7374432161450386,,,2.3992653554305434,2.156981131527573,2.113832662347704,2.496625241357833,2.7828056635335088,2.635188023094088,3.0640378105454147,3.9145861584693193,3.763725221157074,2.6612598253414035,3.4053736715577543,2.802790043409914
tt_19.800000000000004h,2.69697612663731,,,1.9176810178905725,3.0440990873612463,3.5784438173286617,3.5784438173286617,2.8531651562079787,2.4594955518841743,,2.5386886382475495,2.4627601075917482,4.882945756427944,2.8638787060044706,1.682735463604331,2.248620285652578,3.7880111262202263,2.993824285455048,2.993824285455048,3.318311204202473,3.3993315366096795,3.8057759068906307,3.7531854594126344,2.633180098608136,1.7723322082310915,3.702136085368693,3.1396586503833532,,,4.024339427705854,3.3845007829368114,2.521587728522718,3.090977117419243,2.8200541706755757,,4.864863827358931,4.864863827358931,3.261002036742866,2.208971564657986,4.654302157461643,2.621810915414244,2.621810915414244,4.578689532820135,3.4235503524541855,,2.1810194607824087,2.3769595031626523,4.049464391544461,2.4939012019895017,2.5753932064399123,2.136020877864212,2.919607632793486,2.2139357840642333,3.7030526376329362,4.494719837792218,5.4294270146638155,3.7677990328520536,4.251959309447557,3.0620179288089275,5.36082315351814,4.808895544148982,3.778613335918635,3.417121035978198,4.6168421297334135,5.085648552980274,2.012949153780937,2.1318267416208982,3.215476792305708,,3.6213109930977225,5.0111847021616995,3.2728336551226676,3.4693079898133874,3.2422698559239507,3.226179954595864,3.134188531897962,,3.482508294750005,5.574409066699445,3.7836982156150043,2.883836053777486,3.339437687769532,2.741216824389994,,,2.3970519001595676,2.1548499180935323,2.111131437588483,2.4966249987483025,2.779664575122297,2.633268271572888,3.0624076668173075,3.9127878546714783,3.762360363267362,2.660217479802668,3.405006227083504,2.8012692676857114
tt_19.900000000000002h,2.6948317415080965,,,1.9151803655549884,3.043343518394977,3.575333083514124,3.575333083514124,2.8499216521158814,2.4536631484515965,,2.537394629791379,2.4668038645759225,4.88262545876205,2.861730474047363,1.680384994018823,2.2464228784665465,3.785725390072912,2.9925628802739084,2.9925628802739084,3.3163236430846155,3.3982458557002246,3.805030624382198,3.7524160481989384,2.6314240372739732,1.7719283355399966,3.6993068922311068,3.1382077620364726,,,4.02358034811914,3.3833523080684245,2.521586835384369,3.0884954440407455,2.816999341826886,,4.881812060251832,4.881812060251832,3.2592949816025794,2.2068912349641323,4.654315127059817,2.62558641564101,2.62558641564101,4.578511321451515,3.4228188851848245,,2.1797720482572913,2.373413461726159,4.049432265106589,2.483630587812513,2.5746432752348483,2.135627723764628,2.918529834598303,2.2138853203505278,3.7045150264166296,4.495209486223757,5.429479539394379,3.7722173682413995,4.251627580262721,3.0620179348625243,5.360764229204506,4.808980911038816,3.777708667796105,3.4157816721126437,4.622792159207165,5.090597701724619,2.0115773025900126,2.131826711818576,3.203279372304678,,3.621289028786123,5.0111557873897254,3.2679755776189268,3.467983924318105,3.240855442825705,3.224514646921307,3.1322535243816674,,3.4815578358247876,5.574487225618213,3.7819213322363794,2.882302757818252,3.3391357087530196,2.738566934131086,,,2.3948805136606097,2.1506312182173133,2.1084871948696673,2.496624776162207,2.7765634139068425,2.6313799135386944,3.060802736785263,3.9109954638406634,3.761020795442164,2.6591948131099343,3.4046493656933308,2.7997618801891804
