Angular_Width,35.0,30.0,43.0,60.0,30.0,46.0,46.0,56.0,50.0,38.0,72.0,69.0,36.0,55.0,60.0,50.0,31.0,30.0,30.0,47.0,27.0,31.0,30.0,32.0,66.0,35.0,58.0,30.0,30.0,35.0,40.0,40.0,25.0,63.0,29.0,45.0,45.0,39.0,45.0,27.0,22.0,22.0,50.0,29.0,37.0,47.0,45.0,40.0,41.0,38.0,43.0,50.0,58.0,45.0,45.0,37.0,35.0,26.0,29.0,22.0,19.0,24.0,27.0,17.0,30.0,41.0,50.0,27.0,11.0,35.0,38.0,45.0,31.0,45.0,61.0,35.0,35.0,46.0,30.0,41.0,49.0,32.0,58.0,39.0,45.0,43.0,44.0,45.0,45.0,45.0,40.0,45.0,42.0,45.0,19.0,29.0,45.0
Velocity,920.0,950.0,830.0,1950.0,650.0,600.0,600.0,720.0,1507.0,1150.0,930.0,1020.0,301.0,815.0,2250.0,1364.0,535.0,730.0,730.0,650.0,570.0,447.0,450.0,825.0,1485.0,520.0,675.0,300.0,300.0,440.0,600.0,610.0,790.0,851.0,396.0,202.0,202.0,676.0,1400.0,236.0,917.0,917.0,296.0,576.0,354.0,1250.0,1155.0,329.0,567.0,744.0,861.0,780.0,850.0,483.0,350.0,243.0,487.0,375.0,386.0,260.0,309.0,471.0,594.0,262.0,232.0,1383.0,680.0,717.0,275.0,393.0,287.0,649.0,561.0,628.0,677.0,702.0,422.0,553.0,247.0,539.0,767.0,452.0,920.0,750.0,749.0,1204.0,1494.0,1651.0,635.0,901.0,934.0,729.0,466.0,523.0,786.0,467.0,782.0
Observed,470.0,510.0,500.0,540.0,470.0,390.0,430.0,390.0,580.0,370.0,450.0,450.0,370.0,440.0,680.0,440.0,410.0,500.0,420.0,390.0,380.0,390.0,430.0,360.0,520.0,520.0,410.0,430.0,430.0,350.0,430.0,400.0,480.0,490.0,490.0,510.0,540.0,360.0,600.0,390.0,380.0,380.0,390.0,370.0,460.0,610.0,550.0,490.0,500.0,510.0,430.0,500.0,440.0,370.0,420.0,390.0,360.0,360.0,410.0,330.0,410.0,470.0,450.0,380.0,330.0,440.0,510.0,410.0,340.0,380.0,390.0,480.0,370.0,460.0,410.0,380.0,460.0,520.0,380.0,440.0,490.0,380.0,650.0,490.0,450.0,520.0,550.0,480.0,450.0,380.0,500.0,490.0,430.0,510.0,440.0,370.0,460.0
Spheroidal,462.20557071975446,,,594.9475989284854,742.7485957814677,413.4791220998189,413.4791220998189,503.91056425210104,411.8394817632728,,855.1694464817176,769.4766135105364,728.5311873426167,551.5066256036695,709.3413952884708,543.0092227599513,370.78475927345573,465.3067416322866,465.3067416322866,485.30414500516025,602.9949742894856,403.84143325435696,394.7814031114054,462.7716340744588,973.0687066566524,368.7775917454164,599.6579875553992,,,512.8439252783367,486.4595512206942,670.3936285084656,707.2291697970048,645.9367259049296,,511.4085454301401,511.4085454301401,460.941232583438,505.21210539132176,632.9309843953847,426.1869994343796,426.1869994343796,740.923374756562,743.7055055087708,,606.9896010763913,541.5857734361887,404.6565508264351,622.0250165526724,691.8954313412597,641.7645700908046,733.3258231479816,792.6922910708245,681.6823683044684,738.490691602967,498.1038723741189,731.5053811690534,410.3886584431648,530.0330643278525,327.0051766189099,443.4869150745056,388.70397779815136,743.8524282324702,518.5326772829494,634.5408352910868,562.1102306088364,738.3420363026664,597.5877230946078,,452.7819437572128,361.09098644455776,364.5591163736189,422.02561998269135,506.3460037719544,614.7374622945817,439.5714789959607,,613.4276006636464,305.6056734458266,432.0512767265834,540.163688441195,446.8095424417045,564.9054679694362,,,731.3648295052486,504.1125876161266,557.9837228103702,741.7783382469459,458.23886641103894,484.7302707216982,509.5787545638676,401.555589244993,470.84718325160776,428.2819915576518,440.58636530878215,518.2912093716587
v_0.1h,,,,,,,,,,,,,,,,446.38626716972277,,329.8421355326664,329.8421355326664,,,336.1642094420433,,,640.2543756413874,,345.8783042009978,,,512.7601245139645,369.66513264858276,515.4896478113668,,,,,,374.36134239896586,321.50054702889736,,,,,,,347.1822574147288,354.4577261918654,,,,,729.3315485703628,709.1084664604747,,738.490691602967,,,,,,,,,519.3958611064705,,,,,,381.0029604369462,,,,362.0980704394862,357.94476678998234,,,610.8414905192427,305.61621582071876,,,,,,,,557.1115298376502,,,,,351.27406837259497,,,,,363.8271238468511
v_0.2h,370.1647511531432,,,423.9651013931673,742.7485957814677,555.4682078477323,555.4682078477323,366.1909026372661,312.05064392695454,,555.1088875621028,321.7749487870162,732.434153529458,530.2342441992635,701.1700123479363,446.3916514964213,325.06069183548595,333.6975640556768,333.6975640556768,463.04676778301007,583.7941168100507,336.1733991056122,335.21467653465913,380.173454636916,641.8808406044326,368.09804410190617,347.41317970506253,,,512.7617021737168,369.6663079103219,517.8170815432097,707.2291680958823,645.936725904857,,487.69732803717426,487.69732803717426,372.61086027961977,323.3095056913106,655.415030376545,363.2927088665631,363.2927088665631,399.5872213824429,743.7055055087695,,347.2325484102403,358.00006947467773,407.9909374767265,654.2051473114645,690.0388550914673,462.8280883862319,729.3315485703628,709.193154474135,679.6442741692283,738.490691602967,498.49817693081894,731.5053811685647,449.18171411733323,716.9485695500465,325.3476414403015,443.4869039095031,340.5086981537058,743.8524282324702,519.4029288809495,634.5408352910868,429.60634504981863,691.5959145683703,597.3481138352302,,382.21448171491363,361.0769961763833,312.12111363759544,373.49359402871625,362.0980839977517,358.215113447924,329.0777806992145,,610.9200685524714,305.6162149207507,420.95437660595115,335.81816947090334,384.6821974396361,392.4358514263698,,,731.3648295052486,557.1115298380806,557.9835134711199,740.7130691961836,336.0967830765592,317.9942887892788,351.32789503793055,390.799801726687,391.12483855552983,343.57794627544894,615.0276273363027,364.09955854581494
v_0.30000000000000004h,372.2565320771176,,,423.96510592559105,742.7485957814677,555.4682079295292,555.4682079295292,366.38230984316783,316.66052872665597,,556.1865260969903,326.29330982320306,732.4341535302968,530.2599760798868,702.2052551363793,446.3954948792768,325.0606918480102,337.16465715761547,337.16465715761547,463.1933695344564,584.3096689730892,336.1821307957604,335.214677752063,380.19899448884615,643.0012514492863,368.0984560978807,348.9514569360575,,,512.7631898563958,369.66742210267734,521.7157859746528,707.22916818275,645.9367259048585,,487.30009133376524,487.30009133376524,367.9306741268573,325.98170860483214,653.0704747062767,369.37579492575617,369.37579492575617,399.58722074565384,743.7055055087695,,349.64634897159425,361.5333274362892,406.7114465410628,,690.0958036766532,472.571916604947,729.3315485703628,709.2605515694208,679.7046614002677,738.490691602967,498.49794314694304,731.5053811685723,448.75570541733043,713.4555616220183,325.3476414398457,443.4869039939205,340.5087328884369,743.8524282324702,519.4100492777309,,432.66215507026067,691.6020366531751,597.3723172816763,,383.43963981548427,361.07699958792466,,361.7969427229967,362.098096352509,358.4588221146408,330.6168540723902,,610.9912762352154,305.6162139796355,420.95437660642483,335.8181694800891,386.8402829156978,393.2087418647782,,,731.3648295052486,557.1115298383879,557.9835543083153,740.713462538921,336.10053708014374,316.5342388112893,351.3766757378655,390.8072301986158,391.6738124815877,347.95406918982,615.0276326907126,364.3290716256174
v_0.4h,374.3354445761378,,,423.96510873904214,742.7485957814677,555.4682080049116,555.4682080049116,366.390337739533,312.0481826911871,,557.2989418420929,331.04852040485594,732.43415353115,530.2815850109467,703.1103382854499,446.39825468358305,325.060691859788,341.22454329091505,341.22454329091505,463.33753409970495,584.8503875790491,336.1904416459937,335.21467895758576,380.2210036161708,644.0888758819275,368.0984560978807,350.4926220618093,,,512.7645942432714,369.6684835703224,524.1293561813065,707.2291682577483,645.9367259048596,,487.296420553586,487.296420553586,359.7029668100941,329.0583338023156,650.4399953286412,374.42542564108953,374.42542564108953,399.58722013169375,743.7055055087695,,359.36025825908234,365.0139670573016,406.6449264317055,654.2104538735791,690.1525705323478,484.37628136160544,729.3315485703628,709.318619567314,679.7043585409975,738.490691602967,498.4977043286798,731.5053811685648,448.7557054173367,709.9957519370545,325.3476414393603,443.4869040784955,340.5087663744756,743.8524282324702,519.4172217436577,634.5408352910868,435.65840528558925,691.6083254106466,597.3928440960397,,384.6782775987447,361.0770030266148,312.1211947439778,358.16370578874637,362.09810767151606,358.6961585003799,332.18413425313827,,611.0727785144358,305.6162129956506,420.9543766068691,335.80399353510717,388.1605510744528,393.9760761215752,,,731.3648295052486,557.1115298386126,557.9835802837856,740.7138678318393,336.10364217155995,314.719491240623,351.4234534118814,390.81424744774046,392.2032657019927,353.01011405243594,615.0276380383325,364.5448523143939
v_0.5h,376.40108104029264,,,423.9651105479828,742.7485957814677,555.4682079355267,555.4682079355267,366.390337739533,316.6464898842221,,558.3162918794886,335.59836943262366,732.4341535320175,530.2998300318773,703.9298942069964,446.40030986126834,325.02346650374653,345.3414709297697,345.3414709297697,463.46461615682733,585.3344475246207,336.19836598050875,335.2146801544583,380.20091345857276,645.1163075669425,368.11367554517017,352.0362547763954,,,512.7659214983165,369.66949995048714,528.1641606690193,707.2291683229425,645.9367259048603,,487.296420553586,487.296420553586,348.3108377116757,332.3781263608632,653.0026622391899,374.4064314381364,374.4064314381364,454.31818064588833,743.7055055087695,,367.88222426471435,368.43937250636526,406.58092773018666,654.2069392157354,690.2346987478877,482.64654232544257,729.3315485703628,709.3831816716242,679.7043585409975,738.490691602967,498.49746050038596,731.5053811685727,447.8120857056953,706.5712469743836,325.3476414388444,443.48690416326633,340.5087987433494,743.8524282324702,519.4244457216784,634.5408352910868,438.5796121427406,691.6146413405768,597.4103012087875,,385.93021121172745,361.0770064933413,312.1212779999468,358.1637117375116,362.09811810150813,358.90497852244135,333.7740964516809,,611.1671946377517,305.61621196700355,420.9543766072868,335.49681103500467,387.2963641305526,394.7236880539967,,,731.3648295052486,557.1115298387829,557.9835971614848,740.7142856817819,336.1062303486487,313.17945833987056,351.4683504925919,390.82088901419786,392.7307967910172,357.55499850690217,615.027643394016,364.73261990887244
v_0.6h,378.4335290460247,,,423.9651117595927,742.7485957814677,555.4682080135419,555.4682080135419,366.55947429295907,321.0413532802506,,559.3995876654014,340.1271746594122,732.4341535329007,530.3153332028463,704.5575138562745,446.4018728708969,325.0234665063069,348.9535668931977,348.9535668931977,463.5768359672513,585.7678453313836,336.2059355543514,335.2146813458449,380.22365576552505,646.0011152379359,368.11448648531973,353.5819961586866,,,512.7671773135418,369.67047824876227,530.6547112115069,707.2291683800627,645.9367259048605,,486.9008182290122,486.9008182290122,335.54415986766935,335.80939842764593,650.3418490715511,374.4064314381364,374.4064314381364,454.31818064588833,743.7055055087696,,375.7496324442345,371.8539653918797,405.31911829651796,652.0955723517143,690.3056740220051,482.64654232544257,729.3315485703628,709.4432934661463,679.7598977781149,738.490691602967,498.4972116915609,731.50538116858,446.2406003616992,703.1842969240214,325.34764143829585,443.4869042482686,340.50883011817047,743.8524282324702,519.4317206510752,634.5408352910868,441.4186267444066,691.6211548702128,597.4251940567236,,387.19522932662744,361.0770099889732,312.1212779999468,358.163717404187,362.0981277710785,359.1102438379257,335.38187043248183,,611.2530357329806,305.6162108918302,420.95437660768164,334.84989537759964,387.2963641305526,395.4606881069569,,,731.3648295052486,557.1115298389177,557.9836085279377,740.7147167362763,336.10657394217833,316.195356235067,351.5097251911569,390.82150267664736,393.26030619979497,361.5505647497645,615.0276487725275,364.8922257057943
v_0.7000000000000001h,380.45026177898404,,,423.96511264968376,742.7485957814677,555.4682080857897,555.4682080857897,366.7066119517508,321.0263269533958,,560.3833146130693,344.29632768468434,732.4341535338007,530.3286037525762,705.224297375724,446.4030963831133,325.0234665063069,352.5469979113205,352.5469979113205,463.6761274292987,586.1875659822416,336.2131797705568,335.24106166856785,380.2433802786403,646.8099724598829,368.11448648531973,355.12952658064563,,,512.7683669498753,369.6714249066325,534.8046934646442,707.2291684305595,645.9367259048613,,486.4829601499722,486.4829601499722,330.60724097014133,339.24453663392126,647.6408975151903,378.40701033852184,378.40701033852184,454.31818010915265,743.7055055087696,,382.83525782489704,375.1808751103901,405.260990304459,652.0974127207459,690.3673730323561,492.9406467507368,729.3315485703628,709.5000352298945,679.8111260027317,738.490691602967,498.496957936997,731.505381168573,446.24060036171255,699.8370988516222,325.3476414377127,443.4869043335397,340.5088606143389,743.8524282324702,519.4390459676846,634.5408352910868,444.2771443638246,691.6277174800753,597.4379434211844,,388.4730923549616,361.07701351435895,312.1238722884792,358.16372282785386,362.09813679311276,359.2904233240657,337.00597898709117,,611.3311896663068,305.61620976819125,420.954376608056,333.9708491225884,389.5083586057991,396.19108045437156,,,731.3648295052486,557.11152983903,557.9836163725772,740.7151616822543,336.1088039487979,318.96695902221114,352.96451811755384,390.82150267664736,393.76841160497537,366.0783288229354,615.0276501683367,365.0479700465826
v_0.8h,382.45798683223387,,,423.96511336496064,742.7485957814677,555.4682081530487,555.4682081530487,366.7205838651658,321.0263269533958,,561.435299734709,348.1215639267032,732.4341535347172,530.3400582026455,705.8072149214436,446.40410379304996,324.818172546078,355.6156916874816,355.6156916874816,463.76417401674894,586.7293204809183,336.22012646849566,335.24104326045267,380.26063186934084,647.7062390880087,368.1290909942462,356.67855476577,,,512.7694952740126,369.6723458618821,537.3593790091892,707.2291684756456,645.9367259048613,,486.4749235973915,486.4749235973915,330.7215890627161,342.8053755426314,644.7982988564737,381.55584231050403,381.55584231050403,454.3181796127674,743.7055055087696,,389.5901575728113,378.4719064080769,405.20561930950123,652.1080053397494,690.421354775874,503.3975868834696,729.3315485703628,709.5498108117648,679.8106283972076,738.490691602967,498.4966992769271,731.5053811685805,443.9210452788137,696.5317149308007,325.34764143709356,443.48690441911543,340.5088903401761,743.8524282324702,519.4464211041153,634.5408352910868,447.0516492331059,691.6346708212625,597.4488996747035,,389.76353163286086,361.0770170703261,312.12403401421244,358.16372804421525,362.09814526686466,359.46498854192885,338.64456264818756,,611.4024497273963,305.6162085940696,420.95437660841293,333.1851660366113,390.8598606819931,396.22495690830857,,,731.3648295052486,556.7946522390613,557.9836221795624,740.7156212452011,336.1088039487979,321.68814711867486,354.5542371065171,390.8279332191663,394.2970824144411,370.0011526602979,615.0276558646246,365.1818362110186
v_0.9h,382.52634516538785,,,423.9651139954836,742.7485957814677,555.4682081668142,555.4682081668142,366.7205838651658,325.3680336066016,,562.3774532218536,352.0586237681297,732.4341535356517,530.3499737193853,705.7976360835436,446.40495641564195,324.57579628618714,359.0712498483487,359.0712498483487,463.84244115237914,586.7226424627225,336.2277313281898,336.45544197767464,380.2645056302735,648.6849750509822,368.13028896914966,358.22881568976317,,,512.7705667915972,369.67324660255747,541.5968745358554,707.229168516114,645.936725904862,,486.4749235973915,486.4749235973915,330.8236835455953,346.3354211791946,644.6396840818321,381.4679910331113,381.4679910331113,454.31817916380817,743.7055055087699,,395.0593323968911,381.76520367432585,404.0318265354221,652.1080053397494,690.4328303215658,501.6140213809676,729.3315485703628,709.5983976316049,679.8106283972076,738.490691602967,498.49667721556597,731.5053811685877,440.73036984210154,693.2700368623993,325.3476414364359,443.48690450503256,340.50891939750676,743.8524282324702,519.4538454899657,634.5408352910868,449.8090881701849,691.6376442729506,597.4583547789733,,391.06624857365,361.07702065768115,312.12403401421244,358.1637330859616,362.09815327974707,359.6221674287772,340.29528613447013,,611.467525344754,305.61620736736774,420.9543766087548,332.38908624231294,393.1360403859169,396.9729915758667,,,731.3648295052486,553.8922452566836,557.9836266026217,740.7160961886483,336.1106894624491,324.4393607307848,356.1265080864758,390.83404361362784,394.79387531011366,373.35173352634314,615.0276558646246,365.2966790184373
v_1.0h,384.54006470989725,,,423.965114581012,742.7485957814677,555.4682081668142,555.4682081668142,366.8514104988141,325.35720375688004,,563.4163105884577,355.56820192752576,732.4341535366052,530.358713874713,706.3106876778298,446.40570801176017,324.04767710036924,361.9676096569314,361.9676096569314,463.9122048931199,587.2084528263282,336.2350495904366,336.45544197767464,380.2645056302735,649.5997402908831,368.13028896914966,359.7800731580847,,,512.7715856770933,369.67413221501187,544.1986830773918,707.2291685311417,645.9367259048624,,486.0311450079849,486.0311450079849,330.91530784479886,349.9122239081582,644.6396840818321,384.2131997337998,384.2131997337998,520.9226737756352,743.7055055087699,,400.43195040394465,384.9215159603851,403.9826378531733,652.1205090841296,690.4811389984405,510.3387582892129,729.3315485703628,709.6566390777465,679.8578459824984,738.490691602967,498.4964106679641,731.5053811685883,440.7303698421296,690.0537705217367,325.347641435738,443.4869045913274,340.5089478821864,743.8524282324702,519.461318552032,634.5408352910868,452.57259098104055,691.6451692256974,597.4665523193188,,392.38091378494084,361.07702427720443,312.1241999648807,358.16373798309326,362.0981609088689,359.76712286277433,341.955249868691,,611.5270514459751,305.61620608590414,420.954376609084,333.0032462833609,392.24199597067,396.9729915758667,,,731.3648295052486,547.6226264598255,557.9836302042249,740.7165873139577,336.11231497845336,327.2553568485534,357.6990851522186,390.8398621090699,395.3144277399107,373.27468880983383,615.0276616152739,365.39682280760337
v_1.1h,386.5333105311145,,,423.9651151432596,742.7485957814677,555.4682082319495,555.4682082319495,366.8678286301124,325.35720375688004,,564.3216151485495,358.977653781468,732.4341535375783,530.366502009756,706.8130992115825,446.4063921348074,323.5850314124325,364.74362524007745,364.74362524007745,463.97457699941964,587.6442769934064,336.24210616141187,337.3746709340739,380.2801922492728,650.5192804651315,368.1315127868675,361.33212296481713,,,512.7725558006855,369.67500742658507,546.8149635700782,707.2291685692027,645.936725904863,,485.5624671446467,485.5624671446467,331.0005249969789,353.48393079370175,641.5694454871154,384.2131997337998,384.2131997337998,520.9226737756352,743.70550550877,,404.95826093741067,388.114804747519,402.75213772235963,649.9711703877771,690.5239869717084,510.3387582892129,729.3315485703628,709.7125722246416,679.901465878824,738.490691602967,498.4961393587543,731.5053811685883,436.55448685992775,689.9042865550034,325.34764143499746,443.48690467803624,340.5089758845802,743.8524282324702,519.4688397145188,634.5408352910868,455.3316554944483,691.6528265282745,597.4736958277115,,393.7071661486136,361.0770279296523,312.1241999648807,358.1637427632123,362.0981682223644,359.9059906012774,343.620902723902,,611.5815966335578,305.61620474740965,420.8275621659488,335.82354038400615,394.54016720481604,397.73284022893245,,,731.3648295052486,540.9359847530204,557.9836332304424,740.7170954603051,336.1137359888056,330.10503896841675,359.2834465767422,390.8408687079472,395.8088516480658,376.5593130448526,615.0276674357692,365.4964549547111
v_1.2000000000000002h,386.5333105311145,,,423.96511569751027,742.7485957814677,555.4682082932675,555.4682082932675,366.9925060808435,329.6591069922035,,565.3075859286732,362.36048277433315,732.4341535385723,530.373520729017,707.1963601540745,446.40703343075415,323.5850314405595,367.11956081444595,367.11956081444595,464.030526639257,588.0352741822303,336.24892418372747,338.515683120033,384.9963424394572,651.7764217670057,368.14590589952616,362.8690905288608,,,512.7734807525285,369.67587664354136,551.1159216634377,707.2291686044009,645.9367259048632,,485.5492597063254,485.5492597063254,331.0832898001013,357.0834328519225,638.548968508079,387.00226598942953,387.00226598942953,520.9226734860488,743.70550550877,,409.3743420359807,391.1956861349488,402.75213772235963,649.988690750679,690.5239869717084,519.053796784475,729.3315485703628,709.7674031786543,679.90085410093,738.490691602967,498.49586335095836,731.5053811685956,431.3051884890423,686.7106240053256,325.34764143464776,443.48690476519573,340.5090034900053,743.8524282324702,519.4764083992475,634.5408352910868,458.0715168791729,691.6607626359275,597.4799083629097,,395.04461186340353,361.0770316157534,315.0075200621963,358.1637474517769,362.09817528054026,360.0302171148845,343.66040591082054,,611.6316703404716,305.61620334952505,420.3613812423055,338.64323663606814,394.54016720481604,398.53076888162354,,,731.3648295052486,530.5888204553282,557.9836359197286,740.7176215048546,336.1142578611086,332.96130439720434,360.8702700014641,390.8465356685863,395.82831396623595,379.773726550492,615.0276733416633,365.5852035841744
v_1.3000000000000003h,388.50015022824954,,,423.96511625265333,742.7485957814677,555.4682083118478,555.4682083118478,366.9925060808435,329.6504107607863,,566.2047823157087,365.8428945564654,732.4341535395876,530.3799196507879,707.1963601540745,446.4076465551084,323.0356383617732,369.5963083396322,369.5963083396322,464.0808990948321,588.0352741822303,336.255525173186,339.4003086856583,384.00098657816636,653.0370108145744,368.14590589952616,364.4068992712753,,,512.7743638646556,369.67674398488765,553.7488426993326,707.2291686373349,645.9367259048636,,485.1243418736644,485.1243418736644,331.1588676551812,360.603473734366,638.3451450065571,386.90546841137143,386.90546841137143,520.9226732592633,743.70550550877,,413.9234866973595,394.2955879934805,402.7091322362699,650.0045154715458,690.5620546341157,525.9555571847526,729.3315485703628,709.8209869950367,679.90085410093,738.490691602967,498.49586335095836,731.5053811685964,431.30518848909935,683.564020165227,325.34764143381517,443.48690485284163,340.50903077912693,743.8524282324702,519.4840240258567,634.5408352910868,460.80556993089334,691.6607626359275,597.4853950433939,,398.57356825426456,361.07703533620753,315.01526895618605,358.1637520723328,362.0981821368666,360.1472214071635,345.32378081114837,,611.6777291156225,305.61620188979543,419.5260581395161,341.4528583909148,395.9405276522947,399.3694818695111,,,731.3648295052486,522.8881718023387,557.9836384000592,740.7181663630586,336.11554335466354,335.79695469543884,362.4569311248943,390.8519551952237,396.3337769030901,382.5699336542825,615.0276793486224,365.66451213817487
v_1.4000000000000001h,390.4537788473929,,,423.9651168143128,742.7485957814677,555.468208371901,555.468208371901,367.11075700755515,333.8881668868546,,567.119309101167,369.3221638481838,732.4341535399714,530.3858029227013,707.5946701628169,446.4082451859114,323.0356383617732,371.7535092219577,371.7535092219577,464.0896958016635,588.489634943749,336.2619291429674,340.4371480693167,390.28407230590045,654.2127588308618,368.1475135168095,365.9454196761611,,,512.775208230828,369.6776133127007,556.3838788382499,707.2291686685048,645.9367259048639,,485.1243418736644,485.1243418736644,331.2279303297289,364.2037505300996,635.1643023708216,389.77220637382345,389.77220637382345,587.7099838103151,743.70550550877,,418.5066105575242,397.290089696644,402.66912087524247,650.0045154715458,690.5964207484251,524.1733753759894,729.3315485703628,709.8758203733563,679.9411437981006,738.490691602967,498.4955827137906,731.5053811685964,424.94113494917195,680.4656963652093,325.347641432933,443.48690487108615,340.50905782832837,743.8524282324702,519.4916860120052,634.5408352910868,463.5946826553081,691.6693306796333,597.4902720574503,,399.93425929619775,361.0770360219968,315.01526895618605,358.16375664671756,362.09818883883503,360.2590007260844,346.98906525344506,,611.7201821701796,305.6162003656696,418.96168237094906,341.33961610509584,395.95778046358345,400.2390976296649,,,731.3648295052486,515.965052730489,557.9836407444174,740.7187309890704,336.1167062571485,338.6859512184428,364.04334277107114,390.8519551952237,396.8281523454483,382.5699336542825,615.027682315262,365.7360597449524
v_1.5000000000000002h,392.4233559520072,,,423.9651173807394,742.7485957814677,555.468208371901,555.468208371901,367.13384681680327,333.8881668868546,,568.0142870082113,372.9009176858745,732.4341535410454,530.391282479676,707.8802496743466,446.40883590863587,322.0576494125074,373.81192782951405,373.81192782951405,464.1356728600755,588.9818531006736,336.268154716704,340.2563893419102,390.28407230590045,655.7772755097443,368.16137750912935,367.4845196435683,,,512.7760167245885,369.67848825949187,559.0171750625935,707.2291686685048,645.9367259048639,,484.7140086650105,484.7140086650105,331.29193032667877,367.69138930526003,635.1643023708216,392.6817804829312,392.6817804829312,587.7099837534981,743.70550550877,,423.1752145052503,400.2344950129389,402.6321552175021,650.0326409080035,690.6277069229981,529.3956979445996,729.3315485703628,709.9299841666264,679.97842002931,738.490691602967,498.49529752280966,731.505381168603,417.4896936955246,677.4166843394038,325.34764143199794,443.4869049608554,340.50908471004317,743.8524282324702,519.4993937735735,634.5408352910868,463.8104668934776,691.6797240178092,597.4946370468941,,401.3039395781174,361.0770398359742,314.5559296435677,358.1637593906391,362.0981954287062,360.36073650979085,348.6582076971764,,611.7593962952899,305.6161987744942,418.9616823724621,344.1086803956929,397.37023922724,400.3207651433042,,,731.3648295052486,509.8236787342529,557.9836428628844,740.7189373481242,336.1167062571485,341.5873795793327,365.59990871589605,390.857149922821,397.3186172388987,385.63005368600443,615.0276887522181,365.8007405502342
v_1.6h,394.3237148447272,,,423.9651179664565,742.7485957814677,555.4682084291085,555.4682084291085,367.2403225013727,333.88196783635095,,568.8293799721905,376.4998844575595,732.4341535421436,530.3947656895859,708.1509774442133,446.4094243003765,321.3123694586864,375.88680657749467,375.88680657749467,464.1774289986727,589.4240719631263,336.2742192317385,341.2468723231488,395.5605038811874,657.1118096669538,368.16137750912935,369.02406771834814,,,512.7767920157339,369.6793722531019,561.644567536171,707.2291686983307,645.9367259048643,,484.6986627832151,484.6986627832151,331.35163966215924,371.2131292933719,631.8842377874785,392.6817804829312,392.6817804829312,587.7099837629615,743.7055055087701,,427.66947024620345,403.181585895606,402.59827906778946,647.8796020379484,690.6564320680026,529.3956979445996,729.3315485703628,709.9891472527307,679.9777538065572,738.490691602967,498.49500786006365,731.505381168604,417.48969369563457,674.4178294360855,325.34764143100773,443.4869050511991,340.50911149306404,743.8524282324702,519.5071467248608,634.5408352910868,466.569375991668,691.8113158437154,597.4985721708224,,402.68203542494786,361.07704368571603,318.0979210072031,358.163764114948,362.09820194416125,360.45389262870236,350.3346009554833,,611.7957002439846,305.61619711350943,417.5260339698201,346.61995537649733,399.7357295048775,401.27755730889146,,,731.3648295052486,505.74198139229304,557.9836451461491,740.7195448851958,336.1177698461643,344.4083568798157,367.171159882212,390.86214075768953,397.809080579766,388.3248447542914,615.0276953282249,365.86018880027143
v_1.7000000000000002h,394.4328744412727,,,423.9651185643894,742.7485957814677,555.4682084523052,555.4682084523052,367.2403225013727,338.07289988234805,,569.7744029473357,380.020492570083,732.4341535432669,530.4000226895121,708.3655336765092,446.4100137744702,321.69367484923873,377.9721401410291,377.9721401410291,464.2155291256278,589.8213828956012,336.2801395720352,342.057179791349,394.5874986736064,658.647314399372,368.163358605706,370.56106154774443,,,512.77753565612,369.68026796795584,564.2589638423657,707.2291687271645,645.9367259048646,,484.2620643481164,484.2620643481164,331.4420100922767,374.70184327661497,628.6503793014793,395.5467493020806,395.5467493020806,587.7099837629615,743.7055055087701,,432.1744612296591,406.03497462326,401.45838415501174,647.8796020379484,690.6710541201579,536.1454832683928,729.3315485703628,710.0458032185102,680.0130832943549,738.490691602967,498.49471381424024,731.505381168604,409.06406149501834,674.4178294360855,325.83111125909295,443.4869051421536,340.5091382428284,743.8524282324702,519.5145679936734,634.5408352910868,469.3317700548732,693.8067955668727,597.5021466175831,,402.9117009918913,361.0770475717913,318.0979210072031,358.16376883196943,362.09820841872875,360.5479062802428,352.0110101001614,,611.8293491053832,305.6161954013299,415.6688888649797,349.33978525742737,399.7357295048775,402.31186704785574,,,731.3648295052486,498.0608596014378,557.9836473859158,740.7201752940563,336.6330040816173,347.28871662011704,368.73245718510486,390.86359865393416,398.28595851653677,390.952503464847,615.0277020603328,365.9171229027946
v_1.8000000000000003h,396.3883593569574,,,423.96511917599616,742.7485957814677,555.4682085089892,555.4682085089892,367.2652768381481,338.07289988234805,,570.5241213980291,379.7960168720658,732.4341535444165,530.405044648048,708.3643449356509,446.4106070479062,320.9149176681824,380.09256459739856,380.09256459739856,464.25046550752677,589.8121955320812,336.28593090056734,342.84601701449606,399.74041350120217,660.1944385095003,368.17674207165675,372.09447871109245,,,512.7782498269054,369.68117836751287,565.2547850148414,707.2291687551439,645.9367259048647,,484.2620643481164,484.2620643481164,333.28721580543913,378.1708930375027,628.4437610451374,395.4602867804894,395.4602867804894,587.7099838460636,743.7055055087702,,436.6111478982797,408.88784165195324,401.43091154037177,647.9005693962363,690.697932673362,534.398621639024,729.3315485703628,710.1083279990131,680.0130832943549,738.490691602967,498.4946723446548,731.5053811686106,409.0640614951119,671.4697939549748,325.831111258173,443.48690523346187,340.509165027458,743.8524282324702,519.5215486547415,634.5408352910868,472.1205054916711,692.7213469974891,597.5054186494862,,404.3000481236153,361.07705151881134,318.10365021890266,358.1637735598982,362.09821488255676,360.63603428201543,353.6907458054138,,611.8606061866654,305.6161936431765,414.5798904699352,351.80006614380494,401.1739848369241,403.40154518876443,,,731.3648295052486,490.2593144155106,557.9836496045893,740.7208308637289,336.6076863054357,350.1880727682355,370.3101383049743,390.868501396259,398.7717491307787,393.52958394423257,615.0277020603328,365.97608747538027
v_1.9000000000000001h,398.3234152926396,,,423.9651198021708,742.7485957814677,555.4682085089892,555.4682085089892,367.3616287593688,342.2766431805645,,571.4264935731645,383.403402061741,732.4341535455936,530.4098660453327,708.4985064201742,446.4112057836512,320.0768787687422,382.24307719222094,382.24307719222094,464.2824297553661,590.1698135390187,336.29160713008116,342.84601701449606,399.74041350120217,661.6389380202729,368.17674207165675,373.62407594830887,,,512.7789368282354,369.6821064534814,567.852082996813,707.2291687827776,645.936725904865,,484.24394444034607,484.24394444034607,335.13571511184114,381.5971990881483,624.2891471550752,398.36859051079455,398.36859051079455,642.384446924857,743.7055055087702,,440.93261045431524,411.72677541949014,401.4063872310611,647.9438932815522,690.7230063883469,539.4315002548261,729.3315485703628,710.1673474429773,680.0117443992236,738.490691602967,498.4943712016568,731.5053811686118,409.0640614952708,668.5738790553021,325.8311112572104,443.486905325069,340.5091919076868,743.8524282324702,519.5280893249084,634.5408352910868,474.89397759428823,694.5771777723012,597.508424997523,,405.6945785863408,361.07705553548954,318.10365021890266,358.16377831598885,362.0982213627733,360.7181723732866,355.37480781020287,,611.8897187757242,305.61619183829134,412.08246200444205,354.38902814184456,400.2425817599681,404.56945050992425,,,731.3648295052486,470.4764758579069,557.983651813889,740.7215132055936,339.2695596826028,353.03681190403677,371.89116426721944,390.87323352731283,399.23656490607607,393.26891253307286,615.027708965872,366.03185848564124
v_2.0h,400.1916584112331,,,423.9651204436317,742.7485957814677,555.468208563639,555.468208563639,367.44804038285616,342.27111538141537,,572.2255884045446,386.8824579444569,732.4341535467997,530.4145497887572,708.6524731942524,446.4118108540171,319.19117355896736,384.37684322906676,384.37684322906676,464.3120943518072,590.6249351158393,336.29718123220243,343.6207075613474,404.6032811982929,663.340021594488,368.1790872583897,375.13547280592167,,,512.7795987917972,369.6830551027949,570.4242254959341,707.2291688055539,645.9367259048652,,483.77934846581127,483.77934846581127,336.9854801617986,385.0017951803796,624.2891471550752,401.3012379931283,401.3012379931283,642.3844470847392,743.7055055087702,,445.1253305263882,414.4590223388677,400.21610247734276,647.9438932815522,690.7465845974676,544.4287928468215,729.3315485703628,710.2341581908298,680.0701268528239,738.490691602967,498.49406554123465,731.5053811686182,400.2609946097978,666.3292495557429,325.8311112562033,443.4869054170078,340.5092189398472,743.8524282324702,519.5341905062048,634.5408352910868,477.7306450521442,695.4147967810263,597.5112130993703,,407.09458035491343,361.07705962369107,317.6221289606205,358.163783116575,362.0982278838344,360.7952197024053,357.05041869475565,,611.9169074854183,305.6161899859203,410.6769582505474,356.82335442660036,402.6334471778826,404.56945050992425,,,731.3648295052486,449.8044214031464,557.9836540228608,740.7222236553021,341.95756613940296,355.85640311290837,373.43647541630963,390.8778115002279,399.71706453261424,395.76898726461195,615.0277134619236,366.08465508789743
v_2.1h,402.1269567260224,,,423.9651211009724,742.7485957814677,555.4682085913565,555.4682085913565,367.44804038285616,346.35598756467647,,573.0166931039331,390.42247187964824,732.4341535480349,530.4191069162724,708.7555690982749,446.4124242281722,319.19117355896736,386.54324750595424,386.54324750595424,464.3446263677988,591.0782823833355,336.3026653043811,344.35208942278115,403.7297884010276,664.7667219512153,368.1920360417503,376.6423516763262,,,512.7802376938224,369.68402708556437,572.9655398831684,707.2291688338058,645.9367259048654,,483.2881542344054,483.2881542344054,338.8412707957076,388.42650153292243,620.4281884090955,401.3012379931283,401.3012379931283,642.3844472954116,743.7055055087703,,449.2575454068103,417.2123921041199,400.19746170143753,645.7707490799052,690.7688135833756,544.4287928468215,729.3315485703628,710.3063013989614,680.1242549899814,738.490691602967,498.4937554518993,731.5053811686182,400.33589905355603,665.3782602368253,325.8311112562033,443.48690550930786,340.50924617788814,743.8524282324702,519.5398525837799,634.5408352910868,480.50345368174106,696.1725835250145,597.5128228245717,,408.4993001159142,361.0770637853103,321.27358975008826,358.1637879771145,362.09823446786885,360.8722225815814,357.05041869475565,,611.9423691208711,305.6161880853148,409.1702687995631,359.2410942810949,404.0863594657422,405.83154057041554,,,731.3648295052486,423.5071190520752,557.983656236634,740.7229636019869,344.6534271413977,358.7363193439512,374.9990796138219,390.8778115002279,399.71706453261424,398.25389320963757,614.8842834310673,366.135670741893
v_2.2h,403.9998098915945,,,423.96512177470515,742.7485957814677,555.4682086461185,555.4682086461185,367.47588802939686,346.35598756467647,,573.8152840212531,393.92805300195784,732.4341535493019,530.4235989696374,708.8216434088878,446.4130461685299,318.2707432964698,388.713681261157,388.713681261157,464.3776623952089,591.4864091072097,336.3080706319207,344.3094558966304,407.69131225625046,666.5713068405709,368.1814804201744,378.1358399799665,,,512.7808553670341,370.41903037562525,573.9727670745979,707.2291688620069,645.9367259048654,,483.2881542344054,483.2881542344054,340.6964316041965,391.79274589240566,619.1868736199965,401.2200766405939,401.2200766405939,642.3844472954116,743.7055055087703,,453.380833121847,419.9548692117966,400.1817381366001,645.7707490799052,690.7901022226305,549.2772771210997,729.3315485703628,710.3790319318042,680.1242549899814,738.490691602967,498.49344102867803,731.5053811686196,400.4105140318294,662.5581176587866,325.83111125514955,443.48690560199964,340.5092736735607,743.8524282324702,519.5450758238158,634.5408352910868,483.3287797989429,696.906802368635,597.5154651055354,,408.7425933567605,361.07706802226886,321.27358975008826,358.16379291229856,362.0982411349842,360.9479996262127,358.72362251020314,,611.9662792347751,305.6161861357336,405.8684490712828,361.63564710260323,405.54535031564956,405.965564917337,,,731.3648295052486,398.0996912965941,557.983658458166,740.7237344894304,344.6534271413977,361.5177678876741,376.57686439954097,390.87957693696615,400.17110853839665,400.72971830546896,613.8145679397742,366.1850734239105
v_2.3000000000000003h,405.86718623932006,,,423.9651224653141,742.7485957814677,555.4682086995141,555.4682086995141,367.5544945270769,346.35798474959984,,574.5117748749476,397.4054893779394,732.4341535506005,530.4280435239206,708.8647760211272,446.41367729045925,318.7344513631938,390.79884901822567,390.79884901822567,464.4087885358122,591.8538487143214,336.3134077455152,345.0493994770035,411.31873348232614,668.1782613652605,368.1947367887977,379.6486391728063,,,512.7814535116315,371.7306608306574,576.4745593614921,707.2291688902828,645.9367259048655,,483.2641775271169,483.2641775271169,342.53318854388,395.1794702768565,615.1819561811941,404.0624745996277,404.0624745996277,679.956338151855,743.7055055087703,,457.3033652732074,422.59672952140346,400.1817381366001,645.7967320349783,690.8105216454799,547.6315896322641,729.3315485703628,710.4644676015529,680.1229155419992,738.490691602967,498.49312237325273,731.5053811686257,400.4848536606495,660.3199479640774,325.83111125404787,443.48690569511314,340.5093014765984,743.8524282324702,519.5498603714567,634.5408352910868,486.1370537633658,698.6880854973344,597.5179603813049,,410.15339577885277,361.0770723365192,320.7711180773841,358.1637979361484,362.0982479035349,361.0203572807236,360.37984562483683,,611.9887944058179,305.6161841364419,404.0829544814405,363.967360488511,405.54535031564956,407.2718167726913,,,731.3648295052486,401.9337416945031,557.9836606892463,740.7245378172269,344.62014610595094,364.3364618255286,378.15770525949773,390.8841030472732,400.6456723324836,403.2727661667514,611.2550247877612,366.23325230795
v_2.4000000000000004h,405.86718623932006,,,423.965123173275,742.7485957814677,555.4682086995141,555.4682086995141,367.8978874542962,350.423223364645,,575.3639618891783,400.8692196558115,732.4341535519328,530.4324567341962,708.8940792095184,446.4143179504623,317.8018012817306,392.9124044055084,392.9124044055084,464.43828291356044,592.1846941450844,336.318686474659,345.7967156759661,411.31873348232614,669.9167237193142,368.20729417957074,381.1576845590667,,,512.7820337054011,373.0266201078101,578.9314251495645,707.2291689187649,645.9367259048657,,482.83802217807647,482.83802217807647,344.36700886617854,398.5140179907884,610.0494655595103,406.952004862492,406.952004862492,642.3844480970054,743.7055055087703,,461.1891069503298,425.3064282586793,400.1689386677643,645.8548045584407,690.8105216454799,552.3045927973369,729.3315485703628,710.5617157843399,680.1731581358616,738.490691602967,498.4927995940939,731.5053811686257,400.55893169195497,657.5469819506255,325.8311112532903,443.486905788677,340.509323342809,743.8524282324702,519.5542062487086,634.5408352910868,488.96191955846643,699.4127016908875,597.5203267976663,,411.5670386984621,361.07707673004086,324.51633418454554,358.16380306210624,362.03831399933944,361.089633047992,360.4314721556415,,612.0100542710982,305.616182086714,402.21546956810175,366.37315292117637,405.55109938064487,408.6570570433837,,,731.3648295052486,405.7828266881229,557.9836629314343,740.7253751419441,347.21390863065005,367.1667904439694,379.7050925513735,390.88850221620356,400.6916101618945,405.8372877465835,597.8209116016548,366.2802958312996
v_2.5000000000000004h,407.70686641087195,,,426.6974670296783,742.7485957814677,555.4682087316991,555.4682087316991,367.5835380642003,354.44586116746103,,576.0823232723092,404.3071988902009,732.4341535519328,530.4368443958127,708.9144984445195,446.4149689762038,316.8552936281831,395.0534561593678,395.0534561593678,464.43828291356044,592.1846941450844,336.3239159972611,346.5506145148593,411.02372079362124,671.6608578479106,368.19749192341976,382.6623230942847,,,512.782597413026,374.3351138126765,579.9423190921423,707.2291689476484,645.936725904866,,482.40614498371696,482.40614498371696,346.182456644864,401.8901314551345,610.0494655595103,409.8487167682776,409.8487167682776,642.3844484777221,743.7055055087703,,464.96742455505637,427.9510700721911,399.0607094735323,645.8548045584407,690.8303045405396,555.7834425831933,729.3315485703628,710.6601827019415,680.2198100873433,738.490691602967,498.4927995940939,731.5053811686272,400.63276148608026,654.8263200673919,325.8311112520858,443.48690588272035,340.50935239664983,743.8524282324702,519.5581133523376,634.5408352910868,491.76564315255877,700.1394135262068,597.5225983324178,,411.81693799919316,361.07708120484375,320.7732360630717,358.1638083031195,361.8828459744289,361.1566824536652,362.0996093383858,,612.0301833397328,305.6161799858351,400.27268640552114,368.8222127143131,407.0123615202541,410.1132347178738,,,731.3648295052486,409.5852372045112,557.9836651851112,740.7262480782625,349.88282548400906,367.0732685988183,381.2675119145065,390.8927882236214,401.13720747342927,408.4399073121524,584.0865596824383,366.3265901830319
v_2.6h,407.8456693693284,,,430.82420617327375,742.7485957814677,555.4682087857744,555.4682087857744,367.6560030111457,350.4231127921449,,576.7869332777536,407.72747836838226,732.4341535532998,530.4412407646279,708.9144984445195,446.4156306199443,317.3340670625514,397.1815927889212,397.1815927889212,464.46638951535414,592.1755005539909,336.3291048857367,347.31028698944294,413.9317403316247,673.2949786666645,368.2103413990219,384.1617649428053,,,512.7831459946635,375.63291555052047,582.341056118825,707.2291689769668,645.9367259048663,,481.9495660924265,481.9495660924265,348.0079419769761,405.1416256508906,609.690794778006,406.87865575360377,406.87865575360377,642.3844489252469,743.7055055087703,,468.67977852841176,430.56739863474246,399.0537659005855,643.6627060415867,690.8463029514194,560.1038393538269,729.3315485703628,710.7564269007958,680.2198100873433,738.490691602967,498.4924728065983,731.5053811686332,400.7089846749039,652.157848020102,325.8311112508255,443.48690588272035,340.50938185884166,743.8524282324702,519.5615814517508,634.5408352910868,494.6315296565989,700.1394135262068,597.5247771077892,,413.23413353863543,361.0770857629664,323.9946773469071,358.163813671716,361.623939480602,361.22504065985163,363.76202697879467,,612.0492926117377,305.6161778331003,396.190988282922,371.2899791494056,408.47746309348537,411.582117098743,,,731.3648295052486,413.3040284049731,557.9836674506726,740.7271583000958,352.56959872260876,369.80715551365523,382.8326118037617,390.8969738426916,401.61061474893586,411.0036529500569,584.0865596824383,366.372376740397
v_2.7h,409.7190822205912,,,434.92316311888555,742.7485957814677,555.4682088390734,555.4682088390734,371.64808184694226,354.44616325665737,,577.5670186819435,411.0831504144324,732.4341535541573,530.4456495190578,708.9200628367395,446.4163033092013,318.5543552090493,399.2410647320041,399.2410647320041,464.4824139347302,592.6007894274096,336.33426114985383,348.07490968050627,416.7238549595535,675.2167412489767,368.2225455023855,385.6174262307487,,,512.783680713857,376.91191736400793,583.3562454991184,707.2291690068316,645.9367259048665,,482.3825337275698,482.3825337275698,349.8280645998454,408.4228719520239,604.4701516505389,409.7801758188692,409.7801758188692,642.3844494450644,743.7055055087703,,472.3425688325486,433.1652457343804,399.0497318634419,643.7354503590126,690.865628726901,555.2930000649192,729.3315485703628,710.8631382555311,680.2185253310198,738.490691602967,498.4924136754829,731.5053811686332,400.79375142122683,649.5412910618697,325.8311112495081,443.4869059163609,341.1299004503147,743.8524282324702,519.5646101868526,634.5408352910868,497.5223328709765,700.143063396498,597.526888163606,,414.65206278194245,361.07709040647705,320.27864841549456,358.64853676516356,361.25377981149455,361.29420992778887,365.424726928252,,612.0674810234837,305.61617562781703,394.06814976684836,371.2899791494056,409.9454215625883,413.1218182372663,,,731.3648295052486,416.98532441586036,557.9836697282786,740.7281075416771,355.1733580841129,372.58572514090827,384.39919791242585,390.8969738426916,402.04779484664306,411.0036529500569,597.8211993805849,367.4866450389951
v_2.8000000000000003h,411.58480602606863,,,439.01838114090026,742.7485957814677,555.4682088918685,555.4682088918685,375.532740806793,358.36814750786493,,578.2247791930273,414.3867049123822,732.4341535556086,530.4500750315028,708.9449610759518,446.4169874571066,317.3094400426341,401.299108362367,401.299108362367,464.5097211333911,593.0236473219956,336.72670447390504,348.07490968050627,419.23202666056676,676.8561506312839,368.2134472566034,387.0901065655384,,,512.7842027448263,378.20760687664864,585.6855139630759,707.2291690372743,645.9367259048666,,481.9232261831881,481.9232261831881,351.64756182040327,411.7134473010168,599.2647719234358,412.5595680648659,412.5595680648659,679.9563391727929,743.7055055087703,,475.91086252431126,435.7750927867089,399.04859931065204,643.6989639456808,690.884423497087,558.613391792848,729.3315485703628,710.9694493288836,680.2619170532126,738.490691602967,498.4920808311292,731.5053811686349,400.87824935252195,646.9762166077446,325.8311112481301,443.48690601225184,342.01728661214867,743.8524282324702,519.567199065876,634.5408352910868,500.3645228198635,700.9254518728465,597.5289463798202,,414.9073136430065,361.0770875347283,323.99088594171496,359.81104607937755,360.76484405133914,361.3617505414334,367.09487355621707,,612.0848367386579,305.61617336930783,391.90193940289805,371.002941031241,407.5233226239869,414.7163851858764,,,731.3648295052486,420.688447769908,557.9836697282786,740.7290975986119,357.81495589534006,375.34608196054677,385.9312761259061,390.89910566773153,402.5147673188287,410.70431409153736,584.0870651349009,369.71949639917506
v_2.9000000000000004h,413.43770668411764,,,443.069356933951,742.7485957814677,555.4682088758076,555.4682088758076,370.73120218561263,354.44071815145134,,578.2075112672011,417.70112445177136,732.4341535570986,530.4545286724699,708.9645373281637,446.4176834801861,318.53074305662665,403.36217288916725,403.36217288916725,464.53603868398767,593.4049729471252,337.58808163220823,348.0388758356354,416.2787542960408,680.6422473330039,368.2259303069611,388.5723169200143,,,512.7847131791992,379.48769221826706,586.7026111056242,707.229169036137,645.9367259048666,,481.43771958858406,481.43771958858406,353.46402437453435,414.9659334146223,595.2707652799569,415.38019916277705,415.38019916277705,679.9563394994708,743.7055055087703,,479.40522520238886,438.3487615407973,399.0503560734294,643.7837383278941,690.9028823680134,561.932220604094,729.3315485703628,711.0793291156706,680.3022685753128,738.490691602967,498.4917443513814,731.5053811686407,400.9624915278553,644.7203700539683,325.8311112466893,443.4869061086852,342.9186430733829,743.8524282324702,519.5693474631876,634.5408352910868,503.2443801920632,701.6020718521152,597.5309552873457,,416.3259701966963,361.07709228487363,327.2761531960942,360.9742133220571,360.1501428445188,362.461839596859,368.72137419339816,,612.1014383014983,305.6161710569088,389.7010699167831,373.464632325472,408.9872765305948,414.8686073995325,,,731.3648295052486,424.3452304010758,557.9836720176979,740.7287118279023,355.1392366053419,378.09170450915195,387.4976373113558,390.9032806388967,402.94476309822494,413.26550366827666,563.468930763491,371.944709280388
v_3.0000000000000004h,415.28772866379177,,,443.11371590754743,742.7485957814677,555.4682089303233,555.4682089303233,374.59526125088723,358.3629311497539,,578.9282836263354,420.9330472391865,732.4341535586291,530.45901684654,708.9800296941671,446.4183917976064,319.75401083024195,405.4250515444828,405.4250515444828,464.561533305697,593.7488943942457,338.4300863496229,348.81020890269855,418.7970701212583,682.5220709363576,368.237820219634,390.0598865472386,,,512.7852130322221,380.7504248685094,588.9502322297297,707.2291690674668,645.9367259048669,,480.93966158184907,480.93966158184907,355.2440269776782,418.20223037021077,598.8366387271609,418.143773073681,418.143773073681,679.9563398722137,743.7055055087703,,482.8516608872089,440.8848162545636,399.05498613005057,643.8804590120443,690.9210136504473,565.8771771859178,729.3315485703628,711.2035085766314,680.3398166940583,738.490691602967,498.49140438020476,731.5053811686467,401.0464904390365,642.2007562947534,325.8311112451826,443.4869062056872,343.83258587014376,743.8524282324702,519.5710546170613,634.5408352910868,500.6512029094017,702.2800549072357,597.5329291797087,,416.5845555020592,361.0770971243593,323.477676058299,361.03816814213064,359.40349999094457,363.9450049830305,370.35698452955427,,612.1194315139751,305.6161686899735,391.90193981581837,375.9156615135525,410.45342538708354,414.8686073995325,,,731.3648295052486,427.9424718006941,557.9836743197992,740.7297449417794,357.76546460044153,380.79010937694665,389.03942920351784,390.9073761023358,403.4049778044707,415.85681568943687,535.0072125846057,374.2287310382687
v_3.1h,417.12467137890366,,,443.11371590754743,742.7485957814677,555.4682089845682,555.4682089845682,378.49231628644947,362.33202087339004,,579.6706836316448,424.2237299881794,732.434153560201,530.4635438407015,708.9930275617847,446.4191127841501,320.97886745709394,407.4066982937413,407.4066982937413,464.5862640863341,594.0591401818112,339.2510478704447,349.5852012492893,421.3335316080331,684.4589495073042,368.2293794960546,391.53949510198225,,,512.785703248493,382.03171262259684,589.9665499344924,707.2291690995165,645.9367259048673,,481.40887299564105,481.40887299564105,357.01874568874064,421.46977851558773,593.6306294290517,415.33600212609844,415.33600212609844,679.9563402945485,743.7055055087703,,486.24898443298133,443.42271396719207,399.06246986764734,641.5927640405238,690.93890842416,568.9303853469496,729.3315485703628,711.3319127763024,680.3010738947111,738.490691602967,498.4910610691321,731.5053811686428,401.130257986889,641.6926707160358,325.8311112436073,443.4869063032849,344.75766520058767,743.8524282324702,519.5723196274115,634.5408352910868,503.5224327984566,703.7866195330527,597.5348674661462,,418.0022338873768,361.07710205534465,326.7443825805969,361.03816814213064,360.3332309442273,365.45578409395137,372.0015674593294,,612.143090758653,305.6161662678745,389.70107045970747,378.3951512000872,411.92068827339585,416.4608507974187,,,731.3648295052486,431.4897005497172,557.983676633994,740.7308226498421,360.4149127014063,383.4975463214997,390.60276407578334,390.91140247143613,403.8288022769858,418.45954454243423,499.53110826444777,376.4420348836085
v_3.2h,418.9458581753702,,,447.17412842714873,742.7485957814677,555.4682090387744,555.4682090387744,377.5450167125947,362.33792645512034,,580.2787487181085,427.40400689666683,732.4341535618161,530.4680464417935,709.0045673198736,446.4198470047053,322.2049345192833,409.3747920666599,409.3747920666599,464.6104663098443,594.4295484249329,340.05821316221255,350.36309834906154,423.9230700374695,686.1170737029114,368.24153666782627,392.9744973347461,,,512.7861847072626,383.2889654030319,592.1196129513612,707.2291691323032,645.9367259048673,,480.9140704706601,480.9140704706601,358.80123022807584,424.679886134179,589.6669222295711,418.0699410382235,418.0699410382235,679.956340867668,743.7055055087703,,489.56737549218514,445.9340436943115,399.0727843402568,641.7000737143699,690.9565878214313,564.5280982949304,729.3315485703628,711.4724486393472,680.3386833096808,738.490691602967,498.49071457738575,731.5053811686487,401.2138054591154,639.191091205523,326.38214923279185,443.48690640150323,345.6923766559524,743.8524282324702,519.5731414534923,634.5408352910868,506.3712662491329,704.3614057486651,597.5367838686587,,418.2637259298292,361.07710708001747,326.7341561788186,362.19920319733654,361.9413339425846,366.9786537970784,373.64284312898053,,612.1877532484906,305.6161637900016,387.47430416114616,380.8950309211004,413.38792390493774,418.13447045634234,,,731.3648295052486,435.0537181009033,557.9836789602623,740.7319469375287,363.00331153137273,386.1782736748679,392.1367073267661,390.9153694162536,404.282267313047,420.9623307190979,460.22670902624986,378.6437259813901
v_3.3000000000000003h,420.7688340873918,,,451.1886282386742,742.7485957814677,555.4682090260086,555.4682090260086,377.5450167125947,362.33792645512034,,581.0128583168241,430.5742456497779,732.4341535634761,530.4726758749135,709.0151851489252,446.42059490146806,323.4318286899443,411.33624705956896,411.33624705956896,464.63425083932503,594.8269285799588,340.87618821711146,351.1531789561379,423.4795321212179,688.3132562388007,368.2453229266537,394.4081922322669,,,512.7866582273233,384.5445540445706,593.1321316992784,707.2291691659109,645.9367259048674,,480.48522064627366,480.48522064627366,360.5769967881632,427.84125136856477,584.5580728186197,420.8436415803552,420.8436415803552,679.956340867668,743.7055055087703,,492.8428971153716,448.4280372382242,399.14613532310955,641.6543239791763,690.9740789531087,567.6727613332865,729.3315485703628,711.6233371383521,680.3737121068796,738.490691602967,498.4903650719964,731.5053811686545,401.2971435098363,639.191091205523,326.3821492313504,443.48690650036804,346.63517324078214,743.8524282324702,519.57351891155,634.5408352910868,509.24437216860474,705.0181084736287,597.5386813270128,,419.6786293507128,361.077112200595,326.7341561788186,363.3582509227245,363.54496448482547,368.50430455558774,375.28111230300976,,612.2089074465781,305.6161612557688,385.23033106936066,383.34092325878663,413.3668694350492,419.7679686659735,,,731.3648295052486,438.5576130855451,557.9836812985533,740.7331198553635,365.60129735910897,388.82722436745837,393.6899768749987,390.9178434293961,404.70109174552056,423.5567861323128,499.5330992588746,380.8985262301173
v_3.4000000000000004h,420.9265738123733,,,455.18815163633616,742.7485957814677,555.4682090819663,555.4682090819663,381.44794513723883,366.15598650931577,,581.6956460769371,433.7072033628017,732.4341535651829,530.4773518498479,709.0253020433496,446.4213569232344,323.40107414953195,413.32434184752384,413.32434184752384,464.65771585062777,595.185900990301,341.7039942341115,351.94554728786954,423.4795321212179,690.1566301996331,368.2453229266537,395.88242808371655,,,512.7871245715396,385.8015915465573,595.1771739393871,707.2291692003747,645.9367259048678,,480.0315074682616,480.0315074682616,362.3459297729462,431.06096018192153,580.6646417321315,423.56869373267284,423.56869373267284,679.9563414001398,743.7055055087703,,496.06789914121515,450.9186860873443,399.1620336570585,641.7734103336213,690.9906175986232,570.748953018619,729.3315485703628,711.7843744274868,680.3726320198986,738.490691602967,498.4900127279202,731.5053811686506,401.3802821408645,636.7394266017391,326.3821492298439,443.4869065999027,347.58447798560945,743.8524282324702,519.5734506724274,634.5408352910868,512.1252990405088,705.7283303059601,597.5405653015464,,419.94258370340606,361.0771174193237,330.0502402964388,364.5272719414076,365.1437223952283,370.0222080706005,376.86932979459067,,612.2293638674757,305.61615866461204,382.9776533694969,385.7700047925096,413.3668694350492,421.5069357653062,,,731.3648295052486,442.0178428091053,557.9836836488138,740.7343435197254,368.2425492571203,391.47291212586276,395.2518097694935,390.9178434293961,405.1477745528883,426.1299364025781,460.229227543935,383.135245056858
v_3.5000000000000004h,422.73796102022806,,,459.1895662770426,742.7485957814677,555.4682091380946,555.4682091380946,385.36951303747907,369.9369702458014,,582.2924986164645,433.45254541026026,732.4341535669382,530.4820775310308,709.0351688718636,446.422133470239,323.40107414953195,415.24226107266014,415.24226107266014,464.6809484454783,595.1744914772836,342.54061742256846,352.73935938556525,426.17207577680017,692.1335646225796,368.25719253490894,397.34734144159626,,,512.7875844510323,387.02893421743016,596.182519147087,707.2291692357533,645.936725904868,,480.4572549004145,480.4572549004145,364.1079382245439,434.19651767322637,584.0613021366127,423.50520058443794,423.50520058443794,679.9563419938935,743.7055055087703,,499.2410362128026,453.40801326661096,399.1620336570585,641.9041515218889,691.0080255211452,573.6881321865002,729.3315485703628,711.9519456628277,680.3726320198986,738.490691602967,498.48994304232826,731.5053811686565,401.4282560021371,634.3368943998358,326.3821492282684,443.4869067001314,348.5386969460229,743.8524282324702,519.5729352591171,634.5408352910868,515.0053196749939,706.3057854491722,597.5424379328371,,421.3528260541174,361.0771227384777,326.7226935936533,365.69613420757844,366.7371382536217,371.5315340434135,378.479129596315,,612.2491564551783,305.6161560159904,380.724477657584,388.23207185693275,414.8268355403507,423.176699231322,,,731.3648295052486,445.50284117019623,557.9836860109637,740.7356201135208,368.18461059189366,394.11523172118495,396.7780813893276,390.9218323808557,405.5626748346938,428.5994334006185,460.229227543935,385.2733346192736
v_3.6h,422.73796102022806,,,463.16603903096296,742.7485957814677,555.4682091945914,555.4682091945914,384.3927624628089,366.15898253670406,,583.0235994734588,436.54806979819205,732.4341535687428,530.4820775310308,709.0445108426502,446.42292606228085,324.6293560147149,417.1155280612174,417.1155280612174,464.7040260617137,595.5002160184448,342.37107959961685,352.71210412976194,428.90458904533995,694.1826893613701,368.2613102507143,398.79647386382385,,,512.7880381614938,388.2928369615437,597.1948233322336,707.2291692720808,645.936725904868,,480.00062004092246,480.00062004092246,365.8233510201889,437.42080133050297,578.9752171952445,423.50520058443794,423.50520058443794,679.9563426532364,743.7055055087703,,502.4026901798496,455.8878517730255,399.18067796538924,639.5848789465924,691.0080255211452,572.793777850198,729.3315485703628,712.130642500988,680.4053495052365,738.490691602967,498.489587029698,731.5053811686621,401.5123502513209,632.1009433012202,326.3821492269806,443.48690680107705,349.4962323868106,743.8524282324702,519.572342762942,634.5408352910868,517.9092556186621,706.222589742481,597.5442989447853,,421.61785381613134,361.07712816036013,329.51014378627394,366.8617189630607,368.3246125479156,373.0439243917223,378.5331593758984,,612.268338143301,305.61615332130367,378.4786180566277,390.70812358228045,416.2837509502554,424.92327321749565,,,731.3648295052486,448.8998985083327,557.9836883849263,740.7369518867995,368.18461059189366,396.7369498873529,398.30390049344294,390.92577802240214,405.64599094936466,431.10313901110885,421.7567204522528,387.47709206201915
v_3.7h,424.56515729869454,,,467.0738138494518,742.7485957814677,555.4682092427702,555.4682092427702,384.3927624628089,369.9429570893448,,583.6878311551426,439.6209995488339,732.4341535705998,530.4868549793742,709.0544440720957,448.65715887877485,325.85850958536935,419.0102108424079,419.0102108424079,464.7270176981002,595.5002160184448,343.21625484323283,353.5108310072471,428.4503084416921,695.9489777463484,368.2613102507143,398.9470292180931,,,512.7884863371852,389.53666949275026,599.091235117044,707.2291693094013,645.9367259048681,,479.5175869338677,479.5175869338677,367.53123031039,440.58332913154146,573.9525314971623,426.1869994343796,426.1869994343796,702.7843255547766,743.7055055087703,,505.54914881793445,458.35184214428165,399.20203467743517,641.9955547466908,691.0253234017276,572.793777850198,729.3315485703628,712.3173633621573,680.4358710884763,738.490691602967,498.4892287323189,731.5053811686645,401.59612366813275,629.7801179362679,326.3821492252597,443.48690690276203,350.45918980243175,743.8524282324702,519.571689992216,634.5408352910868,520.8270275884898,706.7965899158015,597.5461583910494,,423.019572206486,361.07713368730134,329.49131978053714,368.02244551727847,369.9054948378438,374.5689999073557,380.15164160707036,,612.2869570727172,305.61615058150596,376.2474119453724,393.0986094688727,416.8109699378632,425.0756531136616,,,731.3648295052486,452.3076486182657,557.9836907706316,740.7383411572536,370.7161105097162,399.3411878896839,399.8679876644381,390.929688281903,406.09176705900666,430.79318615115574,404.77002794290433,389.66936925996947
v_3.8000000000000003h,426.36968461814826,,,471.0850817254549,742.7485957814677,555.4682092427702,555.4682092427702,388.2881238871794,373.6525447481393,,584.259665484219,442.65500592094384,732.4341535725104,530.491686835016,709.0544440720957,451.51444253475825,327.08773031728145,420.90529191118446,420.90529191118446,464.75002273820786,595.7946608405697,344.0672405098827,353.5108310072471,428.4503084416921,698.2416603435956,368.27292851804094,400.3745814313484,,,512.7889295872036,390.7913358500916,600.0859319340934,707.2291693477567,645.9367259048684,,479.48395000041023,479.48395000041023,369.25886999096645,443.7214550786165,570.1413816720907,428.85802887030394,428.85802887030394,702.7843255547766,743.7055055087703,,508.6662411416086,460.80316130234513,399.22606807101585,639.8232118455012,691.0425300677119,575.5159410556719,729.3315485703628,712.5054099865042,680.4349219493678,738.490691602967,498.4892287323189,731.5053811686645,401.68439015603326,627.6536017375987,326.3821492234958,443.486907005242,351.4276614411825,743.8524282324702,519.5709767483386,634.5408352910868,523.7144662931611,707.4759997427528,597.5480143039472,,423.2841577857086,361.07713931772355,329.49131978053714,369.1818366313782,371.489138900655,377.6239383616305,381.7562192572722,,612.3050560792583,305.61614779709805,374.0376496207585,395.5185219108546,416.7730247305468,426.81033278528605,,,731.3648295052486,455.7219499683379,557.9836931679283,740.7397930539375,373.2827673226385,401.92930787179597,401.38979077100004,390.9335705376125,406.5042416398203,433.3321190045485,406.09956332795247,391.7926592911568
v_3.9000000000000004h,428.1726982961689,,,475.0383229828122,742.7485957814677,555.4682093016379,555.4682093016379,387.30295432651786,373.6666505463583,,584.9737374826276,445.6678787757246,732.4341535744765,530.4965739104258,709.0643216563175,454.35729346903463,327.0593169169164,422.7275745625502,422.7275745625502,464.77309340251736,596.0751391379449,344.9229408764314,354.3096982641789,431.0722235760394,700.1930392511089,368.2773726722213,401.8018349312462,,,512.789368480646,392.0519469147843,601.086436369868,707.2291693870059,645.9367259048685,,478.969783858626,478.969783858626,370.97914542328374,446.85945365834147,568.4089713213907,428.81958046014125,428.81958046014125,702.7843259540733,743.7055055087706,,511.7296357201491,463.2589055104612,399.2527404930804,639.8232118455012,691.0596501252729,578.1911711723178,729.3315485703628,712.7005478973564,680.4349219493678,738.490691602967,498.4888683575292,731.50538116867,401.77989737449724,625.5635390533587,326.3821492216906,443.48690710854027,352.39612620566356,743.8524282324702,519.5702028350546,634.5408352910868,526.6509902874476,707.4759997427528,597.5498695852193,,424.6752584232809,361.07714505362657,332.3052471770872,370.3549114196456,373.07115488392037,379.1425945362463,383.368650671924,,612.3226732882998,305.6161449686577,374.0376530457942,397.93691243766295,416.7730247305468,426.81033278528605,,,731.3648295052486,459.03205188040005,557.9836955767374,740.7413104084701,375.8462421119815,404.47937133130546,404.42759451829147,390.93637427341326,406.9456810483937,435.7585586389328,407.41584889103217,393.96743476741716
v_4.0h,429.9405944864324,,,478.93870352496333,742.7485957814677,555.468209361237,555.468209361237,391.16326026023506,373.6666505463583,,585.6143222158522,448.5965092042643,732.4341535760547,530.5015183380906,709.0742952497596,457.211467199521,328.28614906352857,422.56740370758143,422.56740370758143,464.79403832629265,596.453831891412,345.7822577166755,355.115141134391,433.83129961540305,702.241669280078,368.2773726722213,403.2181350880799,,,512.7898035497235,393.29739971354167,602.8089656134166,707.2291694275923,645.9367259048687,,478.969783858626,478.969783858626,372.6917741801754,446.8513274234601,568.4089713213907,431.4513904351041,431.4513904351041,679.9563451541609,743.7055055087706,,517.7930396567355,465.70415231317077,399.2817016210529,639.9868235648049,691.0767032897162,577.1706055565269,729.3315485703628,712.9018924846196,680.4634912972417,738.490691602967,498.48849987220933,731.5053811686726,401.8750473066806,623.5083160325538,326.3821492198435,443.4869072126782,353.3630473801425,743.8524282324702,519.569368058297,634.5408352910868,529.586751838039,708.0743248295166,597.5517241844016,,424.938868668445,361.0771508972022,332.2772343907929,371.52195873268505,376.2151620910928,380.63991297918625,384.93146883784027,,612.3398426431247,305.6161420968405,371.85552299060845,400.31141214234117,418.2189254134146,428.5648936361026,,,731.3648295052486,459.0222535761491,557.9836979969839,740.7428960170035,378.37019168294444,407.0745321770196,405.94640163428664,390.9403049421157,407.35595947756144,435.7585586389328,406.6020435492058,396.1444208206969
v_4.1h,431.7471046495403,,,482.8724890332324,742.7485957814677,555.4682094147084,555.4682094147084,391.16326026023506,377.3554627807472,,586.1818440599241,451.51523487107215,732.4341535781466,530.5065214149749,709.0843890468673,460.0716267698965,328.28614906352857,424.42176312531285,424.42176312531285,464.8176168637225,596.7964295305131,346.6460335103823,355.9262979216562,433.3690370358335,704.3900138548735,368.28877385001005,404.6318350545902,,,512.790235292641,394.5746540975868,603.786663878597,707.229169469327,645.9367259048689,,478.5075249242875,478.5075249242875,374.3963972477657,449.9648924057092,564.6378403953033,431.4513904351041,431.4513904351041,702.784326908654,743.7055055087706,,520.7711572235972,468.1643482782455,399.37071109738747,640.1017833908184,691.0936977908801,579.8331832415205,729.3315485703628,713.0976827078632,680.4901875876536,738.490691602967,498.48812285872793,731.5053811686726,401.96985348963096,621.4782654376464,326.3821492198435,443.48690726467174,354.3381816849997,743.8524282324702,519.568472226033,634.5408352910868,532.5347809826615,708.6171258091863,597.5535813211808,,425.2034672195244,361.07715685065835,332.2772343907929,372.68089013656896,377.77515385771204,382.146207777527,384.93146883784027,,612.3565943744592,305.61613918238464,369.70656881841876,399.9946447756448,419.65810025295644,430.31499293128917,,,731.3648295052486,462.31882023199205,557.9837004285887,740.7445527614112,378.3043428908809,409.6026628223782,407.4574483830945,390.9403049421157,407.35595947756144,438.27613635497124,407.9117127226028,398.2405839684377
v_4.2h,433.5201773557263,,,486.7899393085667,742.7485957814677,555.4682094771134,555.4682094771134,394.30121991315525,377.3743595560915,,586.8791967914962,454.41395896783155,732.4341535803002,530.5115836649421,709.0946035506475,462.9123430734923,329.5120378412521,426.2512520186196,426.2512520186196,464.8413232714911,597.1064980513379,347.51543230847756,356.7350239284768,436.1298724792421,706.2021691375384,368.2935399659212,406.07754258310547,,,512.7910906385199,395.82267318631887,604.7691496884502,707.2291695122512,645.9367259048693,,478.47520192210516,478.47520192210516,376.05406800837824,453.06156794958144,559.7510694495091,434.00985231737076,434.00985231737076,702.7843274347167,743.7055055087706,,523.668985135262,470.5978281524314,399.40412550198187,640.1017833908184,691.110376216311,579.8331832415205,729.3315485703628,713.3048230347102,680.489379646813,738.490691602967,498.4877371758825,731.5053811686781,402.06432852179927,620.6213628348229,326.38214921795424,443.48690737113685,355.31279920696073,743.8524282324702,519.5608981075557,634.5408352910868,535.4609294651636,709.1830680519477,597.5554105897922,,426.5793053470117,361.0771602225855,331.7374294334285,373.845549450141,379.32552964120015,383.65987533559894,386.5012580629108,,612.3729554177494,305.6161362261136,367.59566576151707,402.3720724940457,418.70087969208606,432.09828294976035,,,731.3648295052486,465.68502349885995,557.9837028714725,740.7462836099016,380.8716969389816,412.1493425673049,408.96656352156236,390.94422021318746,407.79175849838055,440.68276454038846,409.20624748348064,400.38078704460594
v_4.3h,433.7019249080389,,,490.67644430764494,742.7485957814677,555.4682094771134,555.4682094771134,393.2979508097773,380.9717568052078,,587.532789135085,457.2643222076132,732.4341535825175,530.5167065677929,709.1049783871819,465.74564541341744,330.7365343828123,427.99581058872707,427.99581058872707,464.8652556305698,597.0965673248,348.3866292097206,356.7139171813961,436.1298724792421,708.4435941829282,368.2935399659212,407.4774278985802,,,512.7915150907753,397.10501204123415,606.2950242291155,707.2291695564021,645.9367259048696,,478.0180871215105,478.0180871215105,377.7033717347888,456.21107967290027,557.983325169141,433.99905590334595,433.99905590334595,702.7843280085966,743.7055055087706,,526.6137582042126,473.02446346262275,399.4397006550289,637.9257695529692,691.127313025358,582.554034756914,729.3315485703628,713.5102139409458,680.5144237110707,738.490691602967,498.48734268089277,731.5053811686807,402.06432852179927,618.6020949833149,326.38214921602264,443.4869074784853,356.28328421411544,743.8524282324702,519.5598773567832,634.5408352910868,538.3694458193165,709.8225048867117,597.5572783061219,,426.84228186870666,361.07716641844735,331.7374294334285,375.01686212676606,380.8750328560643,385.16952442072164,388.0892452558988,,612.3889497839851,305.61613019187877,365.5270084278913,404.7457262277381,420.13193350030684,433.8610988200146,,,731.3648295052486,468.9748819349421,557.9837053255521,740.7476991279158,383.34486427915135,414.6355585393136,410.4689505701112,390.9481265858156,408.20085957121063,443.1095394708031,409.20624748348064,402.5291154002386
v_4.3999999999999995h,435.49104144922836,,,490.65679684597615,742.7485957814677,555.3297888949155,555.3297888949155,396.4363175687162,380.9717568052078,,588.0993956176844,460.11057674628427,732.434153584801,530.5218907447288,709.1154933680201,468.56537319683173,331.96448216274376,429.78816438955266,429.78816438955266,464.8894134661207,597.3786434953732,349.25856128875967,357.52369958467585,438.8268969533862,710.5065249027626,368.2983911969984,408.839156132324,,,512.7919379198232,398.3676498144137,607.2489754030854,707.2291695564021,645.9367259048696,,478.0180871215105,478.0180871215105,379.36574386300964,459.3496044508731,554.2977955200918,436.55553511905686,436.55553511905686,702.7843280085966,743.7055055087706,,529.5854211498511,475.4470192152696,399.4773957472127,637.9257695529692,691.1442077717011,585.3548718232303,729.3315485703628,713.7217478669019,680.5144237110707,738.490691602967,498.4872375482411,731.5053811686807,402.1584840644367,616.6053638186515,326.3821492140487,443.4869075867353,357.26104427805853,743.8524282324702,519.5587948525003,634.5408352910868,538.6238392474576,710.5703766866374,597.5591487777648,,428.20270170802144,361.0771727306492,335.07032283430544,376.1770569846734,382.4322923091517,386.663364725522,389.671541234744,,612.4045988892514,305.61612711602754,365.527016825859,407.1096394168354,420.66835225239726,434.00014863166194,,,731.3648295052486,472.22157714880365,557.9837077907459,740.7495878243461,383.34486427915135,417.1674144362845,411.96497693143755,390.9511884288427,408.63164338985797,445.5365754597196,409.8209908952861,402.3606716541787
v_4.5h,437.2770556257031,,,494.6144158136698,742.7485957814677,555.3297889937322,555.3297889937322,396.4363175687162,380.9860179330953,,588.7657198527854,460.11057674628427,732.4341535871523,530.5271368620828,709.1261671465455,471.357101928266,331.9366739096439,431.56858521658677,431.56858521658677,464.91382553429463,597.6342432954616,350.130187711873,358.32984565232323,438.3939199112759,712.415671124806,368.3098405333039,410.2664982055023,,,512.7923594898774,399.6435220525816,608.2066712549542,707.2291696018254,645.9367259048698,,477.53421803869554,477.53421803869554,381.0374257718484,462.44163419841595,554.2977955200918,439.07967909169923,439.07967909169923,702.7843286234876,743.7055055087706,,532.5003419799585,477.8551303436308,399.51716910958856,638.1210954688424,691.1610639899104,584.3574049723895,729.3315485703628,713.946140367577,680.5378662906684,738.490691602967,498.4868264402146,731.5053811686862,402.25233084437195,614.6291488253246,326.38214921203286,443.48690769590365,358.23762694621297,743.8524282324702,519.557650409144,634.5408352910868,541.5477948376731,710.1783039930787,597.5610215079712,,428.46347997679214,361.077179161453,334.52312373810105,376.24205956139684,383.97921185552343,388.12809366637333,391.2012893670277,,612.4199218475669,305.61612400259486,365.52702563407735,409.4029475464845,420.66835225239726,435.7941492081603,,,731.3648295052486,475.4279569088439,557.9837102669666,740.7515600512397,385.8700879056767,419.6534526478321,413.4691344329569,390.95516088188384,409.0405436763589,447.90802530113905,411.10070810027617,404.43802172077454
v_4.6h,439.04585001018813,,,498.5039751699283,742.7485957814677,554.2064691147531,554.2064691147531,396.1296313690634,384.57698114439194,,589.4171441525483,462.8942124344986,732.4341535895746,530.532445843729,709.1370508116447,474.1581276879851,333.1614868838435,433.31295330442686,433.31295330442686,464.93851781001575,597.9001621558168,351.00095665300597,359.14513997643814,441.0846630760198,714.7350234944024,368.3098405333039,411.66213380856743,,,512.792780144357,400.9204542945494,610.4363230863556,707.2291696485579,645.93672590487,,477.49574095439493,477.49574095439493,382.7005231721235,465.4683283092022,549.5061604677255,439.07967909169923,439.07967909169923,702.78432930747,743.7055055087706,,535.3591761040609,480.23261848807323,399.51716910958856,638.2469144187075,691.177886946084,587.0483196128573,729.3315485703628,714.5374409603205,680.537205217376,738.490691602967,498.486406086853,731.5053811686893,402.34587865814734,612.6714583296246,326.3821492099736,443.4869078060059,359.20774948321764,743.8524282324702,519.5564438424383,634.5408352910868,544.4122921975933,710.6963203760267,597.5628989294509,,428.7250479796634,361.077185713127,334.52312373810105,377.4161249828475,385.5140245331072,389.60821734317955,392.770478658093,,612.4349357310928,305.6161208528937,363.5041339593114,411.7523282957031,422.0893307763858,437.56122932972477,,,731.3648295052486,478.70276903140825,557.983712754127,740.7536191256418,385.78228471671065,422.1702845159184,414.9629297110176,390.959135010164,409.46709126286567,447.61688376459733,412.36123031391446,406.5188513557014
v_4.7h,440.8294270549318,,,502.3502149347208,742.7485957814677,551.7413049797774,551.7413049797774,399.2341075151026,384.57698114439194,,589.9845685697126,465.6873965219231,732.43415359207,530.5378181059042,709.1481026932463,476.9570931005455,334.38413795505636,435.0259951997866,435.0259951997866,464.9635138169806,598.2307630782157,351.880318935673,359.14513997643814,443.85295805997487,716.7086220124265,368.31501471878926,413.0450681805193,,,512.7932002075473,402.1909136846791,611.3618918820449,707.2291696966438,645.9367259048703,,476.9800419212463,476.9800419212463,384.3077238679951,468.55962900288984,548.8783397784628,441.5778059953539,441.5778059953539,702.7843300102703,743.7055055087707,,538.1720163739599,482.61130885655865,399.55897834612824,638.2469144187075,691.1946744408734,589.8403743976022,729.3315485703628,714.825694998815,680.5593234013645,738.490691602967,498.48597633902665,731.5053811686948,402.43913637749574,610.730506040779,326.3821492078726,443.48690791705656,360.18839056574126,743.8524282324702,519.5551749692477,634.5408352910868,547.3775282351891,711.2140766258157,597.5647804535652,,428.745003790518,361.0771923879487,334.4840287572918,378.5815822056028,387.03470936838403,391.1065069237517,394.33396987980234,,612.4496558013225,305.6161176683455,361.5298556868372,414.07731808144206,422.01433034605185,439.3514368714772,,,731.3648295052486,481.9610362520874,557.9837152521395,740.7557684519345,388.2595195372055,424.61692917414445,416.4445885236023,390.9631158466553,409.87672344540374,449.99655116774517,411.5939672786935,408.5938510337556
v_4.8h,440.8294270549318,,,506.2945999835475,742.7485957814677,551.7413049797774,551.7413049797774,402.35129481672885,384.59324358477505,,590.6352645204882,468.42955400755744,732.4341535946405,530.5432512646802,709.1593761473881,479.7460646595387,334.38413795505636,436.7241213465174,436.7241213465174,464.9888349188742,598.5308651626857,352.75776837131286,359.9613724308811,443.85295805997487,718.7777688981166,368.3263020599657,414.4291111100705,,,512.7936199861338,403.4817628793276,612.2896017625768,707.2291697461243,645.9367259048704,,476.47745760466836,476.47745760466836,385.9267029196964,471.66346925313786,544.1241711764492,441.54070366318234,441.54070366318234,702.7843307607696,743.7055055087707,,541.0887493886639,484.98749084825766,399.6027804599308,638.3714887418399,691.1946744408734,589.8403743976022,729.3315485703628,715.1173820354157,680.5593234013645,738.490691602967,498.4855370460189,731.5053811686948,402.5321119561391,608.8183145447179,327.00517556323337,443.48690802907055,360.0663651528491,743.8524282324702,519.5538436074393,634.5408352910868,550.3795343012857,711.8028926199027,597.5666663518001,,429.0068546362585,361.0771991881991,337.3062962914758,379.7310203907596,388.57322648506994,392.58578489942994,394.37933857793433,,612.4640957144755,305.61611445048635,359.60640193053877,416.34000184853227,422.5533329012835,441.12053510034855,,,731.3648295052486,485.1870665131762,557.983717760912,740.7580115215522,390.728422879321,427.07693799197335,417.9380639333192,390.9631158466553,409.9992971445986,452.3453054354991,412.8447269462778,410.620059904106
v_4.9h,442.5746287976453,,,510.1575037470849,742.7485957814677,551.7413052772099,551.7413052772099,402.35129481672885,388.10582043296165,,591.3010703807855,471.13958132344493,732.4341535946405,530.5487526394263,709.1708725972508,482.5236460635083,335.6040976301238,438.457207767912,438.457207767912,465.0145005762917,598.5308651626857,353.6323562266368,360.77284162481055,443.40059498865105,721.0130855558751,368.3263020599657,415.7704373178325,,,512.7940397706321,404.74809620616327,613.2189369601344,707.2291697970048,645.9367259048707,,476.47745760466836,476.47745760466836,387.5445416516971,474.7633539598468,539.4332372284317,443.99046783884825,443.99046783884825,702.7843307607696,743.7055055087707,,543.9408854379893,487.4268132734266,399.7039869401497,638.5988045433814,691.2114353064835,588.7894688484714,729.3315485703628,715.4105301676194,680.5588881311323,738.490691602967,498.4850880555259,731.5053811686976,402.6268433408494,608.8183145447179,327.0051755614028,443.4869081420587,361.04679437432577,743.8524282324702,519.5524495757422,634.5408352910868,553.320107226032,712.2969094047239,597.5685566762123,,429.2694829375889,361.07720611616463,337.3062962914758,380.9055091466716,390.10454114953444,394.0623847553061,395.92815542098435,,612.4782677039959,305.6161112009711,359.6064189061365,418.6486788804645,423.95091487368137,441.12053510034855,,,731.3648295052486,488.37006780002054,557.9837202803539,740.760351912507,393.174445812042,429.5168551927627,419.41217605519586,390.96710810077144,410.4317235220276,454.6740352059167,413.4774452480876,412.70429338532506
v_5.0h,444.37394111967194,,,513.9655576513707,742.7485957814677,547.4927315245889,547.4927315245889,401.33423156410976,391.59333664936497,,591.882771858307,473.8397889411276,732.4341535972895,530.5543188809892,709.1825251592269,485.3123842514391,335.5726614183036,440.0883421194421,440.0883421194421,465.0145005762917,598.8034377309239,354.5037265650377,360.7568877434505,446.0127551479754,722.9546750714608,368.3317954779025,417.1715699035179,,,512.7944598366988,406.0524263761967,614.1982913418756,707.2291698494091,645.9367259048711,,476.4404943333949,476.4404943333949,389.1515081965434,477.82786087419777,539.4332372284317,446.4582032147837,446.4582032147837,702.7843315615545,743.7055055087707,,546.7088453056623,489.85647154392154,399.75168115998156,638.5988045433814,691.2281674564515,591.5707190025546,729.3315485703628,715.7245470794843,680.5798489765249,738.490691602967,498.4850880555259,731.5053811687034,402.7324140018422,606.9221149441471,327.0051755595366,443.486908256033,362.02169410234006,743.8524282324702,519.550992693614,634.5408352910868,556.2608616211052,712.7393322573632,597.570451895251,,430.5928027216387,361.0772131741333,336.75988629306175,382.065793131691,391.6196545699333,395.4951381709285,397.4343017495293,,612.492182742799,305.6161079215769,357.7353986174202,420.9223912738942,423.95091487368137,442.9312109154425,,,731.3648295052486,491.5425937460832,557.9837228103702,740.7627932887273,395.619773508268,429.3379277807361,420.8870849190444,390.970501009876,410.8430690027797,457.04254333692455,414.70675347584375,414.7519889237845
v_5.1h,444.5531463362803,,,517.8952127313338,742.7485957814677,540.9585503133991,540.9585503133991,404.4008906324994,391.59333664936497,,592.4847524971691,476.49482074813506,732.4341536000192,530.5599504893356,709.1825251592269,488.1080083078816,336.7951127388458,441.7756130907928,441.7756130907928,465.04049197045833,599.0511624999165,355.38485965947643,361.5682616217318,448.71080210736716,725.1799723938631,368.3429503386973,418.748430783031,,,512.7948804463516,407.31611764563075,615.084875274164,707.2291699033382,645.9367259048711,,475.97946178775186,475.97946178775186,389.0766063567408,480.87777844672877,535.9210715978714,446.4582032147837,446.4582032147837,702.7843324328908,743.7055055087707,,549.5426920352031,492.19512706144894,399.8012396248118,636.4200605718861,691.244813667203,594.3853840898164,729.3315485703628,716.0234245292379,680.6020265381018,738.490691602967,498.48462921365604,731.5053811687034,402.83765343444276,605.0399835098968,327.0051755576359,443.486908256033,362.9918751353055,743.8524282324702,519.5494727811066,634.5408352910868,559.0941629248886,713.2636345393996,597.5723516901585,,430.85219828712405,361.0772203643908,336.75988629306175,383.21610540837986,393.1188576694243,396.96843975051195,398.96817928305245,,612.5058506878366,305.6161046142111,355.9178495427608,423.1331609543732,423.01352091843677,443.0494877387259,,,731.3648295052486,494.7057639459041,557.9837253508646,740.7653393991909,395.619773508268,431.7873842130824,422.3687557220753,390.9745784360313,411.27359123717366,459.30221916476927,415.9111484544639,416.78407080778254
v_5.2h,446.30280940319767,,,521.7810860532092,742.7485957814677,540.9585503133991,540.9585503133991,407.45498214180515,391.6187433332377,,593.1685719905864,479.1067820339456,732.4341536028322,530.5656479439365,709.1944398954889,490.9027047860811,338.0145985680948,443.45519599231926,443.45519599231926,465.066890268609,599.0447364354592,356.2617520609943,362.3791692007482,448.71080210736716,727.355288684501,368.3429503386973,420.28165222018254,,,512.7953018490797,409.9031163251987,616.0114933727226,707.2291699588374,645.9367259048713,,475.4910656411361,475.4910656411361,390.6897349447818,483.93057075247697,534.1311910775736,446.4187202222874,446.4187202222874,702.7843333423483,743.7055055087707,,552.37504193195,494.5328965027852,399.8526180817419,638.9797846314992,691.2615134517501,597.1108800975401,729.3315485703628,716.3240008133656,680.6020265381018,738.490691602967,498.48416036493126,731.5053811687068,402.91624107086045,604.0917385465494,327.00517555570053,443.4869083710032,363.97126081960874,743.8524282324702,519.5478896587327,634.5408352910868,562.1102306088364,713.2636345393996,597.5742563075851,,431.11227499163584,361.0772276892223,336.7100826658052,384.38723477053657,394.6465466142054,398.4259418989273,400.51150932696174,,612.5192804098335,305.61610128090956,356.78123073172895,425.4151702743755,424.3987029503559,444.79519252849485,,,731.3648295052486,497.8626348427901,557.9837279017404,740.7679940768452,395.50038821175116,434.19457098503113,423.85862039349604,390.9786757918914,411.68731335261384,461.5961687932683,415.9111484544639,418.85062493269146
v_5.3h,448.0141034300662,,,525.6399450036821,742.7485957814677,540.9585511609863,540.9585511609863,404.00124480431185,395.0736644957684,,593.792888592765,478.9133660342085,732.434153605361,530.5714117232318,709.2065374147847,493.65178959903807,339.2305057944395,445.0509827461115,445.0509827461115,465.0931672608228,599.2714374957162,357.1335735273614,363.2005307817959,448.2667001862417,729.2023059513293,368.3487594764893,421.6654085504919,,,512.7957245770888,411.2249175685937,616.9423130845003,707.229170015955,645.9367259048714,,475.4910656411361,475.4910656411361,392.26561124661225,486.98490263839284,529.5405141770418,448.8107290873135,448.8107290873135,702.7843343105494,743.7055055087707,,555.1159451518686,496.93746118108635,399.90577221115103,636.5529976641654,691.2781891228796,597.1108800975401,729.3315485703628,716.6312579564346,680.6015576734565,738.490691602967,498.4839929665365,731.5053811687125,403.02191136189765,602.21696798202,327.0051755537308,443.4869084869767,364.94084786769633,743.8524282324702,519.5462431473411,634.5408352910868,565.1269263670716,713.8050351701595,597.576165739027,,431.3730282896793,361.0772351509062,339.52396662328545,385.5357609155978,396.1551446321754,399.87291035487914,402.05239834738984,,612.5324763711666,305.61609792382126,357.92256659536804,425.4151702743755,425.76823762907435,446.5851004360665,,,731.3648295052486,500.98538095713235,557.983730462898,740.7707612373151,397.9815904936652,436.6045121577041,425.32889892488794,390.9827970340028,412.11710095714983,461.5961687932683,415.1901773018252,420.8355835922032
v_5.4h,449.8081124553432,,,529.4602353972798,742.7485957814677,531.6449049511292,531.6449049511292,406.4316585969947,395.0736644957684,,594.3339883209997,481.55874835389716,732.4341536083568,530.5772421855353,709.2189208529704,496.41625552608787,340.4421606766039,446.7057208286613,446.7057208286613,465.1204332595007,599.4778074003191,358.0069248301115,364.01578430896774,450.8756915716233,731.4649002134297,368.3598088845451,422.99718338740655,,,512.7961506990194,412.49500325710454,617.8748847828883,706.8068436179125,645.9367259048715,,475.4471992296602,475.4471992296602,393.8188023414741,490.0272702897036,526.1217189275152,451.1902190361642,451.1902190361642,702.7843353405606,743.7055055087707,,557.9209545779522,499.3162922127924,399.9606577187893,636.8097607886921,691.2948395605358,596.047861794574,729.3315485703628,716.9366616129844,680.6353775918699,738.490691602967,498.4835051211324,731.5053811687125,403.1272246354274,600.3541538592924,327.005175551728,443.486908555548,365.91367712576863,743.8524282324702,519.5444605803741,634.5408352910868,568.0593374666684,713.5784749658262,597.5780795345826,,432.66507492138794,361.0772427517129,336.1730712894595,386.69739640380413,397.64120766238005,401.3348912546259,403.53830010907996,,612.5454245109065,305.61609454508925,359.05116319749476,427.6329249137083,426.3109713872226,448.3505247689576,,,731.3648295052486,504.1125876161266,557.9837330342368,740.7736448773703,400.3563787851403,438.98435690697494,426.754990117876,390.9827970340028,412.5339879372806,463.87096281384004,416.3815072688782,422.8521385425044
v_5.5h,451.58921894091566,,,533.2651371225116,742.7485957814677,519.1952773943278,519.1952773943278,409.4742713817998,395.08913730122754,,595.066293739539,484.1519946275616,732.4341536114451,530.5831399344664,709.2314031113161,499.18902344745317,340.4421606766039,448.29687225119676,448.29687225119676,465.148112745105,599.7703981349828,358.8845946660426,364.824363073843,453.47969171938445,733.5540769886609,368.35466655438677,424.37692185929023,,,512.7965803190007,413.805847520129,618.8420785969449,703.9943011124564,645.9367259048719,,474.9260135691861,474.9260135691861,395.4144399623232,493.06653324415447,526.1217189275152,453.54474848649573,453.54474848649573,715.7483215192457,743.7055055087707,,560.7512564623906,503.98639842262077,400.01723042279207,636.8097607886921,691.3114664468109,598.796944958788,729.3315485703628,717.2513023633355,680.6672305104079,738.490691602967,498.48300679752225,731.5053811687158,403.2321843907357,598.5015612058678,327.0051755496923,443.48690867399716,366.8872213789069,743.8524282324702,519.5420860765225,634.5408352910868,570.9336022629376,714.0210597842973,597.5799984157118,,432.9210137551445,361.0772427517129,338.979895695817,387.85474654638404,399.14802839800444,402.76395674142634,405.02137886457,,612.5581351301502,305.6160911471662,360.1857032295832,427.2872987126792,427.66054223582404,450.102587015323,,,731.3648295052486,507.24168420319063,557.983735615658,740.7766490731643,402.783681503795,441.3948948522469,428.2594824081999,390.9864573791336,412.9643247535667,463.57895163103103,417.02968094094666,424.8724732812773
v_5.6h,453.31330860147955,,,537.1166903298076,742.7485957814677,503.5686974723705,503.5686974723705,412.47589871144163,398.5257953140988,,595.7117939488353,486.6775615751904,732.4341536146283,530.5891052636167,709.2442642721912,501.95863731808123,340.4098653524197,449.91867265973144,449.91867265973144,465.1762184556936,600.0391792925421,359.7561110688989,364.824363073843,456.11544289325036,735.3723846634937,368.3659289117391,425.7153518650277,,,512.7970135323072,415.06750603779346,619.8083375200525,696.9222657881725,645.936725904872,,474.39629540982077,474.39629540982077,396.9817892511147,496.09565829725386,524.3236439567676,451.1688069384374,451.1688069384374,702.7843364439262,743.7055055087707,,563.3984034222931,506.3763808876773,400.0754463358644,636.9506102153684,691.3280696663841,601.5097994133113,729.3315485703628,717.5683055739432,680.6972485177777,738.490691602967,498.4824978338841,731.5053811687216,403.3367261473487,596.6575347120591,327.00517554762456,443.48690879345355,367.84959806733514,743.8524282324702,519.5391172738795,634.5408352910868,573.9593541725143,714.5076394231277,597.5819223881603,,433.17682122745845,361.0772479268836,341.7912828696192,388.99818674126453,400.64742461414585,404.1746593043966,406.5461910780416,,612.5706177253851,305.6160877326544,361.3189363923511,429.4611189824879,426.19695504073934,451.8434561810029,,,731.3648295052486,510.3695000026319,557.983735615658,740.7797787539786,405.1305256747663,443.754751533732,429.6758426156879,390.9906766531361,413.38511509328123,465.79874680981914,418.1920507691419,426.8291541796831
v_5.7h,455.05386741046794,,,541.0156485682526,742.7485957814677,531.6449078601108,531.6449078601108,409.010213606197,401.91186672764496,,595.7135244455577,489.1719194145224,732.4341536179099,530.5951386504413,709.2571618305052,504.6854968158157,341.624971519915,451.4600653145697,451.4600653145697,465.204763682768,600.2843138570134,360.62077560122003,364.81580672009676,453.045793766016,737.7040890656957,368.37689851619024,427.06755057313006,,,512.7974504257011,416.3708491053735,620.773220864098,682.61830745478,645.9367259048722,,474.87843804606433,474.87843804606433,398.52938214907755,499.1336418159122,519.8329058063769,453.5022130107102,453.5022130107102,702.7843376072113,743.7055055087707,,566.269186089814,508.76274552191234,400.12862048423256,637.2176742582585,691.3446482313462,604.1451164127449,729.3315485703628,717.8782559814591,680.6673091932818,738.490691602967,498.4819780668204,731.505381168727,403.44043802186275,594.8366335293034,327.0051755455445,443.4869089141436,368.8256832444879,743.8524282324702,519.5355515098978,634.5408352910868,576.9609165309122,714.9901525585638,597.5838513112187,,434.4361746724133,361.0772558242271,338.91783362016434,390.1634593764259,402.1196687818848,405.61389361819806,408.0618098783041,,612.5828810742146,305.61608430431284,362.43725509676983,431.67850755735503,426.7421933003183,453.63224915117684,,,731.3648295052486,513.46398419515,557.9837382070663,740.7830432800112,407.5652327767915,446.12324857999585,431.1606829343632,390.9949271950093,413.81733198294114,468.08718287480747,418.84719126362904,428.8445458305343
v_5.8h,456.8324860428636,,,544.8880629814367,742.7485957814677,519.1952819058038,519.1952819058038,411.4488935029575,398.5260932788714,,596.3125712652037,491.75060744835145,732.4341536212927,530.6012404390625,709.2705286919909,507.3934116543601,342.8354566233843,453.0881011314842,453.0881011314842,465.23376846815995,600.5080659832895,361.49770524726273,365.6234347663861,455.6631385562822,741.5550858585186,368.3721504000767,428.38136977874916,,,512.7978910777443,417.6211163502274,621.73628931372,696.9222663759347,645.9367259048722,,474.3542836365951,474.3542836365951,400.0878728718784,502.17652804511926,515.4010379122105,455.7915704881773,455.7915704881773,702.7843388422937,743.7055055087707,,569.0246522535155,511.0914258198936,400.18849179605587,634.7516977407706,691.3612011905078,600.4740022124225,729.4462241747295,718.2062864509032,680.6975273951489,738.490691602967,498.4814473313587,731.5053811687251,403.54334801393065,593.033711543449,327.00517554357793,443.486909037526,369.7920482080746,743.8524282324702,519.5313858177259,634.5408352910868,579.8568821145849,715.4939830090694,597.5857850114514,,434.6858325432076,361.0772638536955,341.71393540207686,391.2965919431023,403.6139635870175,407.0605091305025,409.5066744357664,,612.5949333110702,305.6160808650653,363.56070218483427,433.85735211971456,428.07597380522566,453.7373473929337,,,731.3648295052486,516.5576108519127,557.9837408082648,740.7826436224019,405.0250035098535,448.44839160491637,432.60834784297316,390.9992123610839,414.24230236563517,470.282772708928,419.9770344869979,430.8347510353418
v_5.9h,458.5648403564069,,,544.7861850189055,742.7485957814677,503.5687042039831,503.5687042039831,414.42606011271573,401.9049433885593,,596.9508420281097,494.2113934415686,732.4341536247804,530.6074109918704,709.2841895306217,510.1246825569331,344.0405124598631,454.5992891105626,454.5992891105626,465.2632421380881,600.7124880391714,362.36792473735534,366.44551364996545,458.15872768828694,743.9018719785834,368.3833268273361,429.7301206636654,,,512.7983355591028,418.9205097691373,622.6971045690351,696.9222669806398,645.9367259048726,,473.8858325092052,473.8858325092052,401.61742007586554,505.21210539132176,512.118091176272,458.10451062147075,458.10451062147075,702.7843401527829,743.7055055087707,,571.7052072081804,513.4484811718999,400.24992187325927,635.0178946617549,691.3611813503303,603.2408320275226,729.5645029852863,718.6127740423361,680.7260228673613,738.490691602967,498.4809059633857,731.5053811687311,403.6535323082111,591.2387983073,327.0051755417375,443.48690916367303,370.7549789053083,743.8524282324702,519.5266169223239,634.5408352910868,580.0527660984762,716.0632862820698,597.5877230946078,,434.9352338090037,361.0772720167474,341.1720300375935,391.3884245796035,405.09958287505987,408.4656412166994,411.0109528641041,,612.606781994113,305.6160774180011,363.55508630666884,435.9965044386848,428.6224239873997,453.7373473929337,,,731.3648295052486,519.6407369622472,557.9837434191758,740.7860481648382,407.4280781239072,450.78367701408786,434.0374668066355,391.00353531747226,414.6771170747876,472.5208449965339,420.638483734215,432.78427286437284
v_6.0h,456.9968624802911,,,548.7061023636322,742.7485957814677,485.20616681754694,485.20616681754694,417.326639761869,405.2166235689735,,597.6439712507413,496.6483756304709,732.4341536283754,530.6136506436629,709.2980266446065,512.9339721678047,345.24372479044115,456.20184604511985,456.20184604511985,465.2931933566604,600.7110389293337,363.23041036465327,367.263052281484,460.72809102362595,745.9702663739662,368.3942417581272,431.0521108275563,,,512.7987839328358,420.15582367974696,623.6734738409211,682.6183098796713,645.9367259048727,,473.3892781170424,473.3892781170424,403.15235686332096,508.2510056065033,514.7062156827465,460.35941072153236,460.35941072153236,715.7483237732322,743.7055055087707,,574.5211337593278,515.8327676184389,400.31281291986625,637.613050338894,691.3777123653905,605.9210354248017,729.6711570645552,719.0157089973885,680.7529108449505,738.490691602967,498.4803570457193,731.5053811687368,403.76874274881436,589.4503215261591,327.00517554038845,443.4869092926592,371.72572747915166,743.8524282324702,519.5212412363508,634.5408352910868,580.0527660984762,716.4423567408744,597.5896653086043,,435.1843608159094,361.07728031478047,341.1720300375935,392.54692319557137,406.55205395153365,409.8694006714087,411.049558134806,,612.6184341643861,305.6160739663849,363.55508630666884,438.157895545941,429.9315851132669,455.5091437754966,,,731.3648295052486,522.7021194053043,557.9837460397206,740.7895972056208,409.7582972807598,453.11109749304404,435.4886475600794,391.00754274446126,414.85530413273415,474.6573446685101,419.31960875976006,434.7564671480174
v_6.1h,458.71401709510576,,,548.7061023636322,742.7485957814677,485.2061717731261,485.2061717731261,413.4056687786796,405.2448792499866,,598.2761990055192,499.1337435995551,732.4341536320824,530.6199597295242,709.3122267395987,515.7358403478529,345.2132293150773,457.737608283481,457.737608283481,465.32363019115996,600.7110389293337,364.0981689530898,368.0727431215389,460.28173028412436,748.0416322518764,368.3898599378025,432.3997080817535,,,512.799236254664,421.4549183355672,624.6535454176106,657.1745964535678,645.9367259048731,,473.3397107827381,473.3397107827381,404.66260833542833,511.2866965494482,510.31517685407846,458.0930798259973,458.0930798259973,715.7483244256796,743.7055055087707,,577.1674950659198,515.894441839728,400.3767825498299,635.1371933740272,691.3942169953692,608.5244171850804,729.7654004450535,719.4175689048119,680.7265815522709,738.490691602967,498.48012583323884,731.5053811687349,403.88309908314096,587.6711444227097,327.00517553884225,443.4869094245604,372.68373449336946,743.8524282324702,519.515254855813,634.5408352910868,583.1202251754273,716.9111288526941,597.5916114059665,,435.43319651824146,361.0772887491249,343.9560629177348,392.54692319557137,408.0458116979482,411.263408033075,411.049558134806,,612.6298963981222,305.616070513659,364.66756174253163,440.2554664660194,428.48474527155713,457.2508172437401,,,731.3648295052486,525.7112594711858,557.983748669819,740.7932957085061,412.1305109708323,455.46452093771495,436.89157518476935,391.00754274446126,414.85530413273415,476.89477771433076,420.4325379782792,436.6790836360385
v_6.2h,460.45730723868354,,,552.5519653917208,742.7485957814677,485.2061717731261,485.2061717731261,416.30004053311876,405.2448792499866,,598.8654145852328,501.57044993213543,732.4341536359043,530.626338569869,709.3266986371707,518.4720974864999,345.2132293150773,459.27917788735175,459.27917788735175,465.3545601691311,600.8994496778558,364.9664038431244,368.8820841923718,460.28173028412436,750.5392586158302,368.4009760947285,433.6921446784504,,,512.7996925732315,422.6899287050389,625.6295117410067,617.3628477751004,645.9367259048731,,473.3397107827381,473.3397107827381,406.2104279052779,514.302982363009,505.9818732037218,460.3440641819981,460.3440641819981,702.7843430138169,743.7055055087707,,579.9786280199845,518.1876805072659,400.44179375070104,635.4030981812349,691.4106937586661,611.1632575418512,730.0457063079505,719.823150050687,680.7536436555579,738.490691602967,498.47956338462336,731.505381168741,403.9966274643695,586.6778734419678,327.00517553884225,443.4869095594541,373.6492485144079,743.8524282324702,519.5086535554735,634.5408352910868,586.0725013236097,717.3971197081314,597.5935610599455,,436.643190926802,361.0772973210388,341.09328899947775,393.6789039815914,409.51064356173066,412.65247811345426,412.5163041651834,,612.6411748530388,305.61606706345003,365.78153721215807,442.39962311762844,429.033334934026,459.00724695365335,,,731.3648295052486,528.7192342982769,557.9837513093894,740.7971487248504,414.4699308867792,457.7925692367004,438.34481673034827,391.01197888338106,415.2842902306944,479.0089615231652,421.1006358853726,438.6331031414239
v_6.3h,462.20557071975446,,,556.4250206381896,742.7485957814677,465.0797086479044,465.0797086479044,418.70401701252973,408.5775785919073,,599.6052789793989,503.9267722716816,732.4341536398452,530.6327874764714,709.3413952884708,518.3741078386395,346.41668349388215,460.80009328607144,460.80009328607144,465.38597431956094,601.0814023329182,365.8261757216392,369.7002306547228,462.7716340744588,752.7011593254265,368.4118600050611,435.0111901516087,,,512.8001529303517,423.9736004922405,626.6009528327851,617.3628518644053,645.9367259048734,,472.8092471839151,472.8092471839151,407.7294233949652,517.2923532413358,502.7906319020783,462.56209704127485,462.56209704127485,702.7843445736818,743.7055055087707,,582.7179397218746,520.6094452426743,400.50780982917314,635.5094583942462,691.4271414221919,607.5650225662504,730.1843903121661,720.2179706152159,680.779196318787,738.490691602967,498.47956338462336,731.5053811687469,404.10935265858814,584.9058566330978,327.0051755374645,443.4869096974193,374.61183991756224,743.8524282324702,519.5014327840081,634.5408352910868,588.95113102751,717.2125423424511,597.5955130770884,,436.88493181222026,361.077306031701,343.41430704608257,394.84221948271824,410.9632831057764,414.08710787909996,413.98336092488375,,612.663203205913,305.6160636195768,366.89930438298154,444.54934030589595,430.32434118581006,460.7439416252908,,,731.3648295052486,531.8408173610867,557.9837539583493,740.8011613903554,416.80328615510257,460.12933602464807,439.7478245322972,391.01645901359234,415.7332219697359,481.1585041777173,422.17419373528696,440.5972431067514
v_6.4h,463.90693244531104,,,560.2803985975074,742.7485957814677,444.5405529563512,444.5405529563512,418.1283776975337,408.5771000391822,,600.28525236175,506.3632568362672,732.4341536439092,530.6393066432714,709.3413952884708,521.0638382818627,347.61324185184657,462.34207559278343,462.34207559278343,465.41790727629365,601.328040983185,366.68345446258945,369.68420381645313,465.2606877853108,755.136398417294,368.40781835111244,436.3099487256177,,,512.8006173612343,424.1345962332741,627.5674482081132,564.0832871984787,645.9367259048738,,472.26476138864626,472.26476138864626,409.1964426875103,520.3059401000394,500.991847411115,464.7834541901138,464.7834541901138,715.7483266199586,743.7055055087707,,585.4150201875862,522.9168692096805,400.5747944471398,635.5094583942462,691.4435598265724,610.2019735186225,730.322999675426,720.6082438317356,680.780175477768,738.490691602967,498.47899345610307,731.505381168745,404.2212980991987,583.167232811579,327.0051755362715,443.4869098385373,375.5610868828965,743.8524282324702,519.4935876589103,634.5408352910868,592.0561294919885,717.7401875154382,597.5974690092995,,437.1262612852293,361.07731488220526,343.32090137433596,395.9653184085378,412.44045631097805,415.4769718654138,415.43735154527985,,612.6739636727177,305.61606018605426,367.99638666268976,446.6063437263982,430.87310971831073,462.5131209317424,,,731.3648295052486,534.9218036937558,557.983756616616,740.8053389214965,416.66138546080293,462.38573518377245,441.2011215239679,391.02098600296455,416.1674918297528,480.86244017744906,422.8452718678879,442.49166310630005
v_6.5h,465.6705444805761,,,564.1440926695578,742.7485957814677,444.54056207844366,444.54056207844366,418.1283776975337,408.5771000391822,,600.9046070453097,508.73380174791333,732.4341536481,530.6458966043879,709.3563680076054,523.8721171666826,348.80952685966264,463.8226194373624,463.8226194373624,465.4503537031912,601.5540794504386,367.5493285698032,370.49918314015474,464.83598667619094,757.6888454024506,368.4188983730119,437.6296001885339,,,512.8010858947125,425.39280385168854,628.528575892396,504.7637515642936,645.9367259048738,,472.217012995753,472.217012995753,410.7083348617686,523.3090856794574,500.991847411115,464.77873525643093,464.77873525643093,715.7483266199586,743.7055055087707,,588.1649280945875,525.236130560523,401.7914265841974,635.774418544688,691.4599475876041,612.8029818006078,730.4386003694193,721.02860983311,680.780175477768,738.490691602967,498.47841608090744,731.505381168751,404.3324859394723,583.167232811579,327.0051755352803,443.48690998289095,376.5288781008232,743.8524282324702,519.4851129611372,634.5408352910868,594.9944726479144,717.7401875154382,597.5994275542926,,437.3671647189013,361.0773238735544,343.32090137433596,397.12981595594124,413.8744889574979,416.8481293346848,416.89266197037136,,612.6845615591045,305.61605676709917,369.1100170368009,448.6694486552166,430.70918687539495,464.23954738233437,,,731.3648295052486,537.9650345976386,557.9837592841045,740.8096866116015,416.66138546080293,464.6893321241404,442.5767437609927,391.02556331866583,416.6220826751296,482.9922937480587,423.87435613354376,444.4462105959405
v_6.6h,467.40137312145197,,,567.9780853719853,742.7485957814677,444.54056207844366,444.54056207844366,420.51816654287427,411.8394817632728,,601.5940670244271,511.0213714211093,732.4341536521199,530.6525575097122,709.3717677578329,526.6368458909451,350.0104963437476,465.3067416322866,465.3067416322866,465.4833193261515,601.761447487182,368.40614982197906,370.49918314015474,467.28314096927693,759.9616666613509,368.42604756907724,438.92147980251707,,,512.8015585534471,426.63387915906816,629.4839113097515,504.7637594733337,645.936725904874,,472.217012995753,472.217012995753,412.18268333242304,526.2531160672467,496.75695183124753,464.77873525643093,464.77873525643093,715.7483274406721,743.7055055087707,,590.7981807000441,527.6322845666376,400.7626198712104,633.262553250939,691.4763033362062,615.4503452829778,730.5520584711046,721.4272251569442,680.8044708894408,738.490691602967,498.4778312964394,731.5053811687569,404.4429371032762,581.4328961148148,327.00517553450777,443.48691013056424,377.48285735876806,743.8524282324702,519.4760031294834,634.5408352910868,597.9224601735979,718.2353098368862,597.6013883383037,,437.6076282659801,361.07733300665,345.6388243860511,398.25257999874134,415.3457645152087,418.2224122376959,418.36012337240265,,612.6950014592574,305.61605336713825,370.2112808046639,450.7607934947893,431.2596461029714,464.2587303143836,,,731.3648295052486,540.9751592094328,557.9837619607274,740.8142098265835,418.9814401815784,466.9203171606162,444.036571248205,391.02993382631075,417.062296083331,485.120407502857,423.28834866606456,446.37406351153993
v_6.7h,469.0850039476021,,,571.8203120689872,742.7485957814677,424.99597582575547,424.99597582575547,423.2979899864686,415.145565550132,,602.3200473667287,513.4217881024202,732.4341536565826,530.6592896350165,709.3875301402215,529.3760495966922,349.97182760161394,466.8510990977312,466.8510990977312,465.51671678092885,601.9518928805572,369.2535041537025,371.3047070241623,467.28314096927693,762.7016545902601,368.42604756907724,440.24631850670147,,,512.8020353541267,427.90012094331377,630.4330260121473,450.15640793315464,645.9367259048743,,471.73757617252994,471.73757617252994,415.1858591867813,529.2623016179764,492.5776547713674,466.95670181776165,466.95670181776165,715.7483283079517,743.7055055087707,,593.6244951548572,529.907328490599,400.8323701000288,633.5268057773782,691.4926211070476,614.4727764105082,730.6479996831872,721.8419641435156,680.8274431687432,738.490691602967,498.47723914436864,731.5053811687615,404.55267133403436,579.7014980356304,327.00517553397276,443.48691028164455,378.4332274631299,743.8524282324702,519.4662522546832,634.5408352910868,600.9877743300243,718.7478708341481,597.6033510649644,,438.76225189476554,361.07734228228776,345.52927037169763,399.41049827154774,416.789189706145,419.5998762015994,419.810129570205,,612.7052877347144,305.61604999081254,371.30184156738204,452.7947581282239,431.2596461029714,466.01935232225713,,,731.3648295052486,543.9467397762537,557.9837646463997,740.8189140003252,421.2824318038774,469.255932191549,445.3908339262188,391.0346399263384,417.52405896867947,485.120407502857,424.2936448950468,448.2404557764219
v_6.8h,469.28120853597875,,,575.6258958761437,742.7485957814677,424.99598783695626,424.99598783695626,422.29281583774264,415.15661179180233,,602.9817768395086,515.6907915717188,732.4341536611851,530.6660932496993,709.4036492208945,532.0152500063529,351.15738586739616,468.26142140545187,468.26142140545187,465.5507482825028,602.1269982882804,370.1147481845855,372.10045597035315,469.6959634950978,765.441079203267,368.4371141282848,441.48156499306987,,,512.8025163076563,429.11301714905113,631.3754861930707,450.15641704373445,645.9367259048746,,471.22910454835625,471.22910454835625,416.60429137345807,532.2991073626702,489.5187302182022,469.104614534668,469.104614534668,702.7843517463078,743.7055055087707,,596.2025561755437,532.2839743463368,400.90294954018293,633.6106216575644,691.5089107912045,617.0693625077955,730.7424722423042,722.2602266290295,680.8287915765247,738.490691602967,498.47663967071963,731.5053811687615,404.674340104622,577.9800462361076,327.0051755336945,443.486910392042,379.39294752714716,743.8524282324702,519.4558540732386,634.5408352910868,603.8864353386433,719.1299145150126,597.605315402817,,438.9947010842799,361.0773517011484,345.52927037169763,400.5307174056912,418.2304358690665,420.99973506573417,421.22533162772106,,612.7154245345216,305.6160466429851,372.4071143420428,454.83574223069,432.5001550109987,466.01935232225713,,,731.3648295052486,546.9973288113088,557.9837673410307,740.8238046296917,423.57827848142773,471.5149597836331,446.83851096763937,391.0346399263384,417.970829287221,487.2347722307985,424.9704770103256,450.16573511161886
v_6.9h,471.01811141231155,,,579.4330120509525,742.7485957814677,424.99600002435324,424.99600002435324,422.29281583774264,415.15661179180233,,603.5875183135237,518.0212769429448,732.434153665932,530.6729686119127,709.420011986054,534.8218278829136,351.15738586739616,469.8076840996915,469.8076840996915,465.58531277837307,602.1321073726465,370.9686438226148,372.91432188729846,469.26973310708536,767.8272359534211,368.4445682870895,442.8092230029627,,,512.8030014193416,430.3912427349264,632.3108508762433,450.1564264010436,645.9367259048746,,471.17255323655826,471.17255323655826,418.0837609601728,535.3154644532727,487.73523525905,469.0948053510587,469.0948053510587,715.7483301670943,743.7055055087707,,599.0475229659445,534.637379318237,400.90294954018293,633.6106216575644,691.5251652193735,617.0693625077955,730.8227891482286,722.6709003707189,680.8506606533589,738.490691602967,498.47603292596585,731.5053811687677,404.77855776831234,576.2875165580843,327.005175533694,443.48691055058305,380.33826130409454,743.8524282324702,519.444801960958,634.5408352910868,606.9254268791047,719.5896224187358,597.607281015673,,439.2265995128051,361.07736126378927,344.99727704331974,401.68472829099665,419.68223327986783,422.34518270396586,422.70124994215246,,612.725415813511,305.61604332874634,373.48509816129933,454.4961549777625,433.049199536115,467.7741342329075,,,731.3648295052486,550.0633995896312,557.9837700445328,740.8288872691846,423.43613769118355,473.77114980213076,448.22071920930466,391.03940151029445,418.44129082711197,489.28630987970433,424.9704770103256,452.0736154821992
v_7.0h,472.70569126581995,,,583.2880320829728,742.7485957814677,407.5667366764954,407.5667366764954,424.99863239383245,418.36745447073065,,604.3730130640204,517.9226030648549,732.4341536708271,530.6799159726334,709.4367313620022,537.6029969135661,352.35092821523347,471.2685648754648,471.2685648754648,465.62041494426904,602.294668279404,371.8126728857627,373.71903847298097,471.7179144950403,770.8144592059672,368.4445682870895,444.06940691185645,,,512.8034906890705,431.60797994890464,633.238669544849,410.2135499150315,645.9367259048747,,471.17255323655826,471.17255323655826,419.5221942515594,538.2899891247753,487.73523525905,471.2693963266554,471.2693963266554,715.7483311734422,743.7055055087707,,601.5860891501669,536.9168064771663,400.97432405655803,633.8734488736961,691.5413828627981,619.6691858787229,730.8997232718327,723.0917674103217,680.8506606533589,738.490691602967,498.4757576253144,731.5053811687725,404.90109014991424,574.5960838600726,327.00517553399226,443.48691071279603,381.28931675884076,743.8524282324702,519.4330889262119,634.5408352910868,609.9280528990079,720.0396919221807,597.6092475058867,,439.45793666056636,361.0773685099388,344.99727704331974,402.79979022212297,421.09789704261055,423.7209398373143,424.1335875233626,,612.7352653495452,305.6160400534219,374.58573784187985,456.54163958722444,432.85573371752173,469.4664110246762,,,731.3648295052486,553.0687043350746,557.9837727568141,740.8341675252233,425.7253162537433,475.9801009074557,449.6294430624133,391.044220779546,418.895187418032,491.39443506355246,425.92506021275153,453.9451831045346
v_7.1h,474.48017794177474,,,587.1805138226857,742.7485957814677,407.5667366764954,407.5667366764954,424.00462320437333,418.39553047780026,,605.0974497964474,520.1003428136421,732.4341536758758,530.6799159726334,709.4538551906072,540.3107596971494,353.5412276974411,472.71440517400885,472.71440517400885,465.6560591675257,602.4445160317432,372.6608577392567,373.7053474038253,471.7179144950403,773.6951778554392,368.45564265040684,445.38861752298345,,,512.8039841115038,432.86356130681656,634.1584786516568,411.78305944023737,645.9367259048751,,470.62867503869506,470.62867503869506,420.9929567374128,541.2188912437396,483.66115591548964,471.2693963266554,471.2693963266554,715.7483311734422,743.7055055087707,,604.4782936461133,539.3345003883701,401.04646004543923,633.9428839136029,691.5413828627981,618.768629037767,730.9652921232176,723.5025880386801,680.8713722366011,738.490691602967,498.4751379594521,731.5053811687725,405.0228317611499,572.9045971517182,327.0051755346121,443.48691087877717,382.24108660095726,743.8524282324702,519.4207076028878,634.5408352910868,612.8247211391305,720.52879740264,597.6112146220656,,439.6887030389374,361.0773783717498,347.71187815411116,403.95260941105806,422.5566722108094,425.0293973348361,425.5398900986077,,612.7449718537937,305.6160368225775,375.66543798668846,458.50355200026223,433.40556737790104,471.22199152831405,,,731.3648295052486,555.9698963512823,557.9837754777831,740.8396510500477,427.998730929435,478.239856278021,451.00895934615005,391.0488943846036,419.3758666086894,493.4162508833938,426.60238448838845,455.85702564089553
v_7.2h,474.48017794177474,,,591.0766916645854,742.7485957814677,392.8875874751154,392.8875874751154,426.3151580603729,418.39553047780026,,605.7646907116292,522.4967782868567,732.4341536810825,530.6869355727785,709.4714462256876,543.0092227599513,353.49769294235494,474.1866834531701,474.1866834531701,465.6922495602232,602.6159056658186,372.50546747032007,374.50666348551783,474.02176752153366,776.2296697841381,368.4633999849204,446.67015609051606,,,512.804480841296,434.09537042979747,635.0722545941102,413.3242100233317,645.9367259048751,,470.08046686195166,470.08046686195166,422.4483432548745,544.2261617240827,479.6443407031392,473.3675072986541,473.3675072986541,715.7483322302637,743.7055055087707,,606.9896010763913,541.5857734361887,402.26080206188783,633.9428839136029,691.5575627775023,621.3632173996695,731.0304210840563,723.9154325750216,680.8730690428296,738.490691602967,498.4745111938016,731.5053811687787,405.14380068417364,571.2386031127016,327.7044991074825,443.4869110486212,382.1293543107628,743.8524282324702,519.4076502430725,634.5408352910868,615.9254371625867,720.4324068283188,597.6131820008612,,439.9188902628904,361.0773883779719,347.18247051813063,405.0594526326975,423.95360050369476,426.42966715654876,425.56401851608814,,612.7545291077797,305.6160336080905,376.74884127144503,460.5561119270538,433.40556737790104,472.9425071846847,,,731.3648295052486,559.039287107421,557.9837782073463,740.8449362570742,427.998730929435,480.5077334110358,452.43564071810533,391.05385194736925,419.5981014681361,495.51022897923286,427.2860488500911,457.71478250607834
v_7.3h,476.1506222380848,,,594.9664296874587,742.7485957814677,392.88760599942896,392.88760599942896,426.3151580603729,421.61033020502106,,606.4479930737195,524.6741934263814,732.4341536810825,530.6940276444782,709.4893298408574,545.8276251642541,354.6773143426523,475.59917764941804,475.59917764941804,465.73495331038765,602.6159056658186,373.3461814613992,375.29772419419874,473.5759623479303,779.3217618258308,368.4633999849204,446.7646938633583,,,512.8049791138866,435.3098239140857,635.9909806071133,413.3242100233317,645.9367259048754,,470.0247508158263,470.0247508158263,423.88099915860374,547.2664540708101,477.8722373828979,473.31270896459534,473.31270896459534,715.7483333241295,743.7055055087707,,609.8742637500994,543.9978282827404,402.3328873611202,631.6513184206395,691.5737035441001,623.9103510370014,731.1051406035522,724.4180573724791,680.892849903108,738.490691602967,498.4738773973669,731.5053811687836,405.26401390003656,570.1980973398832,327.7044991086037,443.48691122242695,383.07976095840513,743.8524282324702,519.3935936537554,634.5408352910868,616.1241468203443,720.8569438904909,597.6151496868054,,441.004005049899,361.0773985285766,347.18247051813063,406.2138490685241,425.4149994776067,427.7453801421093,426.97249518860207,,612.763942478586,305.61603033939787,376.73495253763133,462.5088738990138,434.58709136621195,472.95658585385297,,,731.3648295052486,562.0962665118693,557.9837809454084,740.8508438222331,430.2575108301109,482.7131872466903,453.7971889948567,391.0588718640445,420.06797197606545,495.18022461210467,426.9976672335817,459.5732710375687
v_7.4h,477.90210841367826,,,594.9475989284854,742.7485957814677,392.88762523653895,392.88762523653895,428.8638068404376,421.60009283005417,,607.2510998659184,526.9762468370134,732.4341536864529,530.7011924123522,709.507644780196,548.5337350556659,355.86472101116374,477.08088728859735,477.08088728859735,465.73495331038765,602.8129694107033,374.19831181711163,376.0943481500039,475.97192383704436,782.3402686866668,368.474502067293,447.97829382647257,,,512.8054790548526,436.5572879368695,636.9151725911138,414.8814519387289,645.9367259048757,,469.5284864502382,469.5284864502382,425.30703674335535,550.257386438781,474.9778943372552,475.50854953385596,475.50854953385596,715.7483344887486,743.7055055087707,,612.3946052372338,546.2902748471994,401.3160195158847,631.9114244837605,691.5898040974913,623.9103510370014,731.215756108664,724.916753012993,680.892849903108,738.490691602967,498.4732366440567,731.5053811687903,405.3834873304548,568.5410213407956,327.70449911005716,443.4869114002955,384.0148394541141,743.8524282324702,519.3778483342013,634.5408352910868,619.0372042732271,721.3728776893063,597.6171162381828,,441.44395180686155,361.0774088233626,347.05381785163803,406.3005697674534,426.8122784966941,429.1340208307984,428.4188789029349,,612.773217112256,305.61602701629346,377.79645148102117,464.47156452513076,435.13412607955945,474.6423050655554,,,731.3648295052486,565.0478011023689,557.9837836918739,740.8569718202186,432.5309015644225,484.9225662610517,455.1723881672057,391.06395607463423,420.56118928084607,497.21339475510536,427.68465153044275,461.47597346016744
v_7.5h,479.6072179163309,,,598.7570253214622,742.7485957814677,381.10464143603093,381.10464143603093,427.8906589731498,424.81463505275036,,607.9835016623109,529.1673720472842,732.4341536919922,530.7084300905003,709.5287189826433,551.1729316501093,357.0406775298902,478.5152497189359,478.5152497189359,465.7804270415081,602.9949742894856,375.040310648989,376.0943481500039,478.2425004410647,785.0207729928941,368.48256094220733,449.2943579048893,,,512.8059807872993,437.744185262233,637.8377621726407,416.44392497753813,645.936725904876,,469.5284864502382,469.5284864502382,426.71810795831067,553.1593876136793,474.9778943372552,477.6270921004039,477.6270921004039,715.7483357107137,743.7055055087707,,615.2565178662512,548.6192135323902,401.39096023067447,631.9114244837605,691.6058631489707,626.3632811627775,731.3190658280827,725.4152223036915,680.9116268184931,738.490691602967,498.4732366440567,731.5053811687903,405.50237967363813,566.8924449969421,327.7044991118658,443.4869115823295,384.96371554449706,743.8524282324702,519.3603896555613,634.5408352910868,622.1194275146436,721.839549230745,597.6190811625374,,441.6621289882608,361.0774192619434,349.3359793871399,407.4258516066358,428.25915698316834,430.4510611995655,429.83236666015944,,612.7823579483974,305.6160236386033,378.88682908544706,466.47065497721576,434.90823804627144,476.3751855938508,,,731.3648295052486,567.9793222567863,557.9837864466585,740.8633260179647,432.39907312716093,484.7302707216982,456.5832093954025,391.06395607463423,421.0437646036767,499.24822617971944,428.54786906980365,463.31983305917953
v_7.6h,481.32045649848595,,,602.5195941792614,742.7485957814677,381.10464143603093,381.10464143603093,430.2098026062654,424.81463505275036,,608.6500153556277,531.4329936804344,732.4341536977051,530.7157410315085,709.5287189826433,554.0348536763954,357.0406775298902,479.9268948520843,479.9268948520843,465.8265660924073,603.1633006151982,375.8719442179851,376.8952598957203,478.2425004410647,788.1070195821032,368.49370935690996,450.54428656951376,,,512.8064844321559,438.98720083215454,638.7586165604888,417.98998691469603,645.9367259048763,,469.4665722119183,469.4665722119183,428.1549286252684,556.1783078597952,471.0670578019639,477.6270921004039,477.6270921004039,715.7483357107137,743.7055055087707,,617.7913953268577,550.9717204035368,401.46650460898724,631.9574658300742,691.621878114502,625.5038963478831,731.410393378392,725.9291223600912,680.9136631423531,738.490691602967,498.47258901277405,731.5053811687956,405.62930688777044,565.2424427578528,327.7044991140548,443.4869115823295,385.9043661540008,743.8524282324702,519.341190407367,634.5408352910868,624.9457760180468,722.2990208922809,597.6210442715118,,441.87908334982933,361.07742984389654,349.3359793871399,408.55182932197494,429.65391914911316,433.09493099089104,431.20751853867665,,612.7913697334861,305.6160202061835,379.94711532951885,468.3871886599665,435.4554501816642,478.043013114976,,,731.3648295052486,571.0776298513447,557.9837892096419,740.8699162631997,434.62160736522407,486.90045740261047,457.90046120520043,391.06910643600924,421.54539410176113,501.25394743298295,429.233677911021,465.1809967201892
v_7.7h,481.49695203128095,,,606.3868917661449,742.7485957814677,381.104664836981,381.104664836981,430.2098026062654,424.83070681302894,,609.4209878294988,533.6016498801077,732.434153703593,530.723125728954,709.552860872021,556.7631763555429,358.2065556587465,481.3807464689221,481.3807464689221,465.8733584197571,603.1749157142807,376.7154437566095,377.6856523320119,477.8227070928875,791.3481034783503,368.4907387285284,451.8381886313724,,,512.8069901084498,440.19379020955455,639.6776112269994,418.0175672069076,645.9367259048765,,468.9336294397671,468.9336294397671,429.55642612976334,559.1849958544665,469.32370908838567,479.6551775204662,479.6551775204662,715.7483369924906,743.7055055087707,,620.6341517573288,553.2357882868746,401.54262265779687,631.9574658300742,691.637850574355,627.9511383221093,731.4988221948365,726.4222395125247,680.9316145235853,738.490691602967,498.47193458750735,731.5053811688024,405.762605092015,563.607752750253,327.0051755468263,443.48691176855027,386.8287861944129,743.8524282324702,519.3202207319025,634.5408352910868,628.0866072525085,722.6550750497701,597.623005381452,,442.0947964306244,361.0774405687932,349.1880064983008,409.681991994857,431.09063428979744,434.47342722292643,432.6280664459787,,612.8002570330202,305.6160167189259,381.02520507394604,470.35656542568796,436.0061538857536,479.7685632529175,,,731.3648295052486,574.0440402451577,559.0308537579317,740.8767576092746,436.8766437585585,489.10401535556474,460.6730197459712,391.0741755270419,422.04186239828584,503.2415444492279,430.0339674109836,467.0155527759209
v_7.8h,483.17402359817027,,,610.3164593784093,742.7485957814677,372.00659735833085,372.00659735833085,429.3917640279603,427.96605541518,,610.2261240686167,535.8372560815279,732.4341537096493,530.7305842714201,710.2404757466937,559.4004534900049,358.17440255478436,482.7616142484969,482.7616142484969,465.9207752066901,603.3321928293174,377.5555440045183,377.6740950153533,480.1527591273315,794.2261257007717,368.50206825185984,453.12775775379254,,,512.8074979335632,441.37853999383896,638.9030636969246,419.59112684021835,645.9367259048768,,468.3674764078776,468.3674764078776,431.0111773385898,562.1070100985019,536.2983426901197,479.6739984835253,479.6739984835253,715.7483383167335,743.7055055087707,,623.2112220133166,555.6343885464354,402.75180812642725,629.6328086651623,691.6559882186929,630.3711086794776,731.5748829615688,726.9287389300516,680.9316145235853,738.490691602967,498.47127345741774,731.5053811688024,405.89555235581554,561.9925113740875,327.00517555028256,443.4869119588788,387.7729959343102,743.8524282324702,519.2974480522875,634.5408352910868,630.9216875136261,722.6550750497701,597.623005381452,,442.30925023030125,361.0774514356486,349.1880064983008,410.7922706867258,432.4794510194306,435.77190086405625,434.0086854278806,,612.8090242426417,305.6160131767563,382.0830795729103,472.30301096987546,436.0061538857536,479.7685632529175,,,731.3648295052486,576.9460377370499,562.2813646364067,740.8838567187934,439.0795400756854,491.3163075492597,462.04766337556515,391.07947565708406,422.5520057702434,505.2395778346384,430.0339674109836,468.8494891349653
v_7.9h,484.9059381252476,,,614.2117154545285,742.7485957814677,369.2130998054354,369.2130998054354,431.6715543900582,431.18302816951496,,610.9636775078263,537.9782285591083,732.4341537156292,530.7381167304335,710.828801821891,562.2492220976947,359.34572292731406,482.78316021324696,482.78316021324696,465.96882474679865,603.4780706512014,378.38513718136346,378.4611141430687,482.3847516629413,797.0861367866921,368.51328035817824,454.3769676898299,,,512.8080080234746,442.6094397302112,639.8232965674997,421.1190089927157,645.9367259048768,,468.3674764078776,468.3674764078776,432.37463037255054,561.9917569402855,595.7619117298694,481.77658917708817,481.77658917708817,715.7483397260838,743.7055055087708,,625.9752865379177,557.8784672271664,402.8272287336136,629.8895478042497,691.6862808696536,630.3711086794776,731.652253945014,727.2951867625269,680.9486798084282,738.490691602967,498.47095736688254,731.5053811688082,406.02813592968187,560.3761727071949,327.00517555416735,443.4869121534117,388.70397779815136,743.8524282324702,519.2728369940576,634.5408352910868,634.0554784822414,723.0734642435767,597.6249643065024,,442.5224272233618,361.0774624432457,348.671302613417,411.9300577036834,435.28915184065085,437.13635552746365,435.4310139702855,,612.8176755983418,305.6160095796398,383.1512753513939,472.30301096987546,435.76525840138714,481.46795023062043,,,731.3648295052486,577.0241852863885,565.4690007980574,740.8912202658066,441.31561217192905,493.4912099100382,463.4158570476513,391.0848460857931,423.0629977995414,507.1745632474724,430.71721232711815,470.71936265621383
v_8.0h,486.61702764642797,,,618.0496161878331,742.7485957814677,370.5754214992251,370.5754214992251,433.88140525471874,428.0063241714062,,611.6526662421927,540.2128414940219,732.4341537220441,530.7457231833357,713.2831653009509,564.9647126415005,360.5023320539822,484.12343636951755,484.12343636951755,466.01748853327234,603.6136072220576,379.21066076099413,379.23744468689273,484.63553098712356,800.6145737777815,368.5105481070119,455.69504767493487,,,512.8085204929803,443.78228702892295,640.741497148087,422.61917379351013,645.9367259048771,,468.29264113058707,468.29264113058707,433.79363681945995,565.076672179899,595.7619117298694,483.7620983271865,483.7620983271865,715.7483412031955,743.7055055087708,,631.2886253283378,560.2997555469185,402.8272287336136,629.8895478042497,691.7164747804799,629.4478244343334,731.7152673090756,727.8041473780415,680.9510101618434,738.490691602967,498.47028479480923,731.5053811688152,406.1603423882894,558.7706632237131,327.0051755585068,443.4869123522471,389.6186580609783,743.8524282324702,519.2463493000026,634.5408352910868,636.9127621373186,722.990361413519,597.626920872634,,443.5096520607943,361.07747359011483,350.9351180146766,413.01977703912655,436.7185479165023,438.4413873643915,436.7785463434386,,612.8262151858419,305.61600592757895,384.20506324728046,474.1568034769872,436.31595619463405,481.4691895598303,,,731.3648295052486,580.0254200107402,568.5719176544694,740.8988549259196,441.31561217192905,495.67903865666943,464.7643268801085,391.0906025364997,423.58198181345745,507.1745632474724,430.36735963655116,472.50086365825354
v_8.1h,488.30379018819207,,,621.7502286192091,742.7485957814677,372.0066556035435,372.0066556035435,433.88140525471874,431.17925700404305,,612.462864024505,542.3078720496809,732.4341537286439,530.7534036737309,716.0711860949501,567.6507568807295,361.67873189545855,485.5863597669416,485.5863597669416,466.066831838177,603.7397804443743,380.04959449401196,380.0329759920866,484.63553098712356,803.7501788075341,368.5219369156618,456.9338038569107,,,512.8090354559081,444.98320085474046,641.6575631031651,424.15445955478685,645.9367259048773,,467.75924498757666,467.75924498757666,435.1586036261931,568.0354702070416,612.7842847467286,483.7620983271865,483.7620983271865,715.7483427509125,743.7055055087709,,633.9980555229337,562.5258334076123,402.90298137871775,629.9118318431357,691.7465671290345,631.8703780210254,731.7801225154095,728.3222939713777,680.967343109071,738.490691602967,498.4696067384766,731.5053811688152,406.2921576631481,558.7706632237131,327.0051755633273,443.4869125142256,390.5563593571261,743.8524282324702,519.217943738028,634.5408352910868,639.9934107545321,723.4472085643569,597.6288748929121,,443.7118308939213,361.07748487452415,348.52196666674627,414.16819111646424,438.0825937318627,439.7488630356403,436.7785463434386,,612.8346469492417,305.6160022206188,385.2656948803467,476.116093443135,437.3947611682353,483.20303341968463,,,731.3648295052486,582.8528886107376,571.618315603781,740.9067673659617,441.134093806543,497.88667601452136,466.1300442220102,391.0906025364997,424.1084973325006,509.17508361142126,431.05292353271614,474.3830388611563
v_8.2h,490.0144277657946,,,625.5666909237898,742.7485957814677,370.58640033343045,370.58640033343045,432.96019168288285,434.2848490945761,,613.2951575164087,544.5437062008833,732.4341537354339,530.7611582390629,718.7503441213021,570.4724433435981,361.67873189545855,486.9997765454638,486.9997765454638,466.11683233737034,603.8574306505425,380.8779435359381,380.8205529963754,484.2685416389911,806.5824440645395,368.53322143143345,458.22297638651867,,,512.8095530253138,446.18434019234235,642.5714022050395,425.6753919960517,645.9367259048776,,467.2391034817492,467.2391034817492,436.5855082604898,570.8796793397078,629.1636236387465,483.80069861338234,483.80069861338234,722.9730049396753,743.7055055087709,,636.5320258787372,564.9570471500687,401.898398216732,630.1651892480486,691.7765558793924,634.214397939616,731.8401213311088,728.8415765783699,680.9828939608428,738.490691602967,498.4689233503189,731.5053811688209,406.42356707569667,557.1903408718697,327.0051755633273,443.4869127223055,391.47867196178584,743.8524282324702,519.1875760017381,634.5408352910868,642.8612393618911,723.8707682038414,597.6308261846292,,443.9126347914518,361.07748487452415,350.7697542508084,415.2682181194821,439.5148770784615,441.0481830886726,438.21842242661444,,612.8429746990025,305.615998458846,386.31339978508043,475.7243917667081,437.9405019511918,484.8512079542727,,,731.3648295052486,585.9896548069656,574.9167661359927,740.9149642332222,443.30952039870766,500.0177914826524,467.44865603916577,391.09716437882923,424.1084973325006,508.87209777239184,431.74472440521714,476.1529084792361
v_8.3h,491.71154188554107,,,629.5422404178297,742.7485957814677,371.94454517486776,371.94454517486776,435.18882926068744,434.2848490945761,,614.0718699889278,546.5778700129094,732.4341537424201,530.7689869033883,721.3285685116849,573.12692426674,361.63658767161013,488.3245270700756,488.3245270700756,466.16749840120536,604.0087548399605,381.6955977773897,381.59858320212436,486.4255073022841,810.0726895480391,368.5307095604676,459.5169449193378,,,512.8105964330312,447.3301326549384,643.4829327924052,427.20256108422905,645.936725904878,,466.6860541038821,466.6860541038821,437.9545192364041,573.9660395153157,632.0424821423518,485.84922487555076,485.84922487555076,715.7483443482427,743.7055055087709,,639.3545518224088,567.1771119160132,401.97625396287094,627.5562077993078,691.7765558793924,636.6086474880449,731.8946187236891,729.3576277144252,680.9698400271585,738.490691602967,498.46823478929474,731.5053811688281,406.5556004195745,556.1395434893545,327.00517556865765,443.4869129349896,392.38470698744936,743.8524282324702,519.1551986034791,634.5408352910868,645.9626952893993,724.3081474198478,597.6327745675114,,444.1120491026052,361.0774962944571,352.9932102582193,416.39390150266104,440.86916283481486,442.35122742134956,439.5714789959607,,612.8512021193388,305.61599464239293,387.3688126678088,477.6341936675131,437.9405019511918,486.5311782345969,,,731.3648295052486,588.9406483589504,578.0855888365095,740.9234521442532,445.5326287272494,502.22405589547003,468.8543943128009,391.1039736724393,424.6368502415361,510.7675682729499,432.4423179103259,479.81383948991424
v_8.4h,491.71154188554107,,,633.3898545407918,742.7485957814677,373.29418057150065,373.29418057150065,437.5054888262882,434.30412109936515,,614.7840874783093,548.8343254611983,732.4341537496089,530.7768896769759,724.1847996970736,575.9287913172737,362.7860012603954,489.78022918589306,489.78022918589306,466.21883841796466,604.1638799037378,382.5206065290753,381.59858320212436,488.6817651560473,813.5223313254529,368.5421624365103,460.74163843648023,,,512.8111224952191,448.53974701210143,644.3920843073336,428.71963859949926,645.9367259048782,,467.1652460272853,467.1652460272853,439.3786755527014,576.8989682862657,633.0064438730935,487.84814584667663,487.84814584667663,715.7483460463621,743.7055055087709,,641.8309417329278,569.6434125429366,402.05418273819544,627.8088612460779,691.8064380424237,636.6086474880449,731.9448546679563,729.8718511271005,680.9854784272703,738.490691602967,498.4675412209758,731.5053811688352,406.70208696490954,554.5674449962653,327.7044991402358,443.48691315238517,393.31359426726027,743.8524282324702,519.1131110508345,634.5408352910868,648.7786637769323,724.7364632876374,597.6347198304851,,444.31005975729454,361.07750545001846,350.2637914557292,417.507554706419,442.29820032578255,443.68215961629824,439.6146008041872,,612.8593327750739,305.61599077143933,388.40808224180824,479.5139956455135,437.6640384391942,488.2404077096024,,,731.3648295052486,591.8806923007173,578.0855888365095,740.9322376732616,447.72480535281716,504.38180344125516,470.171067503239,391.11087340000256,424.8966847052679,512.7340276323368,433.144970974688,481.61265165503437
v_8.5h,491.89209101648294,,,637.1036941551984,742.7485957814677,371.93891504119773,371.93891504119773,434.2948609757112,437.39347973411935,,614.8808182727947,550.910396075991,732.4341537570056,530.7848665563539,726.8048206468095,578.6877800843107,363.95638081177367,491.1825879729079,491.1825879729079,466.2708608008681,604.3087735110394,383.34861790698517,381.5912931237296,488.6817651560473,816.6027067994545,368.55353069940907,462.07364151467544,,,512.8116516119622,449.71775369428696,645.2987979292383,430.1878989672187,645.9367259048785,,466.6057536915937,466.6057536915937,440.72500020272696,579.7484578471207,633.0064438730935,489.9079476574729,489.9079476574729,715.7483478242505,743.705505508771,,644.6358211486095,571.8417142812766,402.13216270608615,627.8088612460779,691.8362132240983,635.7250428573817,731.9943597068223,730.3855739554064,681.0003794542919,738.490691602967,498.4668428176317,731.5053811688341,406.8480456000155,552.9930209391057,327.7044991456518,443.4869133745988,394.2283931518859,743.8524282324702,519.0764802850074,634.5408352910868,651.8883948455384,725.1308554433374,597.6366618560855,,444.50665328538554,361.07751714185434,352.48993140509225,418.6039792106925,443.6602857158255,444.94710130295834,440.97043643625875,,612.8673701180128,305.61598684621464,389.4606425859278,481.4234530853655,438.209059524818,489.8658721726742,,,731.3648295052486,594.9627151901891,578.031835016342,740.9413273400954,449.92355569297575,506.4910954080269,471.4878082421394,391.1178653621276,425.44689623709206,514.6356583992336,433.85242692382485,483.40550133501046
v_8.6h,493.5456334203165,,,640.9260685494365,742.7485957814677,373.2823377665659,373.2823377665659,436.61891332709314,440.51626016070725,,615.6621606100988,553.060477652468,732.4341537646172,530.7929175241204,729.4989585806326,581.3491772986617,365.1104347532401,492.48940535032585,492.48940535032585,466.32357399447585,604.1853493494355,384.1659415191414,382.3687079936052,488.2718666539431,819.4708543786286,368.5512220675001,463.3560637966473,,,512.812183895052,450.8427896910975,646.203027333549,431.7163465889861,645.9367259048787,,466.01101593681045,466.01101593681045,442.10780733212647,582.8241741600074,633.0064355032654,487.87365222760565,487.87365222760565,715.748349685179,743.705505508771,,647.2419689703912,574.2733539926719,403.3301257404407,627.8089761405244,691.865878356963,638.000143948636,732.0413816109593,730.8955051563007,681.0145901332754,738.490691602967,498.466139758316,731.5053811688416,406.83482824220704,551.4366785474657,327.70449915157525,443.48691360174155,395.12701184224437,743.8524282324702,519.0416632815786,634.5408352910868,654.6848690789241,725.5478568308223,597.6386004283542,,444.7018168374834,361.0775289611197,350.09709251351757,419.734408543629,445.06658017454214,446.29957891398897,442.3570208021476,,612.8753174928825,305.61597883412423,390.4887276498041,483.23895754825935,438.7573421881548,491.6086405295264,,,731.3648295052486,597.8138723556946,581.1666486694058,740.9503122006857,452.0970486029998,508.69042612624264,472.87678102386604,391.1249517734822,425.9849576046792,516.5564863473386,432.7806742888502,485.20987175676004
v_8.7h,495.29379549379894,,,644.8674647213712,742.7485957814677,374.64074192200667,374.64074192200667,438.9712366010211,437.424020528815,,616.5451630198227,552.8971154488094,732.4341537724499,530.8010425489136,732.2262125530234,584.193514406096,366.2561129343279,493.941923008862,493.941923008862,466.37698648066464,604.331553840392,384.97253107164113,383.1420443220107,490.45579723225273,826.7299347031961,368.5627569004641,464.6186705060783,,,512.8127194564839,452.0523218161194,647.1047396208294,430.26141521919715,645.9367259048787,,465.4902282660312,465.4902282660312,443.4623464709787,585.7306172391163,633.0064248503751,489.895961670969,489.895961670969,722.973008095833,743.7055055087711,,649.8423320062972,576.4990861860059,403.40611423399525,628.0745836750681,691.8954313412597,640.3937346196207,732.0804157443507,731.3925204980604,681.0031089347018,738.490691602967,498.46579626808995,731.5053811688495,406.98080881239974,549.8956419852288,327.7044991580347,443.48691383392395,396.04426838502155,743.8524282324702,519.0107683285137,634.5408352910868,657.796529355275,726.0023145846178,597.6405353688542,,444.8955382077607,361.0775409044971,352.3059496865066,420.8185699570739,446.44077600919786,447.56511931201504,443.7333124385251,,612.8831781428834,305.615974747983,391.54083084677063,485.1081843415266,439.7464452540124,491.61989375835606,,,731.3648295052486,600.9053719075742,584.4196144972327,740.9503122006857,449.7610375802893,510.7748274335161,474.1729485155545,391.1321353185087,426.5516861623961,518.453777759135,433.4983657308496,486.9855810588068
v_8.8h,496.91181276182243,,,644.8096035929076,742.7485957814677,375.9900468927041,375.9900468927041,441.219060734147,440.5053038276187,,617.368746888187,555.1527995924449,732.4341537805107,530.8092415853132,732.6383639136503,586.7895002521127,367.41503359546584,495.32987987269314,495.32987987269314,466.4311067843133,604.4683196559783,385.7950071073616,383.9341195252414,492.60518425016045,829.7996422884357,368.572104168539,465.92964697285726,,,512.8132584085955,453.21350264445556,648.0039165015496,431.769825162412,645.936725904879,,465.9280983380049,465.9280983380049,444.82709084887375,588.6427217231028,633.006412570791,491.85439515070806,491.85439515070806,722.973008983138,743.7055055087711,,652.5799850964702,578.9067129716767,403.4820538214585,625.4416396889276,691.9248701678891,642.7269758249588,732.1211010854843,731.9052241502138,681.0173936134059,738.490691602967,498.46579626808995,731.5053811688482,407.1262019069889,548.3510086652116,327.7044991650593,443.48691407126097,396.95282802165144,743.8524282324702,518.9781344436971,634.5408352910868,658.0067836196224,726.4229843912242,597.6424664996478,,445.08780585967236,361.07755296829555,354.499968391894,421.94493517835093,447.81716696544095,448.86161419229416,445.1284866152989,,612.8909552148947,305.6159718176559,391.51102818778196,486.94031743226736,439.01151241002134,491.61989375835606,,,731.3648295052486,603.8541401803176,587.5506597926675,740.9600298201203,451.91201769788813,512.9907059718204,475.51050521440663,391.132029709025,427.10030341218516,520.3129141417812,434.22029042257,486.7932090654717
v_8.9h,498.68421939156957,,,648.415901956188,742.7485957814677,375.98130859621966,375.98130859621966,438.0984159854201,443.6501561591329,,618.1542445389439,555.1527995924449,732.4341537888064,530.8175145738238,732.6383639136503,589.6900288486802,366.22079192803744,496.61835230669766,496.61835230669766,466.4859194373344,604.5964773975925,386.61303693296213,384.7165088796693,494.7206667960913,832.9514457005464,368.572104168539,467.18554014120156,,,512.8138008641982,454.32376200606353,648.9005559176343,433.234972030397,645.9367259048796,,465.41111930361785,465.41111930361785,446.2003658945186,591.6366180808084,633.0063984311992,493.8921949489397,493.8921949489397,715.7483536420834,743.7055055087711,,655.0169437353725,581.1902202517166,403.55792495990863,625.7213977667398,691.954192755457,641.7645700908046,732.1565844678962,732.4161387932718,681.0310274646095,738.490691602967,498.46508576320036,731.5053811688558,407.27098878779503,546.8304540665242,327.70449917267985,443.48691431386897,397.8453597447272,743.8524282324702,518.9437086491542,634.5408352910868,658.0067836196224,726.3444198135803,597.6443936417875,,445.9593263491715,361.0775651484255,351.8128820506948,422.02561998269135,449.2079478951168,450.1625226541977,446.44910833393567,,612.8986517644082,305.61596762815327,391.51102818778196,488.7627077518636,439.01151241002134,493.28421588680413,,,731.3648295052486,606.8162617018642,590.5921254277185,740.9700706835739,454.10991274969746,515.0870749628034,476.88678534437355,391.13932062463675,427.683958005045,522.2277612912538,434.94617932532157,488.62816086017125
v_9.0h,500.30282375057624,,,652.4082450756288,742.7485957814677,375.98130859621966,375.98130859621966,440.35453660795,440.5514285027374,,618.9177992832863,557.1785597083582,732.4341537973445,530.8258614408434,735.13122973168,592.3699993596418,367.3659156301172,498.0403287427465,498.0403287427465,466.54148072928217,604.7167825948674,387.42040162236526,385.48916983793725,492.2195674860611,836.812010811909,368.5837377243947,468.46061740164635,,,512.8143467961048,455.522795664097,649.7946745462289,434.7916955095502,645.9367259048797,,464.86091542097216,464.86091542097216,447.5416388532851,594.3945528060439,633.0063998568054,495.80446891809964,495.80446891809964,715.7483557709318,743.7055055087711,,657.8267449135245,583.5689197935159,402.5666325363674,628.3764638618932,691.9833970882331,641.7645700908046,732.192970369088,733.0177599922192,681.044051873941,738.490691602967,498.4643711683816,731.5053811688636,407.4151502714841,545.3175078184695,327.70449918092913,443.48691456186504,398.74760329166867,743.8524282324702,518.9074347571044,634.5408352910868,660.8623607407893,726.7238021693729,597.6463166172222,,446.1397397078535,361.07757744037934,354.01061211389015,423.1528725027466,450.5460576187718,451.41544146749493,447.84079498225486,,612.906270395918,305.6159632853864,392.541703732209,490.60276237287025,439.5619537931258,494.9764200794019,,,731.3648295052486,609.8704640554436,593.8939642069402,740.9804409656119,456.2639943872603,517.2209239515536,478.15427668883854,391.14671098971576,428.24718337483876,524.0972896624371,435.6807530312877,490.3718281061733
v_9.1h,502.075082439238,,,652.4082450756288,742.7485957814677,377.3091242114488,377.3091242114488,442.69968458122077,443.6295069844871,,619.8524066832988,559.3326701844633,732.4341538061315,530.834282098679,737.8628338599408,595.1562394417714,368.5095720750431,499.4437397258071,499.4437397258071,466.59777571830597,604.829922511941,388.21710660384286,386.25777499098734,494.37793549663786,840.2707652981937,368.59337343560804,469.77014690649855,,,512.8148961824726,456.6749953345376,651.5877274489307,436.23418576434574,645.9367259048802,,464.7736578919717,464.7736578919717,448.93019921157907,597.5126179808772,633.0063837749924,493.88477058311975,493.88477058311975,722.9730118781512,743.7055055087711,,660.4088638916919,585.8639925933314,402.5666325363674,625.7501688124423,692.0124811601856,644.1363494378683,732.225309271469,734.2224764567255,681.0339567904646,738.490691602967,498.4636526904353,731.5053811688626,407.56034434155197,544.2560896243604,327.0051756338613,443.48691481537,399.6512866849695,743.8524282324702,518.8289130085474,634.5408352910868,663.8847212093661,726.7238021693729,597.6482352488191,,446.31847966166487,361.0775898392061,353.80882456505935,423.1528725027466,451.95806549197147,452.7491424928117,449.18194101906033,,612.913813676813,305.61595867998614,393.5728065604801,492.3845881315465,440.5085521270454,496.6118534750139,,,731.3648295052486,612.6958791453523,597.0370509662354,740.9911467208136,458.43964411176916,519.3475528327409,479.50847947365975,391.15420229562176,428.84443798915504,523.8434071215873,436.4226466269297,492.1715725338178
v_9.2h,503.6981550887781,,,656.2606960434503,742.7485957814677,378.6553395972686,378.6553395972686,441.84052511184143,446.72271678999647,,620.7356736704237,561.440767453132,732.4341538149705,530.8427764455591,740.2825082189516,597.8980441628065,369.65899012067905,500.73736395820686,500.73736395820686,466.6548131571122,604.9365223478416,389.03428457927254,386.2624558205621,496.4262970402449,843.3960177156205,368.59337343560804,471.02606326277527,,,512.8154491503026,457.7813510435003,652.476973411417,437.74541046590974,645.9367259048802,,464.7736578919717,464.7736578919717,450.25028751182833,600.3569500791849,633.0063653095693,495.8556501229702,495.8556501229702,722.9730118781512,743.7055055087711,,662.9218605078937,588.1871364188851,402.6445773469746,626.0540626826465,692.0414427816276,646.4399052984264,732.2713186286812,734.8330855752789,681.0470434345559,738.490691602967,498.4629305433451,731.5053811688707,407.7200787081061,543.4032077170698,327.00517564527127,443.4869150745056,400.539133714696,743.8524282324702,518.7861487475766,634.5408352910868,666.7833329530417,727.0467424541417,597.6501493600509,,446.495381684725,361.07760233948693,353.80882456505935,424.2347812669575,453.297430596994,454.00977494896097,450.5654244777261,,612.9212844983933,305.61595380074056,394.60626125581956,494.17555558995053,441.05124735387284,498.2999365723653,,,731.3648295052486,615.869918297579,600.0806259158093,741.0021938696691,458.23886641103894,521.4405950728079,480.8569015958566,391.16179598204417,429.4239292784357,525.6439284747998,437.16705741586526,493.9478469313998
v_9.3h,503.9053269440013,,,659.8553263182671,742.7485957814677,379.9931348581724,379.9931348581724,441.84052511184143,446.71390428361667,,621.5497100509925,563.4204008229931,732.4341538242836,530.8513443654283,743.0414065600478,600.6083326497056,370.78475927345573,502.096956835158,502.096956835158,466.7125965556814,605.037150881585,389.84354982071306,386.2624558205621,498.581954458744,846.5927718731015,368.60512142451057,472.3264280832731,,,512.8160058276429,458.96764616878374,653.3604360842858,439.19958794173476,645.9367259048806,,464.1809614078996,464.1809614078996,451.6108757173284,603.3092394941458,633.0063441779425,497.8125990824293,497.8125990824293,722.9730129321335,743.7055055087711,,665.6911879023705,590.5496615624917,402.72243435383564,623.736486067082,692.0702804068312,648.6831990969459,732.3389727909778,735.4186849897595,681.0595555428102,738.490691602967,498.46220494834625,731.5053811688787,407.879032103687,542.3180653462668,327.00517565754944,443.48691533939666,401.4225099247082,743.8524282324702,518.740872461837,634.5408352910868,669.6682590535314,727.4094263294055,597.652058362242,,446.67043072430624,361.07761493530967,355.9679880528485,425.3525385764816,454.6862528617204,455.2953875347591,451.87026137094676,,612.9286856743512,305.6159486360163,395.61921961560415,495.99969106594403,440.71370133987233,499.9449503042737,,,731.3648295052486,618.6572927839026,603.3879993070203,741.0135881842087,460.3569507820429,523.567840930302,482.1218500758133,391.169417127555,430.0336106845221,525.6439284747998,436.8259112124061,495.6982859565158
v_9.4h,505.57833561015184,,,663.7565350515117,742.7485957814677,379.97843612953045,379.97843612953045,444.1919985535866,446.71390428361667,,622.3168014284784,565.6299480662551,732.4341538338696,530.8599857266823,745.6231054036193,600.6276988242904,370.75001293794827,503.4863730406596,503.4863730406596,466.77114610712954,605.0653851125287,390.64226236959854,387.0334785188958,498.2237211005993,850.5698367235893,368.6157427764964,473.63476008251763,,,512.816566343718,460.1254815287806,654.2380056076747,440.6941700527322,645.9367259048806,,463.6084114551103,463.6084114551103,452.9463023537762,606.2450372576046,633.0063223580738,499.775099059867,499.775099059867,722.9730140303761,743.7055055087711,,668.1731650985554,592.7726288747061,403.9057117187835,623.736486067082,692.0989918930903,647.8362123378084,732.3919406960204,736.0277872843969,681.071529528883,738.490691602967,498.46147613400115,731.5053811688863,408.0371817313301,541.4869568315897,327.0051756707405,443.48691557169417,402.32320912106724,743.8524282324702,518.6929903492246,634.5408352910868,672.6692589511357,727.7441888700788,597.6539622768753,,445.8672810664763,361.0776276202391,353.3310160194523,426.45793564797816,456.05114263900106,456.60223139452955,453.2587909920836,,612.9432899787678,305.6159431737459,396.6579144511583,497.74250710058374,440.71370133987233,501.644096917332,,,731.3648295052486,621.8036488048435,606.4664081735275,741.0253352733823,460.3569507820429,525.63707815746,483.4729307561585,391.1772260177899,430.628886505237,527.5497754564503,437.57205285683006,497.5058782191283
v_9.5h,507.29420546597737,,,667.6119880413526,742.7485957814677,379.97843612953045,379.97843612953045,446.5423410282541,449.8185497666121,,623.2752058707523,567.6326917059579,732.4341538437368,530.8687007766404,748.1573126424976,603.2505508197315,371.88779299688775,504.8145207789478,504.8145207789478,466.83046468546877,605.1612628311728,391.4304687310464,387.8218954972012,498.2237211005993,854.1415808898688,368.6157427764964,474.87617973213463,,,512.8171287836677,461.23827907656784,655.1095702138566,442.19221913762254,645.9367259048809,,463.5222019985374,463.5222019985374,454.2811960667489,609.0944307424429,633.0063223580738,499.8052203979021,499.8052203979021,722.9730151745631,743.7055055087711,,670.8090161988237,595.224840570803,403.9810592137598,626.4285801658127,692.0989918930903,647.8362123378084,732.4484969409309,736.6200680640856,681.0746732915076,738.490691602967,498.4607443362661,731.5053811688863,408.19433987300573,540.7120076207553,327.0051756848905,443.4869158487688,403.2085897986765,743.8524282324702,518.6424024880392,634.5408352910868,675.3903436350661,728.1389679571762,597.6558600059633,,446.0463179932107,361.0776403872925,355.49510654582195,427.5262466927954,457.38637972942223,457.8407862483684,453.24488984692505,,612.9504983798454,305.61593740141365,397.65338467338444,499.5562992776001,441.2544199450222,501.61029419687236,,,731.3648295052486,624.6819749828197,609.6191734616963,741.0374405682186,462.5279937481741,527.7865815411627,484.82335110509985,391.1772260177899,431.2516968680038,529.3681090225829,437.57205285683006,499.1804683997168
v_9.6h,507.29420546597737,,,671.1490756716058,742.7485957814677,381.29616107400705,381.29616107400705,445.7168909202834,449.8114776021431,,624.1863550282031,569.7387219638847,732.4341538538763,530.8774896725183,751.3431702343643,606.1388546300426,371.88779299688775,506.0971126713193,506.0971126713193,466.8906093482877,605.2835105124832,392.2387641581493,388.6005479641177,500.32280713217995,857.3941451404642,368.62957024039116,476.1748055835607,,,512.8176975000146,462.4028329210183,655.9750157655784,443.6441036615011,645.9367259048814,,462.969507510831,462.969507510831,455.63519264540173,612.1162613942467,633.0062950892176,499.8052203979021,499.8052203979021,722.9730163497869,743.7055055087711,,673.4702977375048,597.4092722999043,404.05623205979873,623.8015202962275,692.1275752971064,650.0746244367507,732.5009129655775,737.1992504965303,681.0746732915076,738.490691602967,498.46038544840087,731.5053811688948,408.3503299862139,539.9904557807095,327.70449924591816,443.48691613237366,403.09151557040497,743.8524282324702,518.5890025153365,634.5408352910868,678.4980396553818,728.4560790246782,597.6577516083272,,446.8377493439287,361.0776532584873,355.27440669498645,428.6582661498556,458.78182456589,459.13407164793693,454.6375762443843,,612.9576476872169,305.6159313060361,398.69507909691185,499.16996779563704,441.79792733985283,503.3217270417854,,,731.3648295052486,627.74929454123,612.8695237623467,741.0499221703643,464.6443212835892,529.8356438318802,486.0788299849579,391.1851408119468,431.54110905997464,531.1999781639147,438.3204518838351,501.00996173758983
v_9.700000000000001h,508.9094576407758,,,675.0948220242792,742.7485957814677,382.6351071467892,382.6351071467892,445.7168909202834,452.8920762680932,,625.0528333136808,571.8399550066252,732.4341538538763,530.8863520759858,751.8558510990406,608.7790719500815,373.01266110509187,507.49515818212177,507.49515818212177,466.95163278228796,605.4094104251982,393.04068457898376,389.3694509809959,502.3606398356816,860.3643170478255,368.64143433236984,477.4810208690138,,,512.818270442361,463.5716924391958,656.8342252711853,443.7078226493312,645.9367259048815,,462.969507510831,462.969507510831,456.9256604664212,614.8847413397683,633.0062640080207,501.7161144926781,501.7161144926781,722.9730175913312,743.7055055087711,,675.8576408174074,599.8699631011868,404.13121433720664,624.141722330578,692.1560287153566,652.2687739916628,732.5496119205061,737.8007395488677,681.0861585752069,738.490691602967,498.45964962156336,731.5053811689023,408.5051481775186,539.9904557807095,327.70449925938095,443.4869164230651,403.97668393868884,743.8524282324702,518.5326772829494,634.5408352910868,681.1959878972862,728.8087326281558,597.6596371439575,,447.00396031891876,361.07766625802316,355.27440669498645,429.74504693503417,460.1080104758,460.4102334553846,455.915133913643,,612.9647403798637,305.6159248741494,399.69912602162043,500.9428880146087,442.63750864283907,504.9074841351947,,,731.3648295052486,630.6772645925247,615.8325306256446,741.0627989659336,466.75545371234443,531.9652791330712,487.4263132831446,391.1931628143179,432.15300366350243,533.0584384413852,439.07386814561494,502.71891106135786
v_9.8h,510.6568168277885,,,678.8645749353777,742.7485957814677,382.6251368827906,382.6251368827906,448.00016495629234,452.8920762680932,,625.8814889684347,573.7734850958491,732.4341538642792,530.8952876291593,754.8105398382176,611.6335749071253,374.1536305429644,508.8462270399459,508.8462270399459,467.01353366219826,605.4094104251982,393.8322383048811,390.131617622757,502.0427849814479,864.533489711309,368.64143433236984,478.7284020448794,,,512.8188477464533,464.6960499190615,657.6870783720052,445.1414112192561,645.9367259048819,,462.3800078226234,462.3800078226234,458.3123962985139,617.9370353420053,633.0062319711443,503.6758489440148,503.6758489440148,722.9730175913312,743.7055055087711,,678.574732867199,602.1362224225255,403.1519724376596,624.2243584604572,692.1843502669217,651.4174709935895,732.5990199621924,738.3846892999383,681.0893451869338,738.490691602967,498.4589115500421,731.5053811689023,408.67238834350707,539.3195046986183,327.70449927336466,443.4869167210201,404.8467161804968,743.8524282324702,518.4733064898961,634.5408352910868,684.2331714918555,728.7235789968406,597.6615166707948,,447.1682650581136,361.0776770244527,357.39317795153835,430.8258003657976,461.48220853167174,461.63079958137774,457.2986596382348,,612.9717788793025,305.6159180917906,400.71686528323215,502.646149504019,441.9825894181904,504.9074841351947,,,731.3648295052486,633.691874548507,619.1836520072268,741.0760771021941,466.5905659978201,534.0074110831778,488.7668667242085,391.2012932877857,432.790613281026,534.8567758208691,439.829703639397,504.4800842248653
v_9.9h,512.2771686772929,,,682.3882430364815,742.7485957814677,382.6251368827906,382.6251368827906,447.15820513412376,455.9069832468891,,626.726797196315,575.9422232583507,732.434153874953,530.9042959542662,758.0818274994858,614.2824617388192,375.26607006291516,510.15257479662256,510.15257479662256,467.01353366219826,605.528602316001,394.61350354570305,390.14670196857105,504.09253477057223,868.2880388554833,368.6534451016299,480.029637246893,,,512.8194295497691,465.82648083129254,658.5334507965563,446.6457350804112,645.9367259048821,,462.27429687452167,462.27429687452167,459.6254455047707,620.6349764179672,633.0061921623756,503.6894593922879,503.6894593922879,722.9730188842232,743.7055055087711,,681.1716074317017,604.43341821657,403.2290316541196,624.2243584604572,692.2125380915691,653.609282758613,732.6425767663893,738.9756763294231,681.1051691452681,738.490691602967,498.45817149983486,731.5053811689112,408.84229929721823,538.6966933572193,327.70449928788867,443.4869170264184,405.72745771178364,743.8524282324702,518.4107622897691,634.5408352910868,687.0597318715544,729.133354120829,597.6633902461485,,447.33065073220246,361.07769027112033,356.9382399136419,431.94079413167645,462.8431386284993,462.9425663579436,458.62134241137835,,612.978765552394,305.6159109444795,401.7322108701457,504.47610305924337,442.52648621812904,506.64431438733936,,,731.3648295052486,636.6270663441531,619.211686062444,741.0897625009273,468.70234443777315,533.8123130747239,490.02905667460766,391.20947841928256,433.4140867793589,536.6747907547559,439.5123016053982,506.2360798737486
v_10.0h,514.0275060694237,,,686.327438626748,742.7485957814677,383.9357074552495,383.9357074552495,449.5145240588428,455.9297117005787,,627.73294657133,577.9939282086583,732.4341538859047,530.9133766535704,761.5785086122179,617.1370816417633,375.2299553836014,511.4473366345238,511.4473366345238,467.07633880478545,605.6416558233093,395.40847676288826,390.91044308553705,504.09253477057223,871.7087992550156,368.667616968705,481.3460159037303,,,512.8200159916364,467.01195080601116,659.373213774914,448.07250871921394,645.9367259048828,,461.6602766893923,461.6602766893923,460.941232583438,623.7412080779196,633.0061921623756,505.58317470585973,505.58317470585973,722.9730202303876,743.7055055087711,,683.5000492878443,606.8185115438177,403.3058886948279,624.5854697418633,692.2405903574821,653.609282758613,732.6887599383905,739.5492959815473,681.1051691452681,738.490691602967,498.45817149983486,731.5053811689194,409.0108790181276,538.1195035923938,327.7044993029734,443.4869173394449,406.6123272996804,743.8524282324702,518.3449088716395,634.5408352910868,689.8390761908886,729.4652413659979,597.6652579266326,,447.4911048982557,361.07770362962947,356.9382399136419,433.01222479548596,464.14328211977283,464.2021126836108,459.98112893273117,,612.9857027140416,305.61590341720404,402.7205908475865,506.1515602116531,442.52648621812904,508.2183669433529,,,731.3648295052486,639.6420559126983,622.1591771347292,741.104931371646,470.79179636576976,535.8020828105543,491.3585729554224,391.21783404368745,434.06593203453275,536.361893089257,440.27021396327325,507.93434398428724
v_10.1h,515.6714823501004,,,689.8837737331272,742.7485957814677,385.2586114377425,385.2586114377425,449.5145240588428,455.9297117005787,,628.6908473628581,579.8878655100074,732.1052939742702,530.9225293093039,764.7830606207974,619.7866755557441,376.3553527020197,512.8254289778334,512.8254289778334,467.1399892327823,605.7490417196,396.20463324167173,391.6970854057102,506.1037053443139,874.8527766263874,368.667616968705,482.5839529513083,,,512.820607213355,468.15317718475734,660.2062334047552,449.58693960592075,645.9367259048828,,461.6602766893923,461.6602766893923,460.8472497796388,626.4389503895287,633.0061469678665,505.58317470585973,505.58317470585973,722.9730216132225,743.7055055087711,,686.2463767578668,608.9584785295845,403.38240382508894,622.3347961563618,692.2685001438371,655.7306394965498,732.7292995095123,740.1274563968096,681.1235442531788,738.490691602967,498.45742509262055,731.5053811689194,409.17812176606066,536.1733470621224,327.00517578673083,443.4869173394449,407.48230560217945,743.8524282324702,518.275602012906,634.5408352910868,692.7898121906943,729.8311904087552,597.6671197684997,,447.64961549653543,361.077717093498,356.697446098567,434.0987529236276,465.54458846461205,465.43973257015756,461.29612397332363,,612.9925926297673,305.6158954943988,403.74983167107285,507.8873915751422,443.3162226093892,509.95176031152374,,,731.3648295052486,642.5508725142356,625.5471802214631,741.1203215841072,470.79179636576976,537.9416101634614,492.7110340245063,391.21783404368745,434.69908113393245,538.1824669788717,441.02896693465317,509.7170899593679
v_10.200000000000001h,515.8368751105993,,,693.6117049301323,742.7485957814677,385.2522349737908,385.2522349737908,451.7959921726348,458.95123227087885,,629.5665983684806,582.1080069631877,732.1052940009441,530.9317534836018,764.7830606207974,622.6329062067805,377.47007673839454,514.1593406846392,514.1593406846392,467.2105789099436,605.8511953958964,396.9906565251171,392.4740135919864,505.80832081097236,878.5548644457917,368.6799632634798,483.8452076950974,,,512.8212033583113,469.25301647616675,661.032369957845,449.58693960592075,645.9367259048829,,461.1057650592324,461.1057650592324,462.1926492271626,629.5478076288855,633.0060957301998,507.5394704832452,507.5394704832452,722.9730230721724,743.7055055087711,,688.7998358094111,611.461633193412,404.5453202924028,622.3347961563618,692.2962618031415,654.9620886251106,732.7716214776117,740.7171999756916,681.1286538982265,738.490691602967,498.4566676891083,731.5053811689288,409.3440215586474,535.6214769949484,327.00517578673083,443.4869176602872,408.3375861259206,743.8524282324702,518.2026886024651,634.5408352910868,692.9560189562798,730.1655267314727,597.6689758270495,,447.8061708466609,361.0777306556801,356.697446098567,435.2015419797603,466.87865578435947,466.7458329436585,461.29612397332363,,612.9994375181819,305.61588715992553,403.7076908224528,509.6220810203789,442.6916318441345,509.94505363775,,,731.3648295052486,645.5737359312117,628.5770439312042,741.1367764222892,472.8587181093737,539.9506787817087,493.97638165362275,391.2263013253897,434.69908113393245,540.0067723754424,441.78832222794347,511.36909536624535
v_10.3h,517.4243045731406,,,693.6536888364082,742.7485957814677,386.5606296730725,386.5606296730725,450.97945071404564,458.9710404682914,,630.4078258489945,584.1170478989144,732.1052940283137,530.9410487184434,768.8237816150183,625.2309330767604,377.47007673839454,515.419804765561,515.419804765561,467.28942378231966,605.8897085289585,397.76664864703577,392.4740135919864,507.78818579420124,882.6188837953547,368.69430667940327,485.15071905209584,,,512.8218045721014,470.44306033487646,661.8514771111267,450.9818908661395,645.9367259048834,,460.99897590871063,460.99897590871063,463.53073201371194,632.202002350775,633.0060430200269,507.5318241871962,507.5318241871962,722.9730230721724,743.7055055087711,,688.6152637115429,613.7256106238287,404.5453202924028,622.4501778182971,692.3238755550811,657.0780035367584,732.8085449457703,741.2910176254197,681.1462673704291,738.490691602967,498.4558992008537,731.5053811689374,409.4997504250494,535.7856152736995,327.0051758060234,443.48691798913916,409.2203785466537,743.8524282324702,518.1282902246298,634.5408352910868,695.6947197434821,730.1655267314727,597.6708261570418,,447.96075964306976,361.0777443085365,358.59163948837397,435.2915769222957,468.20183831312846,467.9945076914436,462.57063842813784,,613.006239553354,305.61587839705635,404.72166324947415,511.2767595586509,443.23548476586814,511.6206951925868,,,731.3648295052486,648.4584920644588,631.8185474197028,741.1536681469113,474.9861621287727,542.0845509006567,495.24370803874166,391.23488141329403,435.36621222781486,541.7389389554587,441.78832222794347,513.1472015719311
v_10.4h,519.19955490023,,,697.0593430246252,742.7485957814677,386.5606296730725,386.5606296730725,453.24062098176165,461.99461911370645,,631.3599863919819,586.0236400612662,732.105294056399,530.9504145355927,772.4407768707274,628.1318068855882,378.5966086383005,516.7364002435622,516.7364002435622,467.36929244707585,605.9875913162467,398.5429067000389,393.2412544412652,507.78818579420124,886.2828365497409,368.69430667940327,486.40792200308715,,,512.8224110026449,472.729012656715,662.6634010782557,452.48701199911216,645.9367259048836,,460.39732785808815,460.39732785808815,464.7769251631364,635.3057069672976,633.0059780465414,509.45745825515417,509.45745825515417,722.9730245905581,743.7055055087711,,691.1328276703064,616.0214795100524,404.6183475809539,622.8448812977539,692.3513416842815,659.1910176869467,732.8457873341226,741.8665201559947,681.1462673704291,738.490691602967,498.4551195399317,731.5053811689469,409.67701355134744,535.303286923175,327.00517582605283,443.4869183261964,410.09186581596117,743.8524282324702,518.0675551197089,634.5408352910868,698.4191574867174,730.5125294180791,597.6726708094435,,448.11337094966274,361.07775804380276,358.3344700117686,436.3753957775716,469.5806295008681,469.23336378486766,463.96348493630484,,613.0130008670936,305.6158691884499,405.69574000254386,513.0376260150558,443.97328541002366,513.211018823671,,,731.3648295052486,651.5121837814871,634.9859197791108,741.1709998484415,474.7898698533557,544.1064577214004,496.6171666279189,391.2435321978533,436.0066106527829,543.56034762354,442.54804853545073,514.8622039596736
v_10.5h,520.8443049022218,,,700.8888733450847,742.7485957814677,387.8659129651201,387.8659129651201,453.24062098176165,461.99461911370645,,632.3814327943269,586.0968945733491,732.10529408522,530.9598504365363,776.4362317782295,630.6807983512165,378.53786358354387,519.3999479558291,519.3999479558291,467.45017958420067,606.0810443043947,399.33498527788703,393.9988557105633,509.8140032765539,889.6534396961137,368.70698945955274,487.6456614937413,,,512.8230228003041,473.8601512498202,663.4679796009303,453.8927593635153,645.9367259048838,,460.39732785808815,460.39732785808815,466.1276857080246,637.9627832957557,633.0059780465414,511.3167726784961,511.3167726784961,727.0946672062264,743.7055055087711,,693.3949809477182,618.4322858042291,404.69085326776906,622.8448812977539,692.3786604711876,659.1910176869467,732.8830622409469,742.4543012555915,681.1631398120659,738.490691602967,498.4547151700411,731.5053811689469,409.8572481100524,534.8571607235644,327.0051758468462,443.4869186716611,410.94890958937344,743.8524282324702,518.0036971388244,634.5408352910868,701.3470781051327,730.8270771246225,597.6745098430076,,448.263994193506,361.0777718525555,358.3344700117686,437.41831655886,469.4925797770962,470.53974225360736,465.28167884229345,,613.0197235511628,305.61585951613256,406.7223912422652,513.0376260150558,443.97328541002366,514.9422435839326,,,731.3648295052486,654.3443260898067,638.0711711477607,741.1887742233679,476.8448285035673,546.1674499656623,497.90460803741627,391.25234481434893,436.69018914293565,545.3541602899243,443.30790060168584,516.5288573765507
v_10.6h,522.5031344822813,,,704.4243654913205,742.7485957814677,387.86187025421447,387.86187025421447,452.43279684443405,462.0167930893774,,633.3487564831745,588.0801305511334,732.1052941143989,530.9598504365363,777.1694346355965,633.6486676974765,379.6626553289096,520.6718407643732,520.6718407643732,467.5320777433958,606.1704409990017,400.1171950667262,394.0232416313468,509.44402773653263,892.7775537317514,368.7215185328979,488.97495545231976,,,512.8236401179903,475.0523434089039,664.2650407228808,453.9673552858954,645.9367259048842,,459.75513961073847,459.75513961073847,467.436113195247,641.0528608565301,633.005904672427,511.3167726784961,511.3167726784961,722.9730277939414,743.7055055087711,,696.1448647248665,620.5932725456078,403.72329144948225,622.974838280171,692.4058321906589,661.2940173860383,732.9176682084279,743.0483907856243,681.1683342671555,738.490691602967,498.4539140695901,731.505381168956,410.0359384632026,534.4448111351586,327.00517586843154,443.4869190257378,411.7975879934201,743.8524282324702,517.9365676807562,634.5408352910868,703.9127711922146,731.1540614855024,597.6763433091496,,448.4126191573627,361.07778572517776,358.07239466158427,438.53099247836195,470.8560914111671,471.78362328011673,466.5827114266031,,613.0264096594258,305.61584936147574,407.7133590440332,514.7066464017115,444.50552515409606,516.5071062263202,,,731.3648295052486,660.156672080049,641.3420594576868,741.2069935576457,478.97125315131296,548.2148889540014,499.1375382365028,391.26127318762354,437.34527423703014,545.3541602899243,442.9894934181587,518.2912093716587
v_10.700000000000001h,524.2219924131118,,,707.9905190307376,742.7485957814677,389.1669715882739,389.1669715882739,454.71267582378186,465.05151808512136,,634.2672798659572,590.2135209596919,732.1052941447607,530.9693559024217,781.0050416066709,636.190573974174,380.7681463841396,521.951679869254,521.951679869254,467.61498372420175,606.2561215488587,400.8896553563369,394.7814031114054,511.50602022499584,896.9156608083534,368.7215185328979,490.2488266412699,,,512.824263111263,476.2027385935397,665.0544011788272,455.4272914336578,645.9367259048845,,459.63645302974294,459.63645302974294,468.70876743914084,646.7704501379371,633.0058293609721,513.2569502765023,513.2569502765023,722.9730295043173,743.7055055087712,,698.6532234110191,623.032984347635,403.79739447154896,622.974838280171,692.4058321906589,660.4781822440775,732.7486285602611,743.704714767424,681.1845419944497,738.490691602967,498.4531015358377,731.5053811689662,410.2130776024825,534.0639264981564,327.0051758908361,443.4869193886375,412.67216992205067,743.8524282324702,517.8660089925054,634.5408352910868,706.8019583730152,731.1220528457035,597.6781712589542,,448.55923597073087,361.07779965132295,359.9575221677226,439.6087422301495,472.15656831958296,473.012463791103,466.57495914989056,,613.0330612100253,305.61583870517137,408.69998636888664,516.3884243084468,443.92345441358646,516.5071062263202,,,731.3648295052486,663.3414045945796,644.3050543958797,741.2256597105152,481.0185131652699,550.2082047152066,500.50730918892066,391.2703183632419,437.6351805519663,547.0581351823116,443.7502534734208,519.9618813632787
v_10.8h,524.2219924131118,,,711.6215613384784,742.7485957814677,390.45881191303323,390.45881191303323,457.0360934174905,465.05151808512136,,635.1327685275371,592.1893839692441,732.1052941759217,530.9789303939908,785.2450980764896,639.1121118010084,381.8819531742027,523.2997202209082,523.2997202209082,467.6988886714021,606.3383958132257,400.75654494944837,395.5601623062872,513.4142530085053,900.9378119010158,368.7345388240098,491.4650146239175,,,512.8248919383989,477.3140353953574,665.8358639741218,456.87256902557186,645.9367259048845,,459.06643084361195,459.06643084361195,470.06439228034236,649.5052704824675,633.0057369998475,513.2662664428549,513.2662664428549,722.9730312833365,743.7055055087712,,700.9030041290656,625.3638613191097,403.8709690073001,620.7781991500248,692.4328571137995,662.5920097871287,732.7886440232533,744.3460102201343,681.200102032298,738.490691602967,498.45227748321116,731.5053811689662,410.3886584431648,533.7123126991579,327.7044994264071,443.48691972447455,413.5325566992463,743.8524282324702,517.7918536141353,634.5408352910868,709.5227222957291,731.4585715577713,597.6799937436771,,448.70383509882356,361.07781361987827,357.6490978984009,440.64672587121515,473.5122833510446,474.31248492903757,467.92763749784456,,613.0396792228308,305.6158275272128,409.71063120307696,518.0896193829368,444.60721154542983,518.2579083111845,,,731.3648295052486,666.056945767441,647.662072631811,741.2447740987544,481.0185131652699,552.3190446168047,501.8296434279068,391.2703183632419,438.32225772519047,548.8656429757685,444.5103016719849,521.6585053632982
v_10.9h,525.7960878008084,,,714.9651312667154,742.7485957814677,390.45881191303323,390.45881191303323,457.0360934174905,465.0573782931186,,636.1224220067176,594.1271684971547,732.1052942079042,530.9885733514997,789.4483324058331,641.7434288187477,382.9853398131424,524.6227655155496,524.6227655155496,467.7837849096937,606.417546143412,401.53284883124576,396.33747020692846,513.4142530085053,904.6335353305197,368.74926899717786,491.620502754235,,,512.825529710332,478.48163973639214,666.6107589069173,458.2908844551186,645.936725904885,,458.4572149814485,458.4572149814485,471.34828897787906,652.454345882983,633.0056330994637,515.1382924117023,515.1382924117023,722.9730312833365,743.7055055087714,,703.5488053734992,630.0193028039189,403.9440061178391,623.5311990124173,692.4597354900649,664.6451093096151,732.8231127046907,745.0510044656558,681.200102032298,738.490691602967,498.4514418268126,731.5053811689756,410.5656480251516,533.3878946844245,327.7044994467734,443.4869201059291,414.3789739523672,743.8524282324702,517.7139237870622,634.5408352910868,711.9747746991237,731.7632396172277,597.6818108142683,,448.84640732849925,361.07781361987827,359.67796189411985,441.7486603307574,474.8628051906166,475.54722440172503,469.2513290232309,,613.0462652962123,305.6158157634285,410.68267659876886,519.7153274609536,445.13811103747963,518.2441246746896,,,731.3648295052486,669.210874702448,650.5476436577856,741.2643376813935,483.08464731040294,554.2397948638983,503.08603475796144,391.27944939993597,438.9972333312362,548.5275932481244,445.26944196074646,523.3813588440992
v_11.0h,526.0033448304558,,,718.6651830543046,742.7485957814677,390.4557071187845,390.4557071187845,456.22300454495945,468.0662681232318,,637.186380256824,596.2832860236875,732.1052942407312,530.9982841946313,793.6455526763244,644.565449969815,382.9853398131424,525.8743575539335,525.8743575539335,467.86966416701387,606.417546143412,402.2995676873881,397.1052336127062,513.1861693801524,908.0373130738153,368.74771518188544,492.84520120203996,,,512.8261778978436,479.66124793289805,667.3796666791835,459.75528523353705,645.9367259048854,,458.946037869288,458.946037869288,472.62840385244294,655.2709051747928,633.0056330994637,517.034306590105,517.034306590105,727.0946703272144,743.7055055087714,,706.0615253007426,632.2849229280117,404.01649723894866,623.5311990124173,692.486467613945,666.715237552948,732.8587666161313,745.7635757946235,681.2053713329805,738.490691602967,498.4505944824486,731.5053811689864,410.7566856215418,531.3548390942242,327.7044994679113,443.4869204968612,415.2190627180353,743.8524282324702,517.6316443221651,634.5408352910868,714.9369570201195,732.0797051227703,597.6836225206997,,448.9870206863832,361.0778276189218,359.67796189411985,442.82475548758333,476.15249413564317,476.7279673585957,470.52727026170464,,613.0528214911975,305.6158033689606,411.68244836759203,519.425737298472,445.6711351380631,519.9382109597813,,,731.3648295052486,672.0179672053409,653.974440820536,741.2843509449832,482.93132414088274,556.3623104778286,504.36585448249656,391.2887397979468,439.6850153904242,550.3154815624977,446.02924132759,525.0271286158934
v_11.1h,527.6655120531359,,,721.8302940302649,742.7485957814677,391.75593469451394,391.75593469451394,458.5019786719026,471.0646683766523,,638.1767503166362,598.2689270986981,732.1052942744267,531.0080623223911,798.1365447454406,647.2903998053664,382.92765119665154,527.0948445421368,527.0948445421368,467.95651757348855,606.4663046541948,403.0573136803822,397.8635619123788,515.1050752490003,911.2067574954808,368.76263720403927,494.1803856791982,,,512.826836528466,480.7982708406643,668.1424971286061,461.1602961194676,645.9367259048856,,458.3262067625412,458.3262067625412,473.97111361246243,658.0711601638804,633.0055267173556,517.034306590105,517.034306590105,727.0946711902018,743.7055055087715,,708.3385513424536,634.5176393270461,404.0884341827606,621.36628887123,692.5130537212913,663.8662419314413,732.8888416332939,746.4916109551905,681.2203503626714,738.490691602967,498.44973536666333,731.505381168997,410.9459727533855,531.043709315562,327.70449948984935,443.48692089750034,416.0843910373469,743.8524282324702,517.5445992018693,634.5408352910868,717.525944689809,732.3861465947036,597.685428912306,,449.1257035307218,361.07784163568374,359.2694595208542,443.861986953914,477.50889055635525,478.0386713320436,471.88167565543006,,613.0593498373923,305.61579031771424,412.6765957395846,521.0420622946398,445.6711351380631,521.4836000261861,,,731.3648295052486,675.0174388332239,656.8320818358445,741.3048138894438,484.95179924078514,558.3476115196853,505.7228240032098,391.29815329077877,440.37909144251296,552.062685676138,446.78942629016643,526.7547416095226
v_11.200000000000001h,529.3737578109657,,,725.5594307695612,742.7485957814677,393.0385799736425,393.0385799736425,460.70499394077996,468.0678559470783,,639.1316133262089,600.1179017874725,732.1052943090151,531.0179071130725,802.344894844675,649.9531228651999,384.0451054158103,528.4753220070625,528.4753220070625,468.04433566094076,606.5735090876533,403.84143325435696,397.8635619123788,517.1116407912313,915.3900690720342,368.7775917454164,495.46090261529406,,,512.8275056253875,481.8954818958151,668.8991604511347,462.6416797712672,645.936725904886,,457.66397131815245,457.66397131815245,475.2507661257211,660.9960224409336,633.0053968839894,516.9722736256298,516.9722736256298,727.0946720875712,743.7055055087715,,710.7883703177324,636.9562571177112,404.15980913939745,621.8117546452733,692.5394940614557,665.9292926748738,732.9235382543192,747.2100056538892,681.2347625484862,738.490691602967,498.44886439677055,731.5053811689965,411.1335010876405,530.7566435770532,327.00517601663324,443.4869213080796,416.9359041917035,743.8524282324702,517.4525272461425,634.5408352910868,720.011162937932,732.6391496259009,597.6872300380937,,449.262449815453,361.0778533093487,361.2657659889572,444.94348029780895,478.85315206370416,479.28412317331237,473.17534918647186,,613.0658523349682,305.6157765826153,413.6336057687884,522.7134978090552,445.2164955665937,523.2434983207875,,,731.3648295052486,677.9505384070346,656.8320818358445,741.3257260145701,487.0297458977357,560.3638295612611,507.0056618757748,391.30769057247085,441.0631362259635,553.7473162389623,446.78942629016643,528.4320932386994
v_11.3h,530.9603746396193,,,728.5676649573292,742.7485957814677,394.3509475550502,394.3509475550502,460.70499394077996,471.0728792644075,,640.047164655556,602.2989402025969,732.1052943445211,531.0278179243726,807.0978659926105,652.8014588049765,385.1287116706613,529.7809169042112,529.7809169042112,468.13310836195586,606.6764941071797,404.6159186969857,397.8926028698453,519.036541464049,919.5377794426045,368.77616758446317,496.6905464458305,,,512.8281852073845,483.07464585382183,669.6495672352662,464.0169175547021,645.9367259048864,,457.07671149874955,457.07671149874955,476.5282598154758,663.6043080386148,633.005251386985,518.9284873246493,518.9284873246493,722.9730391189244,743.7055055087715,,713.340672067503,639.1690031726066,405.29184429861044,621.5313689927833,692.5657888782157,667.9195712434446,732.9530284647057,747.9390667579707,681.2256631432093,738.490691602967,498.44886439677055,731.5053811690077,411.3192624203486,530.7566435770532,327.00517604461197,443.48692172883824,417.7738066638572,743.8524282324702,517.3551491078808,634.5408352910868,722.8449451721477,732.9018531868768,597.6890258168651,,449.39725389284104,361.07786732368083,358.9913182142196,446.0222890688398,480.13837903001127,480.480847919624,474.4597461884766,,613.0723309566001,305.6157621355742,414.64202017906325,524.3908949992149,445.74557160391896,524.858293693588,,,731.3648295052486,680.7109681356151,657.0217931966987,741.347086307235,489.0884851451534,562.4245504075075,508.25078557218563,391.3173522962354,441.77790437712474,555.481386779811,446.4996245032937,530.0558825101447
v_11.4h,532.6985874775812,,,732.2790187630941,742.7485957814677,393.0348630936567,393.0348630936567,459.92088666231854,474.0880260362208,,640.1827864910833,604.3188520621105,731.0314513860501,531.0377940947806,803.1884028496366,655.283663295433,386.24276407751773,531.0601839231811,531.0601839231811,468.2228250051019,606.7756027156818,405.38091374784716,398.6520894643082,516.7639389410145,923.3490161338977,368.79131188738984,497.97171548691773,,,512.828875288746,484.2426275656542,670.3936285084656,465.4982664696742,645.9367259048867,,457.5360130031766,457.5360130031766,477.86447550158937,666.6668577141899,633.0050885521706,520.7463746698879,520.7463746698879,727.0946730112169,743.7055055087715,,715.6442170810461,641.4325001812272,404.2677257728215,621.9847435679994,692.5919384096715,669.9309549760069,732.9840768615575,748.6892080538247,681.2400975420549,738.490691602967,498.44837885303355,731.5053811690188,411.5022998714629,531.0979924761808,327.00517607364003,443.4869221600201,418.5985686996489,743.8524282324702,517.2521660217576,634.5408352910868,725.3261517135097,733.1855360958024,597.6908162596101,,449.96669944751403,361.07788131174715,360.873025038157,447.0629104116328,481.4831836066877,483.0243368376381,475.82624126834105,,613.078787649349,305.6157469474479,415.62354691345166,525.9714205195446,446.27662653564994,526.5389118189628,,,731.3648295052486,683.8020612104218,660.2137651178801,741.3688932293612,491.0794676450668,564.3385708846994,509.5787545638676,391.32713907510106,442.46353611732167,557.2460278789292,447.25870174823666,531.7415098353937
v_11.5h,534.3826567402295,,,735.2608558547295,742.7485957814677,394.32810903270786,394.32810903270786,462.13048723241184,477.0811287012294,,641.0905474253573,606.2012461061006,731.0314514721337,531.0478344789016,807.5766959010865,658.2533325664452,387.32036197109034,532.2913234315256,532.2913234315256,468.3134742941342,606.8711480029949,406.13657273922354,399.4108709519758,518.8006344641374,926.8740342799696,368.80649947438735,499.2804345436652,,,512.8295758792052,485.3700506372668,671.131255796188,466.91158164248174,645.9367259048867,,456.9444951762178,456.9444951762178,479.13942373493785,669.2955596719089,633.0051028060266,522.6426021462036,522.6426021462036,727.0946739867481,743.7055055087715,,717.8146483295841,643.8733917612211,404.3380303123504,622.4453685624552,692.6179428866841,672.0413134933009,733.0142070715381,749.4338512356022,681.25400105132,738.490691602967,498.44748509833715,731.505381169018,411.6983892489682,530.8487552549578,327.00517610375437,443.4869226018747,419.4564859436154,743.8524282324702,517.1603884139435,634.5408352910868,727.8175136563112,733.4597276667398,597.6926014479412,,450.0888475061969,361.07789525693244,362.8326495756324,448.11250470149696,482.8278117589548,484.2371946263211,477.1011638939709,,613.0852243364911,305.6157309880046,416.5722478471098,527.6351918481961,446.8095424417045,528.2127830674207,,,731.3648295052486,686.4505937697459,663.2887377387519,741.3682515786946,490.9278365270466,566.4377018973037,512.1693998467251,391.32711474930886,443.19013162463125,558.9580738377141,448.0163564706672,533.439132787638
v_11.6h,535.9255431569709,,,738.8502579473649,742.7485957814677,395.6058831285192,395.6058831285192,464.4018631319617,474.0757686288257,,642.1359401276711,608.2556099018562,731.0314515606001,531.0579382518362,812.2309002049749,660.8574299902225,387.2852411496665,533.554534776087,533.554534776087,468.405097506145,606.9634158402273,406.88658156679185,400.19136332872347,520.6517596817333,933.9383578769741,368.80519477452435,500.53788997174996,,,512.8302869838742,486.4595512206942,671.8623611940591,465.5129641690517,645.9367259048872,,456.3117359789756,456.3117359789756,480.40154314130973,672.2246666824059,633.0049227398085,522.5990292073362,522.5990292073362,727.0946750044243,743.7055055087715,,720.4287670615635,646.0772630309175,404.4077513881469,619.8571594527995,692.6438025273472,669.263585694428,733.0410532834265,750.1978162258683,681.2674077947286,738.490691602967,498.44657924588205,731.5053811690298,411.89380407822983,530.6190366770717,327.0051761349933,443.4869230499873,420.3010123234519,743.8524282324702,517.0735554996976,634.5408352910868,730.5378296654627,733.1397671386655,597.6943814626622,,450.209074944517,361.07790925517077,360.5766740299947,449.1980951395842,484.1147879993068,485.4544795845493,478.3794268396512,,613.0916429193034,305.6157142258841,417.58243007744534,529.2898414792047,445.79959816055333,528.2552824382728,,,731.3648295052486,689.5578515271104,666.4741477272828,741.3905243331593,490.9278365270466,568.418552031327,512.4191540785877,391.3370292056691,443.8973462400059,560.5833185652002,448.7724272172982,535.0483123736528
v_11.700000000000001h,537.7052185095793,,,741.7721969145422,742.7485957814677,396.91119449483847,396.91119449483847,461.3598288885457,477.08053642207943,,643.2242211446743,610.3366990902449,731.0314516515662,531.0681048336137,816.7478868721136,663.615593993311,387.2852411496665,534.9031103797132,534.9031103797132,468.4977010035981,607.0526673283446,407.66077516193604,400.9625299489757,522.667648737296,938.3385390692151,368.8205700624185,501.74765066643437,,,512.831008603177,487.63132826065976,672.5868574538238,466.9825313136769,645.9367259048878,,455.6351849157387,455.6351849157387,481.738131063526,675.0221498590955,633.0047227326113,522.5990292073362,522.5990292073362,727.0946760658164,743.7055055087715,,722.7908881829248,648.3338578821042,404.4768827060647,622.6219295577126,692.6695175561681,671.2184952116422,733.0697124420698,750.9936682092628,681.2593738135824,738.490691602967,498.4456612163587,731.5053811690415,412.08595851318137,530.4073844198435,327.00517616743343,443.486923502133,421.13240003264195,743.8524282324702,516.9816911999822,634.5408352910868,730.5700104263043,733.404005328687,597.6961563837713,,450.3273800278706,361.0779233497733,362.51001745233395,450.245783285092,485.43377824174814,485.50521195026175,479.72001080747054,,613.0980452788098,305.6156966285566,417.52841521921073,530.8583727005541,446.3263472632952,528.2552824382728,,,731.3648295052486,692.3538825096618,669.5484821944636,741.4132702287707,492.9713509513312,570.3751228060156,513.6787745795106,391.3470696546659,444.6106032565494,562.3722066849555,449.5267609299614,536.713906980786
v_11.8h,539.3571734515878,,,741.907023618152,742.7485957814677,395.600531102297,395.600531102297,463.5963703665349,480.04660900842515,,644.2826160350928,612.268809072062,731.0314517451054,531.0783336273514,821.5476920329875,666.3836096777999,388.36775950764735,536.2001660445146,536.2001660445146,468.59126225611726,607.1391410236891,408.4257803496305,401.72449843965336,520.4367762851657,942.386025193892,368.8359984413486,503.0669944698335,,,512.8317407327921,488.79547042522387,673.3046580837702,468.3424512844645,645.936725904888,,456.1644567139763,456.1644567139763,483.01479479065927,674.9859951803174,633.0045009925701,524.5381484128566,524.5381484128566,727.0946771725423,743.7055055087715,,724.9355158913227,650.7702362287239,404.5454183586503,620.0442233489591,692.6695175561681,673.1967342231916,733.0973914129984,751.7682567957232,681.2728000200811,738.490691602967,498.44473093139305,731.5053811690409,412.27493370155196,530.2124434547324,327.0051762011354,443.48692395821183,421.9509141947779,743.8524282324702,516.884495299329,634.5408352910868,733.1626710565316,733.6601373532105,597.6979262905159,,450.44376139433143,361.0779375319008,362.14125220200833,450.3408325768856,486.78536387830843,486.7413413286545,481.0024442914655,,613.1044332774782,305.61567816228023,418.52995799477804,532.5031905371125,446.8645196727844,529.881698737992,,,731.3648295052486,692.4204884748167,672.7131162081541,741.4364869614504,494.9736840195772,572.4450936445896,514.9046790435227,391.35723660571676,445.33940803057095,561.9990893960351,450.27921288621803,538.4078018955876
v_11.9h,539.5280347460674,,,745.1497922511536,742.7485957814677,396.8863289244397,396.8863289244397,465.8125968158011,477.05757140821083,,645.2976044790295,614.1198491816214,731.0314518405096,531.0886240192792,826.0765851346246,668.8462894539509,389.4662099787883,536.2022425640043,536.2022425640043,468.6857574586379,607.2230549614898,409.18175504988073,402.47740822176155,522.3333963652335,946.135808786658,368.8348037533577,504.35879109688904,,,512.8324833635893,489.92061960704,674.0156774644205,469.8262585896796,645.9367259048885,,455.4922409903266,455.4922409903266,484.2467367541703,677.6513649898056,633.0042556182207,526.3071987383772,526.3071987383772,727.094677160532,743.7055055087715,,727.2890542017799,652.973703030918,404.6133528270049,620.5158058793544,692.6950881845627,675.1913092199313,733.1227554066556,752.5772330151531,681.2857606020547,738.490691602967,498.4437883135819,731.5053811690534,412.4608083983585,530.0330643278525,327.0051762361462,443.4869244181136,422.7867216967685,743.8524282324702,516.7816463082963,634.5408352910868,733.1626710565316,733.90668337223,597.6996912613938,,450.5582180427427,361.0779517920247,362.14125220200833,451.3760381674057,489.3567903687062,488.0228319367188,481.0299257605636,,613.1108087608907,305.61565879206177,418.52995799477804,534.1236034476707,447.41259992909687,531.5231739827165,,,731.3648295052486,695.0762346967579,675.8123974453894,741.4601716348699,497.0417287914462,574.3856264087269,516.2646259374908,391.36753052870904,445.6025221428307,561.9990893960351,449.99132941630154,540.0030887196597
v_12.0h,539.5280347460674,,,748.3325847198952,742.7485957814677,398.16700153405446,398.16700153405446,467.99769566834254,480.01430050096155,,646.2593154057645,616.2897055319612,731.0314519394357,531.0989753787724,831.0800959874275,671.8228583663339,390.53973208905745,537.4797117068251,537.4797117068251,468.799903396095,607.274677267393,409.9288651544612,402.5194138359074,524.3148423305248,949.6522808285133,368.8504177785863,505.6021104971,,,512.8332364815743,491.009293508936,674.7198309803929,471.22565389285813,645.9367259048889,,454.8839328189651,454.8839328189651,485.59054291388503,680.4661804448527,633.0042769980593,528.2116797035375,528.2116797035375,727.0946783144108,743.7055055087715,,731.9410805150769,655.1816154565902,404.6806809828427,623.2620063872231,692.720514609071,674.4849174950248,733.149193106765,753.5331018355525,681.298306756503,738.490691602967,498.442833286526,731.5053811690658,412.6564476227225,529.8680987419729,327.7044997291411,443.48692488171474,422.67105022357333,743.8524282324702,516.6727999195184,634.5408352910868,735.4504744630262,734.1514428860916,597.7014513742218,,450.6707493197289,361.0779661198961,364.0322420629081,452.39994831681787,490.72201669510144,489.2504749952655,482.30042142473076,,613.117173559375,305.61563848160597,419.4959445585214,535.6976900869569,447.9662591632486,533.2359585605238,,,731.3648295052486,698.0511218761558,678.894610533587,741.484320750638,498.9859312923467,576.3716489551294,517.5792427589475,391.37793445010004,446.30475169024925,563.7586472607727,449.99132941630154,541.6295964183813
v_12.1h,541.1340904729559,,,748.3325847198952,742.7485957814677,399.46602624885725,399.46602624885725,465.018483961404,482.99752477444946,,647.1779397889416,618.3021906196519,731.0314520411673,531.1093870583823,835.4709353639172,674.3883668065661,391.63679098731257,538.738437958314,538.738437958314,468.9151423691675,607.3563850890164,410.6672835232246,402.5194138359074,526.1813689337181,952.9611271253059,368.86500036129524,506.80473438248646,,,512.8340000678387,492.151813616937,675.4170351694219,472.6444054878276,645.9367259048894,,454.2313973542967,454.2313973542967,486.8753311706845,683.3005452687783,633.0040080903477,528.16986362011,528.16986362011,727.0946795170075,743.7055055087715,,733.969292333132,655.2433259154963,404.7473980908496,620.7022842777636,692.74579703152,674.4849174950248,733.1721513320049,754.4856768506058,681.3038126709172,738.490691602967,498.4418631454755,731.5053811690779,412.84693796238463,529.7164257606951,327.7044997610703,443.4869253147974,423.48586172636806,743.8524282324702,516.5575873477441,634.5408352910868,738.0626487727044,734.4270550422633,597.7032067061691,,450.78135490549255,361.0779805045046,361.8202779233938,452.39994831681787,492.03114829018074,490.42317879500445,483.5957543485366,,613.1235294896048,305.61561719327443,420.45517402703143,537.2499595945164,447.5051962269107,534.8133786624095,,,731.3648295052486,700.9017546685665,682.0556732104526,741.5089301995828,498.83344284561855,578.3937844795529,518.8323127329207,391.38848504507405,447.0340771241943,565.4835252048181,450.74610482694277,543.3275261685216
v_12.200000000000001h,542.808785006943,,,751.8890469604571,742.7485957814677,399.43954966612205,399.43954966612205,467.22588862485327,483.0535527767087,,648.3543023027439,618.2842556802872,731.0314520411673,531.1198583938676,840.7792911502844,677.0644376484797,391.58196771424014,539.9638652560072,539.9638652560072,470.0157815736148,607.3563850890164,411.4300035784224,403.27421945942365,525.9691208442648,957.0931304981652,368.86500036129524,508.1380887444979,,,512.8347740985025,493.31962159828305,676.1072078896179,474.0912948394476,645.9367259048894,,454.0663484775112,454.0663484775112,488.1053172356965,685.7769130620254,633.0037115873082,528.16986362011,528.16986362011,727.094680770093,743.7055055087715,,736.412289595599,657.5485378025504,404.847831862113,621.1781680805201,692.7709313412083,676.3475141887288,733.1970981059455,755.4577583082704,681.3038126709172,738.490691602967,498.44128460191365,731.5053811690779,413.04226304702786,529.577006888352,327.70449979423523,443.48692578559155,424.3287344314817,743.8524282324702,516.4356135459597,634.5408352910868,740.5847255683016,734.6944949865507,597.7049573338084,,450.8900347982114,361.0779949340441,363.6817448677765,453.48429452377326,493.28802966804346,491.70801786951006,483.5957543485366,,613.1298783561746,305.61559488803357,421.45303927715196,538.9026768016677,447.5051962269107,536.5244677444698,,,731.3648295052486,703.4678730185508,685.0147670038385,741.5339952541846,500.85922545199804,580.2920418252596,520.040891489032,391.38848504507405,447.0340771241943,567.1329330452395,451.4988881831667,544.953528092827
v_12.3h,544.5179299497257,,,755.1283988238562,742.7485957814677,399.43954966612205,399.43954966612205,469.4332449998172,483.0535527767087,,649.4752781670289,620.2814605042196,731.031452145787,531.130388704225,841.5299223809018,679.8609375238389,391.58196771424014,541.1933690485336,541.1933690485336,470.0157815736148,607.4358364634966,412.1880973132407,404.03601635722777,525.9691208442648,961.5327930614164,368.88085995288026,509.4218215634345,,,512.8355585446755,494.4495682499194,676.7938281486848,475.42957854252774,645.9367259048897,,454.0663484775112,454.0663484775112,489.41771779984015,688.8103456521327,633.0033852684915,530.1056206420149,530.1056206420149,729.5952257807883,743.7055055087715,,738.7084432410218,659.9549828473235,404.91314245842153,621.3631179193472,692.7959166051047,678.3476271891662,733.2202166302852,756.4170826351009,681.3160448940826,738.490691602967,498.440282351949,731.5053811690909,413.2344815281597,529.4488808543556,327.70449979423523,443.4869262596352,425.1589442929598,743.8524282324702,516.3064552893502,634.5408352910868,742.8055874428701,734.9318042759438,597.7067033331736,,450.9967892967585,361.0780093958702,363.3404777769415,454.531847327398,494.6312633119753,492.96707031272723,484.90949608586993,,613.1362219531426,305.6155715254086,422.4162165731736,538.5053494139106,448.06812606908034,538.1962346651774,,,731.3648295052486,706.5509210618648,688.2632406016909,741.5595105622021,500.85922545199804,582.3274571056053,521.4080799610012,391.39916366448165,447.75983002839297,568.7690864895269,452.24955084079727,546.496207703926
v_12.4h,546.1170844767606,,,758.9133680285548,742.7485957814677,400.727747813137,400.727747813137,468.67131626072097,486.0207156419133,,650.5504760221504,622.1543266771375,731.0314522533785,531.1409772917069,846.0196324703985,682.3232971115165,392.6604985599046,542.5269009469542,542.5269009469542,471.2277929463274,607.5132069935004,412.93762258770255,404.81380174784323,527.7958939564371,965.6377890146948,368.8957892854104,510.65929326999486,,,512.8371585426625,495.5440716260838,677.4910495719051,476.9177654367437,645.9367259048902,,453.3834019005292,453.3834019005292,490.71716557576457,691.457808544995,633.0030581506243,531.8513146373493,531.8513146373493,727.0946834223619,743.7055055087715,,740.8111053929986,662.1525237082326,404.97768962060496,621.3631179193472,692.8207542795589,680.3029323028335,733.264359985381,757.3857538859797,681.3279254759872,738.490691602967,498.43926313259715,731.505381169104,413.423667668796,529.9022928551515,327.00517639065623,443.4869267367522,425.9767538489197,743.8524282324702,516.1987447867659,634.5408352910868,745.3111231633457,735.1618164597612,597.708444779835,,451.10161898132367,361.07802387646245,363.3404777769415,455.54467296613603,495.9611360557127,494.17556007595385,486.16538190806307,,613.1425620655571,305.61554706342923,423.36561910226544,540.163688441195,448.64524818457045,538.2480872982146,,,731.3648295052486,709.2020542553756,691.0490959964285,741.5854701415373,502.8425008337265,581.9617509662005,522.7206404640476,391.409970633178,448.45759847246916,570.5023946141107,452.99797201402623,548.1947550727923
v_12.5h,547.804251182803,,,762.2388311856857,742.7485957814677,402.0173535260022,402.0173535260022,468.67131626072097,486.08507338103374,,651.5861427316695,624.1310386173791,731.0314523640293,531.1516234418403,851.2884455303947,682.4327630033079,393.7368238827454,543.8249596228843,543.8249596228843,472.39902872820886,607.5886573803517,413.678750637128,405.5806228157314,529.7262433383759,969.4677955709502,368.8957892854104,511.8558436398087,,,512.8379740112825,496.6315679639252,678.181608525466,476.93675618931525,645.9367259048906,,452.7483711119315,452.7483711119315,491.9622030083187,694.0806944157574,633.0030581506243,531.9410955399356,531.9410955399356,727.0946834223619,743.7055055087715,,742.7512328895599,664.3314360351361,404.97768962060496,621.8425221255866,692.8454457936972,679.4700972858761,733.2849134878941,758.3404837466336,681.3335839058858,738.490691602967,498.43926313259715,731.505381169104,413.6197819800746,527.7807695458393,327.00517643295217,443.486927216751,426.7824343111027,743.8524282324702,516.0894063851069,634.5408352910868,747.8743885900126,735.1315550879583,597.7101817489772,,451.2045246912664,361.07803836137685,365.21861371581593,456.5926609085234,497.2388716453546,495.3560048199328,487.4684802573554,,613.15523894083,305.61552145857826,424.36336534465505,541.7407710271607,448.19198965709734,539.8838506275414,,,731.3648295052486,711.953872036805,694.3884586225737,741.6118673764028,504.8511886536099,583.9842196334524,523.9728532624598,391.4209062368412,449.209495314191,572.1696959916377,453.7440385929045,549.8340416426339
v_12.6h,549.5329074409142,,,766.1911544121682,742.7485957814677,401.9873950182184,401.9873950182184,470.8469832011071,486.08507338103374,,652.5805186345071,626.2317994718792,731.0314524778286,531.162326423423,856.1108019774656,684.8445553692583,394.81695741459293,545.0645326438314,545.0645326438314,473.5173420729093,607.6623347695192,414.41165776632175,406.33573412182466,529.4049048438787,973.0687066566524,368.91190037588547,513.187702763453,,,512.8387997290004,497.8104800731631,678.8654291602226,478.39417717618835,645.9367259048913,,452.5772559711086,452.5772559711086,493.2128432058332,696.9782690011997,633.0026680193837,533.6963838113634,533.6963838113634,727.0946848382257,743.7055055087715,,745.1445793110198,666.7892010400717,405.04147149553256,622.0250165526724,692.8699925486145,679.4700972858761,733.307546959452,759.3199622011787,681.3335839058858,738.490691602967,498.4382267218417,731.5053811691178,413.8211783520831,527.6648151628088,327.00517647686667,443.4869276994233,427.59773547338955,743.8524282324702,515.9669869272029,634.5408352910868,750.183826775446,735.3441564852342,597.7119143154695,,451.30550749909094,361.0780504802547,364.8863321905908,457.65697457176935,498.5034031163947,496.6526610038624,488.79211808693645,,613.1615793259975,305.61549466573535,425.32713086002076,543.2684062759013,448.7719116724487,541.5063694162544,,,731.3648295052486,714.8501101281431,697.1654113781111,741.6386950148145,506.8097763098368,585.9736289166116,525.1950171015013,391.43195830301937,449.9306692742364,573.7772778978131,453.4540661897488,551.4034280047117
v_12.700000000000001h,549.6676561176125,,,769.6532511565931,742.7485957814677,403.28714776879724,403.28714776879724,472.97595655916825,489.04290352852763,,653.544181505678,628.2029199735667,731.0314525948687,531.1730854885074,856.1108019774656,687.771161690644,394.7666550528172,546.2735030012786,546.2735030012786,474.71679675344535,607.7560875780166,415.14985660762414,406.3701332472451,531.3327072650607,976.4824815843803,368.92717406678304,514.4717820842337,,,512.8396337734501,498.9522492548099,679.5424375049581,479.74539692745,645.9367259048914,,452.5772559711086,452.5772559711086,494.53375956070346,699.4932829636457,633.0022410028984,533.6963838113634,533.6963838113634,727.0946863121902,743.7055055087715,,747.4165212936409,669.0291608721477,405.104486524617,622.0250165526724,692.8943959221758,681.3176831137317,733.3258231479816,760.3067495290778,681.3451758658503,738.490691602967,498.437172895753,731.5053811691315,414.01947890813256,527.558224825721,327.00517652245685,443.4869276994233,428.4263908956972,743.8524282324702,515.8438185835499,634.5408352910868,753.0294497319732,735.5853071694928,597.7136425540778,,451.40456867862673,361.0780649292554,364.8863321905908,458.68650335128274,499.86087536726455,497.8984338139281,490.04827058063586,,613.1679233968774,305.61546663812237,426.2590693728466,544.8301883863044,448.7719116724487,541.5063694162544,,,731.3648295052486,717.3433188381365,697.3886271864817,741.665945167456,506.64862241650764,587.8408960548841,526.5221766143823,391.4431529362292,450.6457730536478,573.5246988601782,454.20292186445164,552.9912727142123
v_12.8h,551.326112409992,,,773.731452544507,742.7485957814677,403.28714776879724,403.28714776879724,472.1991732753588,489.0700834224583,,654.7632683624155,630.0478077204488,731.0314527152449,531.1838998723571,861.0579336474401,690.3511001644456,395.82959180370034,547.4610573048577,547.4610573048577,475.8985607112913,607.8497473191619,415.9036027802569,407.12194741642855,531.3327072650607,980.3076857480861,368.92717406678304,515.7112864827452,,,512.8404758637047,499.13518304057334,680.2125933140801,481.19726016495036,645.936725904892,,451.87955354652746,451.87955354652746,495.80024501830854,702.2342645678264,633.0018157773824,535.6347311215271,535.6347311215271,729.5952283466683,743.7055055087716,,749.5264169061076,671.0827521936734,405.1667334428254,619.9766347971596,692.9186572625497,683.2526183635848,733.3608152736547,761.2870764457978,681.3509207400756,738.490691602967,498.43610142848945,731.5053811691315,414.21475494340456,527.460263928305,327.0051765697839,443.486928184545,429.2430545291199,743.8524282324702,515.713171766018,634.5408352910868,755.7047089026178,735.8069124488844,597.7153665394225,,451.50170966397474,361.07807933316934,364.5591163736189,459.68320584366603,501.1658951577991,499.09621806011114,491.2954123361325,,613.1742729078197,305.6154063884131,427.2602435732519,546.4470761194262,449.3594618328378,543.2245117373994,,,731.3648295052486,720.2061900189104,700.2866924005564,741.6936093079524,508.58205054916874,589.8647077299532,527.834328153314,391.4431529362292,451.39483669572667,575.1706572011288,454.9496161503144,554.6524985570157
v_12.9h,552.8918860689615,,,777.3372062118823,742.7485957814677,404.5636049368105,404.5636049368105,472.1991732753588,492.0323484860214,,655.9446691600232,632.0432432890727,731.031452839054,531.1947687933683,866.3341954195039,692.8865852194077,396.90539064982653,548.7869487227147,548.7869487227147,477.0279998214048,607.9133665159059,416.6492327936592,407.8623397612582,533.1893568063241,984.960495983138,368.943541717442,516.9092622761876,,,512.8413260300953,500.26795239152483,680.875834830408,482.6042743351879,645.9367259048925,,451.6863703840409,451.6863703840409,497.0161720822712,704.9995971004234,633.0013107059502,535.6406300612714,535.6406300612714,729.5952290568865,743.7055055087718,,751.8198949469584,673.5118501883476,405.2282112775831,619.9766347971596,692.9427778934777,682.5240688570962,733.3999244820906,762.3046055304854,681.3622320980518,738.490691602967,498.43501209229555,731.5053811691462,414.21475494340456,527.460263928305,327.0051766189099,443.48692867187225,430.0479915283421,743.8524282324702,515.5739076784661,634.5408352910868,758.0791157703923,735.8069124488844,597.7170863461635,,451.59723677353037,361.07809367340116,364.5591163736189,460.74145758055266,502.4220165829904,500.2856397593288,492.63115381075994,,613.1806296130069,305.6153740369628,428.22798323342425,547.9846053103911,449.9475152952782,544.8427442483909,,,731.3648295052486,722.9555335177831,703.4793135766355,741.7210247277561,510.6186738817701,591.8376976596751,529.1111924834552,391.45447673858285,452.11388209820825,576.7308669058418,454.9496161503144,556.2597461932116
v_13.0h,554.6563894615678,,,781.4671533462564,742.7485957814677,404.53925770171423,404.53925770171423,474.3684119087438,492.0323484860214,,657.0811012848636,634.1292086389223,731.0314529663973,531.2056914529987,870.7024515391079,695.716089496294,396.90539064982653,550.0841432267092,550.0841432267092,478.20113333866175,608.0049222514544,417.38622562008186,408.60078150506854,532.9666879601823,989.2851780949292,368.9591571072414,518.2138817871506,,,512.8421843022206,501.36678145589013,681.5320991288924,483.94206463819904,645.9367259048925,,451.0182158651224,451.0182158651224,498.31540873320216,707.4234733074456,633.0013107059502,537.4865153585578,537.4865153585578,729.5952290568865,743.7055055087718,,754.3565595441248,675.8320145984793,405.2889193475877,620.4691922940702,692.9427778934777,684.3252105176298,733.4378747905712,763.3014735098594,681.3622320980518,738.490691602967,498.4339046575061,731.5053811691606,414.4070758073518,527.3702536165441,327.0051766698974,443.48692916114226,430.8414729558996,743.8524282324702,515.4253068108735,634.5408352910868,761.1003790060889,736.0406067933294,597.7188020488812,,451.69120200139656,361.0781079301906,364.23445387322215,461.79216049932126,503.7169713929354,501.5762220654919,493.9246840198603,,613.1869952678622,305.6153401206019,429.16404930164765,549.4501404864042,449.5046315750164,546.5052771213788,,,731.3648295052486,725.3297684896044,706.1532193790016,741.7494891851777,510.6186738817701,593.7019041968034,530.3551902148313,391.465929847537,452.8391949492338,578.460267324206,455.6940607918369,557.7975048767821
v_13.1h,556.3418500258763,,,785.2852018155157,742.7485957814677,405.8436164690462,405.8436164690462,473.5962754136032,494.98245614381517,,658.1691295301401,636.0925435280864,728.5311085994074,531.3591303172122,876.5804110736633,698.1861187695673,397.9729287614269,551.3542850302073,551.3542850302073,479.3986939035072,608.0944198977845,418.1146500149888,408.60078150506854,534.8158208803632,993.3256961046035,368.9591571072414,519.5063942586148,,,512.8430507089346,502.43384248907046,682.1813272241753,483.94206463819904,645.9367259048927,,450.3332817824671,450.3332817824671,499.6101720751766,710.2073877125084,633.0007609194138,539.2086961679945,539.2086961679945,729.5952297958672,743.7055055087718,,756.6909374601083,677.960390797652,405.38043041737757,620.6617776213321,692.966759113518,686.2112629397201,733.476567295157,764.3061010739851,681.3732408454332,738.490691602967,498.4331979438842,731.5053811691761,414.6063192862243,527.2875668456883,327.00517672281325,443.48692965207357,431.64699552038394,743.8524282324702,515.2901567731878,634.5408352910868,760.9909166735849,736.2455189135286,597.7205137208394,,451.7836107822645,361.07812208255666,366.13198104281224,462.8097415650978,505.0562784701674,502.8175144569647,493.9258241931476,,613.1933716304572,305.61530457607734,429.16278242865263,549.4501404864042,450.10091506846635,546.499432196752,,,731.3648295052486,728.2545132135875,709.4513278096023,741.7783382469459,512.5658346912552,595.6792376271973,531.5722226920976,391.47750035830074,453.0404307953048,580.1423551527765,456.4361751986542,559.3872703731836
v_13.200000000000001h,556.3418500258763,,,785.4171182950795,742.7485957814677,405.8436164690462,405.8436164690462,475.7585469427149,494.9650196226827,,659.2165029996197,637.9321024637715,731.0314532314196,532.872863922289,877.2198794734974,700.7615029759884,399.0301259994538,552.5718571037429,552.5718571037429,480.54421104733285,608.1820113662282,418.8346870308144,409.35967175604804,536.6342700168731,997.13398492227,368.9749344312305,520.7554657393748,,,512.8439252783367,503.58079956858,682.8234646425731,485.4233734317813,645.9367259048933,,450.3332817824671,450.3332817824671,500.85389831099377,712.8822096776485,633.0002172858934,539.2086961679945,539.2086961679945,729.5952305581213,743.7055055087718,,758.8465867449844,680.1347144664248,405.4396556765004,620.6617776213321,692.9906021964944,686.2112629397201,733.5105852847456,765.3202253628222,681.3790905023153,738.490691602967,498.43205483054794,731.5053811691761,414.8107332375023,527.2116246599318,327.7045001565724,443.4869301443623,432.46329864570964,743.8524282324702,515.1623195165569,634.5408352910868,764.0591695194391,736.4420449675647,597.7222225691062,,451.8744691015556,361.0781361082423,366.13198104281224,463.7960608052416,506.3460037719544,504.0069274793794,495.19094545013303,,613.1997604629058,305.6152673377382,430.0946143310002,551.073197928077,450.6973509251262,548.2467807022102,,,731.3648295052486,730.8820869829161,712.2699329661274,741.8075608702653,514.5808566579736,597.6678796392727,532.9186318350656,391.489207539706,453.7963686490328,581.7582875129757,456.14079060006935,559.1597194306917
v_13.3h,557.9189627954505,,,788.9322471766316,742.7485957814677,407.10251926318335,407.10251926318335,475.7585469427149,497.88859368467473,,660.2402697614446,637.9321024637715,731.0314533700068,534.4958771236061,882.2525596570285,703.5251326493847,398.9764814708722,553.7632684929506,553.7632684929506,480.6454524048244,608.2678361730328,419.5632706627766,410.10715484574246,536.6342700168731,1000.7539578752035,368.9917396755661,521.9640217804986,,,512.8448080377558,504.73410903376737,683.4584620640398,486.7995779556336,645.9367259048938,,450.13283743783165,450.13283743783165,503.37904885770297,715.2491811110681,632.9995740070433,539.3473222492446,539.3473222492446,729.5952313577354,743.7055055087719,,761.4680375706347,682.5535497785927,405.49811030915475,620.8505649168103,693.0143083921364,685.4943679463495,733.5459432587994,766.3319098786794,681.3898396929569,738.490691602967,498.43089292226625,731.5053811691915,415.01213126310233,527.1418926936394,327.70450020481803,443.4869306376816,433.2675518219652,743.8524282324702,515.0257072356239,634.5408352910868,766.7725651421866,736.6500484533867,597.7239286434791,,451.9637834929186,361.0781499836511,365.8172301349671,463.904784940612,507.5895031496519,505.1792185448386,496.40517563298795,,613.2061635327666,305.6152283374485,431.07988349261745,552.6239157140108,450.6973509251262,549.9124032901902,,,731.3648295052486,733.1783166709868,715.28210601829,741.8371453987432,514.3616150782448,599.537858824918,534.2235679991478,391.50104107976586,454.52218225238784,581.7582875129757,456.8859094122696,560.7109296505178
v_13.4h,559.6111215770909,,,793.5046282905575,742.7485957814677,407.1067501590942,407.1067501590942,477.8325790431556,497.88859368467473,,661.4608149516804,639.887749303424,731.0314535125592,536.0941264719296,887.1147019749936,705.9618754652838,400.0476286400535,554.9729134228887,554.9729134228887,481.7744347292273,608.2678361730328,420.3034454781494,410.11899490401146,536.4093259608707,1004.2089726563861,368.9917396755661,523.208790170346,,,512.8456990137423,505.85363870419116,684.0862760439455,488.1649057963769,645.9367259048943,,449.39738197186887,449.39738197186887,504.65760539031925,718.021043901491,632.9988776585569,541.1322303578877,541.1322303578877,729.5952321891866,743.7055055087719,,764.0715998087686,684.7716389386253,405.5557947806347,621.3455621788812,693.0378789263946,687.3243957372329,733.5802878737517,767.3510095684964,681.4003155118833,738.490691602967,498.42971198176394,731.5053811692079,415.2105792363503,527.6288535885702,327.70450025488265,443.4869311316821,434.06002179190887,743.8524282324702,514.8796597253876,634.5408352910868,769.323863369307,736.5929213138733,597.7256317823784,,452.051561035536,361.0781636837894,367.7320781571453,464.8840530274242,508.89309011894454,506.4732041000404,497.7295669664779,,613.2147025475348,305.61518750449454,432.0512767265834,554.1353760112383,451.2938279322738,551.4739377262807,,,731.3648295052486,736.0747245232498,718.2584871273043,741.8670795716321,516.3308994230225,601.4277512571764,535.4952631805158,391.5130012069454,455.2206237889734,583.2982739960914,457.6286822773794,562.3577876119238
v_13.5h,561.3447058587467,,,797.2483499473543,742.7485957814677,408.3948899999652,408.3948899999652,477.0892090269782,497.9822115989679,,662.6868134076436,641.9845458542115,731.0314536591927,537.6423535324735,892.8277407925635,708.5152359882243,401.10687820512874,556.2839545677097,556.2839545677097,482.94745799685677,608.3520225279436,421.0352692116375,410.86358571374024,538.2634881575138,1008.3194653823526,369.0078549201126,524.5178251700652,,,512.8465982320522,506.9415064566052,684.7068698263562,488.22775306658036,645.9367259048948,,448.7208152197948,448.7208152197948,505.8878581913753,720.6355040050906,632.9988776585569,543.0247311320528,543.0247311320528,729.595233053557,743.7055055087719,,766.4634466908834,686.8166442791861,405.61270984045825,621.3455621788812,693.0613150035623,689.0893108732781,733.6148769994949,768.390543082499,681.4003155118833,738.490691602967,498.4285117698653,731.5053811692079,415.40614189596056,527.5687828344859,327.70450030683094,443.48693159315513,434.8409787334454,743.8524282324702,514.7234614057425,634.5408352910868,772.566034923138,736.7849015993561,597.7273318252483,,452.13780935125243,361.07817730358244,365.5030115279576,465.9457489389202,510.2238196962983,507.7191364439765,499.03125758866025,,613.2239433470486,305.61514476549075,432.9913901565012,555.5878300812387,450.86304384402604,553.2278380807276,,,731.3648295052486,738.6165080612875,720.867827992777,741.8973804676185,518.3032380389653,603.4669331427662,536.7090965520994,391.5130012069454,455.9796525649605,584.9673118979091,458.36904417089704,563.9466991251871
v_13.6h,561.4652343137041,,,801.661513669539,742.7485957814677,409.65863243353965,409.65863243353965,479.19329098998395,500.9419881509201,,663.864471545684,643.9604647101314,728.5311102247398,539.1624982882596,897.3429830829257,711.2257343342332,402.1548637349165,557.5692555243473,557.5692555243473,484.1504628674668,608.4346883242466,421.75891522627455,411.5970538419017,540.1400214312838,1013.052922423676,369.0249219138138,527.0105582133988,,,512.8475057176306,507.999725821953,685.3202142627559,489.6353545148571,645.9367259048951,,448.7208152197948,448.7208152197948,507.0893922244247,722.9568059596695,632.9981252977504,544.7747168468253,544.7747168468253,729.595233053557,743.7055055087719,,768.7077519147628,689.1226618806795,405.6688565206762,621.5274882971329,693.0846178049699,690.9157387278509,733.6457419897511,770.455339793775,681.4062274705127,738.490691602967,498.42729204550096,731.5053811692242,415.61031821686794,527.5136603457593,327.7045003607287,443.4869320737017,435.62161643415857,743.8524282324702,514.5563365368081,634.5408352910868,775.4531701369569,736.9948133558322,597.7290286126097,,452.222536601558,361.07819084281067,367.42005946988604,466.98279263385604,511.50724168317976,508.9205180373644,500.28908267744686,,613.2332071576595,305.61510004428135,433.940357537683,557.1771445101537,451.464267304467,553.2278380807276,,,731.3648295052486,740.8342627894931,724.0803635967115,741.9280397363076,520.2625804040508,605.3610401999273,537.945853342433,391.52508811993795,456.70888386772424,584.6706796521754,459.106937375349,565.4724015889975
v_13.700000000000001h,563.1521769922706,,,805.737078819943,742.7485957814677,409.65863243353965,409.65863243353965,479.19329098998395,500.9419881509201,,665.0025892320175,645.8209119182617,728.5311105821615,540.8143954491899,903.2428889110887,713.628013410601,402.1548637349165,558.8208983355482,558.8208983355482,485.30414500516025,608.4981465959899,422.4745587903173,412.31961861073,540.1400214312838,1017.4807647514511,369.0249219138138,528.1997598884594,,,512.8484214946013,509.1478410919397,686.5250829301343,491.05033324658,645.9367259048951,,448.5124762205747,448.5124762205747,508.41060882025016,725.6535675297499,632.9973883781755,544.7747168468253,544.7747168468253,729.5952339437966,743.7055055087719,,771.5138959221881,691.4531505087119,405.6688565206762,622.0237790336223,693.1077884914757,690.9157387278509,733.6768306480659,771.4857397546643,681.4164630208527,738.490691602967,498.4260525657087,731.5053811692416,415.817835387756,527.4630913664683,327.0051770850941,443.4869325368492,436.4261534230865,743.8524282324702,514.3919668019435,634.5408352910868,778.1056878660789,737.1740232120981,597.7307219861098,,452.30575148443455,361.07819084281067,367.42005946988604,467.98894936323615,512.7465386101408,510.0806491587598,501.5285555926225,,613.2424965309083,305.61505326183755,434.9223731961933,556.8441022550888,452.0670117367852,554.9095054309174,,,731.3648295052486,743.6582293721791,726.7591568122739,741.9590436762884,520.2625804040508,607.168199634763,539.2949691777789,391.5372951189534,457.4086189339651,586.2166475875116,459.8423113505045,566.9653389279647
v_13.8h,564.731299369229,,,809.8503232104814,742.7485957814677,409.67112574640606,409.67112574640606,478.4614397556942,500.98964026478234,,666.1308214005363,647.6436109000249,728.5311109520392,542.3714441819369,908.4131511412724,716.1111239281751,402.1030866868494,560.0265929810998,560.0265929810998,486.4176106051721,608.5794161330139,423.18237651270675,413.0315043564923,539.8389547524858,1021.6431396042966,369.0413698074051,529.4929416541294,,,512.8493455862471,510.2952787725335,687.1165970128569,492.40936249157033,645.9367259048958,,447.76563108852343,447.76563108852343,509.68220487760743,728.2368042702675,632.9965209109381,544.8665440806282,544.8665440806282,729.5952348741255,743.7055055087719,,774.2099383319437,693.6035569784291,405.72423613412474,619.5185455937802,693.1308282040627,690.1748372362946,733.710245063315,772.6057522044326,681.4264509670282,738.490691602967,498.4260525657087,731.5053811692416,416.0156474247671,527.4167119344368,327.0051771533102,443.48693298116285,437.219194327214,743.8524282324702,514.2472961163959,634.5408352910868,781.3640218180802,737.3658034678621,597.7324117885717,,452.38746323110496,361.0782042813997,367.1119916016612,468.96593423180275,514.0339552370324,511.3543308266813,502.8476554177409,,613.2518140318984,305.6150043361519,435.8732496514651,558.3614854969306,452.0670117367852,554.9420662586072,,,731.3648295052486,746.1465129315617,729.6708587599275,741.990377981567,520.0726817309019,609.1941968339075,540.5836606671144,391.54963667115965,458.15565098894217,587.9099904986042,459.8423113505045,568.6216972508196
v_13.9h,566.4191067921245,,,814.3318799854326,742.7485957814677,410.93795782779927,410.93795782779927,480.5814027698623,503.94112580398547,,667.1906733851513,649.7587250389895,728.5311113347914,543.8615663355533,913.21950201987,718.7997533740398,403.164555717462,561.218420320623,561.218420320623,487.6528021851432,608.6593616992394,423.88562769529767,413.75398352101956,541.7329943442442,1025.5937543798475,369.0586958117082,530.7845309837676,,,512.8502780149938,511.41080466448597,687.7008443643035,493.81475423091285,645.9367259048962,,447.0487192376349,447.0487192376349,510.9076218352005,730.5359448681517,632.9955897388181,546.5711058270476,546.5711058270476,729.5952358386826,743.705505508772,,776.7229554699012,695.5952108551722,404.8159101766935,620.0258994686853,693.1537380644388,691.9502592263967,733.7390916731495,773.7547390456434,681.4264509670282,738.490691602967,498.42479308563907,731.5053811692591,416.2175909272446,527.3742743245326,327.0051772239282,443.4869334051153,438.0009957598401,743.8524282324702,514.0922160547782,634.5408352910868,784.4947628956426,737.5496693480716,597.7340978640416,,452.46768160270943,361.0782175980709,369.03826531491893,470.0013105654808,515.36523091099,512.6129785135024,504.11994622864887,,613.2611622412891,305.6149531821298,436.79464829448074,559.9363830655639,451.65607561588604,556.603594692595,,,731.3648295052486,748.4945222600613,732.566823159994,742.0220277574219,521.9779980416354,611.1425520199465,541.8343675204966,391.56210537669557,458.88603303781963,589.5423342465253,459.5548717919449,570.196945959738
v_14.0h,568.151739443634,,,817.9996995802254,742.7485957814677,412.225574227496,412.225574227496,482.6287834358018,506.8868622850644,,668.2601536872817,649.5467286928571,728.5311117308523,545.4821936055961,913.21950201987,721.1815059550032,404.21981624072964,562.3934127173071,562.3934127173071,488.83799368821803,608.738076598501,424.61427941480326,413.75398352101956,543.475870470949,1029.3619574861796,369.0586958117082,532.0364038264044,,,512.8512188023924,512.4963982271968,688.2778528005143,495.2462243381852,645.9367259048967,,447.0487192376349,447.0487192376349,512.0907274489265,733.0852532151943,632.9955897388181,548.5047002845355,548.5047002845355,729.5952368385745,743.705505508772,,779.0651532032081,697.9454394587558,404.87267237478386,620.0258994686853,693.1867712064637,693.6836643951301,733.768174423602,774.8938370399844,681.4324034725919,738.490691602967,498.42394355199116,731.5053811692775,416.4167030345972,527.3354651283538,327.0051772970298,443.48693380708204,438.771816108239,743.8524282324702,513.9258971742083,634.5408352910868,787.3255551856231,737.7086968510965,597.7357800578363,,452.5464168869536,361.07822838857396,366.8031772335672,471.03933853508045,516.6509181662443,513.827972554805,505.34369883647446,,613.2705437572967,305.6148997114744,437.7696378912416,561.4559634090782,452.25757975429286,558.145393062494,,,731.3648295052486,751.4524066836912,732.566823159994,742.0539775378834,524.0007673413029,612.9873396260111,543.0578982707482,391.5747013195827,459.5872003070956,591.1312370407705,460.2857787496474,571.7364924335797
v_14.1h,569.7942991545394,,,822.945423735594,742.7485957814677,413.49562479315574,413.49562479315574,482.6287834358018,503.92561523254125,,669.58295504881,651.6994099924891,728.5311121406686,545.4821936055961,913.9271808916177,723.5103348135328,405.25270101054116,563.6965422092102,563.6965422092102,489.9767442212165,608.8156468742517,425.3351014583669,413.769177237402,545.3039883908443,1032.9816907147142,369.0754677917257,533.2511667200434,,,512.8521679691064,513.5539410633464,688.847666821977,496.59044488634356,645.9367259048973,,446.8316120496337,446.8316120496337,513.412091950082,735.6644704382223,632.9946865589405,550.2974087303885,550.2974087303885,731.256639242139,743.705505508772,,781.8879735823851,700.2254818263434,404.92866831461237,620.1790704235804,693.2292064844756,695.4276736568729,733.7979114311813,776.0400958023398,681.442167726861,738.490691602967,498.4226445811782,731.5053811692966,416.6267660830775,527.2999821228171,327.0051773726957,443.4869341853359,439.5319146318435,743.8524282324702,513.7474379578317,634.5408352910868,790.3215386191878,737.8787458922968,597.7374582165872,,452.2207580430699,361.0782413940809,368.73385838210635,472.04737145931836,517.8940510677028,515.0024990412977,506.6241543192895,,613.2799611976968,305.61484383256845,438.73477344185807,562.9087248856133,452.85868652429247,559.935250249947,,,731.3648295052486,754.0367016410718,734.992023895643,742.0862113048158,525.8911483255883,614.8380754474367,544.2888067526161,391.8619610447846,460.3064376998114,592.6625610780359,461.021916207025,573.2073408990819
v_14.200000000000001h,571.3298399362842,,,827.0250102196234,742.7485957814677,412.22831961250813,412.22831961250813,481.87936533704357,506.8472977837181,,669.6173786635602,653.714918787542,728.5311125647008,545.3114864414317,919.9236411104623,726.211923088426,406.3210543917466,564.9829222630323,564.9829222630323,491.1443493513789,608.892122031155,426.75392707150553,414.47545408104895,543.2946369984406,1036.4729149532689,369.09305390654043,534.4312921018633,,,512.8531255348915,514.6683954439402,689.4103501844792,497.9922497641856,645.936725904898,,446.08761417582883,446.08761417582883,514.685546773564,737.9411130733928,632.9936278865792,548.4949881271842,548.4949881271842,731.2566397010199,743.705505508772,,784.7433825755676,702.3369511391753,404.9838997379758,620.6872469059367,693.2292064844756,693.0124956631962,733.8255767973247,777.177897178275,681.4517070230518,738.490691602967,498.4213248684679,731.5053811692961,416.83768812890827,527.2675479174897,327.00517745101297,443.4869345380387,440.3074754921571,743.8524282324702,513.555858415208,634.5408352910868,793.7318907876399,737.8787458922968,597.7391321882851,,452.29586206050004,361.07825420595765,370.6671935363364,473.0270520313259,519.1363613206015,516.2047039262467,506.6241543192895,,613.2894172018096,305.61478545035555,439.67044482325616,564.3506535280334,453.4592947862731,561.6108531423827,,,731.3648295052486,756.6358645083429,735.26755321443,742.1187125085727,527.8688641128763,616.8502851447962,545.6161775509214,391.5874192224491,461.04105414461304,594.2385724412859,461.7555246421306,574.7879987689989
v_14.3h,573.1338703457194,,,831.4497745298447,742.7485957814677,413.4791220998189,413.4791220998189,483.9525059798751,509.76483693927,,670.9408353978089,655.6201056641679,728.5311130034256,546.9172681446829,925.2611122055679,728.6007329443952,407.34991947478716,566.2411430454674,566.2411430454674,492.3670383667114,608.9756096796494,427.4522671615397,415.204129001808,545.0518372955422,1041.2511719268775,369.09239492809326,535.7369155394108,,,512.854091518594,515.819138558755,689.9659891314035,499.4319368385693,645.9367259048984,,445.3218803962749,445.3218803962749,515.9143811076559,740.2758660641974,632.992498877557,550.3813468284252,550.3813468284252,731.256640176638,743.705505508772,,787.3847532576208,704.2989069978004,405.03830434207225,620.3078117824783,693.271407005234,694.784943235534,733.8538897918387,778.3223871636279,681.4481345251846,738.490691602967,498.41998416152353,731.5053811693159,417.0457233002887,527.2379079268901,327.70450072707706,443.4869348632389,441.0915854197677,743.8524282324702,513.3898884142243,634.5408352910868,796.8349405840146,737.8405681874331,597.7408018223206,,452.3695289533789,361.0782667975267,368.42872317159964,474.0145913769376,520.4771075788525,517.4848137619582,506.6182620226246,,613.2989144324409,305.6147244662096,440.58624776639346,565.9309680173874,454.0593058606121,563.1804107347342,,,731.3648295052486,759.6905505515782,737.9471963038178,742.1514640902034,529.7894994947129,618.7561001123919,546.9229798456905,391.78569838523333,460.43642999190337,595.8954726155406,462.48657577499137,576.3764530003798
v_14.4h,571.5547065232693,,,836.0299356302955,742.7485957814677,414.77708495232974,414.77708495232974,486.022638836119,506.9045885011575,,672.23920943535,657.4221642639177,728.5311134573343,548.517404899454,929.8190603665619,730.7414524793118,406.2558724278388,567.457281120521,567.457281120521,493.5422905656176,609.0709444997692,427.34183356220484,415.92214251540173,546.8797002813723,1045.9966585227567,369.1101472161172,537.0223939204465,,,512.8550659381567,516.9393184425994,690.5419875099282,500.7631117446499,645.9367259048984,,444.5955321899178,444.5955321899178,517.1017130979399,742.8622755520879,632.9912974219882,552.1389567910777,552.1389567910777,729.59524005481,743.7055055087721,,789.8639852958818,706.5996488280846,405.09187515522717,620.8147612706857,693.3133741979563,696.5126897825994,733.8814328156866,779.4590785753871,681.4576801740575,738.490691602967,498.4186222061472,731.5053811693358,417.25093009814674,527.2108285059652,327.7045007958111,443.4869351588601,440.94174161457886,743.8524282324702,513.2227688212099,634.5408352910868,799.668505161066,738.0195432408195,597.7424669695215,,452.4417710044186,361.07827914060766,370.3639069250296,475.0589894076573,521.7734633397793,518.7216371956531,507.8946353094327,,613.3084557264373,305.61466077780625,441.56932853248935,567.4475670568227,453.0653711768316,564.9054679694362,,,731.3648295052486,762.3725985067604,740.8665595628496,742.1507967916369,527.5880598274058,620.5721696410865,548.1867649009612,392.6226791339396,461.1781137227907,597.4779085106829,463.21504822840956,577.9195019995831
v_14.5h,573.1741456225741,,,839.8082941868672,742.7485957814677,416.0182854125244,416.0182854125244,485.3017098340823,509.85826837820446,,673.464596047723,659.3086543843617,728.5311139255692,550.0459271194472,936.2624131846619,733.4282648924808,407.3114654538686,568.6489000036796,568.6489000036796,494.67350178524237,609.1648953556103,428.04477777587783,416.62971315449823,548.7050545246988,1054.7275837451582,369.12799581593924,538.2704537786774,,,512.8560486594407,518.0308008632081,691.1149933501124,499.4564629816668,645.9367259048988,,445.09382332691183,445.09382332691183,518.3803270523626,745.1361271513651,632.9914144490974,553.9062922216216,553.9062922216216,729.5952412078217,743.7055055087721,,792.4889388076467,708.8433505648951,405.1446156047323,621.3227727027133,693.3551070615258,698.1928542555439,733.9082637443745,780.5913987365103,681.4670389661682,738.490691602967,498.4172387462869,731.5053811693357,417.45488102320206,527.7544953105852,327.70450086695513,443.4869354226962,441.7117017823515,743.8524282324702,513.0429835602193,634.5408352910868,803.0423741316145,738.1753753922893,597.7441274821933,,452.5126010046778,361.0782912054475,368.13493586369356,476.07400488211715,523.0283349578359,519.9182700639335,509.19406482040614,,613.3180470396914,305.6145942849248,442.52280405210143,568.9202539286259,453.6710471613238,564.8754160589745,,,731.3648295052486,765.1339824169225,743.3150179339659,742.1837815790914,529.5926760530609,622.4663186318141,549.4123782760448,393.4710626021385,461.89120253208455,597.1155675927157,463.9409274918292,579.3964794797455
v_14.6h,574.9566939255224,,,844.8863645165276,742.7485957814677,416.0400499801741,416.0400499801741,485.3017098340823,512.8017536735903,,674.669211189578,661.3985488502108,728.5311139255692,551.5066256036695,941.3650491825701,735.8457669369359,408.3282841788607,569.8244982001867,569.8244982001867,494.81780158139935,609.1476268603169,428.74052722388836,417.32915685636755,548.4032373249922,1058.7928229090794,369.12739476822907,538.3608277346545,,,512.8570364042396,519.0953600788409,691.6790493865008,500.8552171487822,645.9367259048994,,444.3450677502957,444.3450677502957,519.6643072253507,747.3619048693081,632.9901466020144,553.93613375921,553.93613375921,731.2566411769067,743.7055055087724,,795.5264175943712,710.9277298658582,406.16829894971795,618.799031281481,693.3966046069497,699.8947405678139,733.9338886121903,781.7334096139672,681.476231921414,738.490691602967,498.4158335240439,731.5053811693564,417.6718223731269,527.7291900813285,327.7045009405891,443.4869356524041,442.48846088220387,743.8524282324702,512.8494704660596,634.5408352910868,802.8839235028894,738.3420363026664,597.7457832141475,,452.5820322521078,361.07830296065407,370.0643699627983,477.06121815664255,524.244423798144,521.0775249508756,510.45065234662883,,613.3276909007657,305.61452500993715,442.4886562791586,570.3447571059941,454.2758970089673,564.8754160589745,,,731.3648295052486,768.307976343046,746.1947244013393,742.2169811874063,531.4738040414459,624.4461734977677,550.6090281167285,394.3236202495897,462.5766516337554,597.1155675927157,462.94490982463975,580.8394308229674
v_14.700000000000001h,576.6335509547574,,,844.368045674188,742.7485957814677,416.0400499801741,416.0400499801741,487.355651538135,515.7507186294067,,675.8556613256271,663.3693414504363,728.531114411404,553.151210362808,946.5240166783765,738.003854152371,409.3940923027287,571.0162990169902,571.0162990169902,495.9408688206309,609.2415291214071,429.4292346077401,418.0210021180451,548.4032373249922,1062.6973869442277,369.14540744688395,539.6116649626296,,,512.8580293368741,520.1348076694468,692.2340962765844,502.1800060814555,645.9367259049,,443.53624380497433,443.53624380497433,520.9046918959118,750.1245134021611,632.988803090166,553.93613375921,553.93613375921,731.2566417060568,743.7055055087725,,798.3622866777214,712.8715714501419,405.273171978756,621.4225715781107,693.4378658577402,697.5230317854495,733.960117260135,782.8690072408244,681.4823145637786,738.490691602967,498.4144062796773,731.5053811693776,417.8858831624063,527.7060828942163,327.7045010167964,443.48693584549204,443.2546209465895,743.8524282324702,512.6410417501536,634.5408352910868,806.4529923804382,738.5029269158097,597.7474340207357,,452.65007667847823,361.0783143731222,371.9975657220472,478.02214573316945,525.5499965038763,522.3203173426576,511.6622824734732,,613.3373898695068,305.6144528471547,443.44130031512026,571.8272347384478,454.87982907597996,566.6721961685558,,,731.3648295052486,771.1147310140285,748.9832948082397,742.2503771777002,533.450039611503,626.3282276420132,551.912737807127,395.16004834287435,463.2713905418702,598.7600798193516,463.66611365150726,582.4311724013252
v_14.8h,578.2025449130259,,,849.3475507211118,742.7485957814677,417.3026743617097,417.3026743617097,489.3336667441026,512.8221807145043,,676.99290697169,665.2375861164659,728.531114913993,554.7292458151536,952.7575592765987,740.4175215296697,410.42704106550934,572.3162589932195,572.3162589932195,495.9408688206309,609.3341329002516,430.11079667730814,418.04039409721844,550.2531965639769,1066.463633176806,369.16352022958915,540.8277920302037,,,512.8590276235691,521.2977653300602,692.7800769486389,503.594889113586,645.9367259049004,,443.29143301274644,443.29143301274644,522.0875013069336,752.5880513293099,632.9873825248333,555.7806356511564,555.7806356511564,731.256642254175,743.7055055087725,,801.0055081107979,715.0299921174304,405.273171978756,619.4137118225525,693.4788898505011,699.2371245055068,733.9849914015682,783.9953691546401,681.4823145637786,738.490691602967,498.41339876355005,731.5053811693992,418.097119189793,527.6849892158585,327.7045010956611,443.48693596653567,443.2546209465895,743.8524282324702,512.4587864702238,634.5408352910868,806.4529923804382,738.6421391609427,597.7490797588861,,452.7819437572128,361.07832540795937,369.7711908806829,478.1202267506178,526.8652933556988,523.587318413863,512.9388395530549,,613.3471465388386,305.6143776870492,443.44130031512026,573.3562315720098,455.48275424600865,568.3591157612374,,,731.3648295052486,773.9111576491371,751.6607497095368,742.2839507051876,535.3661444342745,628.1035524761224,553.2303269213436,395.0794859927157,463.9934990407218,600.3340709756653,464.3841605280304,584.0043880420335
v_14.9h,579.8971144591216,,,853.434323406848,742.7485957814677,418.57208175491417,418.57208175491417,488.6049083676094,515.7372102339419,,678.1100265426983,667.0152677171125,728.531115433893,556.2489921769835,957.76608581767,742.872522761517,410.3801081141741,573.5960331021402,573.5960331021402,497.18350739205624,609.4255258274783,430.81047524795014,418.04039409721844,551.9718023337335,1070.119585435004,369.18124695487694,542.0114803615346,,,512.8600314325255,522.4310315405536,693.316936727843,505.01715123044374,645.9367259049009,,443.29143301274644,443.29143301274644,523.2772816034353,754.8878190904545,632.9860367653722,557.6111866957197,557.6111866957197,731.2566428218548,743.7055055087725,,803.5013079762715,717.2826445980323,405.32348431728667,619.4137118225525,693.5196756356218,700.947142516799,734.0089441878695,785.1185216536203,681.4913784224079,738.490691602967,498.4119279789559,731.5053811693992,418.3055848984747,527.6657397054843,327.70450117727194,443.4869360783059,444.0104204796632,743.8524282324702,512.2744926080514,634.5408352910868,809.846525759966,738.7915445221478,597.7507202871599,,452.84579585773304,361.0783360284072,371.7054922252661,479.0790623389192,528.1396395375267,524.8138142874792,514.23380972659,,613.3569635365967,305.61429941611584,444.3661471633524,574.8518249137497,455.0879099764598,569.9533060862246,,,731.3648295052486,777.2697372035515,754.8340327739468,742.3176825484162,537.2784426107692,627.8846341664533,554.504200833112,395.0794859927157,464.6880640320561,601.8767020232588,465.10789791237914,585.5147151015848
v_15.0h,581.6515590142162,,,858.1081574037355,742.7485957814677,418.5768361329258,418.5768361329258,488.6049083676094,518.605783256539,,679.4603659193789,668.9195166517126,728.5311159716792,557.6981973844044,958.944400566717,745.0476624997057,411.40212111212486,574.8321963994858,574.8321963994858,498.39329662871603,609.5157890875097,431.5126116822662,418.7349705511241,551.7890773293476,1074.0695639359108,369.18124695487694,543.2641890051138,,,512.8610409339893,523.5363807601184,693.844623452761,506.36301532966417,645.9367259049018,,442.5302149717995,442.5302149717995,524.5757162168801,757.8332779965015,632.9860367653722,559.3216641972614,559.3216641972614,731.256643409708,743.7055055087726,,806.423237381625,719.3693589008446,405.3729817114222,619.931589757041,693.5602222780884,702.5848990673019,734.0350152203212,786.246707195615,681.5002820275466,738.490691602967,498.4119279789559,731.5053811694221,418.5197529763181,527.6481789716761,327.70450126171977,443.4869361450077,444.75615104419285,743.8524282324702,512.0749046952926,634.5408352910868,812.9267476490202,738.9351530473674,597.7523554602045,,452.90828063535974,361.0783461957635,371.410323742989,480.08050651175586,529.3757106587844,526.0026846973764,515.5053008215659,,613.3668435273923,305.61421791673314,445.2813262496328,576.2915507897878,455.0879099764598,571.6380157378692,,,731.3648295052486,780.2377600664488,757.5379254909642,742.3515531397342,537.0507795218222,629.6940524789337,555.7515571439253,395.91546173432874,465.35673250126763,603.3652814941795,465.8308746002098,586.9812180065337
v_15.1h,583.29914765382,,,858.1081574037355,742.7485957814677,418.5768361329258,418.5768361329258,490.63318486220146,518.675476674244,,680.7872922567933,670.9820920093382,728.5311165279446,559.3445768347472,963.4937818704158,747.2594078143709,411.40212111212486,576.0535136691275,576.0535136691275,499.5588055717358,609.6049979614463,432.2075095592322,419.4222037631649,551.7890773293476,1079.1238931353892,369.2017079377443,544.5591432024506,,,512.8620563003241,524.6155019807575,694.3630875804373,507.7118037887573,645.9367259049018,,441.706964052543,441.706964052543,525.8254789633663,760.4593887445221,632.9844686256937,559.4471528876594,559.4471528876594,731.2566440149384,743.7055055087728,,809.4886946083203,721.3139635797494,405.4216686867487,619.4825623447534,693.6005288584033,701.9251257203706,734.0567755458854,787.3713854764786,681.5064437292315,738.490691602967,498.41043438638644,731.5053811694452,418.73973470473845,527.6321644308423,327.7045013490968,443.48693616347134,445.4932079872226,743.8524282324702,511.8586178993192,634.5408352910868,815.7795174639589,738.9119307740722,597.7539850179742,,452.96941380974914,361.07835586929394,371.410323742989,481.1060987270626,530.576048109319,527.1566420658999,516.7276877468255,,613.3767892145044,305.61413306701627,446.2564957189491,576.0191456568496,455.6939608178952,573.388126896275,,,731.3648295052486,782.9222175707293,760.7545499536088,742.3855425969249,539.0046230937537,631.4590296026998,556.9729513157486,396.73806776127026,466.05103636407637,604.921340021547,466.55075341916745,588.4151595347483
v_15.200000000000001h,584.8679179076114,,,862.875191588996,742.7485957814677,419.81221963343876,419.81221963343876,489.8890020863509,518.675476674244,,682.0634083744717,672.9359711920487,728.531117103301,560.9200540202187,963.4937818704158,749.9222114997258,412.4401714700562,577.24654671528,577.24654671528,500.68346843568594,609.6932223222228,432.89532126153273,420.1273219488685,553.5146065468732,1083.920937214236,369.22244317247714,545.8185216282385,,,512.8630777060857,525.6700005255005,694.8722822781242,509.1603448350667,645.9367259049023,,441.42371443578793,441.42371443578793,525.6962977960823,762.8298588108079,632.9828215781296,559.4471528876594,559.4471528876594,731.2566440149384,743.7055055087728,,812.3547777952663,723.2272612822261,405.46954997843324,619.9979718420088,693.6405944739168,703.59250500372,734.0814572078771,788.4881358614131,681.5064437292315,738.490691602967,498.4089177188373,731.5053811694452,418.9569359109563,527.6175652592229,327.7045014395002,443.48693616347134,446.23504928481424,743.8524282324702,511.63673255408276,634.5408352910868,819.5081155943615,739.0642548973113,597.7556088478182,,453.02921148599023,361.0783650061491,373.34763764625063,481.1060987270626,531.9097319032295,529.6683210927398,517.9530561490932,,613.3868033418192,305.6140447406662,447.20351026790615,577.5066242046007,456.29870619537223,575.0189710218532,,,731.3648295052486,786.5146927160738,763.8476224003971,742.4196307559165,539.0046230937537,633.4744346408829,558.1607906654847,397.59149024288143,466.7581561343271,606.5265087327571,466.2977176458601,589.9733133411879
v_15.3h,585.1066675796792,,,866.8278876449159,742.7485957814677,421.0982125653192,421.0982125653192,491.9303666295755,521.6230143184006,,683.3324206297473,674.788489456072,728.5311176983798,562.4251904273857,970.1483203156384,752.3089477946147,413.48155886318955,578.4192887772814,578.4192887772814,501.9444094837066,609.7805270863703,433.57619809691255,420.8396619169722,555.2375818126952,1088.4922285581406,369.22244317247714,547.0445752279539,,,512.8641053280926,526.7135043150915,695.3721634994391,510.5248227277985,645.9367259049028,,441.42371443578793,441.42371443578793,526.9658312637913,765.863212810313,632.9810956629506,561.1345631818755,561.1345631818755,731.2566446450842,743.7055055087728,,815.0518790733047,725.4933713940727,405.51663052754145,617.9759504467706,693.6804182399228,703.59250500372,734.104258173466,789.601018299012,681.5152076418992,738.490691602967,498.40737770750644,731.5053811694695,419.1722777062446,527.6042614308236,327.0051784011761,443.4869361303312,446.9988884642686,743.8524282324702,511.44425037746964,634.5408352910868,822.9684768091469,739.1749912634917,597.7572268386505,,453.0876901477076,361.07837356127175,371.1225059934092,482.1044278928756,533.2119413194697,530.8953833712509,519.2569107186692,,613.3968886957994,305.6139528068142,448.1238489693748,578.926143470529,455.91730293825964,575.140809071754,,,731.3648295052486,789.6679019158807,766.5830300287349,742.4537972045066,540.9291896296127,635.3903592918549,560.7825726740091,397.49027653241785,467.4392779883534,608.1044719981987,467.00917697059396,591.5364596372591
v_15.4h,586.6676778713253,,,871.8920262085957,742.7485957814677,421.0821487872851,421.0821487872851,491.9303666295755,521.6495597969603,,684.5566089576002,676.5554198512582,728.531118313833,563.8836786040233,975.7561321777621,754.5067224743163,414.486109481243,579.568398984336,579.568398984336,503.1593453280718,609.8563161864645,434.2502900246615,421.54461141940135,555.0447024782474,1092.8717846713848,369.2433468779791,548.2394411236075,,,512.8651393455036,527.8684170565298,695.8626900424156,510.59735649490733,645.9367259049034,,440.6442914542571,440.6442914542571,528.1954893195148,768.6874065250198,632.9794863292377,563.0230904525931,563.0230904525931,731.25664529733,743.7055055087728,,817.6053617483652,727.5985236006933,405.56291547727477,617.9759504467706,693.6804182399228,705.2682252685938,734.1266805205942,790.706761612362,681.523816140182,738.490691602967,498.4058140818046,731.5053811694941,419.3860207746729,527.5921428342566,327.0051785151041,443.4869360420143,447.75397368603586,743.8524282324702,511.2351238568318,634.5408352910868,826.1455984293259,739.3155517663457,597.7588388809638,,453.14486665036475,361.07837910415844,373.05222559898544,483.07696917562964,534.4759430313147,532.0867872419144,520.5255506341866,,613.4070481075006,305.61385712985947,449.0266460297874,580.3102220787034,456.52138380151047,576.76311166988,,,731.3648295052486,792.4965437139332,770.1788293954016,742.4880222773231,542.7816147739818,637.20645028304,562.0596387460793,398.34001372065416,468.0959296159638,607.7251582339381,467.7174398738993,593.0422233018293
v_15.5h,588.4611863659796,,,876.5724768902348,742.7485957814677,422.35146757079974,422.35146757079974,493.854580614423,521.6495597969603,,685.7281609037937,678.3540118016743,728.5311189504293,565.4826166025488,980.3677476462257,757.3772608185399,414.4539311411037,580.8542994816341,580.8542994816341,504.33144605160317,609.9426975009466,434.9177454064335,421.54034131405535,556.7680613363718,1097.0851834967561,369.26495925603473,549.4051449347064,,,512.8661799398884,528.9957662170117,695.5206903820585,511.9497693511746,645.936725904904,,439.8004873654113,439.8004873654113,529.3879603455024,771.2463457739549,632.9794863292377,562.9763450681786,562.9763450681786,732.4786276829815,743.7055055087728,,820.5369860647203,729.5564009069354,405.6309145580155,620.5492477392825,693.7199992915439,706.8679031952356,734.1476674637391,791.8118786992809,681.5311066247781,738.490691602967,498.40422656936477,731.5053811694941,419.60723783255094,528.1226647085574,327.7045017302372,443.48693589785,448.5005291940906,743.8524282324702,511.00776473437656,634.5408352910868,829.0783443876089,739.3155517663457,597.7588388809638,,453.2007582148318,361.07838726701283,372.76964834375946,484.02570243222203,535.7042110695214,533.2450704751021,520.5156085297684,,613.417284454628,305.6137575692994,449.9997603557995,581.8070290969167,456.52138380151047,578.3631627364891,,,731.3648295052486,795.9291103572283,773.2524631620371,742.5223058373572,544.767774955206,638.9460962054355,563.3117395479346,398.34001372065416,468.18194898037257,609.3259524963943,467.7174398738993,594.5235006932064
v_15.6h,588.4611863659796,,,880.484778946822,742.7485957814678,422.35146757079974,422.35146757079974,493.1740901918445,524.534862854595,,686.8913391822375,680.4251718465937,728.5311196110412,567.0775978355888,987.1117719233165,757.0125174588062,415.45444040199914,582.1358738141323,582.1358738141323,505.4624703091614,610.0282737732737,435.57871078002626,422.2487009162331,556.7680613363718,1101.1601197058274,369.26495925603473,550.713287137434,,,512.8672272953085,531.1741884889922,696.0271871506442,513.2631180149034,645.9367259049046,,439.49082800988646,439.49082800988646,530.5457886731889,774.1109929853739,632.9776154056393,564.8763226486042,564.8763226486042,731.2566466672876,743.7055055087728,,823.7074891538514,731.3922327022685,405.675656865545,618.5347980442722,693.7593367857146,706.2438509960059,734.1700508680261,792.9214514214373,681.5311066247781,738.490691602967,498.40261489605354,731.5053811695198,419.834169944454,528.1123836987334,327.70450183375306,443.4869357639758,449.23877842211806,743.8524282324702,510.7617747967467,634.5408352910868,832.783234864456,739.4674771053554,597.7604448668395,,453.2553824212885,361.0783956326195,372.76964834375946,485.0164534045517,536.899094158555,534.452565898656,521.782939172717,,613.437999711923,305.61365397956115,450.94560621265396,583.3082794750437,457.12407230716036,578.3631627364891,,,731.3648295052486,799.3506688418113,773.4124091868748,742.5566267126997,544.4901898660254,640.8789348987949,564.5225000909104,399.1767469011161,468.8237331391643,610.8810924078734,468.4225161744265,595.9505805011353
v_15.700000000000001h,590.1922265107165,,,885.8065805898113,742.7485957814678,423.5881409297879,423.5881409297879,495.1121413569843,524.4880822215354,,688.07179829221,680.2025074946731,728.5311202965033,568.5927035017984,992.8943488928256,759.8958696754971,416.50877750891146,583.3781807785762,583.3781807785762,506.72040741029537,610.1130980823709,436.26088571291734,422.94991880275086,558.6082863832011,1105.1131299859774,369.28620530318125,551.9909003132358,,,512.8682815983914,532.2282754584527,696.5244279547934,514.7134140392542,645.9367259049053,,438.68715585177756,438.68715585177756,531.841685525136,773.956713553674,632.9756688053909,564.8763226486042,564.8763226486042,731.2566466672876,743.705505508773,,826.684457655593,733.432780308417,405.719619713495,618.5347980442722,693.7984299036061,707.8735896004973,734.192247199845,793.7829526056796,681.5448613785109,738.490691602967,498.40143300841476,731.5053811695459,420.05916647227417,525.9334639864976,327.70450194047606,443.4869356412975,449.9689435593068,743.8524282324702,510.5580249214489,634.5408352910868,836.3926236610306,739.597531049452,597.7620446899585,,453.30875720355135,361.078404205132,372.47887440568144,486.03532336938014,538.2215309544157,535.7275878531444,523.0169377951948,,613.4484846299196,305.6135462098194,451.8656066469306,583.3082794750437,457.72529001066,580.15246398907,,,731.3648295052486,799.1461294695231,776.3602350825538,742.5909635928397,546.4246107850996,642.8299768395542,565.716326069598,399.99770353824283,469.5039000876517,612.4011875608787,469.12704692876287,597.412315755167
v_15.8h,591.8336723183224,,,890.4923405766874,742.7485957814678,423.58935061620747,423.58935061620747,495.1121413569843,527.485022773345,,689.4765102371176,682.2399908503346,728.5311210064804,568.4630715313057,993.8059279919717,762.485017099281,416.50877750891146,583.3217994022035,583.3217994022035,507.9435700390514,610.1972199448323,436.94213022840563,422.94991880275086,558.2558078467414,1108.9659889995028,369.3081089836373,553.2360328930282,,,512.8693430384088,533.2608305941944,697.0123609291657,516.100385775127,645.9367259049053,,438.68715585177756,438.68715585177756,533.1036898534752,776.9124393698198,632.9738794784205,566.6501833349485,566.6501833349485,731.256647390008,743.7055055087731,,829.483071838966,735.5810314688439,405.7628090152585,618.5374764992781,693.8372778535277,707.8735896004973,734.2129645511417,794.8745306550944,681.5583384601248,738.490691602967,498.399773514413,731.5053811695733,420.2822423788526,525.9234857019904,327.70450205050236,443.4869355307687,450.69124515689384,743.8524282324702,510.33591618528715,634.5408352910868,839.6987901714002,739.7211720546013,597.7636382456022,,453.36090084393567,361.07841298875485,374.41277188420355,487.02891511561415,540.7865021250028,536.965727827775,524.2112102793955,,613.4590585034023,305.6134341038096,452.7611343130319,584.7830575149939,457.35233017287584,581.8373393819875,,,731.3648295052486,802.558931358358,779.8231650871733,742.624611844469,548.250145555948,644.6764262063585,566.9893591839282,400.81825284716126,470.1872833218776,613.8695105360581,469.8374433443353,598.9811671931678
v_15.9h,593.3853790555053,,,894.4377108273096,742.7485957814678,424.8559912872005,424.8559912872005,494.44106840353186,527.485022773345,,690.8669171333459,684.2359546046087,728.5311217442727,569.9990342452276,999.1028038844113,764.8324516295138,417.52643839798094,584.6028427878073,584.6028427878073,508.0491107705258,610.1972199448323,437.6167302120508,423.6441879443555,560.0909107605502,1112.7358088057579,369.3081089836373,554.450715042003,,,512.8704118073556,534.3802795839024,697.4909361007577,516.100385775127,645.936725904906,,437.81635011401147,437.81635011401147,534.3281964597454,780.0145185203427,632.9717997521234,566.7168952096038,566.7168952096038,731.256648137632,743.7055055087731,,834.7493287516096,737.5772780773066,405.7628090152585,618.5374764992781,693.8758798736196,709.4849853793055,734.2333865425452,795.959738399418,681.5679839518273,738.490691602967,498.39808903110367,731.5053811695733,420.5143026345718,525.9144239730585,327.70450216393016,443.48693543338896,451.4236799843612,743.852015269564,510.0936322516242,634.5408352910868,842.7662894769263,739.8394985729108,597.7652254306502,,453.4118319688051,361.0784219877435,374.41277188420355,487.9985504769414,542.0170656581747,538.1635056184862,525.5154265939092,,613.469724475639,305.6133174996378,453.71585410040905,586.196540871213,457.9552434990302,583.43563217947,,,731.3648295052486,805.5894065647965,783.275012433069,742.6589167125837,548.250145555948,646.4246514906752,568.3058709213772,400.74343935326453,470.84718325160776,613.8695105360581,469.6038227690512,600.5039243164686
v_16.0h,595.1453094047324,,,899.8411084911975,742.7485957814678,426.09681628669466,426.09681628669466,496.3777314666103,527.5469462699131,,692.2030909133063,686.1358443884741,728.5311225095808,571.4754500690269,1004.1159875603664,767.7152992047852,417.47865418834454,585.8597811679809,585.8597811679809,509.2655473784685,610.2952359622033,438.2848214722559,424.3317019689815,561.8226915524251,1116.7641281315582,369.32969206000286,555.6368737724273,,,512.8714881000358,535.5122274885132,697.9601052414172,517.4131760086718,645.9367259049064,,437.4911395851708,437.4911395851708,535.5177062634183,782.796854358561,632.9717997521234,568.4613750582805,568.4613750582805,732.4786289789363,743.7055055087731,,838.0943061831784,739.4301077501924,405.8052308667317,619.058541854085,693.9142352327526,708.7055472105974,734.2533611572882,797.0415789373694,681.5811664270976,738.490691602967,498.3963792774159,731.5053811696013,420.7505458628157,525.9061987156999,327.7045022808597,443.4869353502062,452.1729717408811,743.852015269564,509.83756159814567,634.5408352910868,843.2866529973979,739.8080582227561,597.7668061435727,,453.4615695450266,361.0784312064023,374.1325381547388,488.9454967243009,543.2159731435528,539.3357292100839,526.7981627314355,,613.4804857494727,305.61319622958246,453.67045987602563,587.5936630689883,458.5564779833998,583.6098039123641,,,731.3648295052486,808.6882649457676,786.2603612882705,742.6931731976789,550.2087723481413,648.203551555718,569.5877277126679,401.555589244993,471.4849332894681,615.325399997664,470.3059120116539,601.9908375444505
v_16.1h,595.1912590508764,,,904.6253398903267,742.7485957814678,426.09681628669466,426.09681628669466,498.33130975639654,530.4489232520533,,693.5136779712329,687.9329959384364,728.5311233033478,572.9273066322318,1011.0934857713361,770.5526229979612,418.48811764668625,587.0853981119885,587.0853981119885,510.4400099522521,610.3982685854213,438.94653794662923,425.012654724507,561.8226915524251,1121.960452422016,369.90151074468855,556.7974089553378,,,512.8725721141436,536.6196294706056,698.4198216428606,518.786093840079,645.9367259049071,,436.86368152377594,436.86368152377594,536.674586161659,785.338979867783,632.9696522442487,570.1508495780788,570.1508495780788,732.478629327282,743.7055055087733,,841.2307639860845,741.1687897018958,405.84689154224964,617.031846500363,693.9523432234006,710.3474125780449,734.1281259481949,798.1162260204904,681.5811664270976,738.490691602967,498.3946439705714,731.5053811696305,420.9847870162205,525.9061987156999,327.70450240139525,443.486935248349,452.91426912907133,743.852015269564,509.6188329076452,634.5408352910868,846.360956897608,739.9336268482709,597.7683802844151,,453.51013287764124,361.0784406490847,374.1325381547388,489.8966715109878,544.4810454572402,540.4782557171551,528.0363116659239,,613.4913455890627,305.61307011988725,454.61165815295686,588.9513220979258,458.5564779833998,585.1856555345657,,,731.3648295052486,812.438041658517,789.9778595037102,742.7273598199434,549.8822237763716,650.1824665313286,570.8456898077859,402.39515879418434,472.11752959468885,616.8738363348863,471.0049186877047,603.4415702231317
v_16.200000000000003h,597.0037149268961,,,904.5995528373668,742.7485957814678,426.10882196207575,426.10882196207575,498.33130975639654,530.4489232520533,,694.7737481791964,689.656425826178,728.5311241265471,574.5557759139978,1016.7314630035479,773.117727532408,419.5019258791144,588.2983787750885,588.2983787750885,511.5755122953737,610.5003941279407,439.60201151084016,425.044247592736,563.4705874729315,1126.930647261196,369.90151074468855,558.1031686641102,,,512.8736640503652,537.7039154818681,698.8700397696333,520.2242911139527,645.9367259049079,,436.86368152377594,436.86368152377594,537.943666477747,788.760721269979,632.9677106067264,570.1508495780788,570.1508495780788,732.4786296847805,743.7055055087735,,844.1948474567276,743.2212145589407,405.88779749054487,617.031846500363,693.9902044549154,711.983244451948,734.1507658582495,799.189180562714,681.5907693176996,738.490691602967,498.39288282609675,731.5053811696305,421.217039969538,525.8987366143574,327.70450252564444,443.48693519689965,453.64778091523084,743.852015269564,509.3795786728264,634.5408352910868,849.7464042602419,740.0546688696735,597.7699477547653,,453.55754160926614,361.0784503201918,373.85188833113165,489.97846524273257,545.7908065785642,541.748306258475,528.0363116659239,,613.5023115976426,305.6129389905474,455.5633077380568,590.4802533011723,458.18564809675587,586.8889627214896,,,731.3648295052486,815.7730576575304,793.4890905018482,742.7614551552912,551.8771453626296,652.0696923852705,572.0793836321733,402.39515879418434,472.7992487504452,618.4549509135242,471.70087143799856,604.8563693988448
v_16.3h,598.7395427662589,,,909.2417435060863,742.7485957814678,427.3193620159335,427.3193620159335,497.62011039765093,533.3107538024907,,696.0229663439378,691.4029277518852,728.5311249801821,576.1160549750355,1021.4544321250712,775.6683904383814,420.5372584383196,589.49084572344,589.49084572344,512.8256694915392,610.5907591165771,440.2513717956175,425.7290432684036,563.3207020408123,1131.706985428441,369.80726707403187,559.3767834098841,,,512.8747641124786,538.7664459419669,699.310714681657,521.5808139278283,645.9367259049087,,436.8636814719377,436.8636814719377,539.209176346203,791.8391536321177,632.965430217885,570.2790229776137,570.2790229776137,732.4786296847805,743.7055055087735,,847.0053753042554,745.2342003402028,405.0232982422028,616.9973951324159,694.0278466925904,711.983244451948,734.1727874899041,800.2569333510548,681.6036442985866,738.490691602967,498.39288282609675,731.5053811696603,421.45577677985375,525.8919705581696,327.70450265371545,443.48693516310294,454.37371422263584,743.852015269564,509.1176973604152,634.5408352910868,853.6100766377236,740.1712596158336,597.7715084577225,,453.6038157220498,361.0784602241711,375.77983857733943,490.9058091092159,547.0658424503974,543.0083811008276,529.2412721976171,,613.5134018639178,305.6128026550929,456.4898794242601,591.941616257405,458.7864125732277,588.6599272027953,,,731.3648295052486,818.7722423608268,796.5246370553167,742.7954378749092,553.7500936571333,653.872176219432,573.2893987882937,403.2192803409186,472.7992487504452,618.0691153235215,471.70087143799856,606.2994673789684
v_16.400000000000002h,600.3800620346475,,,913.1884768537677,742.7485957814678,428.6001946340701,428.6001946340701,499.57579014057774,533.3294944471616,,697.2275537773196,693.4341935668562,728.5311258652855,577.6251106635207,1028.4583675824038,778.80990762777,420.5372584383196,590.6614611532366,590.6614611532366,514.0587973511597,610.6918794539126,440.8947460032055,426.40752094108467,564.9777522873615,1136.3095055806878,370.9901162510283,560.6202000917793,,,512.8758718957134,539.8085137512761,699.741911452913,521.6497314556353,645.9367259049093,,453.3738663519935,453.3738663519935,540.4388988064418,794.6403956603725,632.9630665095672,572.0250206460333,572.0250206460333,732.4786300499892,743.7055055087735,,849.681917486308,749.0472052308324,405.06534406621483,617.525935373282,694.0652631381689,713.5578980775258,734.195195380305,801.3127955665125,681.6162517973073,738.490691602967,498.39109555784114,731.5053811696914,421.7010995954375,525.8858391243837,327.70450265371545,443.4869351482183,455.09227422493393,743.852015269564,508.8647613585914,634.5408352910868,857.1533201097122,740.2834774527396,597.7730622978415,,453.6489755436497,361.0784602241711,375.77983857733943,491.9282895461015,548.3082903403123,544.234585150825,530.4246405275813,,613.524618931192,305.61266118802166,457.39268409614306,591.5687318234593,459.3854151775267,590.3216269191314,,,731.3648295052486,822.2672038707811,800.410552590928,742.8292867847637,555.6127732028377,655.5996198881853,574.4708307466144,403.1304358293396,473.45825680896036,619.596860992303,472.39380328858755,607.8586129277813
v_16.500000000000004h,601.9478303462971,,,918.7983157696984,742.7485957814678,428.6001946340701,428.6001946340701,501.5063861695528,536.3171538431594,,698.3965604128836,695.3682808023634,728.5311267829235,579.0728968085053,1028.4583675824038,781.6513838128012,421.53762345716143,591.8137024914902,591.8137024914902,515.250730171762,610.7921656572752,441.53225870680205,427.1085784510028,566.7195613216637,1140.766260798432,369.7260866322444,561.8352698897859,,,512.8781052410038,540.8313464486182,700.1639641002484,523.0080879727852,645.9367259049101,,453.3738662964073,453.3738662964073,541.6351831477623,797.4731107247502,632.9630665095672,573.8963047326129,573.8963047326129,732.4786304265413,743.7055055087735,,852.4082143977884,750.9525474162763,405.1065961065756,617.525935373282,694.1024471240564,712.7540975852822,734.2170651295311,802.3718038127093,681.6162517973073,738.490691602967,498.3892818779846,731.5053811696914,421.9443552614141,526.4144749590645,327.70450278572173,443.4869351535639,455.80366386832253,743.852015269564,508.62651870767803,634.5408352910868,860.4366086345116,740.3914035894207,597.7746091810673,,453.69300916989954,361.0784703655152,375.49796185225887,492.92648604529444,549.5202123682828,545.4292295773511,531.7474845389728,,613.5359653910381,305.61251535193156,458.2851188935381,593.0748891648315,459.9825890589366,590.3216269191314,,,731.3648295052486,825.9854133796599,804.0226732591718,742.8629808649476,557.563615944695,657.3993416674066,575.7607324399453,403.9548913737278,474.09581525455656,621.168528984681,472.1691347144381,609.3694968063132
v_16.6h,603.6615803652792,,,923.6896193023117,742.7485957814678,428.5829068768045,428.5829068768045,498.88196716269334,536.3171538431594,,699.7491120133432,697.2092269858002,728.5311277341929,580.5715274429941,1034.6453718779344,784.2354984857161,421.4972709733267,593.0376575122514,593.0376575122514,516.4043938096056,610.8916710622676,442.1928573353282,427.81364244267155,566.7195613216637,1145.0927035942514,370.90416230170746,563.0238378566575,,,512.8792314112634,541.9646512065278,700.5768694751757,524.2938736321645,645.9367259049101,,467.97441802671017,467.97441802671017,542.800254161132,800.9333305171781,632.9609327205906,575.6505276781406,575.6505276781406,732.4786308129783,743.7055055087736,,855.7948850278018,753.2407734768483,405.14706157330255,617.456091223388,694.1024471240564,714.3648644114071,734.2380985850217,803.4158938862366,681.6257348126504,738.490691602967,498.3879081934725,731.5053811697231,422.18555647082866,526.409331497756,327.70450292177975,443.4869351805162,456.508083618345,743.8499156802008,508.36509408932596,634.5408352910868,863.4910510116907,740.49512187883,597.7761490146588,,453.7358286465075,361.07848074876006,377.41701672294334,493.90163162999886,550.7035648286268,546.5994286221201,533.0199299862105,,613.547443884362,305.6123650175295,459.24548165403405,594.5427944976605,459.9825890589366,591.8993606423586,,,731.3648295052486,829.3162823430179,807.1491998103198,742.896499308749,557.563615944695,659.3514029902208,577.0778320386668,404.7643236432171,474.7131169277688,622.689801264388,472.8656481410199,612.2999607926301
v_16.700000000000003h,605.443664328957,,,927.8404605729901,742.7485957814678,429.83470850544336,429.83470850544336,500.8146897975732,536.3515611389008,,701.14232701259,698.9765169745496,728.5311287202242,582.1776638657325,1035.445620982331,787.119828898915,422.4909925725165,594.3204000746329,594.3204000746329,517.5905783822298,610.9904457037601,442.85065607676125,428.51157717608123,566.4798160596642,1149.3133982574288,372.0716327950549,564.1878647238143,,,512.8803643247113,543.0875544882939,700.9806293569052,525.7233641358847,645.9367259049109,,453.3738662404478,453.3738662404478,543.9945760100528,804.0528410704457,632.9584198068904,575.6505276781406,575.6505276781406,732.4786312095583,743.7055055087736,,858.9927761933754,755.3949922866129,405.1867478188515,617.979920454942,694.1393921173142,715.9788762329736,734.2589036639462,804.4520717679832,681.6380241135602,738.490691602967,498.3860421916023,731.5053811697562,422.43334034257356,526.4046790212924,327.70450306237404,443.4869352305141,457.2400022697369,743.852015269564,508.08070126548506,634.5408352910868,867.1932946924836,740.5947186145318,597.7776817071177,,453.77745486934197,361.07849137848604,375.22732820913046,494.854909148175,552.0011877324231,547.7370630539937,532.9661196810715,,613.5590571024892,305.6122100518797,460.1812039066582,595.9627678031521,459.62464234003005,592.0895209098431,,,731.3648295052486,832.3355979168259,807.1491998103198,742.9298215613294,557.2796737777439,661.2075091058927,578.3629709878275,405.5629615921653,474.7306316728515,624.1894151505821,473.55924248386447,613.7206486690322
v_16.8h,605.443664328957,,,933.0106596387369,742.7485957814678,431.0426582876506,431.0426582876506,502.72792685509444,539.2064452148402,,702.5157306005996,700.6647430916868,728.5311297421821,583.7204728838856,1041.2060943380782,790.2980058986604,423.50964231112715,595.581709335333,595.581709335333,518.8485487739996,611.0885365772722,443.5031533444639,428.51157717608123,568.1688576660888,1153.4408890569944,370.8082587070655,565.4275514263442,,,512.8815042947243,544.1881283624942,701.3752505333784,527.1342200124201,645.9367259049114,,467.9744179792228,467.9744179792228,545.2743029481876,806.9033791189228,632.9558286173166,575.7318808452925,575.7318808452925,732.4786312095583,743.7055055087737,,862.0204740531283,757.42974386397,405.225662333248,615.4146171400529,694.1760917235345,715.9788762329736,734.2782223948929,805.4797624956442,681.6500543551833,738.490691602967,498.3841489094047,731.5053811697903,422.6874663587235,526.4004735323296,327.70450320689446,443.48693530505943,457.1178314271392,743.852015269564,507.83627754133227,634.5408352910868,871.0591589959046,740.5947186145318,597.7792071682063,,453.8179087704402,361.0784997917582,377.148189376168,495.78745169200795,553.2967802249457,549.0182463733728,534.2523290559126,,613.570807788279,305.612050318306,461.09355320288296,597.3687097747255,460.2221788352638,593.6523683617279,,,731.3648295052486,836.0183471789113,811.0542548471883,742.9629273578885,559.2116938280782,662.9960420164234,579.6186470194609,406.3931591765838,475.3385691654579,625.6566779393019,474.2499225519324,615.1055583281523
v_16.900000000000002h,605.5329690894941,,,938.270119369175,742.7485957814679,432.3044318168215,432.3044318168215,504.5726365073042,542.0801755331862,,703.830312829904,702.3526021359622,728.5311308012656,585.2131994280105,1046.0592608066272,793.1783451180287,424.53232483976024,596.8173368540316,596.8173368540316,520.065676623667,611.1859878783229,444.1504745578465,428.5116221186154,569.9452501787971,1157.4897076348777,371.9933871235485,566.7106931989673,,,512.8826516387694,545.2676488828245,701.7607448681359,528.4780633754912,645.9367259049124,,467.974417921556,467.974417921556,546.5193460377558,809.8435724441715,632.9531615924899,577.4700917420405,577.4700917420405,733.4623107164781,743.7055055087739,,864.9107820357876,759.3645775089816,405.2638127391696,615.9498081472926,694.2125396906388,715.1863707369018,734.300250264298,806.5015462889685,681.6500543551833,738.490691602967,498.38222805256123,731.50538116979,422.93946162375636,526.396674798418,327.7045033558342,443.48693540571986,457.8216322233275,743.8499156802008,507.5735940960293,634.5408352910868,874.6303697115846,740.5653216319837,597.7807253093906,,453.8572113030767,361.0785109289568,377.148189376168,496.72618653515804,554.5605403914539,550.2755810869234,535.5042342198697,,613.5826987372576,305.61188567629506,461.9837504522609,598.7215778097551,460.8176576242926,595.4174208081912,,,731.3648295052486,839.798932508151,814.8229077205217,742.9957967611986,561.0053343455879,664.7174766774938,580.85123929451,405.49838151997534,475.9483007490343,627.091320842977,474.9368640210779,616.5984511661222
v_17.000000000000004h,607.2952371646971,,,942.7297295218993,742.7485957814679,431.0499096481171,431.0499096481171,502.0276708087977,539.1934542804689,,704.027738929763,704.3443497466324,728.5311308012656,586.6543775674988,1052.9899244207045,795.823644441654,425.52150600300376,598.0380970180964,598.0380970180964,521.2448216258911,611.2828412216977,444.79274335921883,429.2126630763968,569.9452501787971,1161.4709248433674,373.15185277651335,567.9656486161094,,,512.8838066786197,546.3273303967927,702.1543969179863,529.7735312914829,645.936725904913,,480.25319775946525,480.25319775946525,547.7319350699603,813.3904472844936,632.9531615924899,579.1148291412565,579.1148291412565,732.4786320325265,743.705505508774,,867.6709853634596,761.5933107200229,405.30120678698046,615.9498081472926,694.2487299128298,716.6905125803212,734.3196263711881,807.5188367530097,681.6593383257862,738.490691602967,498.3802793251622,731.5053811698252,423.18933757295537,526.393246038667,327.7045035093229,443.486935534131,458.52741441439986,743.8499156802008,507.284710627865,634.5408352910868,877.9637417044027,740.6718990631842,597.7822357495086,,453.89538342696073,361.07852232660696,376.86684855097184,497.7331634164146,555.7944278108982,551.5014807749777,536.7255913738,,613.594732798783,305.6117159813931,462.88910682850894,600.0573788783631,461.4110214213604,597.17560393397,,,733.115816500395,843.189092695306,814.7450678734392,743.0284101983925,562.9123042988754,666.4430078351759,582.0716000903755,406.2937769874415,476.60129503485547,628.4981203460494,475.6200792639072,618.1192121706034
v_17.1h,608.9650047337171,,,947.0514080113738,742.7485957814679,432.2845007828702,432.2845007828702,503.91056425210104,542.1918923937545,,705.3548577878918,706.2435456156214,728.531131897668,588.1353767527942,1059.5276147971535,798.8686430455886,424.4673246070465,599.2422024495501,599.2422024495501,522.3886929107539,611.2753193714494,445.43008152285665,429.90679514324296,569.6125355523257,1165.398919142849,371.9043526039514,569.194127827235,,,512.8849697405716,547.36832747892,702.5563752153889,531.1911363303943,645.9367259049137,,467.9744178629431,467.9744178629431,548.9141842361819,816.610058713583,632.9507932537098,581.0145663392442,581.0145663392442,732.4786324611688,743.705505508774,,870.3255967459398,763.9672061970256,405.3170463316351,615.8394898155169,694.2846564329767,718.2274474910427,734.3389853552841,808.5307045320016,681.6709902018748,738.490691602967,498.37830242972683,731.5053811698615,423.4481628410484,526.3901536363288,327.70450366749395,443.48693569199753,459.2587320403103,743.8499156802008,507.02749191736746,634.5408352910868,881.090186837595,740.7753903144836,597.7837374501498,,453.9324460935765,361.07853398944025,378.78629984600525,498.7175821602413,557.000304216072,552.698058564483,537.9030466714867,,613.606912877236,305.6113608347716,463.8383151743533,601.5209968363606,462.00221453727715,598.8283323318627,,,735.1547183881041,846.2772924989981,818.4277926649129,743.0607484968987,564.8158582552003,668.3738318837391,583.2651879965501,407.11682185313384,477.23387693980635,630.0000908035294,476.2995824686684,619.6172862054101
v_17.200000000000003h,610.5725039593009,,,952.8903465911752,742.7485957814679,433.51541506279807,433.51541506279807,505.77502360541325,545.1428315894755,,706.6682373300301,708.0645646880338,728.5311330347628,589.7365850993449,1064.9710285731876,802.1297193248362,425.4843698167066,600.4213358161267,600.4213358161267,521.3964191209864,611.3720945675003,446.062608874905,430.5942034664365,571.4005434511514,1169.2797065816428,373.07469897997845,570.3977584450214,,,512.8861411556649,548.3917369535297,702.9493189996134,532.6043764927728,645.9367259049146,,480.25319771128943,480.25319771128943,550.0680950978897,819.5506141824337,632.9479981170674,579.271778126316,579.271778126316,732.4786329010489,743.7055055087742,,873.5481489172421,766.2020259730527,405.3537107790671,616.3692626394037,694.3203134479146,719.7832992993891,734.358763064777,809.5302258875048,681.6823683044684,738.490691602967,498.37629706721845,731.5053811698612,423.4390163700805,526.3873668751011,327.7045038304843,443.486935881097,459.9833298349955,743.8499156802008,506.7619063948237,634.5408352910868,884.7590645805167,740.8747620450971,597.7852305692693,,453.9684202316828,361.0785459222227,376.6038638074859,499.68056573531567,558.1799357867651,553.8673089155914,539.1935207771306,,613.6192419332393,305.6111750734953,464.76435657405165,602.9867281217548,461.05730791537235,600.4054951843476,,,737.3308285474493,849.9246336513287,821.6461931103865,743.092091444425,566.5927185814043,670.2401108982215,584.4630649155613,407.93328528628047,477.8471490549157,628.3424666248527,475.39317405185085,621.0772694697621
v_17.3h,612.130477804979,,,957.7967824074013,742.7485957814679,434.7146332472592,434.7146332472592,507.7315920649185,542.2386453390669,,707.9539116346481,709.7949819170051,728.5311342127999,591.2819221433692,1069.883682582236,805.0994311582904,426.46837830861676,601.5878669694014,601.5878669694014,522.5755123670098,611.4683148745996,446.6904432234435,431.2750719083124,573.0989529774615,1174.6100212063295,374.24045080441863,571.5780878598588,,,512.8873212599069,549.4676538606875,703.3332335540027,532.6078492686202,645.9367259049146,,480.25319765293534,480.25319765293534,551.2795953825146,822.3621498087268,632.9451373865295,580.9694835993334,580.9694835993334,733.4623112831807,743.7055055087742,,876.901531020027,768.3268323888117,405.38963440528937,613.7872453851708,694.3556953106511,719.1188507657146,734.3782253020627,810.5136917992094,681.6934818289225,738.490691602967,498.3742629370632,731.5053811698988,423.7013369060535,526.3848576971989,327.7045039984345,443.4869361032805,460.70139941508444,743.8499156802008,506.4690665882203,634.5408352910868,888.7707627364057,740.9701025969824,597.7867152268025,,454.0033267329841,361.07855812975083,378.5169718654394,500.62353218591073,559.4485730106692,555.0111120998118,540.4636977231346,,613.6317229849034,305.61098363999275,465.6685039286306,604.4109099989803,461.65018212745645,602.1144798095004,,,739.3053362084173,853.833046239866,825.6271710797829,743.092091444425,564.548577645877,672.0271120350787,585.784164163275,408.73535564433394,478.442154885713,629.7713492390226,476.07831121564493,622.5138583598385
v_17.400000000000002h,613.9638822523589,,,962.0226106639329,742.7485957814679,434.7084682517553,434.7084682517553,505.1357504268744,545.1086405028094,,709.2097697990159,709.8144292069434,728.5311354331274,591.0583359512609,1077.6347587389487,807.8363902915828,427.4818779233134,602.7391927622734,602.7391927622734,523.719913376695,611.5780722162908,447.31370029807937,431.94958273383224,574.7422080640624,1184.7717842493776,372.9934204642667,572.7365857738058,,,512.8885103945014,550.5936559938598,703.7081290826748,532.6078492686202,645.9367259049154,,490.1132095097904,490.1132095097904,552.5502749360592,826.0707294360967,632.9422153681608,582.8313107899886,582.8313107899886,733.4623114824127,743.7055055087743,,880.0860845454654,770.3526596507932,405.4248253154247,614.3281598999424,694.3907965340121,719.1188507657146,734.397135240715,811.4888225074144,681.6913579229301,738.490691602967,498.37267916971695,731.5053811699374,423.9610255491173,526.382600481342,327.7045041714893,443.48693635174754,461.41313064950276,743.8499156802008,506.1977494858784,634.5408352910868,892.4756440337717,741.0615023413169,597.7881916480044,,454.03718643798254,361.07857096435555,380.40933746285776,501.5486530313926,560.7436064563369,556.2388602152969,541.707526577323,,613.6443591091037,305.6107863684964,466.5521868870865,605.8005291721356,462.24085029719095,602.181269122009,,,741.1325766809078,857.3591130486989,829.5539772833486,743.1238256305585,566.4420549848902,671.6494341122018,587.0833349839211,409.52339769927374,479.0198813635866,631.1831384943076,476.75971618235195,623.920408858719
v_17.500000000000004h,615.7111419832173,,,967.2717976410256,742.7485957814679,434.7084682517553,434.7084682517553,507.0165213126892,547.9831558082963,,710.4685072484065,711.5868519406428,728.5311366970276,592.6356220870986,1083.965573984639,810.8357681336731,428.4980302420671,603.8784144949631,603.8784144949631,524.9620462105804,611.6940959841355,447.9324936984512,432.6179163228134,572.8804299224354,1189.6293317510922,374.14807812852547,573.9777933351899,,,512.8897089060757,551.6988749844664,704.0740207094008,534.0168868691585,645.9367259049164,,490.11320951361864,490.11320951361864,553.7889486710012,829.4448071007079,632.9426357023486,584.6006940595032,584.6006940595032,733.4623116868969,743.7055055087743,,883.1216316379519,772.7225234427661,405.4592917221703,616.7442787459747,694.425611793954,720.5871480191114,734.4164512516619,812.4523986548874,681.7023631484082,738.490691602967,498.37267916971695,731.5053811699372,424.2181068675764,526.9155776421667,327.70450434979745,443.4869365620388,462.1187115041883,743.8499156802008,505.9270096040461,634.5408352910868,892.5283724994486,741.1490534653025,597.789659948601,,454.08665705422436,361.0785856832366,378.2436963539315,502.4581178066223,562.0089311770909,557.5071991580013,542.9257321005026,,613.6571534427708,305.6105848738701,466.55701854388565,607.1639750149794,462.82925494167307,602.181269122009,,,742.8425556638105,860.569364262927,832.9735818394959,743.1552374230356,568.2133741357968,673.492836159397,588.3573948852044,408.6556231610984,479.6391319607514,632.6138050744504,477.4374024475606,623.7095085251932
v_17.6h,617.3663574227154,,,966.8818439358248,742.7485957814679,435.9331138765723,435.9331138765723,508.85924926480783,548.0828162993907,,711.6837408910792,713.2865290163137,728.5311380055538,592.6356220870986,1084.872594673,814.2377902322285,429.4819016153379,605.1574918310039,605.1574918310039,526.213260581386,611.809396015258,448.5654172942785,432.65831316837324,574.5997541134467,1194.3607096903481,374.07467234649624,575.2567479539011,,,512.8909171469159,552.784466123102,704.4309284521613,535.3625257524876,645.9367259049172,,490.1132094621198,490.1132094621198,554.9976480727323,832.5271622826223,632.9396721255056,584.6543637124071,584.6543637124071,733.4623118967688,743.7055055087745,,886.0303477448326,775.2187420097716,405.4930419406905,614.1766453983885,694.4601359328332,722.0245494436141,734.4368401964975,813.4063348118023,681.7131106163431,738.490691602967,498.3705880093483,731.505381169977,424.48659714472825,526.9137127154637,327.70450453351134,443.48693680361464,462.81832790848074,743.846213809722,505.62770627534115,634.5408352910868,896.3084102977153,741.240888913927,597.7911202780404,,454.14420031197,361.0786023902566,380.1388642387172,503.4622759831286,563.2463363547712,558.7383964478325,544.1119702381209,,613.6701091841943,305.61037542194197,467.44650727911494,608.4985219276969,462.48027563622367,603.8932511704951,,,744.9622570513832,863.888420709533,836.5608970920551,743.1863093425271,570.1497523939306,675.2678652917757,589.6064416803057,409.45897945074364,480.2624047973619,634.1597576587277,478.1113850230099,625.1588092846067
v_17.700000000000003h,618.9586966750123,,,972.2843004211957,742.7485957814679,437.1505431410359,437.1505431410359,508.17135545365494,548.0828162993907,,712.8882028629271,714.9361223933405,728.5311393601521,594.1546876497905,1084.872594673,817.3514522483066,429.4434061882151,606.4169112477335,606.4169112477335,527.4262275257663,611.9240180747947,449.20406647251,432.65831316837324,576.2299984162485,1198.9816863843757,374.07467234649624,576.5101683019741,,,512.8921354751976,553.8515298151539,704.7788771702307,536.6616627067046,645.936725904918,,497.6982421315719,497.6982421315719,556.1782999843465,835.3858186529527,632.9366574252538,584.6543637124071,584.6543637124071,733.4623121121706,743.7055055087748,,888.822445650623,777.5817874631866,405.52608438349745,614.7141475208824,694.4601359328332,723.472446272901,734.4682419174848,814.3550630652957,681.72178545059,738.490691602967,498.3684671752739,731.5053811700184,424.75525844122876,526.9137127154637,327.7045047227886,443.48693680361464,463.51216364202304,743.846213809722,505.34983094170315,634.5408352910868,899.8356188511469,741.335939264481,597.7925727836887,,454.2031910311249,361.07862119349835,379.8689142052674,503.471667743961,564.457522718356,559.9494452294291,545.3289952929159,,613.6832295942903,305.6101596067151,468.3165552486954,609.808644378045,462.48027563622367,605.6627938947396,,,747.0414883979262,868.0239695288413,840.8061028077714,743.2170244658935,572.0282671999743,676.9733191805644,590.8318425089276,410.2483693741404,480.87273386518154,635.6513751601101,478.7816802835769,626.5800558525697
v_17.8h,619.2165272440938,,,977.8199830018419,742.7485957814679,437.1335439118703,437.1335439118703,508.17135545365494,551.0030771578179,,714.3320904408099,714.9361223933405,728.5311407623112,595.6306593385285,1090.8913786304047,820.2245725716336,429.4434061882151,607.656849003608,607.656849003608,528.6036207681414,612.0380053745488,449.8380513446142,433.3300605639998,577.819253712684,1203.509086611119,375.23069586146687,577.7395868608519,,,512.8933642552208,554.9011133389656,705.1178964794549,538.0337393041723,645.9367259049191,,497.698242086827,497.698242086827,557.3327296424642,838.850095540854,632.9335973777808,586.4060974377228,586.4060974377228,733.4623123324798,743.7055055087748,,891.5296412104649,779.8275740015546,405.558427555334,614.525009224237,694.4943639626763,722.917669063327,734.502421677017,815.2939086253391,681.72178545059,738.490691602967,498.36631636096797,731.5053811700607,425.0212554563776,526.9120399793428,327.70450491778985,443.48693704099054,464.200400241133,743.846213809722,505.0715305963884,634.5408352910868,899.8356188511469,741.3106955653209,597.7940176110098,,454.26518125759674,361.0786422054017,379.8689142052674,504.43405667631464,565.6441047882216,561.1344913221005,545.3742461722053,,613.696517997762,305.60993724327744,468.3165552486954,609.714240454611,463.067579784197,607.3491634342005,,,748.9689532225092,871.7621763968083,844.5006951935409,743.2473664554353,573.7906158820739,678.6203879302609,592.0465949184015,411.044832586424,481.47071676907404,637.1271121698564,479.44830582068107,627.9699163197918
v_17.900000000000002h,620.8103706309075,,,982.5563336670068,742.7485957814679,437.1335439118703,437.1335439118703,510.05914010234676,550.953061633007,,715.711787175534,716.5165208999316,728.5311422135622,597.0584992803804,1096.023399249046,822.9020424637621,430.423513091031,608.8739218214694,608.8739218214694,529.7479714042136,612.1513987647222,450.46747966966313,433.99582674663856,577.7165338167845,1207.960521031512,375.14810699309857,578.9464638276025,,,512.8946038576382,555.9342126643531,705.4480206291823,539.463297097798,645.9367259049199,,497.69824204056715,497.69824204056715,558.4985883591147,842.4567633400367,632.9309843953847,588.0646275304802,588.0646275304802,733.4623123324798,743.7055055087748,,894.6697496272196,781.974803093792,404.7246818354239,614.525009224237,694.5282910683878,722.917669063327,734.5348314791621,816.2190407956745,681.732169372049,738.490691602967,498.3641352584608,731.5053811700607,425.287554561421,526.91054092699,327.70450511904943,443.4869372736351,464.9001285325837,743.846213809722,504.76306776075916,634.5408352910868,903.1443648705085,741.3979513116499,597.7954549028019,,454.3276018340408,361.07866554290086,381.7522365860728,505.4266969083279,566.8101163284132,562.2952850889793,546.5409609293353,,613.7099777839605,305.6097081416148,469.2656865851354,611.0454259458896,463.65242955709823,608.9608219106105,,,750.8003449331877,875.1645872279076,847.7657400149644,743.277319586586,573.6420319621731,680.4473092912665,593.2458173997114,411.8570981958192,481.4071433911965,638.5836127428057,479.2198220121098,629.3408660003328
v_18.000000000000004h,620.8103706309075,,,986.6971457989941,742.7485957814679,438.323774796762,438.323774796762,511.92437794898973,550.953061633007,,717.0663040838426,718.4011154823152,723.2997112783564,598.5225264191525,1102.5509363423469,826.5273463998184,431.42001777993784,610.0770335978677,610.0770335978677,530.9959964499686,612.2566525067302,450.3145482883296,434.67932364570385,577.7165338167845,1212.335665836703,375.14810699309857,580.132189331395,,,512.8958546596649,556.9517743105109,705.7692883293889,540.8246263625429,645.9367259049199,,497.69824204056715,497.69824204056715,559.7738672058936,845.7606184833173,632.9309843953847,589.8441400321157,589.8441400321157,733.4623125593876,743.7055055087751,,898.1118630615377,784.2660775747644,404.75804603634424,615.0586156241383,694.5619126105662,724.3523792905639,734.5687466118915,817.1366269314157,681.7423100235285,738.490691602967,498.36192355836033,731.5053811701043,425.56487644216526,526.9091979738524,327.70450532600023,443.486937500987,465.6154008036591,743.846213809722,504.4855912306084,634.5408352910868,906.2743023116179,741.4814535680588,597.7968848016066,,454.39311636219713,361.0786913275712,379.6037111460006,506.40043930794076,568.1172142393945,563.433477215315,547.8507911113542,,613.7236124070012,305.60947210647794,470.19646276541033,612.3540489530998,464.2347750353497,610.5386456241138,,,753.0185468959166,878.3011004483736,852.064253821666,743.3068687739699,573.6420319621731,682.3071831956009,594.4255601929212,411.7527532575457,482.00931028898634,640.0121586009483,479.2198220121098,630.8041347818051
v_18.1h,622.4081375808661,,,986.6971457989941,742.7485957814679,439.5276159530261,439.5276159530261,511.243020417715,553.8753162630452,,718.3751294695389,720.2568697213992,723.2997147457679,600.1086758975064,1109.90196774777,829.8443126016113,432.43561862193405,611.2682388428474,611.2682388428474,532.2504954750444,612.3694297883791,450.94841867779246,435.3712322093052,579.3029699330867,1216.6496509057881,376.3117570839441,581.2980858125136,,,512.8971170452635,558.0057675690558,706.0817425042319,542.1397327603813,645.9367259049208,,503.29204962048783,503.29204962048783,561.0190494956489,848.8060742351058,632.9278681341711,589.8514069219855,589.8514069219855,733.4623127922678,743.7055055087752,,901.392502034254,786.9205312980835,404.79070976862226,612.4765576565725,694.5952241269855,725.756920314977,734.6008926234124,818.9274753686127,681.7506530932952,738.490691602967,498.35968094987095,731.5053811701493,425.83948125497034,526.9079962795428,327.7045055391872,443.4869377224551,466.3248876489705,743.846213809722,504.197108706347,634.5408352910868,910.2965598117753,741.4814535680588,597.7983074463182,,454.45703610352206,361.07871968577246,381.4902571376899,507.3562338885222,569.396027544226,564.6839596918886,549.126130967344,,613.7374391637989,305.60922893724825,471.10663060610995,613.7151095381578,463.9014312984809,612.3607141019994,,,752.8978620166579,882.2220755822634,856.114606994187,743.3359995957396,575.3952027283166,684.1102994008402,595.7251338423332,412.56698445840766,482.5996112315359,639.7426561415529,479.88816661064055,632.3162770881756
v_18.200000000000003h,624.2287091576252,,,992.5719717075613,742.7485957814679,440.73885806395975,440.73885806395975,511.243020417715,556.8683886373113,,719.6537731890993,722.0419570531107,723.2997183329989,601.6633122366632,1116.037670698396,832.898600211541,432.36214344580577,612.4484270746748,612.4484270746748,533.468840397812,612.4816877094041,451.57854685511137,436.0570102206605,581.0104809024042,1220.9093740790195,376.2170743247538,581.4690511113286,,,512.8983947663548,559.126226629277,706.6911147310921,543.4452626763008,645.9367259049217,,503.29204958110427,503.29204958110427,562.2360113359051,851.6496599280424,632.9247267755113,589.8514069219855,589.8514069219855,734.3081628331765,743.7055055087752,,904.5390397260613,786.5485729043405,404.79070976862226,613.0234174488136,694.6282213278621,725.100832923581,734.6333703056343,819.8074113964055,681.7506530932952,738.490691602967,498.3574071208171,731.5053811701493,426.1113900101183,526.906922319378,327.70450575878976,443.4869379374158,467.0287660274135,743.846213809722,503.6059682339055,634.5408352910868,914.3262764019717,741.5487731019648,597.7997229744259,,454.5252670085232,361.07874823675326,381.21983236154176,507.3562338885222,570.6482048226447,565.9477869787214,550.3725592036741,,613.7514815174071,305.6089797854797,471.99724742507277,615.1713844848014,464.48363182075184,612.3380512892461,,,755.0606933090177,886.2695514154846,859.6958247998199,743.3646983161284,577.3083399083315,685.8494393163227,597.0236531970672,412.56698445840766,483.1785913461823,641.1983406388766,480.5528285136462,633.796999671975
v_18.3h,625.9755864937404,,,998.0872959486794,742.7485957814679,440.7076062754114,440.7076062754114,513.0665027077191,556.8659402576333,,720.9108100772273,723.7511827795839,723.2997220438356,603.1500159602325,1121.3007785272384,835.7393088605817,433.3750007649357,613.6019576465234,613.6019576465234,534.653550478206,612.4816877094041,452.2042546613438,436.05411240032197,580.7935627186896,1225.1246131835874,376.2170743247538,582.6491301481894,,,512.8996931546523,560.2279353563969,707.0113766747331,543.5623642335522,645.9367259049226,,507.2299410973504,507.2299410973504,563.4265342893763,855.4842155733634,632.922105826875,591.6603425288829,591.6603425288829,733.4623132748824,743.7055055087753,,907.5559434528825,789.2285418700761,404.82268157682773,612.7965915189131,694.6609028077917,726.527522958661,734.6644589562078,820.6733347171203,681.7604392863782,738.490691602967,498.35559418650257,731.505381170196,426.3903682673746,526.905963773738,327.704505984993,443.4869381452129,467.72721122313055,743.846213809722,503.30439259648665,634.5408352910868,918.090326706669,741.6257285313973,597.8011315214059,,454.59272476389054,361.07878214223734,381.21983236154176,508.29499294708495,571.8753127950592,567.1841953439322,550.3725592036741,,613.7657417413528,305.60872655897003,472.86932979797774,616.5699329203313,464.48363182075184,614.1654966272266,,,757.3383289167813,889.9503978806872,863.1061143688019,743.3929519061436,579.1889987626059,685.8494393163227,598.3157800808715,413.36744630449084,483.1785913461823,642.6243631498552,481.21382507863007,635.2595814787454
v_18.400000000000002h,627.6467657726607,,,1002.8381698227447,742.7485957814679,440.7076062754114,440.7076062754114,512.3672388477224,556.8659402576333,,722.1530750922202,725.3890706094945,728.5311502620602,604.6110515662776,1127.5695899609484,838.8411628883892,434.35690316442714,614.7466536975077,614.7466536975077,535.8070120551495,612.5934433336708,452.82564341423245,436.7439460511538,580.7935627186896,1229.3010491790203,377.38526134374473,583.8103733351404,,,512.9010124879309,561.3119064544387,707.323049612174,544.8399763854885,645.9367259049236,,507.2299410973504,507.2299410973504,564.5923082614731,859.0853040594994,632.9189528784274,593.4718207154499,593.4718207154499,733.4623132748824,743.7055055087754,,910.4702727004168,791.8211100167039,404.85396513568037,612.7965915189131,694.7141906513633,726.527522958661,734.6951400096074,821.5272474733446,681.7699954093305,738.490691602967,498.3532584297172,731.505381170244,426.67322930041547,526.9051094264273,327.704505984993,443.486938345156,468.420396810682,743.846213809722,502.99647735696817,634.5408352910868,921.6283894593984,741.6994443406724,597.8025332208614,,454.65892414245985,361.07881903063617,380.96237814378605,509.21759164600417,573.0788464992497,568.3949431092793,551.5876677228481,,613.7802221043205,305.6084692547645,473.78291439673785,616.5699329203313,465.06372843550764,615.8954258024456,,,759.4790946758249,893.3299174248624,863.5431675531943,743.4207480623503,578.9114056511086,687.531714814081,599.5789950127803,414.15449677885573,483.76991614581914,644.0354530808376,481.87117451667973,636.691220892453
v_18.500000000000004h,629.2470837170106,,,1007.0305856533464,742.7485957814679,441.89383630242963,441.89383630242963,514.2448396437406,559.6581707620539,,723.3684115863431,726.9802380729964,728.5311520425848,606.0220030269383,1128.229414155994,842.4391945924496,434.35690316442714,615.8824778233597,615.8824778233597,536.0195474206826,612.7047313029115,453.4427875204123,437.42783153655625,582.4388121555637,1233.4452980318574,377.2984567804393,584.992978582291,,,512.9023530463504,562.379105137994,707.6261858439178,546.3013840480809,645.9367259049243,,507.2299410616644,507.2299410616644,565.7349346361245,862.4016498101971,632.9189528784274,593.4528239200284,593.4528239200284,733.4623135248895,743.7055055087757,,913.2949440534553,794.2884502624747,405.75076161822295,613.339083367343,694.7734089702456,727.9471677321727,734.7553061829209,822.3672382543256,681.777993089735,738.490691602967,498.3508905126078,731.5053811702938,426.953343647754,526.9043490712992,327.7045062179861,443.48693853651656,469.10849465328624,743.846213809722,502.71450363386714,634.5408352910868,924.9733387468447,741.7828042740754,597.803928204267,,454.7300567448165,361.0788590489905,382.8240493477479,510.12486871641397,574.2602252929557,569.5793709547584,552.7734880785764,,613.7949248691993,305.6082078727161,474.71831242079594,617.9577074922547,465.6416840746205,615.8954258024456,,,761.4930071676063,896.4658240434943,867.0287911915366,743.448075223682,580.789782974251,689.1608441354051,600.8157636396404,414.92849902173606,484.40510001956073,644.0354530808376,481.6275894551956,638.0928715757514
v_18.6h,629.5230431296177,,,1012.982343584442,742.748595781468,443.06343642197993,443.06343642197993,514.2448396437406,559.7877299352671,,724.5603111140248,728.5124275575977,728.5311538842182,607.4883216277406,1135.3322811005576,845.7528695096051,435.32228672216263,617.0079655284632,617.0079655284632,537.1768472607306,612.8283433723219,454.0557476457628,437.42783153655625,584.1699466057646,1237.5613648157023,377.2984567804393,586.2896108258591,,,512.9037151124513,563.4304507187888,707.9208431028685,547.6941559634648,645.9367259049255,,507.2299410243949,507.2299410243949,566.9296248641022,865.4824060076339,632.9157963886267,595.2588615329392,595.2588615329392,733.4623137806007,743.7055055087757,,916.0382470617751,796.6467304506934,405.778422457503,611.313243657546,694.8320158991786,729.3337124032585,734.7874685889092,823.1938130923243,681.787203778377,738.490691602967,498.3484901177086,731.5053811702938,427.23184190450996,527.4399365271875,327.70450645796467,443.4869387185313,469.7916749491352,743.846213809722,502.4021269632335,634.5408352910868,928.1617071388647,741.8637362335731,597.80531660111,,454.7995536945126,361.078902349914,382.8240493477479,511.1015444701542,575.4207952803432,570.7437030423632,553.9557956579208,,613.8098522921074,305.6079424155974,475.6338879791575,619.3135656612136,465.2939859913053,617.5524010080285,,,763.5571231695493,900.6630701372983,871.6023027271597,743.4749225862442,582.5721991155996,690.8799155083258,602.0408225754995,414.8657328896423,485.0276401631866,645.4135474736462,482.2864637530702,639.4881197746798
v_18.700000000000003h,631.1237462553637,,,1018.672360341042,742.748595781468,443.0335061832946,443.0335061832946,516.0383234427562,562.7418267850535,,725.7281968279765,730.2478415943167,728.5311557888757,609.0701271335251,1142.824014259727,848.8157785107871,436.3432841498892,618.2558511072209,618.2558511072209,538.3837783039093,612.960677949901,454.66461782620394,438.1059341986459,583.8016359207737,1241.6550606314415,377.2111081290919,587.549748840594,,,512.905098971135,564.4668182226208,708.2070844702342,549.0346290509374,645.9367259049255,,509.8392699831556,509.8392699831556,568.1937784140397,868.3684555790841,632.9125822989714,595.2588615329392,595.2588615329392,734.3081632788861,743.7055055087761,,919.2233709002738,798.9070063919712,404.9524981698266,611.313243657546,694.8900008460605,728.6873152257962,734.8184835476578,824.0076602991779,681.787203778377,738.490691602967,498.3460569262812,731.5053811703447,427.5225653298949,527.439322533059,327.70450670512975,443.4869388903952,470.4701063596985,743.846213809722,502.1154626212248,634.5408352910868,932.1405383067129,741.8413450748563,597.8066985389081,,454.8674336509118,361.07894909176133,382.5529099877792,512.0867802508062,576.6848242539338,571.8870869684434,555.2620976768254,,613.8403900966124,305.6076728892175,476.53064293826986,620.6526393409853,465.87062011147435,619.1396087069966,,,766.0644926819582,904.7445191745476,875.5977341238525,743.5014758916801,584.4009835981985,692.7352352225794,603.2510277840125,415.64198542680157,485.6380912498576,646.7680867390816,482.94167135764246,640.8574932942337
v_18.8h,632.6660987084925,,,1023.5819812553442,742.748595781468,444.22386708505144,444.22386708505144,515.4205574499916,562.7418267850535,,727.0482199562944,732.0475653804109,728.531157758526,610.6107417725161,1149.1363786315642,848.858759297796,436.2570096722199,619.4967950360667,619.4967950360667,539.6581746104321,613.0834661268534,455.2694900216986,438.7778914869121,585.5770898213727,1246.5286506110403,378.3724243567093,588.7878819975248,,,512.9065049096575,565.489040022237,708.484978270537,549.0346290509374,645.9367259049267,,509.8392699831556,509.8392699831556,569.43083935371,872.2719883825075,632.9099179442468,596.9764580741629,596.9764580741629,734.3081633968866,743.7055055087765,,922.7204077363583,801.1354882952883,404.9810611936348,611.0642826658366,694.9473537012877,730.0936181931916,734.8472870767295,824.8136509818784,681.796196522655,738.490691602967,498.3460569262812,731.5053811703973,427.8104951121942,527.438778806137,327.7045069596856,443.48693901535324,471.1436635576711,743.8409831597993,501.8237321190062,634.5408352910868,936.2832147831939,741.9156626973368,597.8080741436823,,454.58405808846607,361.07899943879977,382.5529099877792,513.0547205631278,577.9627746909352,573.0731343097492,556.5354469838069,,613.856004947509,305.60739930253965,477.40954084612133,621.9608965173818,465.87062011147435,620.7957762998074,,,768.4072426784379,908.4699913383591,879.1439833749804,743.5298600143793,584.4009835981985,694.5210351086861,604.4473036883362,416.4170941268605,486.2369846132806,648.139239089667,483.5932296193879,642.1993919095596
v_18.900000000000002h,634.4642106898235,,,1027.9335718041243,742.748595781468,444.22386708505144,444.22386708505144,517.197620554837,562.6961176563686,,728.4281372019047,733.7885304383483,728.5311597951928,612.1017052381015,1154.6075484261253,852.0094931189847,437.2766798119041,620.7203861138141,620.7203861138141,540.8983165443742,613.2151112078446,455.87045410467164,439.44206892267454,585.5770898213727,1251.7987481449568,378.3724243567093,590.0052762684091,,,512.907933217615,566.4979074737558,708.7545979447276,550.3290945790891,645.9367259049276,,511.4082108561256,511.4082108561256,570.6424808892267,875.9590681410588,632.9066119189465,597.0691034841132,597.0691034841132,734.3081635176014,743.7055055087768,,926.0779148327408,803.9527296017063,405.00896508846125,611.6155391094903,694.9473537012877,730.0936181931916,734.8747272549624,825.6001602170531,681.8038384336317,738.490691602967,498.3435906183443,731.5053811703973,428.0836986116399,527.4382982244778,327.7045072218452,443.4869391643497,471.8280978669797,743.8409831597993,501.5103647326439,634.5408352910868,940.1581518212621,741.9867981614506,597.8094431820192,,454.65755553984127,361.0790535613867,382.30338473408824,514.0062206618073,579.2162430803323,574.3452799607327,557.7778948953634,,613.8718533929361,305.60712166779655,478.27150722123474,623.2554264450085,466.44500346973535,620.9391439060873,,,770.6198063015385,911.9184734010298,882.8460708293023,743.5577622922812,586.302197287089,696.2384750705482,605.6301924739024,416.4170941268605,486.8248288627621,649.6227552386694,483.5932296193879,643.6748417193908
v_19.000000000000004h,636.2381488841,,,1033.4255263038767,742.7485957814681,445.41604719772505,445.41604719772505,517.197620554837,565.6057510968865,,729.7665801254942,735.438650612468,723.2997518198282,611.9091660258026,1154.6075484261253,854.9545181403782,438.266076658452,621.9314402954988,621.9314402954988,542.1065773201199,613.3461807181403,456.46759785302805,439.4627541032984,587.2623740214135,1256.952128264104,378.28128841800935,591.203136346764,,,512.9093841815634,567.5435847382761,709.0160219002828,551.665060224369,645.9367259049287,,511.40821083305997,511.40821083305997,571.830293521396,879.3754774189277,632.9066119189465,598.7714425000133,598.7714425000133,734.3081635176014,743.7055055087768,,929.3050400168155,806.6302016984849,405.03621924139316,611.6155391094903,695.0040648720847,731.4814783406409,734.904999025299,826.3702043663176,681.8124948554512,738.490691602967,498.34109087269303,731.5053811704514,428.37330580977226,527.4378743270096,327.7045074918248,443.4869393005313,472.5264272124163,743.8409831597993,501.2374544332628,634.5408352910868,940.0384979156211,742.063106986469,597.8108053212584,,454.73429632873433,361.07911163614887,384.1714398004121,514.9421016745109,580.4466312561401,576.8068672899317,557.7486425040347,,613.8879376397923,305.60684000061786,478.2985469558148,624.5464114208395,466.13580234275884,622.5693779338744,,,772.7197960760108,915.1304310387444,887.4496621975217,743.5851718320979,585.991731316009,697.9088895453891,606.8666068278328,417.21831178767985,487.40211052108185,649.3597732585898,484.24115643954724,645.1517055643928
v_19.1h,637.9322687763375,,,1033.2274545737675,742.7485957814681,445.3765941222696,445.3765941222696,516.5471962685397,565.6057510968865,,731.0784646956769,737.0434953224052,723.2997566691421,613.441357508187,1160.3015176192719,857.7931603096537,439.2266983243166,623.1255073074184,623.1255073074184,543.28520757848,613.4767129608298,457.06100694743196,440.1263510712936,586.9872884411104,1262.0025453189817,379.43905291689777,592.3826077742984,,,512.9108581067427,568.6539118286739,709.2693333370179,553.1058638213575,645.9367259049296,,511.40821080537637,511.40821080537637,572.995787870059,882.5584328858115,632.9032568810993,600.3951934053978,600.3951934053978,734.3081636407339,743.7055055087769,,932.4229953718424,809.185124994972,405.0628330725851,609.6070338911811,695.0601251640356,730.6745334199745,734.9355951140227,827.1286256752483,681.8124948554512,738.490691602967,498.33855736692595,731.5053811705073,428.66865091551784,527.4375012562905,327.7045077702188,443.4869394229207,473.2191919597249,743.8409831597993,500.93457637167455,634.5408352910868,944.0492717986288,742.1277917862351,597.8121608400111,,454.809323757528,361.07911163614887,384.1714398004121,515.8631511933287,581.655272407852,578.007441608386,559.0068206329652,,613.9042598819212,305.6065543201472,479.16841725112647,625.9737577713687,466.710484675617,624.3849021159555,,,775.0837114356041,919.2055451633264,891.4961026139508,743.6120785274592,587.8964504467137,699.522626180023,609.4490216228321,417.118774308233,487.3594880652401,650.714418112226,484.88547016658765,646.6094495116871
v_19.200000000000003h,637.9322687763375,,,1038.4604828112558,742.7485957814682,446.55185402737783,446.55185402737783,518.3581241689398,565.6960537711432,,732.3794596754835,737.0396342945162,723.2997616812343,614.9208409417681,1168.6911362187543,861.5847980279823,439.2266983243166,624.3083423754551,624.3083423754551,544.4363388444922,613.6067443859412,457.6507649725233,440.7822191672417,588.6927685163776,1266.9584263123775,379.43905291689777,593.5447791268413,,,512.9123552840217,568.787097970287,709.514620047102,554.4867296337679,645.936725904931,,512.1748543419782,512.1748543419782,574.140397652258,885.548746123324,632.9005144127664,600.3951934053978,600.3951934053978,734.3081637670729,743.7055055087772,,935.4457716995577,811.6256112629418,405.08881603007796,609.6070338911811,695.115525965754,732.0609605383047,734.9636454806364,827.8719440501841,681.819899322676,738.490691602967,498.3364954600207,731.5053811705073,428.96047547966435,527.4371737059772,327.7045080565134,443.48693953049246,473.0803114701704,743.8409831597993,500.6460927986553,634.5408352910868,947.8355397256898,742.1962467082476,597.8135100096617,,454.8826553485508,361.0791738461668,383.9040812546924,515.9370345965576,582.8434331523,579.1870076752505,560.2355948483986,,613.9208222989955,305.60626464917146,480.05559461056345,625.7585728246759,467.2828455139626,626.1100376656063,,,777.686532963376,923.4367579788222,895.1053724510346,743.6384730694539,589.7083949928992,701.0964504984333,610.7146792098011,417.91275928486334,487.94112162439086,652.0498046104517,484.6381047402821,648.0304035655424
v_19.300000000000004h,639.5653710508454,,,1044.6873932724295,742.7485957814683,447.70084300938487,447.70084300938487,520.0999811349816,568.5585744066243,,733.6510467825826,738.6729829542883,723.2997668610741,616.3758498128185,1168.0998699625998,865.0886883236266,439.19791224367333,625.47715360815,625.47715360815,545.7082538738256,613.7363097178383,458.23695342178104,441.4304902614723,590.3436881573641,1271.8296907518557,379.35588484064175,594.6906842360504,,,512.9138760122092,569.8557950901799,709.7519741873778,554.4870617922779,645.9367259049319,,512.1748543419782,512.1748543419782,575.2771467759806,889.1276675680302,632.8970869803333,602.1907009433677,602.1907009433677,734.3081638963197,743.7055055087772,,938.380122846084,813.9777100703286,405.11417758466223,609.3350017650595,695.1702591286767,733.4569980416055,734.993864203603,828.6019053886231,681.8282221067268,738.490691602967,498.3338949608144,731.5053811705652,429.2488109870585,527.4371737059772,327.7045083513155,443.48693962217067,473.74456365843787,743.8409831597993,500.362019001781,634.5408352910868,951.422052543333,742.2675674904364,597.8148531072259,,454.958204142036,361.0792403811599,385.7700324405999,516.8671710227687,584.0123157177941,580.346913977542,561.4368215767992,,613.9376270553695,305.6059710142467,480.99125034678315,627.0356173285045,467.85285370993887,627.7594887196768,,,780.1476103718888,927.3282346626869,898.7111794412368,743.6643465211913,591.4158371130999,702.8231918761924,611.957240133741,418.70397525773257,488.52419139994134,653.5187363451533,485.27475446145024,649.4356343827839
v_19.400000000000002h,641.1356455538036,,,1050.064905276325,742.7485957814683,447.70084300938487,447.70084300938487,520.0999811349816,571.4106072573445,,734.8971217875873,740.2487311996035,723.2997668610741,617.7797168012787,1176.3486108252173,868.3456675657069,440.15809907223286,626.639165283772,626.639165283772,546.9779710271347,613.8654420725892,458.84297749597187,442.0712921630914,590.3436881573641,1276.6262864039497,380.4984467853828,595.9227580542887,,,512.915420592379,570.9602575532838,709.9910681609556,555.8914379260978,645.9367259049319,,512.1748543203523,512.1748543203523,576.5466398554886,893.0121988582772,632.8936212152098,602.2060016531989,602.2060016531989,734.308164028543,743.7055055087776,,941.2425802956158,816.2502897859023,405.11417758466223,609.8949843898445,695.224316997981,734.8134163136456,735.0207079655788,829.3169332863833,681.8363136337873,738.490691602967,498.3312597323292,731.5053811706246,429.54786949477744,527.4368868726272,327.7045086548672,443.4869396492942,474.4360913454415,743.8409831597993,500.05197597397193,634.5408352910868,954.8390689853003,742.2675674904364,597.8161903965638,,455.0353043634133,361.07931320630377,383.65773445556744,517.7836127161496,585.1630602069475,581.4884338115706,562.6122605561764,,613.9546762989029,305.6056734458266,481.90827151117145,628.3587663320109,467.85285370993887,629.3497243998976,,,782.4394646546158,930.9291842465519,903.4657329590773,743.6896905972347,593.3508689805418,704.6024833420202,613.1843343764555,419.4826457318681,489.1624832489133,654.9688577720274,485.9166762569725,650.8153322176253
v_19.500000000000004h,641.4206849724437,,,1054.8123896381887,742.7485957814685,447.6835659710369,447.6835659710369,519.51072954639,568.4435896047177,,736.0914680590914,741.7687386006047,723.2997722166834,619.1627745083146,1183.2728033545322,871.3933923921229,441.1424861256288,627.7899800730409,627.7899800730409,548.2151092411141,613.8654420725892,459.44599038939197,442.7047484830374,590.1125353560757,1281.3566352640291,380.4984467853828,597.1874564003117,,,512.9169893278464,572.048852212125,710.2440293509267,557.2253358151684,645.9367259049333,,512.3280867686923,512.3280867686923,577.7912198107883,896.613349048204,632.8936212152098,604.0205861357009,604.0205861357009,734.308164028543,743.7055055087777,,944.0369946236481,818.9470161332961,405.13892722478613,609.8949843898445,695.2776924121249,734.8134163136456,735.0508938969567,830.011138564065,681.8363136337873,738.490691602967,498.3285894476434,731.5053811706861,429.8444467448588,527.4366364114906,327.7045089674168,443.48693953612957,475.12438472074416,743.8409831597993,499.7850843593413,634.5408352910868,958.1156295860873,742.3357718620731,597.8175221411365,,455.1106755895037,361.0793952832849,385.51605729609236,518.68708085815,586.4156704108067,582.6529088182331,563.8063722190182,,613.971972159717,305.6053719783924,482.8075806696635,629.7457471775122,467.5225185147999,629.3497243998976,,,784.647631812098,934.2930189453311,903.4657329590773,743.714498476191,593.3508689805418,706.3281555446097,614.3990414577848,420.24912212809693,489.7887045691371,656.393597716581,486.55497298281267,652.1770349062137
v_19.6h,643.0077422789811,,,1059.0905505868545,742.7485957814685,448.85659942374696,448.85659942374696,521.2589929372956,571.5231725141643,,737.2542727353862,743.2247561354437,723.2997777578128,620.7249016446284,1189.2658818801256,874.2604426780567,442.1452072879239,628.9213509568074,628.9213509568074,549.4218815111284,613.9966977306831,460.0451750585191,442.7047484830374,591.7913539787382,1286.025315870457,380.42330375267335,598.4321609926357,,,512.9185825241522,573.1224018607727,710.4889533891463,558.5275546827736,645.9367259049343,,512.328086749501,512.328086749501,579.0124097195944,896.1859218405193,632.8908341222054,605.8263482836475,605.8263482836475,735.0663322829229,743.7055055087781,,947.1381605775808,821.7620752517411,405.1682849865943,607.9049525691864,695.3303787013517,734.1470248909914,735.0791828541225,830.6905093390806,681.8432933824258,738.490691602967,498.3258837787655,731.505381170686,430.13749921991774,525.7901041601627,327.7045092889851,443.48693927364434,475.8074357333538,743.8409831597993,499.4883656778415,634.5408352910868,961.7966672049513,742.3233460528713,597.8188486008648,,455.1843350401188,361.0794845388277,385.51605729609236,519.64664869148,587.6833237156528,583.9241724764215,565.1046015535746,,613.9895167488401,305.6050666505877,483.6900650138034,631.1317672165299,468.0924929735954,629.5462785458378,,,787.1107036438441,937.6822834201344,907.6657397819158,743.7387641546674,593.0171075673279,707.9813560555203,615.5987136699077,420.24912212809693,490.4022281187396,657.7937730312008,487.18966169377626,653.5169925105996
v_19.700000000000003h,644.5326322519251,,,1065.516735352817,742.7485957814685,450.053562207666,450.053562207666,523.0304435096531,574.4398942099085,,738.4156836146061,744.6344982077164,728.5311761236894,622.269423170242,1194.5977449771933,877.8211496567368,443.11956045104904,630.045681223363,630.045681223363,549.4218815111284,614.1382878439987,460.6406090383832,442.7361611820957,593.3942068528456,1290.6412957477614,381.55073582775697,599.6579875553992,,,512.9202004890313,574.1816911483197,710.7259238009829,559.804254285113,645.9367259049355,,512.328086749501,512.328086749501,580.2116606229213,899.9349536289162,632.8873195529173,605.8263482836475,605.8263482836475,735.0663323438981,743.7055055087781,,950.7098523457463,824.4529177075187,405.1918434762526,610.1440106954711,695.3823696851288,735.4308012587803,735.1083476075514,831.3531737413502,681.8510128830206,738.490691602967,498.32314239666294,731.5053811707493,430.43244493523207,525.789866433449,327.7045096194696,443.4869388523082,476.4853776350584,743.8409831597993,499.2058025584191,634.5408352910868,966.1212998997778,742.3852228915122,597.8201700328316,,455.2595438893635,361.0795865551413,385.2547601304113,520.6299085788993,588.9291434196575,585.1724911470113,566.373114409115,,614.0073121566068,305.60475750535016,484.55657675849716,632.4908924743004,468.6600355099769,631.1423852333638,,,789.8306250299834,938.2523405600526,911.4183173587521,743.762482446963,594.916794804847,709.6063363621535,616.7933210353248,420.1793918164051,491.0019801629601,659.1721530541365,487.82075957403043,654.8460280709627
v_19.800000000000004h,646.3579950738572,,,1071.5335284359555,742.7485957814685,450.053562207666,450.053562207666,520.6578682754401,574.4398942099085,,739.5386366623621,746.4168632899714,728.5311787880887,623.7654720813221,1201.9766500802748,881.5170207853473,444.06696712508983,630.1894212689747,630.1894212689747,550.6003833488847,614.2900116372493,461.2323679699938,443.3685113950231,594.9424889627701,1295.2087218261865,380.33547988696625,600.8659997617114,,,512.9218435323813,575.2274679276608,710.9550272551892,561.2577177969686,645.9367259049369,,512.3280867290255,512.3280867290255,581.390354136252,903.4341435578945,632.8837794291244,605.7988866117369,605.7988866117369,735.0663324062878,743.7055055087782,,954.15379913925,827.0366669881098,405.21481847998194,607.6089156307479,695.4336596684682,736.6899790960153,735.1359554197678,832.0006946496644,681.858521688573,738.490691602967,498.32036497128763,731.5053811708146,430.73318318575264,525.789660677391,327.7045099591071,443.4869382620707,477.15834088823163,743.8409831597993,498.92631007487535,634.5408352910868,970.2031737118259,742.4442469013442,597.8214866905788,,455.3369197335981,361.07969929012734,387.1111727181279,521.5982133366145,591.3600475510954,586.3992573509785,567.6137171360773,,614.0253604505136,305.6044445900497,485.4238244052094,633.8321778558733,469.2251134154468,632.6746387025496,,,792.3971179461157,941.530758057998,911.7362936880112,743.7856489826438,596.7598755353558,709.286358018365,617.9725958301651,420.94899645236586,491.5885654985152,660.5387007771697,486.9810656162507,656.1587836055023
v_19.900000000000002h,648.1256225131851,,,1076.7917834230545,742.7485957814685,450.0081798196041,450.0081798196041,522.4013536473402,574.3398970948152,,739.9761851237785,748.1881709140107,728.531181544168,625.2351175553216,1210.1730364346918,884.9473679371603,443.07172949098134,631.3343040345665,631.3343040345665,550.8219202429511,614.441151158185,461.820525606175,443.9935199429387,593.2263138290971,1299.7318835709248,381.48365901254914,602.0572111091335,,,512.9235119662013,576.2604446057622,711.1763530111447,562.665598231539,645.9367259049379,,512.3280867044216,512.3280867044216,583.6912648658227,906.7121141277813,632.880218500348,607.6102939676578,607.6102939676578,735.0663324701244,743.7055055087786,,960.7168942356914,829.5292104827877,405.23721950822153,608.1776145018434,695.484243437451,737.9714625454002,735.1650021385094,832.6310026451764,681.86582762939,738.490691602967,498.31755117160657,731.5053811708144,431.03036007177843,525.7894833356188,327.7045103081396,443.48693749233144,477.82645315396593,743.8409831597993,498.625757624996,634.5408352910868,974.0690582430475,742.5005042357822,597.8227988247933,,455.4125493553745,361.0798232669013,385.00916739739597,522.5523121223231,592.5473690151672,587.6057908166837,568.8323253037604,,614.0436755089643,305.6041279566249,486.3575349446782,635.147648265822,468.34997508874943,634.505623625448,,,794.8091248489233,945.6459756655688,915.5505949090207,743.8082602020307,598.5301120295469,710.9630957186266,619.1367691408828,421.706781385378,492.162560415458,658.8104549002868,487.6074227261888,657.529051659859
