Angular_Width,35.0,30.0,43.0,60.0,30.0,46.0,46.0,56.0,50.0,38.0,72.0,69.0,36.0,55.0,60.0,50.0,31.0,30.0,30.0,47.0,27.0,31.0,30.0,32.0,66.0,35.0,58.0,30.0,30.0,35.0,40.0,40.0,25.0,63.0,29.0,45.0,45.0,39.0,45.0,27.0,22.0,22.0,50.0,29.0,37.0,47.0,45.0,40.0,41.0,38.0,43.0,50.0,58.0,45.0,45.0,37.0,35.0,26.0,29.0,22.0,19.0,24.0,27.0,17.0,30.0,41.0,50.0,27.0,11.0,35.0,38.0,45.0,31.0,45.0,61.0,35.0,35.0,46.0,30.0,41.0,49.0,32.0,58.0,39.0,45.0,43.0,44.0,45.0,45.0,45.0,40.0,45.0,42.0,45.0,19.0,29.0,45.0
Velocity,920.0,950.0,830.0,1950.0,650.0,600.0,600.0,720.0,1507.0,1150.0,930.0,1020.0,301.0,815.0,2250.0,1364.0,535.0,730.0,730.0,650.0,570.0,447.0,450.0,825.0,1485.0,520.0,675.0,300.0,300.0,440.0,600.0,610.0,790.0,851.0,396.0,202.0,202.0,676.0,1400.0,236.0,917.0,917.0,296.0,576.0,354.0,1250.0,1155.0,329.0,567.0,744.0,861.0,780.0,850.0,483.0,350.0,243.0,487.0,375.0,386.0,260.0,309.0,471.0,594.0,262.0,232.0,1383.0,680.0,717.0,275.0,393.0,287.0,649.0,561.0,628.0,677.0,702.0,422.0,553.0,247.0,539.0,767.0,452.0,920.0,750.0,749.0,1204.0,1494.0,1651.0,635.0,901.0,934.0,729.0,466.0,523.0,786.0,467.0,782.0
Observed,2.795138888888889,2.388888888888889,2.5805555555555557,1.5041666666666667,2.3694444444444445,2.5625,2.9256944444444444,2.677777777777778,1.9083333333333332,2.56875,2.4305555555555554,2.484027777777778,3.7743055555555554,2.582638888888889,1.7576388888888888,2.1555555555555554,3.245138888888889,2.607638888888889,3.7430555555555554,2.834027777777778,3.0944444444444446,3.8625,2.8590277777777775,4.253472222222222,1.8722222222222222,2.7243055555555555,2.44375,2.8506944444444446,4.979166666666667,4.941666666666666,2.861111111111111,2.5756944444444443,2.0840277777777776,1.9090277777777778,3.9694444444444446,2.2493055555555554,2.9298611111111112,3.222916666666667,1.8284722222222223,4.590972222222222,2.463888888888889,3.0395833333333333,4.506944444444445,3.5236111111111112,4.628472222222222,1.5638888888888889,1.6798611111111112,4.254166666666666,2.4631944444444445,1.8520833333333333,2.4895833333333335,1.95,2.3381944444444445,3.426388888888889,4.215277777777778,3.261111111111111,3.740972222222222,4.004861111111111,3.34375,4.544444444444444,3.3291666666666666,2.8715277777777777,2.9659722222222222,3.9611111111111112,4.444444444444445,2.30625,2.310416666666667,2.6131944444444444,5.304166666666666,3.4430555555555555,4.185416666666667,2.907638888888889,3.1277777777777778,2.7666666666666666,2.4034722222222222,3.082638888888889,2.6215277777777777,2.8854166666666665,3.7854166666666664,2.9069444444444446,1.9201388888888888,3.853472222222222,1.442361111111111,1.5430555555555556,2.3881944444444443,1.8534722222222222,1.8930555555555557,2.3944444444444444,3.0625,4.3493055555555555,1.8736111111111111,2.111111111111111,1.8493055555555555,1.8965277777777778,1.7479166666666668,2.870138888888889,2.591666666666667
Spheroidal,3.4971046005375683,,,2.5487970523536205,3.944801224861294,3.731956411153078,3.731956411153078,3.6913353228010237,4.833363734651357,,3.282341812271625,3.6275589638389647,4.328609685413539,3.5238411836326122,3.182718050200492,3.3927796566858888,3.564306895714253,4.452227965462953,4.452227965462953,4.461096496786922,3.737271459773183,3.5550256897695363,4.655083600897342,3.637889282312244,3.02129835030064,4.0232731881551445,3.1606962704099715,,,3.430627171881497,4.309418718330562,3.2445203470997512,3.6400754610076547,3.4424117729067802,,5.478207875043154,5.478207875043154,4.166326840408146,4.206828774418682,5.34490688610822,4.879079742357135,4.879079742357135,4.908077038824558,4.905612091999501,,3.6593790561892092,3.291035593021661,3.7521783150732517,4.806713475380093,3.647646393161267,3.9024152723141015,2.602716054301709,3.201022993773222,3.620400377549231,4.731859446968883,5.759207013063133,4.232549132779241,4.240416311658919,4.5296157714910805,5.774236666969955,5.102545118890703,4.983819462824613,4.448621555231512,4.035779055207968,4.0778876901604235,4.118068027775735,2.75352719752118,3.956531522795558,,3.7341561424545944,4.623233383987099,4.922412554733455,3.5400551785714924,3.83372366707772,3.0119186979718506,3.860642932821065,,4.272501719649881,5.757392500061542,2.7906860248185694,2.6189044574275613,4.476110843010247,3.4557967241853476,,,3.413560437038541,3.6329236328601837,3.8509808657690883,4.0204611690714955,3.0472695394419134,3.343733694870025,3.4876702167093754,2.9913302809000015,3.6467909472994506,4.777930386830121,4.261450925376266,4.105212899856269
tt_0.1h,,,,3.50704345991835,4.154919808730483,4.202752983663231,4.202752983663231,,,,5.194117063656449,5.63983699074015,4.079218120779842,4.793619743548334,4.032213496044278,4.3923974093049765,,5.43546857079491,5.43546857079491,5.336475271731615,4.13889983901754,3.7936566309072077,,,4.557282844092697,,4.094944216776639,,,3.673396045807749,6.176076234783977,3.695381089579314,3.8442979948595166,,,,,,5.553355851676315,5.19557932484895,,,5.027111791539937,,,4.5816491027362645,4.426087026484311,3.584730314090848,5.067963055334985,4.298349319491535,4.983613231219351,3.6718764761462808,4.318423332180828,3.9940676423721015,5.649624242912978,5.9151187390089035,,4.5657441415824,5.368065781425685,5.863126499578357,5.574711190536618,5.818873435724527,5.3137661456130445,3.6201724377460778,,5.624620429705828,3.2335649454034865,4.350912689696997,,3.894690330605954,4.388114648871124,5.460088283289224,,5.7220505606383085,4.416222603060305,4.771478118840605,,5.661241865716875,5.778107205405831,3.126517447642982,,,,,,4.4766847672872245,4.937366113532335,5.027570197824389,4.619026802480221,3.1945856660604477,4.131720627658069,4.338974338024855,2.9309069239534438,,5.231358915567398,5.154786492232233,5.291928322985768
tt_0.2h,4.8846243331208825,,,3.379046017304063,4.1553382598795,4.189142589457333,4.189142589457333,4.571229113265872,5.790153756737709,,5.110455908346921,5.576306948903948,4.0833359262906015,4.747967144474387,4.0167598645202816,4.288431776221842,4.090195232536644,5.38046970916912,5.38046970916912,5.31372076831758,4.117626221384853,3.7876193379051983,5.414713917300105,4.145514478441328,4.457726269960403,4.328753943089396,4.05975542543456,,,3.6671081841923296,6.093624384142458,3.6771112945862114,3.844435245729983,4.736327082850039,,3.9161569578573108,3.9161569578573108,5.042705469764769,5.4152370961382985,5.198239607736468,5.664014050271362,5.664014050271362,5.027111791539937,5.405965528916568,,4.518268903717399,4.320694381836802,3.584730314090848,,4.298349319491535,4.983613231219351,3.60783517267555,4.273202141746879,3.9940676423721015,5.63432532036677,5.912935381755233,4.550134950783104,4.555745804682374,5.338812351692468,5.85971743799746,5.5629592798650265,5.792427842505276,5.2687639887444675,3.630428589414805,3.8974949214607477,5.488123861141503,3.2151887104846537,4.351510337553918,,3.8908672272227705,4.39099474158138,,4.108197825495154,5.649081016890705,4.3605595654807985,4.733020235784352,,5.60938507411629,5.776871141511947,3.115168333053589,3.272635731846094,4.735617000143975,4.934919531922787,,,4.479101607110351,4.820366827305406,4.897378345020115,4.599022323731333,3.18808871274814,4.072573924437165,4.316943485755473,2.9357736040838063,4.499845093116164,5.189478369895369,5.166708430275321,5.257230348419398
tt_0.3h,4.748279418796301,,,3.2896829890087247,4.1553382598795,4.165998298674822,4.165998298674822,4.533782245591283,5.790153756737709,,5.027213465888053,5.515548449009657,4.087456607725471,4.699718095362186,3.9505493165925145,4.199613876175135,4.063083878252655,5.322979067917913,5.322979067917913,5.290758069604635,4.121085595805198,3.781466963235289,5.389789915643632,4.102549595758319,4.365291059948504,4.328753943089396,4.047539446502924,,,3.660634034778923,6.005290418397635,3.65898204036057,3.8311568847857416,4.6683369893580675,,3.931310993619263,3.931310993619263,5.003914702218026,5.298644675407559,5.198239607736468,5.562359763775021,5.562359763775021,5.024993397295475,5.369892766233534,,4.460293574724346,4.223561068996787,3.5864653936587274,5.068117764312774,4.268480911385268,4.881617255974561,3.5381881766952574,4.18358746683225,3.9971348140388727,5.618467961438,5.910717273596674,4.550134950783104,4.545483438298106,5.308122096117586,5.856335337739438,5.550690870732069,5.764579993207008,5.221233797259629,3.640744165983051,,5.360968731343746,3.2151887104846537,4.332460010889918,,3.8869723677635193,4.394845965318382,5.461478287819773,4.078350441996008,5.569357526022941,4.301789707969874,4.690261773299426,,5.554010989610106,5.775647951290011,3.1031734300777316,3.224572842940688,4.72918225126341,4.85820517456159,,,4.401857021264732,4.717280593235046,4.897378345020115,4.578980823978782,3.18813947821036,4.012466994579881,4.292919423896819,2.9369084569625556,4.471053828950971,5.190926932729781,5.1228711237199605,5.2191282459534705
tt_0.4h,4.598215971142054,,,3.2213852759450674,4.143092600163072,4.165998298674822,4.165998298674822,4.535313913132995,5.682056648656726,,4.951679119374603,5.460267466958612,4.09159175446257,4.701637246645987,3.894835486076772,4.127041965723038,4.0350883160717785,5.266289750579745,5.266289750579745,5.267835372593254,4.098790906835347,3.775202983058989,5.3641471159644425,4.104600572492927,4.281200380064547,4.334075212012976,4.010998135898262,,,3.6539656640961766,5.914809411857277,3.641437888611108,3.818016182165593,4.5989631419070065,,3.9361270274966955,3.9361270274966955,4.965252623427659,5.2031068336218596,5.201370863709599,5.452945143915713,5.452945143915713,5.029094172641635,5.407833361532539,,4.4088644571602345,4.1413212940096855,3.588220945559442,,4.238138807937503,4.872807621955872,3.4690396236255765,4.185881003271788,3.98370702797547,5.602027469314635,5.908489538356662,4.536087361164391,4.534925519488752,5.275950482580811,5.852983206976205,5.537873344961554,5.735242323484272,5.172313132323325,3.6511318180710077,3.8863432724028826,5.246975708287209,3.1961703151464462,4.31316831568256,,3.883000892121345,4.398704551625997,5.446766519919038,4.047919045668095,5.4864921984262764,4.242760499473661,4.644831320270896,,5.496587426401675,5.774438038468361,3.0906373374164104,3.175030066166073,4.722576912026852,4.775082646869123,,,4.326165170874447,4.627585172653198,4.788562387228012,4.579924502409995,3.18813947821036,3.957274361513555,4.267397697083652,2.9380611442029476,4.440821820870042,5.147261848207563,5.0764638762921095,5.179621557239443
tt_0.5h,4.456444913055748,,,3.1663901661522686,4.127436649054289,4.142926374450326,4.142926374450326,4.535313913132995,5.667679997626692,,4.884987134952098,5.410233853850514,4.09571331506595,4.653391880914569,3.8462365958839655,4.065873134881258,4.006477148737758,5.212128829676658,5.212128829676658,5.268316133879125,4.075951379723847,3.768865816295147,5.337713208980858,4.06081393873319,4.203392545692623,4.310816073324531,3.974571392405778,,,3.647188102826476,5.826716551557183,3.6248002918437123,3.8050900571979582,4.534301496576518,,3.9507888699881732,3.9507888699881732,4.9273981670849025,5.120446770917624,5.204570074565709,5.5667279390618205,5.5667279390618205,5.026950264815241,5.3718035272322595,,4.3621303285472095,4.070838289801031,3.589994430541992,5.068270543590188,4.208197304513305,4.77062596520409,3.4041167935356498,4.145549016073346,3.9699952588416636,5.584997685626149,5.908489538356662,4.51972050499171,4.524079417809844,5.2424879698082805,5.849661552812904,5.5244389129802585,5.704882581718266,5.123593256343156,3.6615541731007397,,5.1432511592283845,3.176877985242754,4.294026741757989,,3.878973896615207,4.4026108691468835,5.446766519919038,4.017488213721663,5.404361442197114,4.18544633872807,4.644831320270896,,5.439930183812976,5.772059707902372,3.0779278306290507,3.1284217620268464,4.706786407157779,4.6924821035936475,,,4.258466866333038,4.545045993290842,4.69644082384184,4.560202984139323,3.1818985012359917,3.9087170395068824,4.240852094255388,2.9380611442029476,4.409439968876541,5.104177696630359,5.027480615768582,5.139976290054619
tt_0.6h,4.332998486701399,,,3.1179631436243653,4.114927324000746,4.145304040517658,4.145304040517658,4.4966745264828205,5.561671662144363,,4.82656882610172,5.36360272904858,4.100011255592108,4.606270655523986,3.8034044629894197,4.015253736637533,3.9972887663170695,5.161224528215826,5.161224528215826,5.245705046225339,4.053335183765739,3.7624845090322196,5.310842960141599,4.06081393873319,4.134101684670895,4.310816073324531,3.9392854725010693,,,3.640371729619801,5.743249200284481,3.609151715412736,3.7925482261925936,4.522328380960971,,3.9507888699881732,3.9507888699881732,4.890765079762787,5.047428525518626,5.207791165448725,5.457796269562095,5.457796269562095,5.024780304636806,5.3350682174786925,,4.318880962207913,4.009486616123468,3.5917868022806942,5.054893056396395,4.179041355848312,4.678530699107796,3.344543299637735,4.108322850428522,3.9560073278844357,5.56760481512174,5.89557861443609,4.51972050499171,4.531030180864036,5.254538209177554,5.852380538824946,5.5164208696223795,5.673879481852055,5.123593256343156,3.6720154574140906,3.891276950482279,5.046447101049125,3.157594031188637,4.275197229813784,,3.874898497480899,4.4065454704687,5.448161738924682,3.9880020855925977,5.325410136487335,4.131172969471663,4.598353528417647,,5.385617115069181,5.770892169792205,3.0651665590703487,3.086013922467828,4.700020479038358,4.614617311395705,,,4.197433061897755,4.471203424036503,4.61505997274071,4.541067257523537,3.175724687986076,3.865571232046932,4.213850840460509,2.939231656026095,4.378062516450882,5.062870867550373,4.977842198684812,5.101070197764784
tt_0.7h,4.227410558611155,,,3.1179631436243653,4.114927324000746,4.122737338766456,4.122737338766456,4.482251122128218,5.561671662144363,,4.774182748515159,5.319644169416279,4.1040860852226615,4.560857994481921,3.7612933148629963,3.969249380286783,3.9972887663170695,5.113754415884614,5.113754415884614,5.223418121691793,4.031317253597081,3.7560902014374733,5.283819166943431,4.017971519846469,4.0677333739586174,4.299900604877621,3.90577533794567,,,3.633544944692403,5.665718305390328,3.59452501591295,3.780199311673641,4.464183820877224,,3.965203027240932,3.965203027240932,4.85565334232524,4.983192708343267,5.2105132807046175,5.3526880368590355,5.3526880368590355,5.022564318031073,5.320937925484031,,4.279312207829207,3.9566281787119806,3.593596125021577,5.052316905464977,4.150922632776201,4.678530699107796,3.2912044865079224,4.074024735018611,3.95697587961331,5.549988887272775,5.893323107622564,4.5217984220944345,4.520030067302287,5.254538209177554,5.849151582457125,5.5024450700730085,5.64254949009046,5.076025762129575,3.6825236594304442,3.903858630452305,4.955740999896079,3.138516779989004,4.256765923462808,,3.870796299073845,4.410507003776729,5.448161738924682,3.959762295242399,5.251104784663767,4.080445263534784,4.552332083694637,,5.334754710551351,5.76974788075313,3.0525003941729665,3.0474775615148246,4.700020479038358,4.544037065003067,,,4.1413105465471745,4.400429817382246,4.544439292978495,4.522637786343694,3.169549555517733,3.826945480424911,4.186838388442993,2.9404050055891275,4.347156333271414,5.023921920917928,4.977842198684812,5.063141828402877
tt_0.8h,4.1363220466300845,,,3.0749446260742843,4.102290132082999,4.122737338766456,4.122737338766456,4.443582845386118,5.563844578806311,,4.725664780009538,5.277003951370716,4.108131578657776,4.517888598144054,3.719816025812179,3.929608589503914,3.9688354544341564,5.069216646254063,5.069216646254063,5.20157010294497,4.031317253597081,3.7496923175640404,5.270224635954946,4.0041731600649655,4.008288050070405,4.276071162894368,3.874349542427808,,,3.626746420748532,5.594308080617338,3.5808824552223086,3.7681793733499944,4.464183820877224,,3.9694170583970845,3.9694170583970845,4.822145437356085,4.922456424683332,5.2105132807046175,5.255920921918005,5.255920921918005,5.028881983365864,5.320937925484031,,4.241227352060378,3.907529150135815,3.593987346626818,5.038942407350987,4.136397989001125,4.685148770920932,3.2430843701586127,4.04146725172177,3.9429981959983706,5.532235511112958,5.891004115808755,4.5051010241732,4.509015683084726,5.220596178434789,5.845961402636021,5.488147851545364,5.611213288735598,5.030399119947106,3.6930028940550983,3.896137581206858,4.872191005852073,3.1410910934209824,4.238759486936033,,3.8666758434846997,4.414453950244933,5.402299191337079,3.933068594429642,5.182027641218156,4.033577928319573,4.507749509066343,,5.287750339135528,5.76862820237875,3.040085284039378,3.0134838079102337,4.693101194687188,4.549264510627836,,,4.0902407062239945,4.335420836694539,4.4780256086960435,4.504981210455298,3.1638523475266993,3.7929578693583608,4.160401770845056,2.9452934241853654,4.317168232053518,4.987180980853736,4.928675092756748,5.026693089865148
tt_0.9h,4.14896781090647,,,3.0359293706715107,4.10281398659572,4.101231879089028,4.101231879089028,4.443582845386118,5.465413464233279,,4.680702526122332,5.235693297814578,4.112119495868683,4.476484014187008,3.679015638306737,3.892934654839337,3.940956544596702,5.027658704202622,5.027658704202622,5.180126112420112,4.010281691793352,3.7433482413180172,5.270224635954946,3.9633350619114935,3.9521166179329157,4.305155364796519,3.8176622265018523,,,3.6200102982111275,5.528661213815212,3.568072644993663,3.756139524746686,4.413089580833912,,3.983397691976279,3.983397691976279,4.790090669412166,4.8663420476950705,5.213801822159439,5.261487348470837,5.261487348470837,5.0266859526745975,5.284011619631201,,4.206562613137066,3.8638188615441322,3.595829759258777,5.03909369930625,4.109814593102783,4.604974724818021,3.198860213626176,4.010727033019066,3.9290104722604156,5.514418715145439,5.888646776322275,4.488077279180288,4.4980425662361085,5.186734948772937,5.842829460278153,5.473575398791581,5.580165515653789,5.018679520115256,3.7034823214635253,3.908658263273537,4.791481290012598,3.1226557730697095,4.221394035033882,,3.8625611923635006,4.418417322449386,5.403799005318433,3.908060837071389,5.1178280068561435,3.98963753413409,4.5119283753447235,,5.244736758526415,5.767533999402076,3.028097261209041,2.984626561868936,4.693457967136055,4.484707321505994,,,4.0412930101156235,4.2723552458919585,4.416429203469306,4.48807018622756,3.1640426530502737,3.76189028006047,4.134312741924077,2.946468214970082,4.288437198847532,4.952796765603125,4.940118349622935,4.991225995589048
tt_1.0h,4.068052260670811,,,2.999916849657893,4.090258571319282,4.103483697399497,4.103483697399497,4.405324308201671,5.465413464233279,,4.639069510623813,5.23745991429314,4.1160584054887295,4.437002522405237,3.679015638306737,3.858817568514496,3.9139391351491213,4.988290166016668,4.988290166016668,5.159083124250174,3.9904346000403166,3.7370822955854237,5.243342710658908,3.9251932641491294,3.90028181578964,4.281090574339032,3.7923002913594246,,,3.6133952108211815,5.467538956087083,3.5559414196759462,3.744261884596199,4.3671086905524135,,3.983397691976279,3.983397691976279,4.759459420107305,4.8143742443062365,5.217135081533343,5.261487348470837,5.261487348470837,5.024443621281534,5.2860628217458725,,4.172469090670347,3.822933434974402,3.5976864667609334,5.03909369930625,4.084192480891943,4.5367647130042315,3.1602696194313467,3.9821893754415214,3.93212500307709,5.496661895886064,5.886270389892161,4.50719102891162,4.487139201257378,5.153225053101778,5.839754721149802,5.458779251202941,5.549610225483775,4.975444357376546,3.7139220274984837,3.90093076787889,4.796233423985541,3.1051316959783435,4.204346653074026,,3.8584393081255257,4.422374559566379,5.403799005318433,3.8847708348184824,5.057465842925012,3.949235115200281,4.469613797962666,,5.205221846234053,5.770498990081251,3.0505538415163755,2.9579217080026865,4.686434954870492,4.484707321505994,,,3.9969747602008283,4.213784469757229,4.359147921670228,4.471824926324189,3.1581398914568126,3.7325997981242836,4.10869617620483,2.947626198641956,4.261226700618863,4.952796765603125,4.89200618583709,4.95669573917985
tt_1.1h,3.996734315995127,,,2.9669639030471444,4.090258571319282,4.08313663629815,4.08313663629815,4.4073858028277755,5.467964123003185,,4.600599503144622,5.198787462897599,4.119945385958999,4.398535917047411,3.68049775948748,3.8280182192102075,3.9206107784993947,4.950809008907527,4.950809008907527,5.138412620872259,3.971848196350038,3.7309122942388058,5.216711353510618,3.9251932641491294,3.853555812034756,4.2568765743635595,3.768474653363228,,,3.600617030635476,5.410422956105322,3.5444217808544636,3.7447300450876355,4.325402426999062,,3.9872754053212702,3.9872754053212702,4.730212415568531,4.7648969031870365,5.219916621223092,5.174821577034891,5.174821577034891,5.022216853685677,5.249617217108607,,4.140487048774958,3.785718528088182,3.5995579971931875,5.02562500257045,4.05940248304978,4.476995850913227,3.1245361850596964,3.9549555252306163,3.93212500307709,5.479022425133735,5.883879392873496,4.490186809562147,4.476362862158567,5.120467393193394,5.836741642095149,5.443793585523963,5.519696588162333,4.934650388080627,3.7243303330615163,3.913392674177885,4.721784065011889,3.0881069828756154,4.187594746239483,,3.854334929957986,4.426321796607226,5.405301112215966,3.862957530654967,5.000818429514766,3.9113970599137247,4.429023932199925,,5.168519573286176,5.769460805691779,3.038341950625181,2.9338146429508924,4.6792996088042855,4.426001738291234,,,3.9528492582030594,4.157860362436622,4.304286510683596,4.456177004612982,3.1581398914568126,3.7064010044559836,4.0836680652573705,2.948788987006992,4.235573240090162,4.920040822587907,4.845837065950036,4.923063637223095
tt_1.2h,3.9354966315440834,,,2.970881822053343,4.077849390916526,4.064105598721653,4.064105598721653,4.370232006069273,5.3753870078362525,,4.563647160306573,5.160403263755143,4.123789126519114,4.3614148534834385,3.6413065446540713,3.798925847746432,3.8947021397762,4.915015612728894,4.915015612728894,5.118133510928601,3.9587792567908764,3.724829863756895,5.190494930371642,3.9278009198606014,3.81040965532884,4.286212638486177,3.746002050116658,,,3.5944076906889677,5.357015409972519,3.5334609104320407,3.7334960782900453,4.32925962889567,,4.000842563342303,4.000842563342303,4.7026543957181275,4.717840624507517,5.22331716818735,5.0951322368346155,5.0951322368346155,5.01999039016664,5.249617217108607,,4.110071897041053,3.750140340998769,3.601443102583289,5.025780820287764,4.035420844797045,4.482890797778964,3.091238183900714,3.9285795208998024,3.918246876914054,5.461603969801217,5.881476452574134,4.473167102318257,4.46578638907522,5.088672438170761,5.836741642095149,5.4287213874049485,5.490323630627245,4.895835738629103,3.734721889719367,3.925788763910532,4.721784065011889,3.0716309817507863,4.171111750882119,,3.8502634787000716,4.430236374028027,5.358770469669253,3.842415327206254,4.947624437510967,3.8759496081620455,4.3909059297293425,,5.134487493894994,5.768450038507581,3.026506838388741,2.913623023312539,4.6792996088042855,4.371578769758344,,,3.91225777938962,4.103957402519882,4.252541143447161,4.441072346176952,3.1526796626858413,3.681280830409378,4.059243884403259,2.948788987006992,4.241158589720726,4.922045690473169,4.801964423619211,4.890577062033117
tt_1.3h,3.9354966315440834,,,2.9398722271434963,4.078454738017172,4.064105598721653,4.064105598721653,4.370232006069273,5.287120982538909,,4.528154527302831,5.1223138752393425,4.127556991763413,4.326827113516629,3.60252684680745,3.7715356680564582,3.8701323438435793,4.880711464677006,4.880711464677006,5.09818028844893,3.9411891461350024,3.7188293850049376,5.1648231614381075,3.8919709408655763,3.7707635583356023,4.261732578743249,3.7247718032449484,,,3.5883279321715236,5.306941539049149,3.522969990503043,3.7334960782900453,4.290325820911676,,4.014201981481165,4.014201981481165,4.676315348595381,4.673531787004322,5.22331716818735,5.021935226395726,5.021935226395726,5.026339439209551,5.251778437290341,,4.080530610401183,3.717712318059057,3.601443102583289,5.025780820287764,4.035420844797045,4.482890797778964,3.061138848308474,3.9034296073950827,3.9045521742664278,5.44447643822059,5.879064078908414,4.492297873366624,4.455449159257114,5.058122931513935,5.833793005440384,5.413613787852228,5.46153784589842,4.858978978358209,3.7450550752691925,3.901925437618047,4.650403093080968,3.0557368230074644,4.154856958892196,,3.8462358731776476,4.4341538031585515,5.358770469669253,3.823108942247927,4.897608056198806,3.8426110642030835,4.354676081333309,,5.102806125767529,5.76746767340228,3.0150202168151736,2.893497420474887,4.6720737321302295,4.321465884801,,,3.8734325636178255,4.0536369499750435,4.203584790695459,4.426468970719725,3.147353588603437,3.6575818406417966,4.035463524051011,2.9537016041576862,4.216695668641478,4.890788617078215,4.7608507964760065,4.858569310978055
tt_1.4h,3.8800397235900164,,,2.9113303357735276,4.066366640850902,4.066255052108318,4.066255052108318,4.372488546650857,5.378262017853558,,4.495459312573075,5.08583808504045,4.131256869994104,4.292927626986057,3.5656360764987767,3.7452584970742464,3.8701323438435793,4.8477278160862625,4.8477278160862625,5.078560967929661,3.9245980852283537,3.7129275649785995,5.139789805281907,3.8582563288509846,3.70120936492458,4.237836168613285,3.7046157913282514,,,3.5823940094560385,5.2598202782683074,3.5128758242353797,3.722205974161625,4.254026886541396,,4.014201981481165,4.014201981481165,4.651094654109329,4.630686018615961,5.226749630179256,5.012017089407891,5.012017089407891,5.024093672633171,5.216187966987491,,4.052755895536393,3.687087833415717,3.603342260234058,5.025934205390513,4.012402484193444,4.429726996459067,3.0340466564521194,3.879985338076949,3.9076893106102943,5.427713451441377,5.876671319361776,4.47529880143702,4.445420612115413,5.028949039056897,5.830911665223539,5.39856413891539,5.433358593843877,4.824013993144035,3.7553323875181377,3.9142829151824117,4.583145461045206,3.040401720441878,4.1390354642644525,,3.84221513196826,4.438049797900021,5.344306562561542,3.804944694507867,4.850429846905172,3.811121517326683,4.320264266803861,,5.0732222511433065,5.766514501068741,3.0039641675539315,2.9000146901234984,4.672516713384539,4.276601629797369,,,3.8360765227116644,4.005798459984362,4.207287181168795,4.4123172126710415,3.141906018834561,3.6354200709611177,4.012533157132566,2.954852493479848,4.193446679506451,4.861059382557869,4.722556418739259,4.828069320414215
tt_1.5h,3.8299413099884987,,,2.8847043868154287,4.05459376424551,4.048531278967857,4.048531278967857,4.336769423913211,5.2902994505129755,,4.46361539978534,5.050484281498939,4.131256869994104,4.25981392338872,3.5291964462958276,3.720794193446636,3.846843137871474,4.815941977314651,4.815941977314651,5.059517606161535,3.9089649147354066,3.7071276865899563,5.142965477425605,3.8582563288509846,3.671092413365841,4.266669461503625,3.6854073046706617,,,3.5766116278246045,5.215336551424116,3.5031438707374036,3.7111520511098206,4.254026886541396,,4.001499345060438,4.001499345060438,4.626891753636301,4.590063603594899,5.213440341874957,5.012017089407891,5.012017089407891,5.021870693657547,5.181610765866935,,4.026245875749737,3.6576091647148132,3.6052541504614055,5.025934205390513,3.989788493141532,4.381165781989694,3.0079119447618723,3.856966860126704,3.9076893106102943,5.411203967407346,5.87988767772913,4.458419224712998,4.435575917363167,5.0013470239937305,5.828102154191583,5.39856413891539,5.405855088494718,4.790858126245439,3.765568562783301,3.9187885839492083,4.519256078638136,3.025867149233818,4.123655767645687,,3.8382213111035526,4.441917859017849,5.344306562561542,3.809181435033679,4.805790330283344,3.7812984487973154,4.287534469738603,,5.04544095043093,5.76559134433046,2.9933611834421754,2.8831867910921574,4.665254544466734,4.282245413400233,,,3.8011784995906055,3.9597283927723765,4.160483742132783,4.398781661875546,3.14211360597983,3.6140887597575784,3.9906074167229235,2.9559828243218362,4.171396227553487,4.8320957869291306,4.733218619599938,4.798224858008325
tt_1.6h,3.7842210549861193,,,2.8591935308650136,4.067008721642196,4.032019708771259,4.032019708771259,4.302231762558222,5.209299796260893,,4.4327846630476415,5.0147262257523835,4.134880210272968,4.227787828538567,3.494468013290316,3.696997146587819,3.8246023296378553,4.7860194514505565,4.7860194514505565,5.059517606161535,3.8942068493925035,3.701431562192738,5.118627226911485,3.861142612528056,3.6430268646217883,4.242533365730196,3.66739105200395,,,3.570980838034302,5.173169168643653,3.493718006182462,3.700378202367574,4.221044819802046,,4.0144930221140385,4.0144930221140385,4.603673256468028,4.551261429674923,5.21691978443414,4.943364485632628,4.943364485632628,5.019654277712107,5.181610765866935,,3.9752852506935596,3.6300650504417717,3.605744142550975,5.0124347563833,3.9919381025247276,4.336708772461861,2.9841193738393486,3.834503512363881,3.8942938945256174,5.39494757167995,5.877500245347619,4.444471161346883,4.425927932374179,4.974750351626426,5.82536305533722,5.383652606513351,5.379062561318278,4.759354506153613,3.775720360688865,3.9187885839492083,4.459056686144322,3.025867149233818,4.108452374115586,,3.8343160026706755,4.444862701930106,5.345947915222496,3.7919499804265797,4.763417249079794,3.75299881817773,4.256356448400766,,5.01924743829295,5.764701209031045,2.983223594725132,2.8661637217737734,4.657944157719612,4.239930462092161,,,3.767027296125889,3.964560125488788,4.11596453608945,4.385605096817017,3.13710383977741,3.617447080090642,3.969237193930894,2.95709191262722,4.150506055448204,4.804116413928568,4.733218619599938,4.768973310943693
tt_1.7h,3.7944262009114027,,,2.8354871314950287,4.055275209713727,4.016527844592929,4.016527844592929,4.302231762558222,5.19661353295669,,4.40424534631893,4.9807651322335005,4.138420917093754,4.1977252485230565,3.460586879402399,3.6739531829953194,3.831034380942583,4.756697790697217,4.756697790697217,5.040763504337519,3.880230442620814,3.7033142056316137,5.094802863895893,3.8288492541760206,3.6164066502824426,4.219174443278462,3.650420827791095,,,3.565499926917255,5.09487765096128,3.4845580556429923,3.689705795608461,4.189386737532914,,4.027273071464151,4.027273071464151,4.581343865022063,4.554653212893754,5.220444504637271,4.879079742357135,4.879079742357135,5.007654366083443,5.183954435400665,,3.9515925720334053,3.60421255370602,3.6076835496351123,4.996492002159357,3.9705979768186808,4.342206284869462,2.962299845647067,3.8139776112511754,3.881258884444833,5.378969400655478,5.877500245347619,4.444471161346883,4.4165057530626655,4.968032923527062,5.822699195239693,5.368950192350894,5.352931182831526,4.729394526220858,3.785788545385003,3.923222039360553,4.401232434436679,3.0294797527603805,4.093241043854505,,3.8305209293030202,4.448700526263565,5.299606024753302,3.7756656855344772,4.723112480249256,3.726068688556552,4.226624535396695,,4.994454012718052,5.7638411950320005,2.9735437547788024,2.8514983444474638,4.650603421032429,4.200241840444505,,,3.734207786154002,3.9206866403110325,4.073156101629138,4.372757405973971,3.1321782805025578,3.5974906776100397,3.9481982816942036,2.958185200113803,4.130653171800077,4.777930386830121,4.696862404234707,4.740105405449867
tt_1.8h,3.754444778431207,,,2.8128334572538733,4.043824959546328,4.017991420812905,4.017991420812905,4.304880926851183,5.19661353295669,,4.3762139324098825,4.947262628469616,4.141890943516046,4.168737811036408,3.4281467269174755,3.6520494958385825,3.80985487671569,4.728828939143568,4.728828939143568,5.0223099905997515,3.8669402776286006,3.697786500211805,5.094802863895893,3.7980390805751085,3.5916780345141888,4.23120381962508,3.633871209807694,,,3.5601571588777006,5.058416464366019,3.475657295435667,3.6791234421543777,4.193206385709345,,4.039810995571315,4.039810995571315,4.559857680927962,4.517005007714033,5.220444504637271,4.8854771121405065,4.8854771121405065,5.007654366083443,5.150614203419536,,3.9287880691699684,3.579106656368822,3.609636595007032,4.996492002159357,3.9497728920541704,4.342206284869462,2.940512794069946,3.7930265301838517,3.8844208512455225,5.3632880807854235,5.875085216481239,4.427842045668513,4.4072988159023225,4.942348531447351,5.826037658378482,5.3544687400572,5.3274638704024255,4.7008375115692616,3.7957904478535056,3.923222039360553,4.34715063078329,3.0158855128102005,4.078211842570454,,3.826814371161163,4.452496545854956,5.299606024753302,3.760203646030277,4.685187834780663,3.7011850997805595,4.198241773527116,,4.970851370599121,5.763014095369726,2.9642625050619245,2.837442575953901,4.658453036565334,4.163013374898583,,,3.7028155103325844,3.87829483486712,4.032381481491029,4.373999825678766,3.1321782805025578,3.578168970067054,3.9279766539111733,2.958185200113803,4.111766350455582,4.751868557184935,4.662568987347186,4.742867344990373
tt_1.9h,3.717085000127554,,,2.791510615963489,4.0326959867961705,4.002466071397066,4.002466071397066,4.272124873939902,5.117115200962871,,4.34844759805128,4.913713540881872,4.1456837193109095,4.140355549752712,3.3966324203647673,3.630907597951591,3.7897432488389313,4.701238694600761,4.701238694600761,5.007421086542308,3.854265353642404,3.6923670838586986,5.071515230461955,3.7696632808074355,3.5684648756869137,4.207633652258664,3.6181958774104714,,,3.554950028192252,5.02354348776862,3.4669664944522083,3.6690327068790793,4.1627545999363065,,4.030261244159192,4.030261244159192,4.539173927158117,4.4812613180838525,5.22327641164884,4.8250447367317975,4.8250447367317975,5.005448478739709,5.150614203419536,,3.906570794992149,3.5555418832227588,3.6116005429066718,4.9966508210636675,3.9294190406799316,4.302309237420559,2.921900477260351,3.773211434017867,3.871821849606931,5.347918713930994,5.872672817204148,4.430005223490298,4.398372813127935,4.917897035833448,5.823512831237167,5.340061808004975,5.302661447785795,4.6736015495844185,3.80572168296203,3.9354117773473263,4.294883218128234,3.0027410075999796,4.063525675795972,,3.823209268040955,4.4562574387528,5.301412177272141,3.745497894473374,4.648969609290361,3.6770406239666045,4.171871477738023,,4.92681579105556,5.762220725882798,2.95537958946079,2.824774308130145,4.651147130411118,4.129224869422615,,,3.6731734480708838,3.8387415283359587,3.9931800700724125,4.361484275199473,3.127415125258267,3.559313055127859,3.9080837350338697,2.9470213521271944,4.093745422549546,4.72675278224051,4.630299366079271,4.714693625457585
tt_2.0h,3.683037220966071,,,2.7707874113693833,4.028434734791517,3.987870548851788,3.987870548851788,4.240439705085009,5.120752260088921,,4.323199215810746,4.882145955692977,4.149037718307227,4.144274433143437,3.3989708311855793,3.6104349489323795,3.7706417166627944,4.705072048120201,4.705072048120201,4.989266852848232,3.856864842120558,3.6870484822429717,5.048784552607685,3.801184670999646,3.546436251606792,4.212252477649599,3.6028775847516954,,,3.549880397040397,4.990119576919824,3.4586691381409764,3.6588978762738407,4.133864548522979,,4.042678496334702,4.042678496334702,4.519718397408724,4.446543488185853,5.2268210598267615,4.8250447367317975,4.8250447367317975,5.003256890922785,5.1369605218060315,,3.8850502273999155,3.532623562961817,3.613578868098557,4.983174718916416,3.90932591073215,4.264550970401615,2.9028393761254847,3.7543127392418683,3.871821849606931,5.332869783975184,5.870267608668655,4.430005223490298,4.389706880319864,4.894607436843216,5.82106790645048,5.347757441923022,5.307237701490521,4.647570140659809,3.8156101196072996,3.9397260332480073,4.24632279900834,2.9897839738987386,4.049591788556427,,3.8197061154060066,4.45999372843653,5.255837693344802,3.731475486420095,4.614303438458592,3.6542324563488364,4.1462563360109925,,4.906164083629847,5.761457500047982,2.946883854456246,2.8119266536086798,4.643809713888913,4.129224869422615,,,3.6440577851608396,3.8008261914364994,3.955286178737879,4.349250773433596,3.1228898861445487,3.5416085668839514,3.889714613556862,2.9480847818776965,4.076520849950612,4.702034186106175,4.5999764068983495,4.6882932228036225
tt_2.1h,3.6519915484823287,,,2.751498773228377,4.017341330647469,3.9741078899241984,3.9741078899241984,4.25883886218071,5.120752260088921,,4.326793803367764,4.882145955692977,4.152328156400472,4.1166234710253775,3.3685378949157894,3.5905181257985532,3.7706417166627944,4.678315042983741,4.678315042983741,4.971368771977723,3.856864842120558,3.6818374185822904,5.026609023567289,3.7729148003272712,3.524970061611384,4.212252477649599,3.588110669516027,,,3.5449455068446696,4.981884988490492,3.4505401998758316,3.6597217549569905,4.107063790783286,,4.054863836616278,4.054863836616278,4.500669576227665,4.412776962853968,5.23038517544046,4.77025946136564,4.77025946136564,5.001084055751562,5.104864315595478,,3.864123768173158,3.5111371660605073,3.6155691943131387,4.983174718916416,3.889669236727059,4.253319730982184,2.886275661177933,3.7350342366844416,3.859622319228947,5.318143940996379,5.8678727159276605,4.413734547328204,4.3813196355476975,4.872488476336002,5.8187053594738245,5.333439757116139,5.283154617063701,4.652569260448217,3.825417765881866,3.9397260332480073,4.1991173680871725,2.977489303331822,4.035272847861052,,3.8163137901574373,4.463683194015175,5.303217955399305,3.718077343888581,4.58107437659055,3.6320740254595876,4.151465150527656,,4.886293891817331,5.760723291896284,2.938756517600268,2.8013033512979746,4.6364434021525085,4.096140331123024,,,3.6162325688637793,3.7644411851651967,3.919382684864104,4.337281771469861,3.1070710998028517,3.5242714304476976,3.8532685535028577,2.9491405147127807,4.076520849950612,4.704434503801167,4.571484598331153,4.661829338874668
tt_2.2h,3.623049936722964,,,2.7324004182592034,4.006547077093273,3.976112791802734,3.976112791802734,4.2273418023251,5.046015078667551,,4.301316182594746,4.8500851690769196,4.155566651374102,4.091469032224268,3.3391887452453375,3.5712304497137666,3.7769498541019857,4.65230460325256,4.65230460325256,4.953719006385654,3.844698182772845,3.67673132289201,5.030385237187147,3.745405168272555,3.5046149981208146,4.1894665150903165,3.574523948132992,,,3.54014082159847,4.94975747494027,3.442590455058962,3.649632314220071,4.107063790783286,,4.066870701033622,4.066870701033622,4.482242204248905,4.380650093313307,5.233988655265421,4.77676455443725,4.77676455443725,5.005189564079046,5.073786845896393,,3.8442161651328206,3.4903633152134717,3.617573497351259,4.9833439365029335,3.8716413248330355,4.217367624398321,2.8694998272694647,3.717567028477788,3.846704662311822,5.303738845977932,5.865493457764387,4.415941167157143,4.373175615910441,4.851462278049439,5.816419086419046,5.319262982811779,5.259647224564105,4.627686633262783,3.835159217007458,3.927870823070407,4.154907035175711,2.9658778100274503,4.021282457280904,,3.8130059628747404,4.46736327605322,5.25782920466736,3.70524202240631,4.549176977481693,3.6108113140799105,4.127223890740424,,4.867133680265397,5.760018381290138,2.930980180390179,2.7899477258324623,4.629060350358486,4.085416971705854,,,3.5890160254202783,3.729265130124986,3.8844212647527456,4.325559174641967,3.1024762936867774,3.507902394514531,3.8356813034042716,2.950173645745963,4.060033134650439,4.680608884897083,4.565165571402758,4.635873505380005
tt_2.3h,3.596861854195595,,,2.7142499261535704,3.996189233381301,3.976112791802734,3.976112791802734,4.196893773972988,4.973295086994767,,4.277137694414705,4.819898720830679,4.1587230283766985,4.066092959605157,3.3391887452453375,3.5527804102748632,3.7587830615229905,4.628353032283485,4.628353032283485,4.936309682205319,3.833006024826318,3.6717255087569356,5.008873855229467,3.718902232591063,3.485221359413117,4.193942879792303,3.560965910553932,,,3.5354636521078646,4.918874211143702,3.434786045458168,3.6400754610076547,4.080974098294973,,4.057490594685078,4.057490594685078,4.464395532384515,4.349515439942479,5.233988655265421,4.7231354783289135,4.7231354783289135,5.00304095633328,5.107441836036742,,3.8250479879789054,3.470194383058697,3.6195893744006753,4.969923599157482,3.8530664518475533,4.217367624398321,2.8547990904189646,3.699942985549569,3.834877141751349,5.289670861326158,5.868738241959363,4.415941167157143,4.378932672087103,4.851462278049439,5.814203841146082,5.305258447770029,5.236738790292293,4.6038439543917775,3.8448471054434776,3.927870823070407,4.112311564385891,2.9546298440545797,4.022783379070461,,3.809795561246574,4.471012018155307,5.25782920466736,3.6929413666948676,4.518517231103033,3.5909989452920854,4.103651089128107,,4.8486169637180865,5.759342811070383,2.9235404022037983,2.7800404131412506,4.62095230165869,4.054320672526956,,,3.5772941927425563,3.6957587436772883,3.8509808657690883,4.325559174641967,3.0980499139986932,3.4918058360926807,3.8197721149772406,2.9511832799762487,4.044224554672837,4.658034849446267,4.538193019106984,4.610198434907943
tt_2.4h,3.571828509680927,,,2.696685560978949,4.007325784768909,3.9630468315444887,3.9630468315444887,4.167442937381566,4.977297758683562,,4.253417246043682,4.789174028206617,4.161810560617596,4.041639979928732,3.31053676456213,3.5343769914470613,3.7414813083596528,4.60397536912933,4.60397536912933,4.9191343686543405,3.821775599848479,3.666826221626252,4.987888435833156,3.7062542042694986,3.466328537091613,4.193942879792303,3.548014789354056,,,3.5309092858806252,4.889148051384836,3.4271386452019215,3.6303121368400753,4.084836830850691,,4.069559367839247,4.069559367839247,4.447281240485609,4.319142427761108,5.236880441196263,4.672402407974005,4.672402407974005,5.00304095633328,5.076456644106656,,3.8063463303260505,3.451184289995581,3.6020579910837114,4.983510582242161,3.8350750766694546,4.183567872270942,2.8398500024341047,3.683136193547398,3.834877141751349,5.275923797860742,5.866386110894382,4.4001242481172085,4.370998796541244,4.831463606096804,5.812061902601272,5.29145071702078,5.2143786433152854,4.580998313147575,3.8544464241713285,3.932073960080743,4.118068027775735,2.9437354314140975,4.008848492987454,,3.8066823869012296,4.471012018155307,5.243713713716716,3.681123044807464,4.4890172854065895,3.571926183067262,4.081030535977334,,4.830667354632169,5.758696570061147,2.916419478598982,2.7708377628587186,4.613606125116348,4.025190787855536,,,3.5512985419481993,3.664056716952473,3.818504546303302,4.314067708794028,3.0937284100800753,3.475988165009767,3.8034752160310745,2.956151765305549,4.033253108616918,4.658034849446267,4.538193019106984,4.586278963368386
tt_2.5h,3.571828509680927,,,2.6800394621677697,3.9969996260479093,3.9506474011577666,3.9506474011577666,4.200046647805721,4.977297758683562,,4.230691724456847,4.759699902031571,4.164828903973103,4.019082863815129,3.2825381667353213,3.5165590066462755,3.724967600312084,4.580426486674696,4.580426486674696,4.902186767198145,3.8109416514635086,3.662029031198472,4.967418598942459,3.7062542042694986,3.4480454800650477,4.1721212598495185,3.5352713759057224,,,3.5264746639877558,4.860502138733864,3.4196188552305102,3.621273333206773,4.059360684361309,,4.081651233602315,4.081651233602315,4.430479307193309,4.289665560238063,5.240497201681137,4.672402407974005,4.672402407974005,5.000921078491956,5.046380762942135,,3.788083442952484,3.4324776115827262,3.604091941844672,4.970105393789709,3.855807633139193,4.1524439714848995,2.8265355178155005,3.6666026832535863,3.838075323496014,5.262483621947467,5.864048706367612,4.402357146143913,4.363283885177225,4.812395111192018,5.809989805798978,5.277855351567268,5.192582624498755,4.559074032586068,3.863987191580236,3.9440358504652977,4.076918465550989,2.9482911597006023,3.995753348339349,,3.79344985447824,4.474627419374883,5.199488492216915,3.6697512702085078,4.433201476465911,3.5535262268967927,4.059566121082753,,4.813281940761954,5.758079587947577,2.9245120431296527,2.761461609043181,4.606254369951785,3.9970109187997878,,,3.526565863750875,3.6329236328601837,3.7873374624177814,4.30279565602541,3.089464759454131,3.461228474508971,3.7874259976670146,2.956151765305549,4.018041702453047,4.635263731237501,4.512760287150741,4.562309930566698
tt_2.6h,3.563077316619456,,,2.6635131970979273,3.986950562335551,3.9526336253620684,3.9526336253620684,4.170764199923724,4.908271712716669,,4.208677242975682,4.730644900351763,4.167776861228049,3.996637183241546,3.255954972933978,3.4994026301428676,3.709190482273698,4.55725372210145,4.55725372210145,4.8856688984669745,3.800470761023462,3.6573314457200468,4.947429965250194,3.6814129701815546,3.430224931333214,4.176472625695169,3.5229097665287554,,,3.531820146832615,4.832857930101454,3.412240461446345,3.6118903472088277,4.035715735517442,,4.084573617670685,4.084573617670685,4.414562832098454,4.261472016107291,5.2441253289580345,4.624034259002656,4.624034259002656,5.005027593113482,5.017196893226355,,3.7703798515722156,3.4146301383152604,3.606137734372169,4.970105393789709,3.8378934930078685,4.15764319896698,2.8356197318062186,3.6508410070091486,3.8266236120834947,5.249346351251006,5.861745176836848,4.3870348474010825,4.355806001462042,4.794218777678907,5.807989542372525,5.264482555445284,5.192582624498755,4.537992835044861,3.873437708709389,3.9440358504652977,4.03814053023234,2.937617096118629,3.9826348633505404,,3.7905089394189417,4.4781880509108305,5.245699705556035,3.6587836863473058,4.406747283414006,3.5355235231108963,4.059566121082753,,4.796396296005696,5.757491711527109,2.9175760154612362,2.752876034937799,4.59890174260363,3.970531206112355,,,3.502337323501706,3.6033373470418155,3.757041146978736,4.291891537606716,3.0943067125044763,3.4466416956856847,3.7721509216353297,2.9571397402323782,4.003409819211811,4.6131329741328955,4.488733693026006,4.538574169855565
tt_2.7h,3.539880573283881,,,2.6510889367200434,3.9877869305200875,3.9526336253620684,3.9526336253620684,4.142401358112693,4.912730365525931,,4.1867925291880965,4.733511415775865,4.170656019356102,3.9746710299514234,3.2296869279816747,3.5023150611668825,3.6941065448336303,4.535359375644475,4.535359375644475,4.869551589712501,3.79030996048823,3.65272925933823,4.947429965250194,3.6574756843037903,3.4132960494607687,4.176472625695169,3.5118501698598266,,,3.527490226086229,4.806163303088397,3.4049759162589908,3.6030160281807184,4.012103653978556,,4.084573617670685,4.084573617670685,4.399063817225397,4.23389738984406,5.2477624411694705,4.630671032238752,4.630671032238752,5.002942201215774,5.049155902583152,,3.7530813575722277,3.3973234868608415,3.6081956452690065,4.954180158674717,3.820754046551883,4.127186021301895,2.822194051463157,3.6351573686115444,3.8155482658185065,5.236496722791344,5.859422883484513,4.3870348474010825,4.348546147812158,4.802707103546709,5.8060610317625105,5.251318890135735,5.171312828548253,4.537992835044861,3.8828139482066035,3.9481354812160134,4.00090906303376,2.9281179350800812,3.9695012299343944,,3.7876609950326383,4.481732770334929,5.2016471535898745,3.6482117604464293,4.381532045546919,3.5181491849943995,4.03943831147626,,4.779973336029798,5.756932727061212,2.910939320921898,2.752876034937799,4.591556191444397,3.944392257835716,,,3.479269478470087,3.574298018589616,3.727869383059442,4.281179105862975,3.090018234215677,3.432336030062288,3.757792424876243,2.95810661977157,3.989315581973642,4.591857260093093,4.465955775696784,4.515735873486847
tt_2.8h,3.5174649101682007,,,2.6352492794394493,3.9877869305200875,3.9407861684449017,3.9407861684449017,4.114936340134591,4.912730365525931,,4.166640548501164,4.705171475186944,4.173481571488082,3.9746710299514234,3.204442062880844,3.4855644665658474,3.6992717697285116,4.513986473437399,4.513986473437399,4.85344566218555,3.7804650622420013,3.648228154052049,4.927912237588316,3.661084962077439,3.396560473833233,4.155740610323846,3.5005112858489156,,,3.5232744868844748,4.780355554074049,3.3978411643765867,3.6030160281807184,3.989175367169082,,4.09680099459365,4.09680099459365,4.383785109035671,4.206828774418682,5.247053799685091,4.586203594692051,4.586203594692051,5.000879934057593,5.020083551760763,,3.736245888751,3.3806110192090273,3.610266084782779,4.940871383063495,3.8041960480622947,4.127186021301895,2.8099891948513687,3.6204915614798665,3.8155482658185065,5.223954796791077,5.857110474724323,4.373189439531416,4.3414886659011245,4.785212601535022,5.804203988052905,5.238397647161037,5.150531742256135,4.517737072892487,3.892136098816991,3.9481354812160134,3.9644985776394606,2.918739778455347,3.956531522795558,,3.7849055961705744,4.485241247806698,5.158809382934123,3.637997067067772,4.357131836935878,3.502132681198418,4.019754034932703,,4.763979034963995,5.756402312312275,2.904582899529487,2.7579492554068565,4.592317522503436,3.919286566786468,,,3.456789595540613,3.5470373635180295,3.732010113541037,4.270648736041039,3.0858635138720274,3.418757126200944,3.743258976377547,2.959051752462983,3.975722291972488,4.571272647939622,4.4751469674520195,4.4935852461494505
tt_2.9h,3.4971046005375683,,,2.619863391853869,3.977989177685231,3.9294194877147675,3.9294194877147675,4.145848257467151,4.8451661807484925,,4.146151417866349,4.6775326686911285,4.176229840144515,3.9544581309892237,3.2071329220198095,3.4691929197870195,3.684159878641367,4.492658957373351,4.492658957373351,4.837542036082596,3.7828906485810876,3.643822672776878,4.932177752722055,3.661084962077439,3.3804344730451703,4.143877023365349,3.4893218856304884,,,3.5191718339920044,4.7553781578317285,3.39080963563174,3.5939225335605443,3.9999082628637552,,4.109060339163989,4.109060339163989,4.369058533105999,4.180851138196886,5.250736393034458,4.542188500054181,4.542188500054181,5.000879934057593,4.99186334758997,,3.7200750270858407,3.3644043835811317,3.6123503712005913,4.9543560850434005,3.787363792769611,4.097718006931245,2.7981418785639107,3.6054907273501158,3.8187737204134464,5.199724997859448,5.85480971634388,4.358340217266232,4.3414886659011245,4.768478066660464,5.802418031729758,5.225692895241082,5.13025855878368,4.498236283194274,3.9013730860315263,3.9521604711189866,3.9303308175876737,2.918739778455347,3.944332961458713,,3.7822536984458566,4.488713863771409,5.203824265860021,3.6281081279739738,4.333520597778261,3.486376100219786,4.000535854138434,,4.748385956976563,5.755900083575398,2.898496700450778,2.7496436601504683,4.592317522503436,3.9240560713224113,,,3.4346973337233067,3.520839920733124,3.7038500402122736,4.260437624063343,3.081801234278828,3.4054351542145014,3.728930151555687,2.95997482072562,3.9625767073594034,4.550621431786567,4.4533915463835,4.471556787379086
tt_3.0h,3.47719056205824,,,2.6049481597729027,3.9684289363212883,3.9314019377343357,3.9314019377343357,4.1185314347967505,4.833363734651357,,4.126726181712002,4.650327600538731,4.178914958611131,3.934343184810132,3.182718050200492,3.4534145891666412,3.6696935184299946,4.471994257066399,4.471994257066399,4.8218369469977915,3.7732907035388052,3.6395088932476938,4.9132048659957945,3.637889282312244,3.3649113457649946,4.143877023365349,3.478601378854364,,,3.5151781840249896,4.73119203094393,3.383886412717402,3.5789476418867707,3.9769933172501624,,4.096221072599292,4.096221072599292,4.354528947733343,4.15548140136525,5.254400729201734,4.542188500054181,4.542188500054181,4.998838239349425,5.022962593473494,,3.7043222691863775,3.3487226674333215,3.6144582335837185,4.941063927486539,3.771039300132543,4.1028918996453285,2.7759031066671014,3.591439437121153,3.808082316070795,5.188008651603013,5.85480971634388,4.358340217266232,4.3346475888974965,4.752457356546074,5.790294571314007,5.213184947613627,5.110460435040295,4.479446731507778,3.9105587429367006,3.9639987414702773,3.8972765277139843,2.9094185126014054,3.931828030385077,,3.779678135178983,4.475627097301185,5.1611900688149035,3.631695701740682,4.310637713875622,3.4709008876234293,3.982190283946693,,4.733167985454202,5.75542562128976,2.892665102612227,2.742158359847963,4.585019955411553,3.9240560713224113,,,3.413560437038541,3.495399792212993,3.7038500402122736,4.250248464755714,3.07795738754794,3.392412948422134,3.7158912550657988,2.964958935044706,3.9498858293518424,4.537228737026453,4.4327332098037004,4.449773298576474
tt_3.1h,3.4592804703861475,,,2.5902368370443583,3.9693185961805284,3.9204930970445275,3.9204930970445275,4.092309857252985,4.77035451726988,,4.10758496588096,4.62408191151917,4.181537302676588,3.915397197008133,3.1586410058662295,3.437769906129688,3.655823902692646,4.452227965462953,4.452227965462953,4.806327119469643,3.763958238530904,3.6352907977998257,4.89466330781579,3.61577832326293,3.3493601446971297,4.148183356039226,3.4686357132159173,,,3.5112907839939,4.707746162544936,3.377082897350192,3.5706111881881952,3.95605150423944,,4.108615105040371,4.108615105040371,4.340346555691212,4.130936347413808,5.258065628353506,4.532760709524155,4.532760709524155,5.002946024760604,4.994870458263904,,3.688894889783114,3.3337020282633603,3.6165932528674603,4.92787111364305,3.7561458251439035,4.07578662596643,2.7656778916716576,3.5775110092945397,3.797754791099578,5.176566166803241,5.85252163046971,4.360625525470823,4.327992364764214,4.737103348132223,5.788634698372334,5.200881668366492,5.091119776014239,4.461322739254683,3.919660609215498,3.940026206895709,3.8648357056081295,2.9002113081514835,3.9194632917642593,,3.777191238477826,4.479047045111656,5.163564165588468,3.631695701740682,4.2884636535309255,3.4559167064726353,3.9651269507594407,,4.71830216050148,5.754978506360203,2.8870774465613067,2.7350321295671165,4.577736425213516,3.900792133528739,,,3.39279970433563,3.470739266835153,3.676340431906283,4.240221220068634,3.0739933350123465,3.3796443776227534,3.702710136305541,2.9658610308542848,3.937603686004877,4.516832525841892,4.41309311054647,4.429344040341675
tt_3.2h,3.441282161511481,,,2.5761397713795304,3.9693185961805284,3.9204930970445275,3.9204930970445275,4.096384090837091,4.77035451726988,,4.0894212066195905,4.597649548202753,4.168765316251665,3.8970685955137014,3.135375642683357,3.4225542321801186,3.642512143589556,4.433070444967598,4.433070444967598,4.808154114987701,3.7548461803235114,3.6311636809259653,4.876549971289933,3.6195301939733326,3.3342633577995002,4.1284141219221056,3.4587588072754443,,,3.5075059584341943,4.685007582884282,3.3637663535773754,3.5619321456179023,3.935003949329257,,4.108615105040371,4.108615105040371,4.327160240616649,4.106566971633583,5.2449491624720395,4.490164740942419,4.490164740942419,5.000926920678467,4.967554121743888,,3.6738540465012193,3.319080924615264,3.6173384273424745,4.94125327700749,3.740660899784416,4.049199235625565,2.756378168705851,3.564237840939313,3.787775518372655,5.165378771722317,5.855764580890536,4.346210066694766,4.321537671145052,4.722379270941019,5.788634698372334,5.188765939325094,5.072202317416668,4.4438097244128585,3.9287113468162715,3.9518268131650984,3.834253879263997,2.8927520331926644,3.9079648973420262,,3.774791714269668,4.482453930657357,5.163564165588468,3.6221093786880374,4.266944216564298,3.441791890654713,3.948206707369536,,4.703792117070407,5.754558145534247,2.8817250835709274,2.7276315689086914,4.5785714401863515,3.8772127740085125,,,3.37302451627329,3.4472515089437366,3.6501351166516542,4.225672086700797,3.074667308945209,3.367598329205066,3.689519430976361,2.9658610308542848,3.925705652218312,4.497878761496395,4.394414122682065,4.408763539046049
tt_3.3h,3.424718956463039,,,2.562411235179752,3.9599926471710205,3.9099815851077437,3.9099815851077437,4.096384090837091,4.774805011693388,,4.0711126839742064,4.5721122291870415,4.171305946074426,3.879152944777161,3.112868840340525,3.407711237668991,3.6486086267977953,4.413979471195489,4.413979471195489,4.792882077861577,3.7548461803235114,3.627126859035343,4.858848838601261,3.5983805153518915,3.3195464233867824,4.1284141219221056,3.4488269267603755,,,3.503822755534202,4.662931367289275,3.3572482015006244,3.5540212113410234,3.914873850531876,,4.12102815695107,4.12102815695107,4.313921412918717,4.0829082555137575,5.2449491624720395,4.4513442176394165,4.4513442176394165,4.998931813053787,4.954536070581526,,3.6593790561892092,3.304947347845882,3.6195294526405632,4.928077971562743,3.7438786230050027,4.023203026037663,2.746894889511168,3.550767675973475,3.801001265645027,5.154429029207677,5.853496101219207,4.346210066694766,4.315255512949079,4.708254657220095,5.78704384341836,5.195892840158194,5.053728882689029,4.448621555231512,3.9321021577343345,3.9518268131650984,3.804438622202724,2.8844379605725408,3.895910325460136,,3.7724779048003256,4.4858271991834044,5.14982739277184,3.6128096194006503,4.246067461092025,3.4287854791618884,3.9371040780097246,,4.689572310540825,5.754164139274508,2.876591975800693,2.7211785912513733,4.571343348827213,3.855125933419913,,,3.353592289611697,3.4243911914527416,3.624333268031478,4.215824948158115,3.074667308945209,3.3555595576763153,3.677674362901598,2.96674129832536,3.914148631505668,4.478601287119091,4.394414122682065,4.3883186830207705
tt_3.4h,3.430973829701543,,,2.5487970523536205,3.944801224861294,3.895867955405265,3.895867955405265,4.071837477385998,4.712575220968574,,4.05358157819137,4.547058244701475,4.1737722512334585,3.8622472477145493,3.090648358222097,3.3927796566858888,3.635796779766679,4.3952650292776525,4.3952650292776525,4.777976558543742,3.745965579058975,3.6231744294054806,4.841544249560684,3.5983805153518915,3.3052370618097484,4.132626334670931,3.439118924550712,,,3.500237911939621,4.641488347668201,3.350823897868395,3.545526376925409,3.895239382982254,,4.124665539711714,4.124665539711714,4.300804681144655,4.059678609948605,5.248632040806115,4.412459097802639,4.412459097802639,4.996962194796652,4.954536070581526,,3.644948509056121,3.291035593021661,3.6217456497251987,4.928281458094716,3.728715965989977,4.023203026037663,2.7380829816684127,3.538114432245493,3.7910280786454678,5.143733260221779,5.851242304779589,4.348503866232932,4.309161566197872,4.694669658783823,5.785520901437849,5.184236996807158,5.035668294411153,4.431684035807848,3.941103014163673,3.955707553308457,3.7756781592033803,2.8730831942521036,3.884426999371499,,3.7702480400912464,4.4891664031893015,5.14982739277184,3.603798897471279,4.225790524389595,3.415331401396543,3.9206856060773134,,4.67565015796572,5.7537961746566,2.8716686726547778,2.7147680134512484,4.571343348827213,3.8335548588074744,,,3.3346314877271652,3.4021667651832104,3.599322865717113,4.206127743236721,3.0709635973908007,3.343733694870025,3.6655212095938623,2.9676000881008804,3.902949082199484,4.459786921739578,4.37658950779587,4.3501869682222605
tt_3.5h,3.414395156316459,,,2.535571628715843,3.9356733225286007,3.8856977447867393,3.8856977447867393,4.047340856399387,4.654286132659763,,4.0362219787202775,4.5223127249628305,4.17626413051039,3.8502913038246334,3.0691837752237916,3.3786279875785112,3.635796779766679,4.377496193163097,4.377496193163097,4.76342297764495,3.737271459773183,3.6193113760091364,4.824621104635298,3.5778813492506742,3.2913823341950774,4.113732615020126,3.4303728551603854,,,3.496748201083392,4.620650245342404,3.3445039340294898,3.537766578607261,3.8992317295633256,,4.1372284344397485,4.1372284344397485,4.287978906184435,4.037618592381477,5.252332361415029,4.458042917307466,4.458042917307466,4.986936465837061,4.928095764480531,,3.6306989430449903,3.277390698902309,3.623987358994782,4.928281458094716,3.714854747056961,4.028319063596427,2.7294483962468803,3.5252762814052403,3.781373984646052,5.133273180574179,5.84900440601632,4.334518001880497,4.303240022156388,4.681605639401823,5.784064578823745,5.172910670749843,5.018005614168942,4.41529988264665,3.950018879957497,3.9673984167166054,3.7474597757682204,2.864903273060918,3.8733340804465115,,3.768113784957677,4.492470993194729,5.108835956547409,3.595041210297495,4.206087968777865,3.4024459570646286,3.904598313383758,,4.662010499741882,5.753453899174929,2.8669464997947216,2.7083258968777955,4.564135464839637,3.8128587314859033,,,3.316349880769849,3.3807801865041256,3.5751674422062933,4.196847794111818,3.0673460345715284,3.332378883846104,3.653519331011921,2.9726223521865904,3.8920687432400882,4.441863589454442,4.385072190314531,4.330857783090323
tt_3.6h,3.3990941322408617,,,2.5224692937918007,3.9356733225286007,3.8758676196448505,3.8758676196448505,4.035154910292476,4.717143673449755,,4.019866611342877,4.498317783232778,4.178788898512721,3.8336365558207035,3.0691837752237916,3.3645913382060826,3.623475918546319,4.3599125565961,4.3599125565961,4.7488737143576145,3.7287807054817677,3.6155328657478094,4.8132407194934785,3.5817573331296444,3.2774591585621238,4.113732615020126,3.4215329266153276,,,3.4933504359796643,4.600379902869463,3.3382602226920426,3.529459889046848,3.8992317295633256,,4.1372284344397485,4.1372284344397485,4.275551765691489,4.016210386995226,5.255356358364224,4.419199567753822,4.419199567753822,4.984967093914747,4.931276446208358,,3.6170234945602715,3.264385022688657,3.623987358994782,4.9152690805494785,3.7006013290956616,4.00385159952566,2.7211669026874006,3.5135240177623928,3.772031969856471,5.1230317847803235,5.846782232169062,4.320939545053989,4.297471953555942,4.6690284120850265,5.782673355657607,5.161938856821507,5.0007265280000865,4.3994370880536735,3.958887491840869,3.959538584575057,3.7207036670297384,2.8580108610913157,3.861981035210192,,3.766047944780439,4.495720386970788,5.111397888977081,3.5865418962202966,4.1874391827732325,3.389745093882084,3.889574810862541,,4.648639644961804,5.7531369756907225,2.862418861594051,2.702716331463307,4.556952076498419,3.7923003723844886,,,3.2983125927858055,3.3604656397365034,3.5514109530486166,4.187696729321033,3.063711579889059,3.32140071131289,3.6423993627540767,2.973460642620921,3.896987940184772,4.424024595413357,4.36791571136564,4.313178017735481
tt_3.7h,3.3990941322408617,,,2.5224692937918007,3.926740932278335,3.8758676196448505,3.8758676196448505,4.035154910292476,4.6589815421029925,,4.003055699635297,4.474677794147283,4.181345601566136,3.8173549571074545,3.0561152333393693,3.3507837103679776,3.6116164019331336,4.342326819896698,4.342326819896698,4.734633726533502,3.7204504110850394,3.611837408039719,4.8132407194934785,3.5623455471359193,3.2639468405395746,4.117863255087286,3.4127396740950644,,,3.490043924190104,4.580654526595026,3.3321169735863805,3.522098175715655,3.8800393268465996,,4.149847221095115,4.149847221095115,4.263961159624159,3.994627244770527,5.259063449688256,4.3816806129179895,4.3816806129179895,4.9830243536271155,4.905612091999501,,3.603623011149466,3.251993488986045,3.626254841219634,4.912377438973635,3.7006013290956616,3.980078345630318,2.713616484310478,3.5014897785149515,3.7685367497615516,5.11302381195128,5.844602847006172,4.336855755653232,4.291874988935888,4.676727812271565,5.781348342075944,5.151293378323317,4.983819462824613,4.384065094403923,3.9676723638549447,3.9711968484334648,3.694661964196712,2.850638593081385,3.851043173111975,,3.7640621629543602,4.498954776674509,5.111397888977081,3.5782672045752406,4.169031667057425,3.3669018731452525,3.874999551102519,,4.6355259292759,5.752845028415322,2.8580692540854216,2.6968933972530067,4.557896012905985,3.7973585752770305,,,3.280746684409678,3.340372359380126,3.528699199203402,4.178549952805042,3.060053561348468,3.310643176548183,3.6311617689207196,2.9742775396443903,3.8863785127177835,4.424024595413357,4.351512837223709,4.294985841028392
tt_3.8h,3.384251022245735,,,2.50987942609936,3.9277028404176235,3.8778746742755175,3.8778746742755175,4.011486262083054,4.602945155929774,,3.9876795141026378,4.451523552183062,4.18393359798938,3.8023851974867284,3.0352577748708427,3.3374346252530813,3.600189199205488,4.325599786359817,4.325599786359817,4.720429930370301,3.7228154353797436,3.608223545830697,4.796754082664847,3.543270959984511,3.2509568464010954,4.099838892929256,3.404029072728008,,,3.486825434025377,4.561447970569134,3.3260465511120856,3.5143098174594343,3.862050229217857,,4.15382995037362,4.15382995037362,4.252009036950767,3.9735621637664735,5.259063449688256,4.347629170399159,4.347629170399159,4.981108896899968,4.905612091999501,,3.590499473270029,3.239690961316228,3.6285491148009896,4.899382799398154,3.6864290847443044,3.9568119049072266,2.7056762650609016,3.4901480306871235,3.7592004858888686,5.103233188856393,5.842412960249931,4.323304028250277,4.286431966815144,4.664524182677269,5.780084866564721,5.140944832004607,4.967272410634905,4.369156857021153,3.976409627124667,3.974948776420206,3.6692325714975595,2.8438027799129486,3.840471097268164,,3.7621550005860627,4.502154854126275,5.113951202947646,3.5702259209938347,4.151123155839741,3.355565166566521,3.860642932821065,,4.622680550906807,5.752577674109489,2.8538922113366425,2.6914384607225657,4.550777831114829,3.7776805465109646,,,3.2639820519834757,3.3208394860848784,3.5061487522907555,4.169532178435475,3.060772746335715,3.2998462696559727,3.6201707990840077,2.9750732234679163,3.876073590479791,4.406334230210632,4.335814730729908,4.276930940337479
tt_3.9h,3.369810292031616,,,2.4972162884660065,3.918941881507635,3.8683246253058314,3.8683246253058314,4.015488636679947,4.602945155929774,,3.9715386768803,4.42861835937947,4.18393359798938,3.7871608594432473,3.014768264722079,3.3239876544103026,3.6062198309227824,4.309533173684031,4.309533173684031,4.706396833062172,3.7146608480252326,3.6046857554465532,4.780625143554062,3.543270959984511,3.2378970477730036,4.099838892929256,3.407958000898361,,,3.483692266512662,4.542737325653434,3.320059539284557,3.507002694066614,3.8435377585701644,,4.166593910194933,4.166593910194933,4.24042794527486,3.953046773560345,5.26277776574716,4.354372173547745,4.354372173547745,4.979221335146576,4.880619982723147,,3.5776306414045393,3.2275472851470113,3.6308683063834906,4.89959711022675,3.6734633943997324,3.9690998308360577,2.698770167771727,3.4784408234991133,3.750159143935889,5.093641676474363,5.8402383285574615,4.310152324382216,4.281127389986068,4.664524182677269,5.778884171973914,5.130916645750403,4.951072495430708,4.354685937054455,3.985067091882229,3.974948776420206,3.6588182630948722,2.837650121655315,3.829906361643225,,3.758569726254791,4.50531333591789,5.074500888586044,3.5623855190351605,4.133682424202561,3.344370143953711,3.846699926070869,,4.610048077534884,5.752334516029805,2.86079929349944,2.6864864784292877,4.543690492864698,3.7776805465109646,,,3.2478062356822193,3.3019925779663026,3.48459668783471,4.1606415580026805,3.057349342852831,3.2893394925631583,3.610102528706193,2.9750732234679163,3.866024083457887,4.409271409269422,4.320770329795778,4.260269169695675
tt_4.0h,3.355976337566972,,,2.4850186477415264,3.918941881507635,3.8590595140121877,3.8590595140121877,3.9928753208369017,4.607712771743536,,3.956624287646264,4.4060857449658215,4.186551880091429,3.773238739464432,2.9948282577097416,3.3110698852688074,3.5951833948493004,4.293452107347548,4.293452107347548,4.706396833062172,3.7066455255262554,3.6012301961891353,4.7648413623683155,3.531151957344264,3.2253789296373725,4.087795351166278,3.400213129352778,,,3.4806423280388117,4.524503723718226,3.314167041797191,3.5085079609416425,3.826746368315071,,4.166593910194933,4.166593910194933,4.229057468473911,3.933301982935518,5.266520396340638,4.354372173547745,4.354372173547745,4.985219010617584,4.883991214912385,,3.5652048983611166,3.215879005845636,3.6318078306503594,4.89959711022675,3.6602864917367697,3.94580881902948,2.6920543974265456,3.4677527681924403,3.753445872105658,5.0842664376832545,5.838078044820577,4.3095633164048195,4.286454407963902,4.652757343836129,5.777745368424803,5.130916645750403,4.935209123883396,4.34062821790576,3.9936814405955374,3.9864888531155884,3.6337439264170825,2.83120949100703,3.8192472774535418,,3.756888956297189,4.508429978042841,5.074500888586044,3.5547569980844855,4.116900524590164,3.3343355315737426,3.833664531353861,,4.597641459200531,5.752115185372531,2.86079929349944,2.6815674984827638,4.543690492864698,3.7584744445048273,,,3.2316920962184668,3.283909251447767,3.4634482758119702,4.151874121278524,3.057349342852831,3.27967249462381,3.5996806281618774,2.975847922731191,3.8562520877458155,4.392343449871987,4.306346542201936,4.242999095004052
tt_4.1h,3.342351750936359,,,2.4886578391306102,3.9104843493551016,3.8590595140121877,3.8590595140121877,3.9928753208369017,4.552519571501762,,3.9415552741847932,4.384037136100233,4.189212470781058,3.7590790931135416,2.975525894202292,3.298187385313213,3.584533739835024,4.2776395957916975,4.2776395957916975,4.692531859967858,3.698793868534267,3.5978514347225428,4.7493897886015475,3.5130701763555408,3.212879659142345,4.070611520670354,3.3922385573387146,,,3.4776724935509264,4.506719079334289,3.308341949712485,3.501222296152264,3.830549498088658,,4.179395325947553,4.179395325947553,4.218159533571452,3.9136763284914196,5.269602332729846,4.319981629028916,4.319981629028916,4.983331687748432,4.859697764273733,,3.5678078895434737,3.204400258138776,3.6341829849407077,4.886749332305044,3.647730541881174,3.924118302296847,2.6854017404839396,3.4567111493088305,3.753445872105658,5.075079610105604,5.8252062276005745,4.29643815709278,4.281266521662474,4.641423532739282,5.776667540892959,5.121165134012699,4.919672678224742,4.326960653066635,4.002214729320258,3.9625690639950335,3.6337439264170825,2.83120949100703,3.809417352080345,,3.7552806925959885,4.511484587099403,5.077243577223271,3.547309450339526,4.100332704372704,3.324216981418431,3.8206333247944713,,4.585452204570174,5.751919273287058,2.8567131282761693,2.6702530179172754,4.536634359508753,3.7399407271295786,,,3.2160252202302217,3.2487331037409604,3.4427710017189384,4.143226968124509,3.05393570009619,3.2832861887291074,3.589596302714199,2.9647788535803556,3.8467243635095656,4.375528211705387,4.306346542201936,4.226435243152082
tt_4.2h,3.3296219944022596,,,2.476641015149653,3.9114933158271015,3.8610904798842967,3.8610904798842967,3.9706313596107066,4.500459986738861,,3.927340709604323,4.362708117347211,4.191886641550809,3.7455861871130764,2.9564696890302002,3.28573477268219,3.584533739835024,4.262788605876267,4.262788605876267,4.679460148792714,3.691064742859453,3.5945478174835443,4.73426213208586,3.4954785592854023,3.200803162995726,4.091932920273393,3.384310968685895,,,3.474782315082848,4.489367241039872,3.302596019115299,3.501222296152264,3.8132123835384846,,4.183751913718879,4.183751913718879,4.207442764658481,3.894354204647243,5.273346362635493,4.287311872001737,4.287311872001737,4.981472318992019,4.859697764273733,,3.555473496671766,3.193336852826178,3.636584985535592,4.886977890972048,3.6351418048143387,3.9024152723141015,2.6791934040375054,3.44628828112036,3.744695108383894,5.066098086535931,5.8252062276005745,4.283691625576466,4.276229942217469,4.63045705948025,5.781178941950202,5.1117172739468515,4.904449691530317,4.3136621387675405,4.010688780806959,3.97406433429569,3.60971936956048,2.8249465352855623,3.7992465696297586,,3.75374377053231,4.514517297502607,5.077243577223271,3.5400551785714924,4.084386027418077,3.3140342752449214,3.8079702919349074,,4.573472026269883,5.751746401190758,2.8527889559045434,2.6652773125097156,4.5215813289396465,3.7214342174120247,,,3.2008045106194913,3.2320434413850307,3.447059591766447,4.135169387795031,3.0505634266883135,3.2735328334383667,3.5803624936379492,2.965533211361617,3.8467243635095656,4.3587281429208815,4.314240501727909,4.210270184092224
tt_4.3h,3.3354494641534984,,,2.464683833066374,3.903303144965321,3.8520605275407434,3.8520605275407434,3.975097064860165,4.541295151691884,,3.9126680842600763,4.341514140833169,4.194586574565619,3.7327978354878724,2.937856293283403,3.2734297276474535,3.5742486999370158,4.247748150024563,4.247748150024563,4.666075118351728,3.683483653701842,3.5913178590126336,4.739282113965601,3.4777904651127756,3.1769874575547874,4.074632795993239,3.3768903710879385,,,3.4719687062315643,4.472430509515107,3.2969391951337457,3.494126407895237,3.8132123835384846,,4.196707150898874,4.196707150898874,4.196675564162433,3.875554357189685,5.273346362635493,4.255501716863364,4.255501716863364,4.979638516902924,4.863154781982303,,3.543217627797276,3.1826290911994874,3.639012260362506,4.886977890972048,3.6226102164946496,3.882004963234067,2.673245866317302,3.4360327986069024,3.736217173282057,5.057294253259897,5.823063843417913,4.298827518709004,4.2713277279399335,4.619858529418707,5.780211830046028,5.102545118890703,4.889534974005073,4.300728346221149,4.019119357224554,3.977702258620411,3.586652765981853,2.8302029059268534,3.789222682826221,,3.752276468090713,4.517508009914309,5.0638738055713475,3.532965820748359,4.068622170947492,3.304722972214222,3.795744695700705,,4.56171665713191,5.751596179325134,2.8490173555910587,2.6608764929696918,4.514598137233406,3.7040965976193547,,,3.205570783931762,3.2156638596206903,3.4271244346164167,4.126867949496955,3.0472695394419134,3.2637861240655184,3.570669088046998,2.9662668937817216,3.8374119391664863,4.342857769224793,4.300251496490091,4.194230254739523
tt_4.4h,3.322976495604962,,,2.4530179854482412,3.895137632265687,3.8432742971926928,3.8432742971926928,3.9544098610058427,4.489333849400282,,3.8990921219810843,4.320914919022471,4.19731164816767,3.719636576715857,2.9197936821728945,3.261073778383434,3.564306895714253,4.232829989865422,4.232829989865422,4.652991882525384,3.676011798903346,3.5881560910493135,4.724523201119155,3.4777904651127756,3.1654300116933882,4.0582251963205636,3.369522671215236,,,3.469229524023831,4.455890997312963,3.2913453760556877,3.487028776202351,3.7972068246454,,4.2097100405953825,4.2097100405953825,4.186447480227798,3.8571257861331105,5.277093193028122,4.262224308680743,4.262224308680743,4.97782883932814,4.8395613469183445,,3.5313468384556472,3.171988852787763,3.641463945619762,4.887202673126012,3.6101583084091544,3.907532498240471,2.6673165312968194,3.4257052461616695,3.73951819492504,5.048684828914702,5.820937065407634,4.286089304834604,4.266543666366488,4.609629748854786,5.779303365852684,5.093622414860874,4.895298690069467,4.288110003340989,4.02747536636889,3.977702258620411,3.5642487718723714,2.8246189686469734,3.775474057532847,,3.7508902298286557,4.520500427577645,5.02584691811353,3.5203175833448768,4.053239183500409,3.295615109615028,3.784274435136467,,4.550133552867919,5.751468235626817,2.845390305388719,2.6565123475156724,4.507651307620108,3.7091985465958714,,,3.19072432955727,3.199706135317683,3.4079445004463196,4.118789702653885,3.0319686317816377,3.2544998256489635,3.5614670999348164,2.9669801252894104,3.8283427893184125,4.326844490133226,4.286817656829953,4.178969394881278
tt_4.5h,3.310768724884838,,,2.441454250831157,3.904331712052226,3.834677465260029,3.834677465260029,3.9544098610058427,4.439360279589891,,3.885374952107668,4.324515402782708,4.201190704945475,3.707548276986927,2.902077754493803,3.2493235948495567,3.5702896495349705,4.218606436159462,4.218606436159462,4.65524103725329,3.676011798903346,3.58506884239614,4.710064547602087,3.482313370797783,3.154100876301527,4.078690777998418,3.362287455704063,,,3.4665631516836584,4.439732649363577,3.2858262099325657,3.4800673383288085,3.781202940735966,,4.185224138665944,4.185224138665944,4.17600588593632,3.8214254174381495,5.280211312230676,4.2311688852496445,4.2311688852496445,4.983747237361968,4.8395613469183445,,3.5195962521247566,3.1616079076193273,3.643943017348647,4.87451723171398,3.598590742330998,3.88712020451203,2.661637463606894,3.4160513463430107,3.7313003866001964,5.040254930965602,5.818825126159936,4.27373362146318,4.261898774188012,4.599709070753306,5.778452608268708,5.084976825863123,4.880719522945583,4.292607652954757,4.035779055207968,3.9813172011636198,3.542174080386758,2.819215055555105,3.766125505324453,,3.749557952862233,4.5234413095749915,5.02584691811353,3.513386503793299,4.038832637947053,3.286595477256924,3.7889394010417163,,4.538738522212952,5.75136220920831,2.841899650171399,2.652069853618741,4.507651307620108,3.6916118930093944,,,3.176127146463841,3.184304720722139,3.3889559600502253,4.110704679507762,3.0286707412451506,3.2448985520750284,3.5525548276491463,2.9669801252894104,3.8194691045209765,4.311089482624084,4.273896650411189,4.1637485241517425
tt_4.6h,3.2989628221839666,,,2.4301158753223717,3.8961913813836873,3.8453346053138375,3.8453346053138375,3.958659150172025,4.494588593952358,,3.8722402858547866,4.303949334658682,4.204011633992195,3.6954799429513514,2.9051858009770513,3.237521628383547,3.5606609820388258,4.204914327710867,4.204914327710867,4.642205314710736,3.6622442295774817,3.5820509120821953,4.710064547602087,3.4660070021636784,3.142797250766307,4.062197681050748,3.3549817581661046,,,3.463966836221516,4.423940180800855,3.2803913662210107,3.473379470407963,3.7657188959419727,,4.198348868172616,4.198348868172616,4.166326840408146,3.8039508247748017,5.28400348033756,4.2311688852496445,4.2311688852496445,4.981936411000788,4.8269967953674495,,3.5082235573790967,3.1515456256456673,3.6464467933401465,4.87451723171398,3.586847676895559,3.866705460473895,2.6563936886377633,3.406291088555008,3.7313003866001964,5.0319881066679955,5.816728975158185,4.276173655875027,4.25737578002736,4.590122206136584,5.777658593840897,5.092857819981873,4.8664096421562135,4.2802813812159,4.043996190652251,3.9813172011636198,3.520605585537851,2.8138004266656935,3.7565876748412848,,3.7482912275008857,4.526320787612349,5.028766886331141,3.5066272374242544,4.024362375959754,3.277476755902171,3.7889394010417163,,4.527548435144126,5.751277727074921,2.8385393489152193,2.6480852528475225,4.508768843486905,3.6753806518390775,,,3.1618671561591327,3.1691498858854175,3.3704093317501247,4.102725627832115,3.0255404328927398,3.2362209162674844,3.5436063185334206,2.972053869161755,3.8108175094239414,4.296210639644414,4.261450925376266,4.148750371299684
tt_4.7h,3.287675487343222,,,2.4189527332782745,3.888154109939933,3.8367502191103995,3.8367502191103995,3.938321291934699,4.444407666102052,,3.8592619178816676,4.2838798789307475,4.206841464620084,3.6840186757035553,2.887918335851282,3.2260662307962775,3.5513457064516842,4.190953798592091,4.190953798592091,4.629323313012719,3.654902336653322,3.57910089334473,4.695899333804846,3.4499241993762553,3.131911436561495,4.046548791229725,3.3484578877687454,,,3.46143898088485,4.408499329350889,3.2750266822986305,3.4663764690048993,3.7697895700111985,,4.211541299242526,4.211541299242526,4.156550282612443,3.786862688139081,5.287772200070322,4.2022111364640296,4.2022111364640296,4.980149329639971,4.804055424872786,,3.496962616685778,3.1416897429153323,3.6464467933401465,4.858651926275343,3.5752607686445117,3.847070589195937,2.6510247350670397,3.396916006691754,3.723329862114042,5.023901339620352,5.814647939056158,4.276173655875027,4.252971374895424,4.580812489613891,5.776920355390757,5.084509769454598,4.852377141825855,4.2802813812159,4.052160676568747,3.992646584287286,3.499743089545518,2.8089597914367914,3.747045877855271,,3.747088507283479,4.52917913813144,4.991986561566591,3.5000115735456347,4.01042947685346,3.2691245656460524,3.777306283824146,,4.516512549016625,5.751214420888573,2.835306412074715,2.6441442500799894,4.501896473579109,3.659025235567242,,,3.148119761608541,3.154349859803915,3.3519971729256213,4.104578012600541,3.0255404328927398,3.22720046620816,3.535118790809065,2.9727470162324607,3.8023434006609023,4.281382649205625,4.249453522264957,4.134187656920403
tt_4.8h,3.276311042252928,,,2.4078466459177434,3.880252138711512,3.828377529978752,3.828377529978752,3.918293825350702,4.395240175537765,,3.8465092666447163,4.264387483242899,4.209692000411451,3.672665669117123,2.887918335851282,3.2146731056272984,3.5513457064516842,4.17722364095971,4.17722364095971,4.616594429127872,3.647658931557089,3.5762174730189145,4.682019328232855,3.4499241993762553,3.1210007471963763,4.066204431466758,3.3418586370535195,,,3.458978144917637,4.393404013942927,3.2697434201836586,3.459776496514678,3.7544755302369595,,4.224800741299987,4.224800741299987,4.146706864703447,3.770174913108349,5.287772200070322,4.192835682071745,4.192835682071745,4.978386437520385,4.781629919540137,,3.4858764316886663,3.132088796235621,3.6475805514492095,4.858651926275343,3.5643708524294198,3.852185109164566,2.6462513525038958,3.3786710435524583,3.726649000775069,5.015968610998243,5.812609734013677,4.264178111217916,4.24866919638589,4.587921597063541,5.776196187827736,5.076383798383176,4.8386137103661895,4.268270698376,4.060241900850087,3.996202217414975,3.479574453085661,2.8038365547545254,3.738044247031212,,3.7459485419094563,4.531996734905988,5.031678417697549,3.4935537464916706,3.996618394739926,3.2609709189273417,3.766106504946947,,4.505647583398968,5.751149848103523,2.8321949783712626,2.6401119120419025,4.495064768474549,3.6433800109662116,,,3.1347496206872165,3.140001779422164,3.33444143878296,4.096718078944832,3.022356019821018,3.2187467752955854,3.526736832689494,2.973420051392168,3.8071801508776844,4.284515550360084,4.240701037924737,4.119760477915406
tt_4.9h,3.276311042252928,,,2.3970214491710067,3.8732516425661743,3.8201654232107103,3.8201654232107103,3.918293825350702,4.40032919915393,,3.8340672263875604,4.2450713487342,4.212561883032322,3.661522754933685,2.871013785712421,3.2033832632005215,3.542324420530349,4.164758670609444,4.164758670609444,4.604579779319465,3.6405239109881222,3.5733954086899757,4.668414504732937,3.4541262006387115,3.1105020213872194,4.0504622352309525,3.335169298108667,,,3.456582746002823,4.378642639145255,3.2645514393225312,3.4531618780456483,3.7397612393833697,,4.216555535327643,4.216555535327643,4.137010782491416,3.753683850634843,5.2748223901726305,4.1639487710781395,4.1639487710781395,4.9824909353628755,4.781629919540137,,3.475089607294649,3.1227313708513975,3.6501405858434737,4.8588867681100965,3.5643708524294198,3.852185109164566,2.6416621673852205,3.3697415376082063,3.7189148841425776,5.008207553997636,5.8105600089766085,4.2666430049575865,4.244489369448274,4.57885025581345,5.775481837801635,5.068507667630911,4.825111743528396,4.256528784520924,4.068275338504463,3.996202217414975,3.459599336143583,2.798801001626998,3.7289604688994586,,3.7448699017986655,4.534773849416524,4.995064360555261,3.4872291991487145,3.983121403492987,3.252728878054768,3.755437268409878,,4.494971057400107,5.751138615421951,2.829194425139576,2.6366778877563775,4.488273486960679,3.6433800109662116,,,3.121447301004082,3.126040088944137,3.31725857546553,4.089169796090573,3.023157529067248,3.2102928259409964,3.518374789506197,2.9740732330828905,3.7989058061502874,4.269721832126379,4.229022326413542,4.105212899856269
tt_5.0h,3.2656918219290674,,,2.386300812009722,3.8653552080504596,3.806170650757849,3.806170650757849,3.9065906922332942,4.40032919915393,,3.8215176397934556,4.2260645614005625,4.215450149029493,3.6510232388973236,2.854360189754516,3.1923696766607463,3.532179795205593,4.15164155466482,4.15164155466482,4.59239660622552,3.6335073872469366,3.5706409849226475,4.673661430831999,3.4392626928165555,3.100009793881327,4.035496549215168,3.32869455171749,,,3.4542498220689595,4.364201455842704,3.259426325559616,3.454902974423021,3.7254034872166812,,4.229939952958375,4.229939952958375,4.128080262802541,3.737474930472672,5.278610011562705,4.136313583701849,4.136313583701849,4.9807512126863,4.78535493882373,,3.464345766697079,3.10442825127393,3.6527273673564196,4.846367922611535,3.5681657949462533,3.8330858792178333,2.6372007355093956,3.361077674664557,3.7189148841425776,5.0005925497971475,5.8137376247905195,4.2666430049575865,4.240416311658919,4.570028420072049,5.774777265731245,5.060838406905532,4.811863709706813,4.245056982152164,4.076226115692407,3.983599722851068,3.4403954041190445,2.794393904041499,3.7203027615323663,,3.7438511308282614,4.5375108369626105,4.995064360555261,3.4810403059236705,3.9699272424913943,3.244669316802174,3.7450041361153126,,4.474058255087584,5.751137086190283,2.826301786582917,2.6330187865532935,4.481525078881532,3.6277871909551322,,,3.1085146530531347,3.1121571832336485,3.300381212029606,4.081713165156543,3.0199795928783715,3.201766495592892,3.5106277582235634,2.9747068118304014,3.7907937187701464,4.269721832126379,4.229022326413542,4.091514544095844
tt_5.1h,3.2713259481824934,,,2.3756130975671113,3.857584949582815,3.806170650757849,3.806170650757849,3.887183622457087,4.353833131492138,,3.8091134121641517,4.207381236832589,4.218355800025165,3.654903849121183,2.8379659289494157,3.181388169527054,3.5234296531416476,4.138829346280545,4.138829346280545,4.58024643547833,3.6265744445845485,3.567949107848108,4.660367953591049,3.423968485556543,3.0896101840771735,4.0232731881551445,3.3226535501889884,,,3.451979590114206,4.350066890474409,3.2543781204149127,3.4484587302431464,3.7254034872166812,,4.243397397454828,4.243397397454828,4.118878533132374,3.7216826207004488,5.282419384457171,4.136313583701849,4.136313583701849,4.9807512126863,4.763524909503758,,3.453777609858662,3.0956798647530377,3.655339278280735,4.846367922611535,3.55687806988135,3.814525635447353,2.632525287102908,3.352504284121096,3.711406917311251,4.993130350485444,5.811732202768326,4.254975804127753,4.23644646955654,4.5614854409359396,5.774082419928163,5.053404090926051,4.798862485680729,4.233843216206878,4.084130592178553,3.983599722851068,3.421543030999601,2.7899828371591866,3.7116177827119827,,3.7428910471498966,4.5375108369626105,4.998155875131488,3.474994331598282,3.9570256122387946,3.2374269319698215,3.734577028080821,,4.4638633276335895,5.751145083922893,2.8235132759436965,2.629699934273958,4.489491431508213,3.6168501265347004,,,3.095735161565244,3.098829879425466,3.2838925612159073,4.074240915942937,3.0168214552104473,3.193721076939255,3.502652959898114,2.9797932081855834,3.7828733581118286,4.255653785541654,4.217743299435824,4.077752289362252
tt_5.2h,3.260817970149219,,,2.3651937656104565,3.8501281305216253,3.7981609902344644,3.7981609902344644,3.869685359764844,4.359144636429846,,3.7970884810201824,4.188993743155152,4.221291039604694,3.6442536851391196,2.8220206489786506,3.170743237249553,3.514947240240872,4.1268541142344475,4.1268541142344475,4.568239234853536,3.6197518073022366,3.5550256897695363,4.647333443630487,3.40975585533306,3.0795703982003033,4.0232731881551445,3.316513694357127,,,3.4476157785393298,4.336233528796583,3.2494178488850594,3.4420091076754034,3.71337446058169,,4.256922488100827,4.256922488100827,4.122588213998824,3.7060433700680733,5.28620314411819,4.143022843170911,4.143022843170911,4.979035664349794,4.742204497102648,,3.4433654518797994,3.087006375193596,3.65797564573586,4.846616405528039,3.5466837445273995,3.819658348336816,2.6284203636460006,3.3442085799761117,3.698639254551381,4.985826944932342,5.809715212788433,4.241359376814216,4.232565194834024,4.553167302627116,5.774082419928163,5.046162514016032,4.7861180999316275,4.222889176569879,4.091955381445587,3.987066420260817,3.4028796036727726,2.7953928895294666,3.7029532971791923,,3.741988298948854,4.540207712445408,4.962708422448486,3.46906550321728,3.9444067240692675,3.22981990640983,3.724391303025186,,4.4538003341294825,5.751162433065474,2.820822987705469,2.6263312264345586,4.482779335230589,3.6016958756372333,,,3.0833457154221833,3.0858498057350516,3.2677896162495017,4.074240915942937,3.013881685677916,3.1857268009334803,3.4950027014128864,2.9797932081855834,3.7751017599366605,4.241422628052533,4.2068219082430005,4.0642821453511715
tt_5.3h,3.250181024428457,,,2.3549360702745616,3.858701101038605,3.7902916111052036,3.7902916111052036,3.891643827781081,4.314141366630793,,3.785160987637937,4.170912040863186,4.224227055441588,3.634194488171488,2.8064499204047024,3.160141919273883,3.5067221764475107,4.102576152887195,4.102576152887195,4.556372927967459,3.6130048325285316,3.5524197067134082,4.634550328366458,3.4281878997571766,3.0694469483569264,4.027221626136452,3.310508180875331,,,3.4455197993665934,4.322687406092882,3.2445203470997512,3.43598755588755,3.6994541096501052,,4.262469118926674,4.262469118926674,4.113607925362885,3.6907103126868606,5.285609241109341,4.116307300515473,4.116307300515473,4.977344228886068,4.7673249347135425,,3.433118381537497,3.078533130697906,3.660639511421323,4.834232537075877,3.536258067470044,3.801639719866216,2.624499592464417,3.336137286387384,3.691354111302644,4.978658381383866,5.8077137330546975,4.230038085021079,4.228793159592897,4.545103535056114,5.773397243581712,5.039142192807049,4.773590011522174,4.212151477113366,4.099734873045236,3.9982577953487635,3.408479345496744,2.7908308217301965,3.694678055588156,,3.741141485981643,4.542844872456044,4.985135574825108,3.4632560834288597,3.9320712364278734,3.2224029204808176,3.7151056276634336,,4.443886813241988,5.751188958529383,2.81822830112651,2.6263312264345586,4.476110843010247,3.587107406463474,,,3.071113676764071,3.0729250577278435,3.2520059067755938,4.066962363664061,3.010885720141232,3.1781757986173034,3.4876702167093754,2.980407066643238,3.767509029712528,4.227749313693494,4.196276847273111,4.051480673253536
tt_5.4h,3.2404651325196028,,,2.344708852469921,3.8512679329141974,3.7924402821809053,3.7924402821809053,3.8742214334197342,4.314141366630793,,3.7737412392161787,4.153410093858838,4.2271760501898825,3.623969541862607,2.791063220705837,3.1498553501442075,3.4987411820329726,4.0910337110981345,4.0910337110981345,4.545134597923607,3.6063594724982977,3.549873244948685,4.622017648071051,3.4141410454176366,3.059464863501489,4.012784315273166,3.304879926610738,,,3.44347899639979,4.309418718330562,3.2464275918900967,3.429612760897726,3.6858180011622608,,4.262469118926674,4.262469118926674,4.104569582268596,3.6755610895343125,5.289413159247488,4.090033647138625,4.090033647138625,4.965340520255268,4.74606743035838,,3.423222762532532,3.070142005570233,3.6633278080262244,4.8468606527894735,3.5259524076245725,3.801639719866216,2.6204039067961276,3.3278774162754416,3.691354111302644,4.971641731914133,5.80572703294456,4.230038085021079,4.2251151613891125,4.53724234784022,5.778129464946687,5.032301596365869,4.761288879439235,4.201636229176074,4.107439560350031,3.9982577953487635,3.3905770061537623,2.7908308217301965,3.6864010598510504,,3.740349399857223,4.5454620136879385,4.94987293984741,3.457574932370335,3.9204931114800274,3.2155847824178636,3.70547008048743,,4.4341420801356435,5.751224487554282,2.8082769555039704,2.6232723952271044,4.469486206769943,3.5722994832322,,,3.0593913923949003,3.0603343131951988,3.2365938746370375,4.0596678191795945,3.010885720141232,3.170431504957378,3.4802103023976088,2.9810017398558557,3.760053103324026,4.214257510844618,4.18606770131737,4.0385428494773805
tt_5.5h,3.2309340611100197,,,2.3347377702593803,3.8439386505633593,3.7924402821809053,3.7924402821809053,3.8563224864192307,4.270101820584387,,3.7622860753908753,4.136104869656265,4.230136980768293,3.614574429579079,2.794278383720666,3.139611394610256,3.4987411820329726,4.079611875582486,4.079611875582486,4.533924217801541,3.6086568818427622,3.5473853829316795,4.622017648071051,3.3997238320298493,3.0498752165585756,4.012784315273166,3.299343056976795,,,3.441491947043687,4.296418220270425,3.2416249020025134,3.4237289037555456,3.67257874738425,,4.27620105445385,4.27620105445385,4.096149190329015,3.660825189203024,5.293214463163167,4.065341089852154,4.065341089852154,4.963672016747296,4.725298458710313,,3.4133958276361227,3.057921592146158,3.6660426631569862,4.834494304843247,3.5162256099283695,3.783935789950192,2.616576227825135,3.3201031549833715,3.6946997102349997,4.964751905295998,5.80572703294456,4.232549132779241,4.221528588794172,4.53724234784022,5.777457108721137,5.025652147829533,4.74920857232064,4.191348519641906,4.11509898584336,4.001676181796938,3.372821764089167,2.786709249485284,3.67827092949301,,3.7396107711829245,4.548039936926216,4.915542718023062,3.451995656825602,3.908987888135016,3.2089246083050966,3.696039211936295,,4.424517664127052,5.75126884598285,2.8057373547926545,2.6277552326209843,4.470800206065178,3.558404326438904,,,3.047829575370997,3.0488274907693267,3.221524717286229,4.052462147548795,3.0118177901022136,3.1629690253175795,3.473195757716894,2.9815774941816926,3.752746732905507,4.2005498562939465,4.19297007471323,4.026166296564043
tt_5.6h,3.2213155799545348,,,2.3383493199944496,3.8450964260846376,3.7847366761416197,3.7847366761416197,3.838644473813474,4.259437367785722,,3.751195323187858,4.118866323959082,4.233108605258167,3.604863489512354,2.779255214612931,3.1294982680119574,3.50467979721725,4.068353918381035,4.068353918381035,4.522713133599609,3.6021497095935047,3.544954752083868,4.609716770704836,3.386426836717874,3.040111965034157,4.016685123555362,3.2936395020224154,,,3.4395580464042723,4.283676577266306,3.236906286329031,3.4175415034405887,3.659239923581481,,4.290004366077483,4.290004366077483,4.087748484686017,3.648539145011455,5.297014405019581,4.065341089852154,4.065341089852154,4.963672016747296,4.749921295326203,,3.3939308342523873,3.0497156335040927,3.668783139437437,4.822273110970855,3.506133702583611,3.76738720247522,2.61296680662781,3.3124578767456114,3.687617767136544,4.958007855340838,5.803755966480821,4.221524667926133,4.21801831619814,4.5296157714910805,5.7767942803911865,5.019205080345273,4.737360036000609,4.181249243207276,4.122686546295881,4.001676181796938,3.355555448681116,2.7826796411536634,3.6706272568553686,,3.7389243403449655,4.5505788889713585,4.953132765367627,3.446524227503687,3.897570241242647,3.2021644301712513,3.687313043512404,,4.415054305456579,5.751321863848716,2.8033040035516024,2.6247393740341067,4.470800206065178,3.544596920721233,,,3.03645260585472,3.0364619181491435,3.20971185201779,4.0453405934385955,3.0088576255366206,3.155639614444226,3.4661406902596354,2.982134603895247,3.745602572336793,4.187892503570765,4.182988956570625,4.013570304494351
tt_5.7h,3.212059073150158,,,2.328505157958716,3.8450964260846376,3.7771941563114524,3.7771941563114524,3.8608747757971287,4.259437367785722,,3.7401677053421736,4.102064822334796,4.236103287898004,3.5957773085683584,2.7644363613799214,3.1194815416820347,3.496926004998386,4.057466563768685,4.057466563768685,4.511486979667097,3.6021497095935047,3.5425765607506037,4.615113924257457,3.3745779911987484,3.0306738377548754,4.0028103198856115,3.2879467136226594,,,3.4376748991198838,4.271182174794376,3.2322468678466976,3.4175415034405887,3.646775187458843,,4.295970248989761,4.295970248989761,4.0793550801463425,3.6339861783199012,5.300836301408708,4.072004480287433,4.072004480287433,4.9620273457840085,4.729231514036655,,3.3844721973873675,3.0417670658789575,3.654069459065795,4.81864744797349,3.496822635177523,3.7564392872154713,2.6095512877218425,3.3048113170079887,3.6807384504936635,4.951383627951145,5.801831768359989,4.221524667926133,4.214606163557619,4.522172024939209,5.776140884496272,5.012919922359288,4.725704004988074,4.169460605364293,4.130230715498328,4.005062820389867,3.3386901086196303,2.7785092596895993,3.662581500597298,,3.73828884633258,4.553078928031027,4.918982634320855,3.441170312464237,3.8863784172572196,3.1953336824662983,3.6917822435498238,,4.4057050053961575,5.75138337071985,2.8009755201637745,2.621695075649768,4.464256740640849,3.531357692554593,,,3.0252001616172493,3.024520518258214,3.1949044591747224,4.038499131798744,3.005916899535805,3.1482565961778164,3.459149613045156,2.987259240821004,3.738584265112877,4.1912040268071,4.173291237093508,4.001277516596019
tt_5.8h,3.202878948766738,,,2.3187121096998453,3.837866370100528,3.7793849068693817,3.7793849068693817,3.8432316835969687,4.217061433475465,,3.729627104010433,4.0852959007024765,4.240725256502628,3.5865524732507765,2.7498730183579028,3.1068085157312453,3.489398048724979,4.046653649304062,4.046653649304062,4.514162831474096,3.5957387280650437,3.54025707161054,4.603079898748547,3.3745779911987484,3.02129835030064,4.0028103198856115,3.2831221222877502,,,3.435841008089483,4.2589335180819035,3.2276571542024612,3.411597922910005,3.663334757089615,,4.295970248989761,4.295970248989761,4.070897693280131,3.6194766955450177,5.3002831088379025,4.047021528240293,4.047021528240293,4.966124933678657,4.708992508705705,,3.3751387977972627,3.033992624375969,3.654069459065795,4.80644356040284,3.50106200017035,3.7394680557772517,2.6057935897260904,3.2973786131478846,3.674045929685235,4.944887926336378,5.805064247455448,4.224058303982019,4.203507361933589,4.51283178338781,5.775496863760054,5.006826032418758,4.714251893106848,4.159557363949716,4.13771928101778,4.016126732341945,3.322211175225675,2.7751157586462796,3.6547103472985327,,3.737702933140099,4.555978421587497,4.956384957302362,3.435907674022019,3.8754143216647208,3.189181361347437,3.6830130824819207,,4.396509783342481,5.751453194767237,2.798741384409368,2.6189044574275613,4.457759536802769,3.5365570397116244,,,3.0143200047314167,3.0126082613132894,3.1949044591747224,4.031927632167935,3.003074311185628,3.1413196362555027,3.4527758597396314,2.987797171343118,3.7317230412736535,4.178224677685648,4.173291237093508,3.989417288918048
tt_5.9h,3.194281215313822,,,2.309211289510131,3.83063862985,3.7719762278720737,3.7719762278720737,3.826637374702841,4.222361484542489,,3.718935471493751,4.069018858484924,4.243765846360475,3.5775964851491153,2.735636449418962,3.0970634231343865,3.4820856181904674,4.036009970121086,4.036009970121086,4.503121150191873,3.589450015220791,3.5379914580844343,4.591275867074728,3.361492881551385,3.011946506332606,4.0066877589561045,3.2778784092515707,,,3.434055432677269,4.246919229160994,3.223136219661683,3.4133958178572357,3.6508731665089726,,4.309982406906784,4.309982406906784,4.062998527195305,3.6054536779411137,5.304101302754134,4.023891085758805,4.023891085758805,4.964502664748579,4.696889881044626,,3.3659824798814952,3.026253647636622,3.6568653066642582,4.818900379352272,3.4915385581552982,3.7235955828800797,2.602716054301709,3.2902704793959856,3.6841011396609247,4.93852758128196,5.803225984796882,4.213352152146399,4.200149763375521,4.5055315438658,5.774862148799002,5.0008829068392515,4.703015198465437,4.149827204179019,4.145135822240263,3.9923150734975934,3.3058965425007045,2.771443385630846,3.6473430185578763,,3.737165506929159,4.558411720208824,4.922412554733455,3.439309894107282,3.864671244751662,3.18315572058782,3.6742463666014373,,4.387422858271748,5.751531168818474,2.7965996144339442,2.6161929205991328,4.451309570576996,3.5365570397116244,,,3.003576668445021,3.0010788016952574,3.1803793851286173,4.025145101826638,3.000214761123061,3.1343096224591136,3.439934720750898,2.987797171343118,3.724978594109416,4.165602833032608,4.163901427295059,3.9776529232040048
tt_6.0h,3.1921185883693397,,,2.2997771641239524,3.8318364284932613,3.7719762278720737,3.7719762278720737,3.8311984930187464,4.181922556832433,,3.708626243751496,4.052921109832823,4.246811727061868,3.5688717337325215,2.7216019150801003,3.087377829477191,3.4749812884256244,4.0242843623273075,4.0242843623273075,4.492324530612677,3.5832517254166305,3.535778866149485,4.579683623742312,3.3486113366670907,3.0028508389368653,3.993335854727775,3.272637360729277,,,3.432317303493619,4.235131829511374,3.21869486477226,3.4077775133773685,3.6380344619974494,,4.324072463437915,4.324072463437915,4.055038971360773,3.5917044831439853,5.307918429374695,4.000983771402389,4.000983771402389,4.962903435342014,4.696889881044626,,3.3569545722566545,3.0187026653438807,3.6596869556233287,4.806713475380093,3.482423208653927,3.7235955828800797,2.5996393249370158,3.2830849196761847,3.6774161872453988,4.932278060819954,5.801436028443277,4.213352152146399,4.196885386947542,4.4984403206035495,5.774236666969955,4.993087783455849,4.691957266069949,4.140292162075639,4.152513647917658,4.003369370941073,3.290270726196468,2.7676443038508296,3.639933492988348,,3.7366753607057035,4.560826578177512,4.925835026893765,3.4341415176168084,3.854152832645923,3.1769425459206104,3.6659131133928895,,4.378462098538876,5.751617130357772,2.7945456793531775,2.6135649364441633,4.436609793454409,3.5237259101122618,,,2.9930778653360903,2.9897881811484694,3.1662398744374514,4.018442495726049,2.997426419518888,3.1274407817982137,3.4336612070910633,2.988316944334656,3.729776836466044,4.1532670157030225,4.15478302910924,3.965686588548124
tt_6.1h,3.1832023030146956,,,2.290465374942869,3.8318364284932613,3.764715295750648,3.764715295750648,3.8311984930187464,4.181922556832433,,3.6983328135684133,4.037147144321352,4.2498619845137,3.5603567897342145,2.7216019150801003,3.0777824451215565,3.4809129936620593,4.014075640588999,4.014075640588999,4.481984184123576,3.5771547839976847,3.5336181255988777,4.568303837906569,3.3529987540096045,2.9938769270665944,3.993335854727775,3.2677200599573553,,,3.430627171881497,4.223561417777091,3.2143086376599967,3.4019731990993023,3.6262898077256978,,4.314364709425718,4.314364709425718,4.046990513801575,3.577951225452125,5.311733929440379,4.030548749025911,4.030548749025911,4.961327085271478,4.677162065636367,,3.347930713556707,3.0113579109311104,3.6625350867398083,4.794654170516878,3.482423208653927,3.728650881908834,2.5965147516690195,3.275943470187485,3.6709049218334258,4.92615935113281,5.799694560468197,4.2159076812677085,4.193699985276908,4.491508352570236,5.7736203614622355,4.98734567919746,4.681090376805514,4.130915887188166,4.1598221766762435,4.0143294697627425,3.275011788122356,2.772789352107793,3.632574880030006,,3.7362312618643045,4.5632035452872515,4.925835026893765,3.4341415176168084,3.8438323801383376,3.1709467163309455,3.657767954748124,,4.369647520594299,5.751710903830826,2.7925757113844156,2.610767850186676,4.4302409761585295,3.5106448200531304,,,2.9930778653360903,2.978484157472849,3.1523868567310274,4.0204611690714955,3.0011665374040604,3.1206687591038644,3.427368071395904,2.988818827085197,3.7231627381406724,4.140966663137078,4.161371580325067,3.9545957762748003
tt_6.2h,3.174495213199407,,,2.281434137839824,3.8246976262889802,3.7669407352805138,3.7669407352805138,3.815021324902773,4.18725742213428,,3.6882847896777093,4.025014812126756,4.252928894478828,3.5519638881087303,2.7079295269213617,3.0684243189170957,3.4809129936620593,4.00384332286194,4.00384332286194,4.471548450645059,3.571171860676259,3.5315053588710725,4.557131026871502,3.3529987540096045,2.984883503522724,3.9811085392720997,3.262895710300654,,,3.4289824101142585,4.21220781840384,3.209988006390631,3.396338534541428,3.6141645428724587,,4.314364709425718,4.314364709425718,4.039235659409314,3.564473684877157,5.31505701225251,4.0076162382029,4.0076162382029,4.961327085271478,4.6578538422472775,,3.33910547895357,3.0040627769194543,3.6654084068723023,4.806978752370924,3.4735680888406932,3.7125931731425226,2.593425535596907,3.2691846545785666,3.664569558110088,4.920145615469664,5.7980002434924245,4.2054694490507245,4.190591061022133,4.484770576003939,5.773013161495328,4.981742893811315,4.670426004566252,4.121706247795373,4.167093262076378,4.006688148714602,3.259828796610236,2.7692742268554866,3.6253261249512434,,3.73584475601092,4.565543260425329,4.893385794945061,3.4290795270353556,3.83372366707772,3.1655698530375957,3.6497571733780205,,4.360931962262839,5.751812328584492,2.7906860248185694,2.6085254098288715,4.4302409761585295,3.4982174457982183,,,2.9829277242533863,2.967774029355496,3.138705159537494,4.013939583674073,2.9983767103403807,3.11409726832062,3.4216303708963096,2.9778652070090175,3.7231627381406724,4.129465816076845,4.152429138775915,3.958888136781752
tt_6.3h,3.1661339425481856,,,2.272514787502587,3.8176428312435746,3.759783412795514,3.759783412795514,3.799161233007908,4.147837688680738,,3.678579691797495,4.009527029003948,4.252928894478828,3.5519638881087303,2.6943733212538064,3.05908944318071,3.473983878735453,3.99368117377162,3.99368117377162,4.461096496786922,3.5736368214711547,3.529439615085721,4.546165929175913,3.340368469711393,2.976117391139269,3.968239522539079,3.258152848575264,,,3.4273832947947085,4.201060886960477,3.205732136964798,3.3906174493022263,3.6027973857708275,,4.328675356693566,4.328675356693566,4.031832022126764,3.5512404828332365,5.31505701225251,3.985366547945887,3.985366547945887,4.965420922264457,4.661995231639594,,3.3303559427149594,2.9968930673785508,3.66830693744123,4.79493615264073,3.464638466015458,3.6975957243703306,2.590725356247276,3.262370794545859,3.674288298469037,4.914245225954801,5.79637902462855,4.195296983234584,4.1875563729554415,4.478197635151446,5.772415001410991,4.976292838342488,4.659926529508084,4.11267311219126,4.174295863136649,4.01764172129333,3.244841206818819,2.766045073978603,3.618075637612492,,3.7354891537688673,4.567845295649022,4.880844623316079,3.4241021745838225,3.823801624123007,3.1598054547794163,3.6419426975771785,,4.352356822695583,5.75192124536261,2.7888729758560658,2.606061714235693,4.4239198616705835,3.4857620745897293,,,2.9877902353182435,2.956947467289865,3.1254496625624597,4.007401500828564,2.995628505013883,3.107692202553153,3.425857405178249,2.9783483133651316,3.7166932788677514,4.129465816076845,4.143714343663305,3.947746967896819
tt_6.4h,3.1580979148857296,,,2.263682319317013,3.8027749937027693,3.7527349959127605,3.7527349959127605,3.787858735304326,4.147837688680738,,3.6688137389719486,3.9942768309265375,4.255983636248857,3.543548517860472,2.6976330247707665,3.0499397050589323,3.46722649037838,3.984114826656878,3.984114826656878,4.451017010491341,3.567756741307676,3.525441739242524,4.535605652723461,3.3283655559644103,2.9674191367812455,3.9850095654837787,3.25325536634773,,,3.4258280871436,4.190111446194351,3.201551835052669,3.3852094812318683,3.6069076135754585,,4.3353931228630245,4.3353931228630245,4.024451048579067,3.53805649606511,5.3188889590092,3.9634259496815503,3.9634259496815503,4.963866437319666,4.661995231639594,,3.321729237213731,2.989960737526417,3.6712320442311466,4.795213175471872,3.456218813546002,3.6823886218480766,2.5880290251225233,3.255670613143593,3.667956394609064,4.908467024099082,5.794777435716242,4.191941993776709,4.184582677669823,4.471764103509486,5.771825812291354,4.971007469575852,4.649604290258139,4.103779707103968,4.181463954038918,4.009997542016208,3.2302658557891846,2.762603896204382,3.6112936940044165,,3.7351760561577976,4.570110524073243,4.880844623316079,3.419215022586286,3.8045330406166613,3.154347872827202,3.634570138528943,,4.343875965103507,5.752037493512034,2.7871328396722674,2.6035633040592074,4.417647509369999,3.4736651182174683,,,2.9776974441483617,2.9464094089344144,3.112212625797838,4.000938594806939,2.992897503077984,3.1014863085001707,3.4199522747658193,2.9788140445016325,3.710328753106296,4.117516226135194,4.13525347225368,3.936621588654816
tt_6.5h,3.1498780041001737,,,2.2550202384591103,3.8027749937027693,3.7527349959127605,3.7527349959127605,3.787858735304326,4.153225242625922,,3.6593319070525467,3.9942768309265375,4.259038627613336,3.535764395724982,2.684312521480024,3.040853936690837,3.4606360220350325,3.9744149507023394,3.9744149507023394,4.451017010491341,3.5619699810631573,3.5235115862451494,4.535605652723461,3.332635786384344,2.9588206987828016,3.9720821687951684,3.2488810825161636,,,3.424315647687763,4.17936057318002,3.1974227149039507,3.3795931837521493,3.6069076135754585,,4.349922272376716,4.349922272376716,4.017065084073693,3.5252098073251545,5.322718291077763,3.953925423324108,3.953925423324108,4.96233467804268,4.643164397217333,,3.3133009299635887,2.9830990456975996,3.6728198300115764,4.795213175471872,3.4475427018478513,3.6823886218480766,2.58542994922027,3.249321159441024,3.661793349776417,4.9027867573313415,5.793220756109804,4.181793213821948,4.1816909541375935,4.465503491926938,5.776541554834694,4.971007469575852,4.639471475966275,4.0950512061826885,4.18856328073889,4.020927964709699,3.2159981257282197,2.759324070997536,3.6142206424847245,,3.7349043004214764,4.57233931357041,4.884423743002117,3.4144152305088937,3.811651036608964,3.148714696522802,3.6271017785184085,,4.335530309937894,5.752160905860364,2.785465521737933,2.6015048497356474,4.41913756262511,3.46231225784868,,,2.9676798000000417,2.936003614217043,3.099358333274722,3.9945475524291396,2.990094718988985,3.0892571844160557,3.4141313857398927,2.9788140445016325,3.7040837043896317,4.105927568860352,4.126995409838855,3.926001328509301
tt_6.6h,3.1421193587593734,,,2.2465489110909402,3.7961421036161482,3.745808765757829,3.745808765757829,3.7722492702305317,4.114655291195959,,3.649856297764927,3.9794380492530763,4.262092079501599,3.5277589010074735,2.6712341578677297,3.031994517892599,3.4542051507160068,3.9648650749586523,3.9648650749586523,4.440824894234538,3.556289349216968,3.5216249492950737,4.524859089870006,3.320761560462415,2.950342618394643,3.959660267457366,3.244519541505724,,,3.4228449505753815,4.1687987125478685,3.1933553656563163,3.3743235114961863,3.595222210511565,,4.364537734538317,4.364537734538317,4.009621251374483,3.512535453774035,5.309947779402137,3.953925423324108,3.953925423324108,4.96082548936829,4.647370050661266,,3.304959391709417,2.9762207153253257,3.6758009851910174,4.783294242806733,3.4394038878381252,3.687599823344499,2.5828435574658215,3.2428291677497327,3.655788677278906,4.897212164942175,5.791708724573255,4.171864558476955,4.1788677661679685,4.459368776995689,5.775964284781367,4.965848322492093,4.629491044208407,4.086452465504408,4.195630124770105,4.031784864142537,3.201908967923373,2.75658549182117,3.607242370955646,,3.7346727587282658,4.57451116014272,4.884423743002117,3.40971324685961,3.802539747674018,3.1439249562099576,3.6271017785184085,,4.327274379786104,5.752291327342391,2.7838625786826015,2.599348485469818,4.412946248892695,3.467553979717195,,,2.957963364664465,2.926032860763371,3.086719352286309,3.9882312300615013,2.987448995001614,3.0829112413339317,3.4086112999357283,2.9792627096176147,3.6979723973199725,4.093238813336939,4.118968715425581,3.9150270237587392
tt_6.7h,3.1341388202272356,,,2.2465489110909402,3.7973935292102396,3.731956411153078,3.731956411153078,3.777021661400795,4.0778250503353775,,3.6409136061556637,3.964699641801417,4.265142305288464,3.531551362015307,2.6583243259228766,3.023114800453186,3.46004208130762,3.9556950251571834,3.9556950251571834,4.4307269202545285,3.550683677662164,3.5197810432873666,4.514309016056359,3.320761560462415,2.9419525675475597,3.975965986959636,3.2400037427432835,,,3.4214151627384126,4.15841767238453,3.189349012915045,3.3688323735259473,3.5844258228316903,,4.364537734538317,4.364537734538317,4.002577419858426,3.500016807578504,5.313792362809181,3.932890698313713,3.932890698313713,4.966425837017596,4.629001767840236,,3.296680291648954,2.9695162218995392,3.6788075994700193,4.77938116248697,3.443556192331016,3.6731256735511124,2.580325012560934,3.2365726991556585,3.649084869772196,4.891751542221755,5.796678362879902,4.184390645939857,4.176110942848027,4.453396349214017,5.775395835284144,4.9608282363042235,4.619675584603101,4.078008548356593,4.20264629367739,4.024188928771764,3.188237425405532,2.75658549182117,3.6004467317834496,,3.7344802697189152,4.576667042914778,4.853107730858028,3.4050842905417085,3.7934534680098295,3.138949159067124,3.619563733227551,,4.319148854352534,5.752428603824228,2.782323823776096,2.597199389245361,4.412946248892695,3.4557967241853476,,,2.948335513472557,2.915934803429991,3.0742814922705293,3.9823326501064003,2.9724696748889983,3.0768280285410583,3.402926366776228,2.9796813507564366,3.6919560553506017,4.08198592858389,4.118968715425581,3.9048340753652155
tt_6.8h,3.139410342089832,,,2.2381536322645843,3.7909310893155634,3.7251224708743393,3.7251224708743393,3.762488639447838,4.10396702773869,,3.631671466398984,3.950009487569332,4.268201605416834,3.5238411836326122,2.6457219547592103,3.014473283663392,3.453744210768491,3.946567522827536,3.946567522827536,4.42130476096645,3.545164850074798,3.5179791459813714,4.50393915688619,3.309462584089488,2.9336645207367837,3.9635087959468365,3.235622181557119,,,3.4200248485431075,4.148219035938382,3.1854144516400993,3.3638944402337074,3.573222012259066,,4.371556842699647,4.371556842699647,3.988700252957642,3.487876124214381,5.313792362809181,3.912286582402885,3.912286582402885,4.964915727265179,4.629001767840236,,3.288666737265885,2.96300787338987,3.6818389161489904,4.767478435300291,3.435431120917201,3.658572050742805,2.577959876973182,3.2302545038983226,3.643087568692863,4.88638180680573,5.795197997707874,4.174485126975924,4.1734186061657965,4.459804655518383,5.774836109485477,4.955960339400917,4.609614873770624,4.078008548356593,4.209596257656813,4.03504300583154,3.1937561482191086,2.75352719752118,3.5940612605772913,,3.7343083741143346,4.578787371050566,4.856846381910145,3.400535713415593,3.7848075828514993,3.1337185581214726,3.6127461660653353,,4.311108750291169,5.752572582568973,2.7882172991521657,2.595057821366936,4.406804065685719,3.444605756085366,,,2.939047343097627,2.906166166998446,3.0620695096440613,3.9763259133324027,2.9698676373809576,3.0707611315883696,3.3977570016868412,2.9848560132086277,3.686067027505487,4.07061680033803,4.125212701037526,3.8943979227915406
tt_6.9h,3.131943396758288,,,2.229899543337524,3.7842658050358295,3.7184035344980657,3.7184035344980657,3.762488639447838,4.067550321575254,,3.6227935506030917,3.9357125810347497,4.271241218782961,3.5161187048070133,2.6331879473291337,3.0058102225884795,3.453744210768491,3.9374179132282734,3.9374179132282734,4.41167247062549,3.545164850074798,3.5162183716893196,4.493761206977069,3.314159719273448,2.9254846679978073,3.9515013499185443,3.231463813688606,,,3.418672874569893,4.128335314337164,3.181527473963797,3.3498016577214003,3.5773536884225905,,4.386406236328185,4.386406236328185,3.9817672693170607,3.4757249378599226,5.317642443813384,3.91888017533347,3.91888017533347,4.9634279306046665,4.633237050380558,,3.2805534764193,2.956606760621071,3.6848964034579694,4.767761615570635,3.4271860914304852,3.6451141606085002,2.5757517106831074,3.2242233864963055,3.6372382058762014,4.8759491154924035,5.793761120177805,4.164823489729315,4.1707773194648325,4.453925403766334,5.77428503613919,4.951206602156162,4.599965705536306,4.08221890963614,4.216515425592661,4.011338908225298,3.1803280408494174,2.7503645424731076,3.587330603506416,,3.7341561424545944,4.580871899612248,4.856846381910145,3.3960769986733794,3.7760488046333194,3.1287600588984787,3.61695435969159,,4.303194628097117,5.752723096404225,2.786718560382724,2.5999226015992463,4.408343465998769,3.444605756085366,,,2.9298359798267484,2.8964565293863416,3.0501234172843397,3.970386892557144,2.9698676373809576,3.064916733186692,3.392372043337673,2.9852697891183197,3.6802671384066343,4.059885973110795,4.117361018434167,3.8842023792676628
tt_7.0h,3.124525844119489,,,2.221844796091318,3.7842658050358295,3.7184035344980657,3.7184035344980657,3.747910071630031,4.031667116563767,,3.6139865308068693,3.9215277838520706,4.274273513350636,3.508784579113126,2.6207731990143657,2.9972958178259432,3.4475959902629256,3.928793337661773,3.928793337661773,4.402122148312628,3.5397460535168648,3.5144979734905064,4.483758513815701,3.30300979828462,2.917404395993799,3.9673781762830913,3.227443448267877,,,3.4173583015799522,4.118644598405808,3.1776986457407475,3.3446682053618133,3.5669514196924865,,4.401344294659793,4.401344294659793,3.9750919858925045,3.463697876781225,5.320982025470585,3.8986265840940177,3.8986265840940177,4.961962129920721,4.615248369053006,,3.2725889263674617,2.950272344984114,3.6848964034579694,4.767761615570635,3.4197961227037013,3.663638579659164,2.5734623121097684,3.2183227981440723,3.63153930939734,4.8708706283941865,5.7923666150309145,4.1771025583148,4.168209456838667,4.448177144862711,5.773742548655719,4.946580059826374,4.59048990579322,4.073888223618269,4.223368631210178,4.022173793520778,3.16714529087767,2.739346466958523,3.5808435706421733,,3.7340230285190046,4.58292141277343,4.860579752828926,3.3916861610487103,3.767448923084885,3.1243300465866923,3.609934387728572,,4.295361753553152,5.752879993990064,2.786718560382724,2.597952550742775,4.402281383052468,3.4335343400016427,,,2.92085471842438,2.8871497656218708,3.054347192402929,3.9644279149360955,2.9672820130363107,3.064916733186692,3.3871831386350095,2.985622692387551,3.674571094568819,4.048999521881342,4.109705831389874,3.8745537707582116
tt_7.1h,3.1173530663363636,,,2.2254786994308233,3.7855348833836615,3.720656174700707,3.720656174700707,3.7524270741268992,3.996801434084773,,3.6052463240921497,3.90758299222216,4.279500646516681,3.5015221685171127,2.608790406025946,2.9889219873584807,3.4415931720286608,3.9200264224782586,3.9200264224782586,4.388998668640852,3.534396286588162,3.512817220762372,4.489399563521147,3.2922003786079586,2.9093448095954955,3.9553206502459943,3.223280997015536,,,3.416080133523792,4.109110925346613,3.1739272363483906,3.3446682053618133,3.5565506629645824,,4.401344294659793,4.401344294659793,3.9686302533373237,3.451815935317427,5.324794329702854,3.8986265840940177,3.8986265840940177,4.9605180863291025,4.615248369053006,,3.2647949643433094,2.943999795243144,3.6879782835021615,4.756009015254676,3.4121509613469243,3.650343215558678,2.5712238121777773,3.212392422836274,3.640654405578971,4.877211418002844,5.791014363057911,4.1674636718817055,4.165701074991375,4.4425350106321275,5.77320857020095,4.942094336729497,4.58115124842152,4.065705022774637,4.236950668040663,4.025386835914105,3.16714529087767,2.736970188561827,3.5748028634116054,,3.733908472582698,4.5849363543093204,4.8303478341549635,3.3873699815012515,3.7590132793411613,3.1196279008872807,3.602767755743116,,4.287650826852769,5.753043127246201,2.7852819822728634,2.595972862560302,4.396268831565976,3.422511319629848,,,2.911860311869532,2.8778474293649197,3.0425549605861306,3.9585359138436615,2.964713476598263,3.0591469728387892,3.382223221939057,2.985917709302157,3.6632656431756914,4.038323801476508,4.102276972029358,3.8647050275467336
tt_7.2h,3.1173530663363636,,,2.2175368280149996,3.77896116534248,3.7140417476184666,3.7140417476184666,3.7381983366794884,4.037145704030991,,3.596771599724889,3.8936990117654204,4.282566542271525,3.494354269467294,2.5967930844053626,2.980652970727533,3.431260990444571,3.9113284437917173,3.9113284437917173,4.3795030219480395,3.537015408743173,3.511175404768437,4.479606883134693,3.2922003786079586,2.893707813695073,3.943700006697327,3.219308815896511,,,3.414837457705289,4.09973726188764,3.170224006753415,3.339552729856223,3.5565506629645824,,4.408672988880426,4.408672988880426,3.9620285583660007,3.4402507776394486,5.328587599098682,3.879518343601376,3.879518343601376,4.949945635627955,4.597595549188554,,3.257039367221296,2.9379078252241015,3.691085724160075,4.75630264962092,3.4121509613469243,3.636277691926807,2.5691659417934716,3.206791579257697,3.634958646725863,4.872229834087193,5.789703707676381,4.158023274037987,4.165701074991375,4.4425350106321275,5.772683027200401,4.93771162442863,4.571962663438171,4.057633892633021,4.243678017985076,4.025386835914105,3.1541013047099113,2.734202141407877,3.5748028634116054,,3.7390413568355143,4.587739935144782,4.8303478341549635,3.3831264157779515,3.7507184366695583,3.1149426409974694,3.596434553153813,,4.2800171435810626,5.753212342970073,2.783899700269103,2.5941631183959544,4.390305404551327,3.4122712067328393,,,2.903194132260978,2.8686205954290926,3.031037771143019,3.9527091858908534,2.9657185543328524,3.053387902677059,3.37703725323081,2.985917709302157,3.6576704219914973,4.027895214036107,4.095026008784771,3.8552400884218514
tt_7.3h,3.1100414786487818,,,2.209631646517664,3.772530648857355,3.707499778829515,3.707499778829515,3.7381983366794884,4.002315967809409,,3.588241569697857,3.8802898884750903,4.285634269472212,3.487130989320576,2.584117589518428,2.9725295705720782,3.4253784609027207,3.903104627970606,3.903104627970606,4.370093049481511,3.5317650558426976,3.509568136651069,4.469980427995324,3.280374466907233,2.885948298498988,3.943073385860771,3.215410006698221,,,3.4136286545544863,4.090511975809932,3.1665650508366525,3.3346101134084165,3.54655380314216,,4.423857043962926,4.423857043962926,3.955602331086993,3.428822497371584,5.328587599098682,3.860048425383866,3.860048425383866,4.948500722181052,4.585753229446709,,3.249358503613621,2.9319042465649545,3.692876776214689,4.75630264962092,3.404725464992225,3.623464287724346,2.567224655300379,3.201022993773222,3.6294080684892833,4.867338895332068,5.78843364212662,4.1606824630871415,4.163250749930739,4.437035673763603,5.772683027200401,4.946196683682501,4.562937158159912,4.049702330492437,4.250362248159945,4.0361582431942225,3.141306077130139,2.7314977697096765,3.5685480847023427,,3.738960884977132,4.589692597743124,4.818044364918023,3.3789657414890826,3.7425804547965527,3.1103462888859212,3.589729258790612,,4.272501719649881,5.753387490753084,2.7825720929540694,2.592438285239041,4.390305404551327,3.417427433654666,,,2.8946694782935083,2.859692644327879,3.019643892534077,3.946945030707866,2.9631328037939966,3.0476912977173924,3.372275369707495,2.990983468014747,3.652191401924938,4.017349404282868,4.087982767727226,3.845838218461722
tt_7.4h,3.103199365083128,,,2.2019862420856953,3.78026295080781,3.707499778829515,3.707499778829515,3.7427064632065594,3.9683712469413877,,3.5800186339765787,3.8668623329140246,4.28867466468364,3.480230781249702,2.584117589518428,2.9643717547878623,3.4196308902464807,3.8948531169444323,3.8948531169444323,4.360912485979497,3.5266083884052932,3.5080019794404507,4.469980427995324,3.2697500069625676,2.878351050429046,3.931425091344863,3.2117679053917527,,,3.412454283796251,4.08143939031288,3.1629607900977135,3.3296061689034104,3.536350406240672,,4.439137628301978,4.439137628301978,3.949166875332594,3.4175367234274745,5.3323862394317985,3.8666030559688807,3.8666030559688807,4.947077362798154,4.568458743393421,,3.241764019243419,2.9258992290124297,3.696041623596102,4.756590880453587,3.3972707828506827,3.6103115710429847,2.5652561308816075,3.195539712905884,3.6328365951776505,4.862543816212565,5.787203580606729,4.1606824630871415,4.16085350047797,4.431653271894902,5.772165851201862,4.941958170384169,4.554038977716118,4.0418753158301115,4.256979265715927,4.028596297837794,3.128763307351619,2.7290145475417376,3.5624026260338724,,3.738897632807493,4.591630943585187,4.818044364918023,3.3823387483134866,3.7345753354020417,3.1064598872326314,3.583075736183673,,4.265059618744999,5.75356843136251,2.781296778935939,2.5906549994833767,4.391921033151448,3.4071531584486365,,,2.8863249155692756,2.850751638878137,3.0083516682498157,3.94124596985057,2.960641580633819,3.0421392801217735,3.367395477835089,2.991181142628193,3.6467909472994506,4.007598356809467,4.081101344432682,3.8362683807499707
tt_7.5h,3.0962965711951256,,,2.194408793002367,3.7738528894260526,3.709790346212685,3.709790346212685,3.7291275006718934,4.007812956813723,,3.571860698517412,3.8539017075672746,4.29170017875731,3.4734996161423624,2.572284528054297,2.9564332105219364,3.4140151739120483,3.8866405594162643,3.8866405594162643,4.3522104965522885,3.521516017150134,3.5064726285636425,4.460522452834994,3.259269518312067,2.8708060146309435,3.935271750204265,3.2079270957037807,,,3.411312736570835,4.072511013131589,3.1594104915857315,3.324779931921512,3.5241977353580296,,4.439137628301978,4.439137628301978,3.9431737903505564,3.4064232697710395,5.335719304159284,3.848491750191897,3.848491750191897,4.945675352588296,4.568458743393421,,3.2342071421444416,2.9201180785894394,3.6992307198233902,4.744984521530569,3.3853798457421362,3.612601427361369,2.5633199927397072,3.18993276078254,3.6274240175262094,4.857821792829782,5.786013192497194,4.151488553732634,4.165678664110601,4.426374342292547,5.771656965836883,4.937815419398248,4.545297485776246,4.034181061666459,4.244484143331647,4.039352022111416,3.1166184842586517,2.7265856084413826,3.556378739885986,,3.7388510680757463,4.593535723164678,4.8217935669235885,3.378246064297855,3.726720342412591,3.0979145746678114,3.5768901188857853,,4.257732460740954,5.753755007870495,2.7800714252516627,2.5890356451272964,4.386038217227906,3.3968123802915215,,,2.8778920941986144,2.842120415531099,2.9974095937795937,3.9434169097803533,2.9582136017270386,3.036716002970934,3.362665483728051,2.9913302809000015,3.6414843015372753,4.011129982303828,4.071028331760317,3.8272891100496054
tt_7.6h,3.1011097100563347,,,2.18696521082893,3.7677154233679175,3.703366242814809,3.703366242814809,3.715824300888926,3.974125673994422,,3.56398882670328,3.840903159696609,4.2947093094699085,3.4665871299803257,2.5606632018461823,2.9485470773652196,3.4140151739120483,3.8787427130155265,3.8787427130155265,4.343432555440813,3.5164996101520956,3.5049794116057456,4.451234619133174,3.2492512394674122,2.863348408602178,3.935271750204265,3.2118840818293393,,,3.4102032124064863,4.063721065875143,3.1559248249977827,3.31996329780668,3.5145582356490195,,4.430707303807139,4.430707303807139,3.9370379550382495,3.3954532728530467,5.339479943737388,3.848491750191897,3.848491750191897,4.949759686365724,4.57271336670965,,3.2268133088946342,2.9143194728530943,3.7024458129890263,4.744984521530569,3.378296996001154,3.59932281030342,2.5614479407668114,3.184678983874619,3.6274240175262094,4.853181723505259,5.7735951147042215,4.138062171172351,4.1633182554505765,4.421235853340477,5.771156300790608,4.933782325126231,4.5366773516871035,4.026599671691656,4.2510753171518445,4.042544011492282,3.1046220054849982,2.7242252063006163,3.5503326863981783,,3.738820663653314,4.595407206565142,4.792397233657539,3.374211458489299,3.718991260509938,3.093647046945989,3.570714432746172,,4.250474768690765,5.753947076853365,2.7788942083716393,2.587345293723047,4.380206369794905,3.38688719086349,,,2.869791046716273,2.8334694243967533,2.986527713481337,3.937791228760034,2.9582136017270386,3.0313584320247173,3.358235467225313,2.9914343869313598,3.6362866549752653,4.011129982303828,4.071028331760317,3.8183204135857522
tt_7.7h,3.0944340345449746,,,2.179652983788401,3.7616225127130747,3.6970099178142846,3.6970099178142846,3.715824300888926,3.941178299020976,,3.5560344620607793,3.828431182540953,4.297700527124107,3.4600905580446124,2.549228851683438,2.940796093083918,3.4085261672735214,3.8708664146251976,3.8708664146251976,4.334643268957734,3.511557813268155,3.5035216654650867,4.442101991735399,3.263678148854524,2.856022886931896,3.9239672529511154,3.2081701681017876,,,3.409124875906855,4.055072055198252,3.1524803889915347,3.3153460095636547,3.5048529184423387,,4.446241203229874,4.446241203229874,3.9309844030067325,3.384537016041577,5.3432221142575145,3.830265535507351,3.830265535507351,4.948378023691475,4.555766600649804,,3.2196284364908934,2.908629653044045,3.7056851368397474,4.729177952278405,3.3714450211264193,3.586876878514886,2.559706716798246,3.179442211519927,3.6221332596614957,4.8486218447797,5.772471678908914,4.138062171172351,4.161008756607771,4.41621242556721,5.759750086814165,4.929855875205249,4.52820792933926,4.019114791881293,4.257601962890476,4.042544011492282,3.092745589558035,2.7216695258393884,3.544589792843908,,3.738805898465216,4.597245253156871,4.792397233657539,3.3702429300174117,3.7114051920361817,3.0899614742957056,3.564508745446801,,4.243329032789916,5.754144491162151,2.7777633615769446,2.585882424376905,4.3744249367155135,3.377120358403772,,,2.8617657204158604,2.8250015806406736,2.975919188000262,3.932225368451327,2.955756770912558,3.0260825022123754,3.353677574545145,2.9914968251250684,3.6311607835814357,4.0011533526703715,4.064277490600944,3.809271053876728
tt_7.8h,3.0877303476445377,,,2.172455002553761,3.75303593929857,3.6907364036887884,3.6907364036887884,3.704490448348224,3.946700771804899,,3.559677162207663,3.8158650500699878,4.300685909111053,3.4534061225131154,2.537878282368183,2.9330321811139584,3.414221457205713,3.863127299118787,3.863127299118787,4.325965542346239,3.5067042163573205,3.5020987624302506,4.447837800718844,3.2537677735090256,2.84868178749457,3.92780486587435,3.2043732316233218,,,3.4080769177526236,4.046554625034332,3.145744959358126,3.317455382551998,3.4953778740018606,,4.4618716151453555,4.4618716151453555,3.924953314475715,3.3739498164504766,5.3432221142575145,3.836788259446621,3.836788259446621,4.948378023691475,4.53912836080417,,3.212417033035308,2.9030768000520766,3.7089499766007066,4.729177952278405,3.3644080962985754,3.574354522395879,2.55797920236364,3.174154646228999,3.625567283015698,4.844150987453759,5.771385843865573,4.129070218652487,4.15874852007255,4.422424397896975,5.7592603815719485,4.926050418522209,4.519854204729199,4.011751803103834,4.26410052087158,4.029594846535474,3.0810449006967247,2.719707833137363,3.5389648037962615,,3.7388062551617622,4.599050651770085,4.79616338852793,3.3663389971479774,3.7039384059607983,3.0859930380247533,3.5585833210498095,,4.236270501744002,5.75434711156413,2.7766767707653344,2.584294610656798,4.3744249367155135,3.377120358403772,,,2.853944710455835,2.8167643742635846,2.9653821331448853,3.926720849238336,2.9569158917292953,3.0208219294436276,3.3493324564769864,2.9915208127349615,3.6261222288012505,3.99152368074283,4.057712118607014,3.800741095561534
tt_7.9h,3.0812479578889906,,,2.165351450443268,3.746980484109372,3.699320591520518,3.699320591520518,3.6913353228010237,3.946700771804899,,3.5519211422652006,3.820111985784024,4.303636125288904,3.447192197199911,2.526637667324394,2.9254062604159117,3.408838725183159,3.8555164956487715,3.8555164956487715,4.317366884090006,3.501908208243549,3.500710079446435,4.438885253388435,3.2437744922935963,2.841489084996283,3.92780486587435,3.201078704558313,,,3.40705857751891,4.038171875290573,3.142452458385378,3.3126422106288373,3.4953778740018606,,4.4776056772097945,4.4776056772097945,3.919304826296866,3.363337859045714,5.346545327920467,3.8193865823559463,3.8193865823559463,4.9470173683948815,4.560032304842025,,3.2052451744675636,2.8975595282390714,3.712239437736571,4.7294699139893055,3.357815279625356,3.5794454105198383,2.556337809190154,3.169080849736929,3.620400377549231,4.839746662415564,5.770337164867669,4.131765595171601,4.156536201946437,4.41748642642051,5.758778722956777,4.922328729648143,4.511645609978586,4.0044796308502555,4.270537302829325,4.029594846535474,3.0696106888353825,2.72496079467237,3.5331982490606606,,3.738821222446859,4.599050651770085,4.767463868949562,3.3625103854574263,3.6966090416535735,3.0822421559132636,3.552841062657535,,4.229278170503676,5.754554799292237,2.7756327600218356,2.584294610656798,4.360012400895357,3.3676143437623978,,,2.846075355540961,2.8084550495259464,2.955022780690342,3.921355447266251,2.9544389215297997,3.0157421552576125,3.3450529854744673,2.9963734173215926,3.621186263859272,3.9818816990591586,4.051288565155119,3.79205192765221
tt_8.0h,3.0749232755042613,,,2.1583636878058314,3.740787845104933,3.6930594006553292,3.6930594006553292,3.6787472926080227,3.9151071761734784,,3.544144403655082,3.807832057122141,4.306563110090792,3.4406902310438454,2.5155805563554168,2.9179394259117544,3.403574934694916,3.848190465942025,3.848190465942025,4.308789233211428,3.4885574616491795,3.499354966916144,4.430091741029173,3.234689688310027,2.8343234821222723,3.916856480296701,3.1976633202284575,,,3.4060691418126225,4.029914314858615,3.1392204840667546,3.3082181555218995,3.4861630056984723,,4.4698681156151,4.4698681156151,3.9136070888489485,3.352908443659544,5.350296135060489,3.8020951049402356,3.8020951049402356,4.945677548181266,4.543423996306956,,3.1981655615381896,2.892136204056442,3.715554487425834,4.718034980818629,3.3511087973602116,3.5673781274817884,2.5629787943325937,3.163961715064943,3.620400377549231,4.8354178024455905,5.770337164867669,4.122984363231808,4.154359269421548,4.41265658987686,5.758305036928505,4.918705531395972,4.503547409083694,3.997324033640325,4.276944586541504,4.0402741762809455,3.0584990778006613,2.72496079467237,3.5277045788243413,,3.738850294612348,4.600823985878378,4.799834112636745,3.358734011184424,3.6894023390486836,3.078347490169108,3.5469817933626473,,4.222391413990408,5.754767408594489,2.7746299249120057,2.5828280597925186,4.354311292525381,3.3568482529371977,,,2.8385292775928974,2.800419291947037,2.9448907342739403,3.921355447266251,2.9520175671204925,3.010709660127759,3.340560731012374,2.9963615871965885,3.6163161043077707,3.9721984383650124,4.045017938595265,3.783559293951839
tt_8.1h,3.0686583570204675,,,2.1515607838518918,3.734762512613088,3.686897468753159,3.686897468753159,3.6787472926080227,3.904902486130595,,3.5366216208785772,3.795751496683806,4.309465404134244,3.4347248948179185,2.5190050923265517,2.9104735795408487,3.3984271194785833,3.8408598555251956,3.8408598555251956,4.300654649268836,3.4885574616491795,3.4980328511446714,4.421442297287285,3.2483008201234043,2.8272953149862587,3.9206991270184517,3.1942328619770706,,,3.4051077654585242,4.0217856909148395,3.1360257184132934,3.303531772457063,3.4901369591243565,,4.4857600424438715,4.4857600424438715,3.9079301110468805,3.3426283579319715,5.3540046704001725,3.8020951049402356,3.8020951049402356,4.949758687056601,4.527114995755255,,3.1911581736057997,2.886833189520985,3.71423525782302,4.718034980818629,3.344632202293724,3.5673781274817884,2.561338017228991,3.159131386782974,3.6153552206233144,4.831173277460039,5.769325242843479,4.122984363231808,4.152240141760558,4.4079134138301015,5.757839256897569,4.915177919436246,4.495589074678719,4.001478315796703,4.283308071549982,4.043435593135655,3.047468461561948,2.7227419749833643,3.5222189244814217,,3.7388929701410234,4.602565078530461,4.7712474637664855,3.3550181011669338,3.6823071190156043,3.0748544433154166,3.535086162853986,,4.208846375811845,5.754984812811017,2.7736666058190167,2.5813662321306765,4.34866032935679,3.34746426763013,,,2.8310483414679766,2.792457857169211,2.9348363587632775,3.916275717318058,2.9496374265290797,3.0056929965503514,3.336736427154392,2.996316039469093,3.6115272040478885,3.9630044889636338,4.050934658385813,3.775288595352322
tt_8.2h,3.062634872738272,,,2.144804964773357,3.7421559137292206,3.6807970623485744,3.6807970623485744,3.6832434395328164,3.904902486130595,,3.529142369516194,3.783685290720314,4.312341547105461,3.428463752847165,2.5081604020670056,2.9032010501250625,3.3933926573954523,3.833535728044808,3.833535728044808,4.2925400687381625,3.483847575262189,3.4967431286349893,4.412945561110973,3.239169728476554,2.8203457864001393,3.9206991270184517,3.1908006770536304,,,3.4041737341322005,4.01377636520192,3.132878331001848,3.299110480584204,3.4809340513311327,,4.501751454547048,4.501751454547048,3.9021828174591064,3.332592236343771,5.357694092206657,3.7923008799552917,3.7923008799552917,4.948438586201519,4.547664001584053,,3.1843347791582346,2.881537079811096,3.717581680044532,4.718397342134267,3.338347105309367,3.55544646224007,2.5597731452435255,3.154310622718185,3.6026823152787983,4.826990830246359,5.7683494202792645,4.125697080977261,4.150165802799165,4.40328916721046,5.7573812999762595,4.911760561168194,4.487736156210303,3.9944195095449686,4.289608416613191,4.043435593135655,3.053055811673403,2.7205663206987083,3.5167711647227407,,3.738948753569275,4.604274257551879,4.7873520026914775,3.3513611177913845,3.6753396205604076,3.071445021778345,3.529565304517746,,4.202184366993606,5.755206855945289,2.7727411268278956,2.5862075514160097,4.343060467392206,3.3379484871402383,,,2.8235174054279923,2.784537467174232,2.924988789483905,3.9110217089764774,2.9472980606369674,3.000865282025188,3.332567886915058,2.9962396514602005,3.6115272040478885,3.953779777046293,4.044773873873055,3.7669370900839567
tt_8.3h,3.0566286444664,,,2.138178890570998,3.7361506298184395,3.667037637438625,3.667037637438625,3.670924970880151,3.873545955400914,,3.521754883695394,3.7718863831833005,4.315190013498068,3.432348654139787,2.4973691855557263,2.895968893542886,3.4040703643113375,3.8265189696103334,3.8265189696103334,4.2844073716551065,3.4792065345682204,3.4954851949587464,4.412945561110973,3.229472010396421,2.813383001834154,3.9100717366673052,3.1875756974332035,,,3.4032663353718817,4.005890366155654,3.129777500871569,3.2947319615632296,3.4721139604225755,,4.510125895496458,4.510125895496458,3.8965900451876223,3.322597927413881,5.341213843319565,3.7758734612725675,3.7758734612725675,4.948438586201519,4.5313842967152596,,3.1775295892730355,2.876329661346972,3.720951711758971,4.707131564151496,3.3427370176650584,3.560613088775426,2.558236983139068,3.142196651082486,3.597753120586276,4.822879400104284,5.767408972606063,4.117135288659483,4.148135358002037,4.398767697159201,5.756931086070836,4.908416517544538,4.480018136557192,3.987444537691772,4.2958812937140465,4.046563272830099,3.042201423086226,2.7183007169514894,3.5115206325426698,,3.739017153158784,4.605932069942355,4.758856104686856,3.3477732012979686,3.668477720115334,3.0679594078101218,3.524174831341952,,4.195623606909066,5.755433408077806,2.778494597412646,2.5848676920868456,4.3448230074718595,3.329107739496976,,,2.8284553959965706,2.776791785378009,2.915171558968723,3.905824987683445,2.9472980606369674,2.996070527471602,3.328489996958524,2.996135154273361,3.6163184735924006,3.944755772128701,4.0387758538126945,3.759116546716541
tt_8.4h,3.0566286444664,,,2.1316674049012363,3.7301007313653827,3.667037637438625,3.667037637438625,3.65870363637805,3.8792096828110516,,3.5146666667424142,3.7601480898447335,4.318022831808776,3.4265095782466233,2.486641192343086,2.8887752988375723,3.3990190234035254,3.8193303514271975,3.8193303514271975,4.276478274259716,3.474648044910282,3.4942548633553088,4.404586719349027,3.220664754509926,2.8065842702053487,3.8978475090116262,3.1844187434762716,,,3.4023849205113947,3.9981184764765203,3.126722540706396,3.290482363663614,3.463393840007484,,4.510125895496458,4.510125895496458,3.8914862293750048,3.3127132686786354,5.34490688610822,3.759121428243816,3.759121428243816,4.947138774674386,4.515396130271256,,3.1707804086618125,2.8711813683621585,3.7243478586897254,4.718770162202418,3.3427370176650584,3.5489542298018932,2.5567337065003812,3.137314746621996,3.597753120586276,4.8188376552425325,5.771246668417007,4.117135288659483,4.146147566847503,4.394319751765579,5.7564885332249105,4.905160785652697,4.4724008329212666,3.980578937102109,4.3020926509052515,4.057175753172487,3.0314709418453276,2.7165915719233453,3.506282556336373,,3.739097684621811,4.607579110190272,4.730963224545121,3.344232944305986,3.661738089751452,3.064468758646399,3.518685895483941,,4.189139798749238,5.755664349067956,2.777592131868005,2.58353976206854,4.3448230074718595,3.320329226087779,,,2.8211286133155227,2.7691672388464212,2.919375949539244,3.900757682044059,2.9485046374611557,2.991324093658477,3.324644995853305,2.984774921555072,3.61160776251927,3.9484405536204576,4.0387758538126945,3.751062063500285
tt_8.5h,3.0615786220878363,,,2.1191682750359178,3.7315008798614144,3.661026815418154,3.661026815418154,3.6753777153789997,3.8490758975967765,,3.507421363145113,3.748787136282772,4.307688037864864,3.420456900727004,2.4761166656389832,2.8816559044644237,3.394078014884144,3.8125477330759168,3.8125477330759168,4.27977147186175,3.470141829457134,3.493058760650456,4.410390612203628,3.2249726629815996,2.7998162782751024,3.8978475090116262,3.1813121428713202,,,3.4015288199298084,4.004101210739464,3.1237239348702133,3.286059478763491,3.4550550649873912,,4.5263820216059685,4.5263820216059685,3.8862017737701535,3.302857871633023,5.34860485419631,3.743652269244194,3.743652269244194,4.9458590052090585,4.4996922933496535,,3.1640988178551197,2.866205968428403,3.7277686754241586,4.7075633076019585,3.336258765310049,3.537732683122158,2.5553445857949555,3.1326054874807596,3.592933578416705,4.814874500967562,5.7703667571768165,4.119864435400814,4.144201372284442,4.389983858913183,5.756053565070033,4.901991081889719,4.464913761708885,3.9737924225628376,4.308274916373193,4.049675335176289,3.021031063515693,2.714653257280588,3.500960268545896,,3.739189869724214,4.609195209108293,4.76249915920198,3.340748291928321,3.655099135823548,3.061042909976095,3.513088821899146,,4.1827121172100306,5.75589953083545,2.7767251124605536,2.582210384309292,4.339300715364516,3.31146154506132,,,2.814038365613669,2.761565934866667,2.9098362042568624,3.895669789519161,2.9461628329008818,2.9866713997907937,3.320801909081638,2.984615696594119,3.606991885229945,3.9394680853001773,4.032896420918405,3.743100549094379
tt_8.6h,3.055662067607045,,,2.1127762370742857,3.7315008798614144,3.655109589919448,3.655109589919448,3.663192542269826,3.8490758975967765,,3.5003419094718993,3.737287163734436,4.3105026464909315,3.4147126376628876,2.4761166656389832,2.8746144119650126,3.3892426267266273,3.805756900459528,3.805756900459528,4.271856342907995,3.4657006580382586,3.491892773192376,4.402198106981814,3.2249726629815996,2.79311999771744,3.901753159239888,3.1781476605683565,,,3.400697384029627,3.9964306885376573,3.1207586475647986,3.286059478763491,3.4550550649873912,,4.542742951773107,4.542742951773107,3.8808943978510797,3.293225686531514,5.352260107174516,3.743652269244194,3.743652269244194,4.949937088880688,4.503552914131433,,3.157484516967088,2.8611759478226304,3.731213483028114,4.6964910458773375,3.330392953939736,3.537732683122158,2.553944071289152,3.1279702954925597,3.5963668399490416,4.81096797157079,5.769520699977875,4.111479332204908,4.1422961060889065,4.385737714357674,5.75562610803172,4.898905198089778,4.457522979006171,3.9671114557422698,4.314414096996188,4.060314969159663,3.0107638710178435,2.7127558547072113,3.5042397738434374,,3.739293227903545,4.5958207761868834,4.734672918450087,3.337317658122629,3.6485776132903993,3.0579835511744022,3.513088821899146,,4.176380501128733,5.756138829980046,2.7758922148495913,2.580849792342633,4.333828613627702,3.3030063463374972,,,2.8069578926078975,2.754134406335652,2.9098362042568624,3.8906375523656607,2.943780453875661,2.982086001429707,3.3171198796480894,2.984615696594119,3.602434819098562,3.930612930096686,4.0271484749391675,3.735471731517464
tt_8.7h,3.0499194557778537,,,2.106471383944154,3.725957062561065,3.657458574976772,3.657458574976772,3.6515218508429825,3.819728762842715,,3.4933274127542973,3.7263480541296303,4.313283416908234,3.4089190918020904,2.465676209423691,2.867750709410757,3.3845102777704597,3.798854306805879,3.798854306805879,4.263952625915408,3.461337922140956,3.4907563379965723,4.394137352705002,3.2161581506952643,2.7864951957017183,3.8914186879992485,3.175079682841897,,,3.3998899734579027,3.9888763977214694,3.117836678866297,3.2819247539155185,3.45916066179052,,4.551471320912242,4.551471320912242,3.875694524962455,3.2837279308587313,5.355567405000329,3.7500815032981336,3.7500815032981336,4.948676398023963,4.487876410130411,,3.150882426649332,2.85622744448483,3.734682889189571,4.691915997304022,3.3243053196929395,3.526556837838143,2.5525685539469123,3.12350409058854,3.59165594028309,4.807127200532705,5.76870813826099,4.111479332204908,4.140430458821356,4.381579429842532,5.75520608946681,4.90751937078312,4.450258073862642,3.9605046990327537,4.320488781668246,4.060314969159663,3.000501039903611,2.710757663473487,3.499346988275647,,3.7394072860479355,4.59740036027506,4.738335290458053,3.3339400426484644,3.642265992704779,3.0548732299357653,3.5081399204209447,,4.170101158320904,5.756382102146745,2.7750923191197217,2.579705794341862,4.328406514599919,3.3082601404748857,,,2.7999486499466,2.7468098825775087,2.9002757663838565,3.885657527949661,2.941487718373537,2.977551504969597,3.313336115796119,2.984434832353145,3.5979517828673124,3.9220999251119792,4.0215490334667265,3.727703376673162
tt_8.8h,3.0441728234291077,,,2.100270574912429,3.7201312906108797,3.657458574976772,3.657458574976772,3.640061686281115,3.8254770524799824,,3.4864812456071377,3.7151256655342877,4.313283416908234,3.403294221498072,2.45535292243585,2.8608798794448376,3.379879404325038,3.7923493860289454,3.7923493860289454,4.256116579752415,3.4570247642695904,3.494507200550288,4.38621684582904,3.2072730334475636,2.7799135432578623,3.8914186879992485,3.1720490446314216,,,3.399105983786285,3.981428827624768,3.114957136567682,3.284159265458584,3.4506811588071287,,4.5681045153178275,4.5681045153178275,3.870617430191487,3.2744267908856273,5.355567405000329,3.734071315266192,3.734071315266192,4.947435311041772,4.472476929426193,,3.144492296501994,2.8513907841406763,3.7381763723678887,4.680886353366077,3.318455264903605,3.531631890218705,2.551189396996051,3.118988620582968,3.5870439261198044,4.803350795060396,5.767928441055119,4.098120272625238,4.138591835275292,4.381579429842532,5.754793431609869,4.904515762813389,4.44308518897742,3.9605046990327537,4.32653719605878,4.047318181023002,2.990426469128579,2.715947653632611,3.4943421091884375,,3.739531585481018,4.598950130864978,4.738335290458053,3.3306263885460794,3.635942544322461,3.0516886422410607,3.5029286704957485,,4.163916567340493,5.756629233248532,2.774324242025614,2.578566909302026,4.330235310364515,3.3082601404748857,,,2.7931905882433057,2.739524209406227,2.89094794774428,3.880729530006647,2.9392514494247735,2.9731268151663244,3.309650655835867,2.984234588686377,3.593541487120092,3.913497386034578,4.027311470359564,3.720255714841187
tt_8.9h,3.0387216759845614,,,2.094183169770986,3.7215611189603806,3.6516287052072585,3.6516287052072585,3.655967763159424,3.797248177230358,,3.4795446577481925,3.7044042460620403,4.316042393445969,3.3977191178128123,2.44509719312191,2.8645510650239885,3.3900891188532114,3.7858090242370963,3.7858090242370963,4.256116579752415,3.4598954981192946,3.4934106776490808,4.378422750160098,3.1954674255102873,2.7734390748664737,3.895342637784779,3.169235363136977,,,3.3983448329381645,3.974092490039766,3.1121192574501038,3.2799570676870644,3.4424117729067802,,4.5681045153178275,4.5681045153178275,3.8656677794642746,3.265194105450064,5.359207128640264,3.7190394764766097,3.7190394764766097,4.947435311041772,4.476756056770682,,3.1380990422330797,2.846585178282112,3.7243089713156223,4.69239805219695,3.312534467317164,3.520915391854942,2.549919701181352,3.114494167268276,3.5950887301005423,4.7996376738883555,5.7671810067258775,4.089939642231911,4.136803402099758,4.387659594416618,5.759474967140704,4.901587202213705,4.436033802572638,3.9540006048046052,4.332522735465318,4.057875162921846,2.9806808144785464,2.714398466050625,3.4892697748728096,,3.7396656558848917,4.60047060996294,4.711202911566943,3.33399408031255,3.6297295074909925,3.04856490297243,3.4976210105232894,,4.157802653033286,5.756880096159875,2.7735866336151958,2.5773723172023892,4.330235310364515,3.2999386633746326,,,2.7863940321840346,2.732303010765463,2.8816878707148135,3.8758560200221837,2.937030342873186,2.968700144905597,3.306211804971099,2.98401709087193,3.589219493791461,3.905203676316887,4.021801861003041,3.7128820661455393
tt_9.0h,3.0331663344986737,,,2.0881874738261104,3.7215611189603806,3.645853478461504,3.645853478461504,3.6445423145778477,3.797248177230358,,3.4730039699934423,3.693486800417304,4.318750082980841,3.3922966346144676,2.4485141527839005,2.8577714622952044,3.3854432245716453,3.7793235536664724,3.7793235536664724,4.2486452595330775,3.455657965503633,3.4923424953594804,4.370763698127121,3.1873884676024318,2.766980010550469,3.885326642077416,3.16641399404034,,,3.397605190053582,3.966858764179051,3.10932229552418,3.2758227987214923,3.4341392489150167,,4.58484369283542,4.58484369283542,3.8608018211089075,3.255972385406494,5.3628518232144415,3.7039407049305737,3.7039407049305737,4.93540701456368,4.476756056770682,,3.131778955925256,2.8418175978586078,3.7278607641346753,4.681410467717797,3.30695294495672,3.510164260864258,2.548710400238633,3.110180917195976,3.5904791210778058,4.7959967674687505,5.766465305816382,4.081902591511607,4.135052096098661,4.38356376811862,5.759072201792151,4.898731828201562,4.429087004624307,3.947580956853926,4.338480015750974,4.050412574782968,2.9710160517133772,2.712688086554408,3.484581097960472,,3.7398090534843504,4.601962266489863,4.714886595029384,3.330730068963021,3.6236149962060153,3.0454957303591073,3.4928087112493813,,4.151738406158984,5.757392500061542,2.7728784191422164,2.576245566830039,4.324888085946441,3.291606505867094,,,2.7796717514283955,2.725278413388878,2.8726283172145486,3.8620542008429766,2.924418084323406,2.9727243864908814,3.302601787261665,2.9886417551897466,3.58494979981333,3.905203676316887,4.016392350196838,3.7055582152679563
tt_9.1h,3.0277864527888596,,,2.082272588275373,3.715908926911652,3.6482429928146303,3.6482429928146303,3.6333758737891912,3.802818488329649,,3.466461489908397,3.6831855620257556,4.321359267923981,3.3869025162421167,2.4383846037089825,2.851065401919186,3.3808934199623764,3.773054917342961,3.773054917342961,4.241237403824925,3.4514808407984674,3.4913021293468773,4.363225894514471,3.1873884676024318,2.760611107572913,3.885326642077416,3.1635848549194634,,,3.396887941751629,3.9597313697449863,3.1065765847451985,3.2718492108397186,3.4263474862091243,,4.5778776607476175,4.5778776607476175,3.855876807589084,3.246891539078206,5.366453424561769,3.725455909501761,3.725455909501761,4.934184626676142,4.461670709308237,,3.1254976340569556,2.837173360399902,3.731438017450273,4.670537586323917,3.301478095818311,3.510164260864258,2.5476765907369554,3.1058463202789426,3.5859734006226063,4.792406439781189,5.765780714340508,4.092682877089828,4.133337089791894,4.379530828911811,5.7586766253225505,4.898731828201562,4.4222259214147925,3.9412310663610697,4.344391953200102,4.060999896377325,2.9614374837838113,2.7108903084881604,3.479821167420596,,3.739961332641542,4.603424845729023,4.714886595029384,3.3275063652545214,3.6175886699929833,3.042704712599516,3.487921701744199,,4.145764190237969,5.757653770502657,2.7721984130330384,2.57510680006817,4.31959099881351,3.2834475757554173,,,2.7731826356612146,2.7182690426707268,2.863628128077835,3.8572415583766997,2.922163564246148,2.9684549649246037,3.299249538220465,2.988385444972664,3.5807480947114527,3.89687157003209,4.0110973860137165,3.6984866419807076
tt_9.2h,3.0223901653662324,,,2.076520185917616,3.710214008577168,3.6425519012846053,3.6425519012846053,3.621727656107396,3.775199660565704,,3.459821677301079,3.6727348770946264,4.323870799038559,3.381615147460252,2.4284121934324503,2.8444412699900568,3.376440702006221,3.7669429243542254,3.7669429243542254,4.23393494868651,3.447363254148513,3.4902890929952264,4.360526484437287,3.1790804765187204,2.7542870533652604,3.88926888955757,3.1606962704099715,,,3.396191815380007,3.9527029278688133,3.1038589188829064,3.267809750046581,3.4304470005445182,,4.594804824795574,4.594804824795574,3.8509665336459875,3.237928486429155,5.369754315819591,3.7103477152995765,3.7103477152995765,4.932981420774013,4.465940549969673,,3.119279120583087,2.832550867460668,3.731438017450273,4.681959319394082,3.30592489708215,3.4993289303965867,2.5454814811237156,3.1016173884272575,3.5815639635547996,4.788875970989466,5.765780714340508,4.0846823672764,4.138008567970246,4.375599693972617,5.758288162294775,4.895947850309312,4.428274819161743,3.9453614857047796,4.350241263397038,4.053494287189096,2.95191437471658,2.709203782491386,3.4750075130723417,,3.7401220444589853,4.604858959559351,4.702399362344295,3.3275063652545214,3.6116662826389074,3.0398613470606506,3.492057325784117,,4.139857440255582,5.757918264251202,2.771545758936554,2.57405104348436,4.321456239558756,3.2756701656617224,,,2.766689212061465,2.7113686469383538,2.854794327635318,3.852549960371107,2.91993594635278,2.9641140117309988,3.295973038300872,2.988385444972664,3.576612983364612,3.8885923945344985,4.005934463813901,3.6913583329878747
tt_9.3h,3.0113966139033437,,,2.0707913283258677,3.695568752475083,3.6425519012846053,3.6425519012846053,3.621727656107396,3.775199660565704,,3.453444338403642,3.6625760812312365,4.326286869589239,3.3763764537870884,2.418563166167587,2.8379214224405587,3.3720795060507953,3.760775523725897,3.760775523725897,4.226532302796841,3.4433190347626805,3.489302903879434,4.353011925704777,3.1838392964564264,2.7480411985889077,3.8795193526893854,3.157903199084103,,,3.3948607449419796,3.945772943086922,3.1011792575009167,3.2639695941470563,3.422324034385383,,4.594804824795574,4.594804824795574,3.846303544472903,3.2291882378049195,5.369754315819591,3.6960129612125456,3.6960129612125456,4.931797188241035,4.451125829014927,,3.113204361870885,2.8279590173624456,3.7350408700294793,4.671127425506711,3.3002783115953207,3.4887024722993374,2.54441323550418,3.0933592920191586,3.589408532716334,4.785404049791396,5.769782541319728,4.076819156296551,4.136319350451231,4.371747196186334,5.758288162294775,4.893250427208841,4.421529098413885,3.939107096288353,4.356061385478824,4.064122696407139,2.942720132879913,2.709203782491386,3.470534035935998,,3.7402907591313124,4.606244910508394,4.702399362344295,3.324331606272608,3.605827433988452,3.0371276340447366,3.487181265372783,,4.133997386321425,5.7581858593039215,2.7709194687195122,2.573032924439758,4.3162322784774005,3.267844431567937,,,2.7602413683198392,2.7044652393087745,2.846049050334841,3.847836326342076,2.917702615261078,2.9599744211882353,3.2925677760504186,2.9881169530563056,3.572560134809464,3.8923708251677454,4.005934463813901,3.6841905075125396
tt_9.4h,3.006171810440719,,,2.06517066527158,3.695568752475083,3.636948968283832,3.636948968283832,3.6108694281429052,3.7646875684149563,,3.446989720221609,3.6525136111304164,4.328609685413539,3.3712245505303144,2.408713946584612,2.831383839249611,3.3614952131174505,3.754685258027166,3.754685258027166,4.219234813470393,3.4433190347626805,3.4883430511690676,4.345615982543677,3.1759130489081144,2.7418671743944287,3.8795193526893854,3.1551900464110076,,,3.3942247815430164,3.938944825902581,3.0985366757959127,3.2600389975123107,3.422324034385383,,4.61174541618675,4.61174541618675,3.8418630813248456,3.2205077284015715,5.373340312857181,3.6815737024880946,3.6815737024880946,4.931797188241035,4.451125829014927,,3.1071378011256456,2.8234808421693742,3.7386668217368424,4.671741574537009,3.2951168338768184,3.4784000874496996,2.543343570549041,3.08940472221002,3.585001636762172,4.781999909784645,5.769152254331857,4.087457875721157,4.134665090125054,4.367970244027674,5.757906736340374,4.890603757929057,4.414881421718746,3.932931977789849,4.361835771705955,4.07470114575699,2.933602118398994,2.7076830603182316,3.4659286313690245,,3.7404670352116227,4.607632500119507,4.6759795802645385,3.3212044816464186,3.6000892114825547,3.0343271833844483,3.4825152889825404,,4.128223545383662,5.758456453215331,2.7703184317797422,2.572079781908542,4.311057738494128,3.2601545793004334,,,2.7540188818238676,2.7088758843019605,2.8373814462684095,3.8431741655804217,2.915500239469111,2.9558509588241577,3.289524072315544,2.987837982363999,3.5685541038401425,3.8844827376306057,4.011613336857408,3.677440640516579
tt_9.5h,3.000955615658313,,,2.0596638983115554,3.6899489518254995,3.6393611836247146,3.6393611836247146,3.60038284631446,3.7376155606471,,3.4407101813703775,3.6425209287554026,4.330841464456171,3.3661616425961256,2.399151753168553,2.825028605759144,3.3572095301933587,3.7489092689938843,3.7489092689938843,4.212080768309534,3.4393186648376286,3.487409062217921,4.338347346987575,3.1759130489081144,2.7357335896231234,3.8673944263719022,3.1526805623434484,,,3.393607850652188,3.9322081892751157,3.095930140465498,3.256203160621226,3.414693770930171,,4.620984221342951,4.620984221342951,3.8372008916921914,3.224468204192817,5.376907537691295,3.6878288439475,3.6878288439475,4.9358702171593904,4.436567670665681,,3.101103058550507,2.8190211509354413,3.742318106815219,4.671741574537009,3.2897287402302027,3.4685835582204163,2.5422931537032127,3.0853994647040963,3.5806885664351285,4.778642016928643,5.768551809247583,4.079613435082138,4.13304502191022,4.364266715478152,5.757532272487879,4.888023283798248,4.4083146820776165,3.9268215652555227,4.367547066882253,4.067264235578477,2.924469041172415,2.706320345867425,3.461319996509701,,3.74065043637529,4.609001777600497,4.679618858732283,3.318124113138765,3.5944401705637574,3.031583725940436,3.477885300293565,,4.122493042144924,5.758729908149689,2.76974440459162,2.5710531808435917,4.311057738494128,3.265479404013604,,,2.7478082487359643,2.7021129433996975,2.8288650661706924,3.8385599618777633,2.916836283635348,2.9517504922114313,3.286298092454672,2.9923857650719583,3.5733193536289036,3.8764006411656737,4.006528165657073,3.670587841887027
tt_9.6h,3.000955615658313,,,2.054233944043517,3.6914179623126984,3.633822627365589,3.633822627365589,3.6050869142636657,3.7112442483194172,,3.434614820405841,3.632742135319859,4.332998406607658,3.361217246390879,2.389592516236007,2.818685272242874,3.3572095301933587,3.7429616688750684,3.7429616688750684,4.2049292754381895,3.4353748243302107,3.4865004741586745,4.331192670855671,3.1679535028524697,2.7296366188675165,3.857911131810397,3.15011563943699,,,3.3930094623938203,3.925568897742778,3.093358723912388,3.252420396078378,3.4071097220294178,,4.638027427252382,4.638027427252382,3.8327102912589908,3.2158479569479823,5.3802222977392375,3.6878288439475,3.6878288439475,4.934704075567424,4.44085248792544,,3.0891879904083908,2.8146002790890634,3.7459930246695876,4.661091103218496,3.2897287402302027,3.4685835582204163,2.541338664945215,3.0814732178114355,3.576466193422675,4.77533967141062,5.767980750184506,4.071935480926186,4.131458526942879,4.360615777783096,5.757164693437517,4.885507433209568,4.401858260855079,3.9208030914887786,4.3732276991941035,4.0778876901604235,2.915597528219223,2.7047956441529095,3.4570823744870722,,3.7408405407331884,4.61035238718614,4.679618858732283,3.315101203508675,3.5888694766908884,3.0289441132918,3.4731908487156034,,4.1168479193001986,5.759006107691675,2.7691914471797645,2.559660510160029,4.3059317683801055,3.257943836040795,,,2.741666949354112,2.695450739003718,2.8203890658915043,3.8339926693588495,2.914682388305664,2.9477915475144982,3.2830949490889907,2.9920780188404024,3.5693723033182323,3.868594743311405,4.001529022119939,3.6640264065936208
tt_9.7h,2.99598701717332,,,2.054233944043517,3.686282282695174,3.628351314458996,3.628351314458996,3.6050869142636657,3.7432088712230325,,3.428641420789063,3.6371625545434654,4.3350547649897635,3.3561983574181795,2.3801902225241065,2.812362631317228,3.353011778090149,3.7370285727083683,3.7370285727083683,4.197882720269263,3.438337203115225,3.4856168325059116,4.324160864111036,3.1724492190405726,2.7236536643467844,3.8713961974717677,3.147589672356844,,,3.392429139930755,3.919018424116075,3.0908324788324535,3.248667541425675,3.399629476480186,,4.638027427252382,4.638027427252382,3.8281939667649567,3.2073460198007524,5.3837729608640075,3.6740885647013783,3.6740885647013783,4.933556525502354,4.44085248792544,,3.083441828377545,2.8102751816622913,3.748444934375584,4.645664910320193,3.284684896469116,3.473691187798977,2.5403322149068117,3.077643380034715,3.5680221072398126,4.772091741673648,5.767438569571823,4.071935480926186,4.1299046985805035,4.357054885476828,5.756803923752159,4.883054623845965,4.395479285158217,3.9148596562445164,4.378873960580677,4.054321220610291,2.904916774481535,2.709868029691279,3.452682639937848,,3.741036947350949,4.611684645991772,4.683193791657686,3.3121138396672904,3.5833940198644996,3.026336812414229,3.4686467447318137,,4.111264648847282,5.7632852219976485,2.7748734019696712,2.5587290986441076,4.291749524418265,3.2504655276425183,,,2.735662362538278,2.6888223332352936,2.812076727859676,3.8294752961955965,2.914682388305664,2.943844113033265,3.277056709397584,2.9917638949118555,3.5654861703515053,3.861022344324738,3.99663068074733,3.6574353184551
tt_9.8h,2.990957192145288,,,2.0488641299307346,3.68109601829201,3.628351314458996,3.628351314458996,3.5942835197784007,3.7168521494604647,,3.422607431653887,3.6275589638389647,4.340674742124975,3.349120324011892,2.3709251387044787,2.8061706088483334,3.348900320008397,3.7316134171560407,3.7316134171560407,4.201425060629845,3.4344614245928824,3.484757670201361,4.317244336940348,3.1648685727268457,2.7176247984170914,3.8618911472149193,3.145101936068386,,,3.391866413410753,3.912560613360256,3.088328819256276,3.2511099972762167,3.387482177466154,,4.64730797149241,4.64730797149241,3.823711844161153,3.19892951939255,5.3837729608640075,3.660184159409255,3.660184159409255,4.932427328079939,4.426568989641964,,3.0776915117166936,2.8059669779613614,3.7521783150732517,4.645664910320193,3.279585095588118,3.4637198131531477,2.539388205856085,3.0738595142029226,3.5638024043291807,4.768897317349911,5.766924767289311,4.074726635124534,4.128382914699614,4.353562087751925,5.756449887063354,4.880663335323334,4.389207562431693,3.908977061510086,4.384465546347201,4.064991085790098,2.8962019863538444,2.7084730938076973,3.4483926226384938,,3.7412392417900264,4.612998835742474,4.657841612119228,3.309170655440539,3.5780016286298633,3.02390084695071,3.4643544838763773,,4.105721768923104,5.763570096809417,2.774334302172065,2.5577871059067547,4.286694779992104,3.2504655276425183,,,2.729637151584029,2.68228905973956,2.8162415041588247,3.825005322229117,2.9125658413395286,2.939976444002241,3.274083764757961,2.991444705519825,3.561659590806812,3.8532678550109267,3.991850216407329,3.650870671030134
tt_9.9h,2.9860409549437463,,,2.0436238651163876,3.68109601829201,3.614683280698955,3.614683280698955,3.5988710783421993,3.6912017804570496,,3.4166182409971952,3.61790316272527,4.342612476553768,3.344072697684169,2.383628088515252,2.8000023080967367,3.344871798530221,3.736099391710013,3.736099391710013,4.194541229866445,3.4306403808295727,3.4839225383475423,4.32318370603025,3.1573252910748124,2.71175840171054,3.852674583904445,3.142558333929628,,,3.3913208222948015,3.9061893997713923,3.0858680978417397,3.2474289257079363,3.380250812973827,,4.664415436331183,4.664415436331183,3.819468113128096,3.1905484520830214,5.387304083444178,3.650402636732906,3.650402636732906,4.937627478502691,4.414757443591952,,3.072003107983619,2.801688733510673,3.7559336218982935,4.6463668858632445,3.274502237327397,3.4543550363741815,2.538459177594632,3.07013878878206,3.5596707318909466,4.765765590593219,5.766438831575215,4.067210798151791,4.126892338506877,4.343435331247747,5.756102509330958,4.878349080681801,4.383025586139411,3.9031814001500607,4.390037284698337,4.0682199243456125,2.8875787840224802,2.7069771364331245,3.444162526167929,,3.7414470184594393,4.614295083563775,4.657841612119228,3.3062704228796065,3.5726817389950156,3.0214569307863712,3.4598578959703445,,4.100261018611491,5.763857427518815,2.774334302172065,2.5569786615669727,4.281688040588051,3.243272236548364,,,2.7237777383998036,2.6758602396585047,2.808053385000676,3.8205807749181986,2.9104305705986917,2.936118585988879,3.2711848877370358,2.991444705519825,3.557908284943551,3.846030220389366,3.987146496772766,3.6444997368380427
tt_10.0h,2.9812457459047437,,,2.04720326885581,3.682591436896473,3.6092917709611356,3.6092917709611356,3.5892714061774313,3.7224258752539754,,3.410866415128112,3.6085649388842285,4.344469087198377,3.3393869511783123,2.374357174616307,2.7938888715580106,3.3503325753845274,3.7303746310062706,3.7303746310062706,4.187967351172119,3.4268879806622863,3.4831109954975545,4.316396468318999,3.1573252910748124,2.7058849688619375,3.8659291537478566,3.14003962604329,,,3.3907919437624514,3.899904317688197,3.0834496123716235,3.2474289257079363,3.3728582919575274,,4.681533138733357,4.681533138733357,3.815111488569528,3.1824178830720484,5.37448174552992,3.6371783781796694,3.6371783781796694,4.93649763520807,4.400741267483681,,3.0663131307810545,2.7974869199097157,3.759713326115161,4.6463668858632445,3.2788641341030598,3.4447572329081595,2.5376845984719694,3.0664383033290505,3.555620740633458,4.762675245758146,5.765980277676135,4.059816803317517,4.125432507134974,4.339991326909512,5.7557617160491645,4.886960398871452,4.376916519831866,3.897456942591816,4.3955730851739645,4.0682199243456125,2.8875787840224802,2.7058150246739388,3.4400445884093642,,3.7416598899289966,4.617025588173419,4.661438267212361,3.3034121319651604,3.5674511678516865,3.0190044455230236,3.4553920701146126,,4.094858965370804,5.7641471228562295,2.7738172905519605,2.5562016959302127,4.276728308293968,3.2359989495016634,,,2.717946581542492,2.6694514267146587,2.799855464603752,3.816201829817146,2.9083095034584403,2.932339292485267,3.2682576184161007,2.995913716033101,3.5541971009224653,3.838555217254907,3.9825345939025283,3.638160818256438
tt_10.1h,2.9765571113675833,,,2.04202465666458,3.6773218913003802,3.6039839261211455,3.6039839261211455,3.5892714061774313,3.696808598469943,,3.405028914567083,3.599195553455502,4.346246924716979,3.3344770497642457,2.3651638124138117,2.7878833725117147,3.3463724656030536,3.724790558218956,3.724790558218956,4.181264040991664,3.4231747705489397,3.482322605792433,4.309714445844293,3.1617042287252843,2.6943179951049387,3.8566745137795806,3.13767109811306,,,3.39027933543548,3.8937083231285214,3.0810727030038834,3.243863219860941,3.3728582919575274,,4.6986546432599425,4.6986546432599425,3.810789199080318,3.174350727815181,5.377996613271534,3.6371783781796694,3.6371783781796694,4.935385853983462,4.400741267483681,,3.0607019076123834,2.7933349991217256,3.7635160577483475,4.635916295461357,3.2742622545920312,3.449984059203416,2.5368667072616518,3.0628327121958137,3.5590678052976727,4.759635602589697,5.765548605471849,4.053928683977574,4.124002588912845,4.33661225438118,5.7604228714481,4.884687108453363,4.370909889228642,3.891789591871202,4.401052160654217,4.078881428111345,2.8789994888938963,2.704505644273013,3.4358207709155977,,3.7418774371035397,4.618307410739362,4.661438267212361,3.3006055620498955,3.562299025245011,3.016704202629626,3.451349708251655,,4.089494574349374,5.764437973499298,2.773321676068008,2.555384468752891,4.276728308293968,3.2290042713284492,,,2.7121961265802383,2.6631048223935068,2.7918384643271565,3.8118710233829916,2.9097588411532342,2.9285999252460897,3.265517611987889,2.995574012864381,3.5505416076630354,3.8314024740830064,3.9766397629864514,3.631939443293959
tt_10.2h,2.981421342585236,,,2.0369158145040274,3.6720246165059507,3.5987228080630302,3.5987228080630302,3.5792397018522024,3.672097628004849,,3.3993382998742163,3.590094585902989,4.347948278766125,3.329983275849372,2.3561868285760283,2.781891447957605,3.3424905771389604,3.7194441868923604,3.7194441868923604,4.174770075362176,3.4195135682821274,3.481556945014745,4.309714445844293,3.15431592380628,2.6885988721624017,3.8476785221137106,3.1354734553024173,,,3.3897825637832284,3.887593435589224,3.0787368421442807,3.2402269137091935,3.365751828532666,,4.690956600010395,4.690956600010395,3.8151229270733893,3.166391213890165,5.381515330635011,3.6239352682605386,3.6239352682605386,4.934291928075254,4.405006089247763,,3.0551798627711833,2.7892356500960886,3.767342822626233,4.636680282186717,3.2692966889590025,3.449984059203416,2.5360117433592677,3.0593089619651437,3.5590678052976727,4.756645785178989,5.769723746459931,4.0465521132573485,4.122590363956988,4.333296556491405,5.760091009084135,4.882470996584743,4.364988625980914,3.8862048843875527,4.40650962293148,4.071470222435892,2.87066912278533,2.7032456235028803,3.4318392095156014,,3.742099284660071,4.619571161922067,4.6488687372766435,3.297830858733505,3.557214788161218,3.014288991689682,3.447239736095071,,4.08421286707744,5.764729863032699,2.7728465758264065,2.5546084912493825,4.278703293763101,3.234364027623087,,,2.706539714243263,2.656851275358349,2.7838245034217834,3.807584577705711,2.9077072525396943,2.924973438028246,3.262730235699564,2.995245774742216,3.5469406535848975,3.819050465710461,3.9720020657405257,3.625931511633098
tt_10.3h,2.9767040400765836,,,2.0319172493182123,3.678825879469514,3.6064436035230756,3.6064436035230756,3.5836605317890644,3.6475611948408186,,3.3938117655925453,3.580910890363157,4.349589392077178,3.3252851935103536,2.3472035909071565,2.776052914559841,3.3424905771389604,3.7140363790094852,3.7140363790094852,4.16820636484772,3.415903678163886,3.480813588015735,4.303146899677813,3.1473577562719584,2.682958942838013,3.860712807159871,3.1332671591080725,,,3.3893012278713286,3.881560130044818,3.0764415222220123,3.2367729605175555,3.3587128007784486,,4.708153718151152,4.708153718151152,3.8108322992920876,3.15840807184577,5.381515330635011,3.6111744712106884,3.6111744712106884,4.93321563815698,4.391250918153673,,3.049715066794306,2.7851153211668134,3.7711910703219473,4.636680282186717,3.2646973063237965,3.4408292598091066,2.5352260670624673,3.055729425046593,3.55510371690616,4.753704845905304,5.769340270664543,4.03932717628777,4.121218817774206,4.330023639835417,5.759765564929694,4.880310719832778,4.359136013314128,3.8806734308600426,4.4119297889992595,4.082178947981447,2.862443558871746,2.70191414328292,3.427942529786378,,3.742325067985803,4.620816599112004,4.624191566836089,3.285095485858619,3.5522153726778924,3.0119186979718506,3.443024809937924,,4.078990607522428,5.765022709034383,2.7723913327790797,2.5538762360811234,4.273812419734895,3.2275037728250027,,,2.695301760919392,2.650687338784337,2.7760047931224108,3.8033402180299163,2.9056460009887815,2.921333092264831,3.259865599218756,2.9949034019373357,3.5469406535848975,3.819050465710461,3.967454287223518,3.619854520075023
tt_10.4h,2.972202204167843,,,2.0269928611814976,3.6735455100424588,3.6011960227042437,3.6011960227042437,3.5737448600120842,3.677892199717462,,3.388253640383482,3.5721120364032686,4.35114452522248,3.3208971610292792,2.3384670838713646,2.7701662136241794,3.3386854198761284,3.708611444104463,3.708611444104463,4.161680566612631,3.412358831614256,3.4800921152345836,4.2966813603416085,3.1401657657697797,2.6773540023714304,3.8517144243232906,3.1309604230336845,,,3.3888349109329283,3.8756122062914073,3.0741971624083817,3.2332285116426647,3.3627166310325265,,4.725357256829739,4.725357256829739,3.806575369089842,3.1506043830886483,5.38478775229305,3.6174555644392967,3.6174555644392967,4.937283340841532,4.377728451043367,,3.044243956450373,2.7771283872425556,3.7711910703219473,4.637467983644456,3.260108621325344,3.4316756767220795,2.534389085136354,3.052273164037615,3.558547071646899,4.750811973121017,5.768982502631843,4.049387221690267,4.119875480886549,4.330023639835417,5.75942695280537,4.878221915569156,4.353381476830691,3.868699978105724,4.417290530633181,4.085499551612884,2.8541981815360487,2.7007620413787663,3.4239949067123234,,3.742554394993931,4.622023820411414,4.624191566836089,3.282357356045395,3.542428535874933,3.0095793856307864,3.4470456237904727,,4.073806734755635,5.7653145138174295,2.7719552195630968,2.553135408088565,4.268968541640788,3.220575801562518,,,2.689630962908268,2.6445528543554246,2.7682312317192554,3.8057589549571276,2.903603978920728,2.917819711379707,3.257309824693948,2.9945611120201647,3.543393046129495,3.8119919658638537,3.9629930360242724,3.6139498674310744
tt_10.5h,2.9676655596122146,,,2.0221126480028033,3.668405881151557,3.5960117117501795,3.5960117117501795,3.5737448600120842,3.6533633386716247,,3.382780217099935,3.5631260871887207,4.3526300373487175,3.3162926766090095,2.32973793707788,2.764319144655019,3.3441046066582203,3.7035763836465776,3.7035763836465776,4.155215344391763,3.4088505445979536,3.479392114561051,4.290326543152332,3.1356811965815723,2.6717571155168116,3.842942131217569,3.128779345192015,,,3.3883832287974656,3.8697401881217957,3.0719812251627445,3.2298612692393363,3.3558540348894894,,4.74256327515468,4.74256327515468,3.802354771643877,3.142809325363487,5.388266043737531,3.604744839016348,3.604744839016348,4.937283340841532,4.395505492109805,,3.038846517447382,2.7731862673535943,3.7738602505996823,4.627195568289608,3.255480442661792,3.4226788389496505,2.5335947894491255,3.048942616209388,3.5546705778688192,4.747976383659989,5.768982502631843,4.04216227075085,4.1185596832074225,4.326831832528114,5.759075241629034,4.876169361639768,4.347692739684135,3.8632349940016866,4.422628203872591,4.085499551612884,2.8462014803662896,2.6895299409516156,3.4201501477509737,,3.7427869136445224,4.623233383987099,4.627749829553068,3.279657681006938,3.5376477097161114,3.0075995437800884,3.443112171255052,,4.068703068420291,5.765609021298587,2.7715375758707523,2.552413492463529,4.264170705806464,3.2139636324718595,,,2.684139759745449,2.6384634622372687,2.7605161098763347,3.801564556080848,2.903603978920728,2.9143208041787148,3.254666132386774,2.9942197296768427,3.5399144808761775,3.8047576495446265,3.9586369157768786,3.608064742293209
tt_10.6h,2.9631939893588424,,,2.0173421297222376,3.663590991869569,3.5909080067649484,3.5909080067649484,3.5620255088433623,3.6293194056488574,,3.3864836753346026,3.5545807662419975,4.3540481654927135,3.3119689184240997,2.3211879897862673,2.7585960901342332,3.3403614503331482,3.698428654577583,3.698428654577583,4.148904458619654,3.415400239638984,3.478713176678866,4.296318477019668,3.1285111820325255,2.6662488556466997,3.839665475767106,3.126544408965856,,,3.387945791706443,3.863949120976031,3.06980384234339,3.2263825749978423,3.3489798470400274,,4.718803410883993,4.718803410883993,3.798315541818738,3.1351876202970743,5.391724672168493,3.604744839016348,3.604744839016348,4.936223858967423,4.382022492121905,,3.0334898657165468,2.7692531188949943,3.777765195351094,4.627195568289608,3.251148594543338,3.4279976370744407,2.5328830773942173,3.0455554095096886,3.5546705778688192,4.745177133474499,5.768649979960173,4.03508424339816,4.1172709059901536,4.323698847554624,5.758710903581232,4.8741688802838326,4.342099704314023,3.8578506615012884,4.427926514297724,4.072739599272609,2.838286181446165,2.6895299409516156,3.423701921477914,,3.7430222500115633,4.623233383987099,4.603975218720734,3.2769955806434155,3.5329370382241905,3.005457990337163,3.439193460624665,,4.063656331971288,5.7659042426384985,2.7711377777159214,2.552413492463529,4.270971507299691,3.207434432115406,,,2.6786127630621195,2.632453295402229,2.7529243933968246,3.7974148052744567,2.9015495125204325,2.9108249293640256,3.2520845546387136,2.9828562145121396,3.5364698986522853,3.797951081302017,3.954344270285219,3.596595914568752
tt_10.7h,2.9587573362514377,,,2.0126451565884054,3.653831289615482,3.598496540915221,3.598496540915221,3.5532002761028707,3.6188301374204457,,3.381048263516277,3.545902932062745,4.355401124805212,3.30755797913298,2.3127668146044016,2.75290949922055,3.3366912486962974,3.6931791892275214,3.6931791892275214,4.14255634136498,3.4119161693379283,3.478051300160587,4.290082473307848,3.1217600787058473,2.6608019787818193,3.830875874031335,3.124344951007515,,,3.387522215489298,3.858233077917248,3.0676644309423864,3.2127747633494437,3.3425106713548303,,4.736084406729788,4.736084406729788,3.7943084840662777,3.12765126908198,5.395187427289784,3.5926583874970675,3.5926583874970675,4.935181620065123,4.368748605251312,,3.028253899887204,2.7654281482100487,3.7816924029029906,4.611939590424299,3.246712340041995,3.4279976370744407,2.5322062894701958,3.0422487570904195,3.5508725279942155,4.742423466406763,5.768342249561101,4.045010371133685,4.116008646320552,4.320623261388391,5.758334409445524,4.872219239361584,4.336585263255984,3.852530693169683,4.433162971865386,4.083490814547986,2.8303879676386714,2.688246274366975,3.419925739057362,,3.743260051123798,4.624425349757075,4.631248531863093,3.2743702717125416,3.528295195661485,3.003456319216639,3.439193460624665,,4.058665774296969,5.76620011171326,2.7707550562918186,2.5517049496993423,4.266194234602153,3.207434432115406,,,2.673231373075396,2.626511693932116,2.745404241606593,3.793307169806212,2.902959477622062,2.907394554000348,3.2494939765892923,2.9825016339309514,3.5411833827383816,3.791065180208534,3.950131192803383,3.5907827047631145
tt_10.8h,2.9587573362514377,,,2.0079982220195234,3.6490316754207015,3.593388534616679,3.593388534616679,3.543961837887764,3.6188301374204457,,3.3757536434568465,3.5376589549705386,4.3566911313682795,3.3033295231871307,2.300157789606601,2.7472567758522928,3.3330928166396916,3.6883384911343455,3.6883384911343455,4.136288878507912,3.4084676252678037,3.4774132748134434,4.283948621712625,3.1151209585368633,2.655315150041133,3.8349683936685324,3.1222103890031576,,,3.3871121504344046,3.8525916771031916,3.0655624088831246,3.209485904313624,3.3425106713548303,,4.753367380704731,4.753367380704731,3.7901923777535558,3.120170151349157,5.395187427289784,3.5989081631414592,3.5989081631414592,4.923143703956157,4.368748605251312,,3.02304434357211,2.7616001390852034,3.785640203859657,4.601833487860858,3.239532608538866,3.4191548326052725,2.531505675520748,3.0390198631212115,3.5543192545883358,4.739714618306607,5.768058845773339,4.037949074991047,4.114772229921073,4.3176039177924395,5.757946218363941,4.8703192989341915,4.33113291207701,3.852530693169683,4.438374426215887,4.083490814547986,2.822705219499767,2.687317046802491,3.416166250128299,,3.7434999807737768,4.625599837396294,4.6075337724760175,3.271786343306303,3.5237123435363173,3.0013454505242407,3.4352482608519495,,4.053712292574346,5.766496560536325,2.770388982258737,2.550993951037526,4.26146248402074,3.200851313304156,,,2.6678592157550156,2.620633209589869,2.737873389851302,3.7892397944815457,2.900962794199586,2.9040376381017268,3.2469677682965994,2.9821494366042316,3.53778199153021,3.7842876240611076,3.9556194823235273,3.5852985186502337
tt_10.9h,2.954471091274172,,,2.0034439377486706,3.644059184938669,3.588360312860459,3.588360312860459,3.5349323796108365,3.595901990775019,,3.370485521387309,3.5376589549705386,4.357920328620821,3.299015900120139,2.2918186052702367,2.741672803647816,3.32956338301301,3.68337424704805,3.68337424704805,4.130056765396148,3.4050671607255936,3.476795128080994,4.277909424621612,3.1195410364307463,2.649976507294923,3.8349683936685324,3.1201241384260356,,,3.3867152300663292,3.847027631942183,3.0634972965344787,3.2061278708279133,3.3359240372665226,,4.770649185869843,4.770649185869843,3.786141712218523,3.1128177903592587,5.398452942725271,3.58674696739763,3.58674696739763,4.9221187946386635,4.373014537617564,,3.017848590388894,2.7578171934001148,3.7896108804270625,4.612811335362494,3.2350110402330756,3.41039887489751,2.530801273416728,3.035822317469865,3.5506004723720253,4.734438392799348,5.767799320630729,4.03099604556337,4.119348275940865,4.323519979137927,5.7575467810966074,4.86846792884171,4.325772479642183,3.8472610036842525,4.443543676752597,4.086909096222371,2.815132732503116,2.6863147602416575,3.4125453983433545,,3.7437416831962764,4.6267563784495,4.634688635356724,3.2692431989125907,3.519204963929951,2.9993225350044668,3.431309719569981,,4.048834034707397,5.766793518792838,2.7700387528166175,2.5503065125085413,4.256776171270758,3.1901289955712855,,,2.6625969717279077,2.6147721991874278,2.7305559790693223,3.7892397944815457,2.8989600464701653,2.900703638792038,3.244495842140168,2.981800278183073,3.5344286281615496,3.7776124253869057,3.951461682561785,3.5795506350696087
tt_11.0h,2.9594596698880196,,,1.9989603948779404,3.639155071694404,3.5833756416104734,3.5833756416104734,3.5486008869484067,3.60159679595381,,3.365334835834801,3.529231116641313,4.359090889338404,3.2948660706169903,2.283599498216063,2.7361209597438574,3.32956338301301,3.678381080273539,3.678381080273539,4.1238830159418285,3.401714041829109,3.4761964669451118,4.27197447931394,3.1195410364307463,2.644621019717306,3.826392387971282,3.1180287902243435,,,3.3863311070017517,3.841534549370408,3.061468631029129,3.2029584953561425,3.340009201783687,,4.763025931548327,4.763025931548327,3.782110672444105,3.1054985346272588,5.401874527335167,3.575222718529403,3.575222718529403,4.9221187946386635,4.359983392525464,,3.0126947383396327,2.7540995888412,3.793602779507637,4.602740815375,3.2308181058615446,3.399428653065115,2.530121048912406,3.0326689849607646,3.5506004723720253,4.731859446968883,5.755989643745124,4.033872785512358,4.118130360264331,4.3205401841551065,5.757136543281376,4.866664010100067,4.320487046614289,3.8420696007087827,4.448649774305522,4.086909096222371,2.8074801256880164,2.685223368462175,3.40898442780599,,3.7439848477952182,4.627895288169384,4.611056340392679,3.2667517787776887,3.5147629594430327,2.997290373314172,3.4276905888691545,,4.044009472709149,5.76709088915959,2.769705734681338,2.5549384839832783,4.252135029062629,3.1838361215777695,,,2.657323205843568,2.6089988476596773,2.7231903597712517,3.7852121302857995,2.89699361147359,2.8974420744925737,3.2420848472975194,2.9814547593705356,3.531122191809118,3.770906393881887,3.951461682561785,3.5739807062782347
tt_11.1h,2.955233787652105,,,1.994544627610594,3.645685384515673,3.585899173282087,3.585899173282087,3.5393472597934306,3.60159679595381,,3.360227876342833,3.521152320317924,4.364391269162297,3.2907490502111614,2.275487080682069,2.730626843869686,3.3349252357147634,3.6736590401269495,3.6736590401269495,4.127538213506341,3.3984076976776123,3.475616915151477,4.27197447931394,3.112910077907145,2.6393157397396863,3.830483338329941,3.1159667246975005,,,3.385959431063384,3.8361125183291733,3.0594867235049605,3.1996073508635163,3.3336858223192394,,4.780381386633962,4.780381386633962,3.7781011946499348,3.0982226133346558,5.405276105273515,3.575222718529403,3.575222718529403,4.921111159492284,4.347169110085815,,3.0076040187850595,2.750401391182095,3.7976160682737827,4.602740815375,3.2266753185540438,3.3913185191340744,2.5294970283284783,3.029487442690879,3.5469561400823295,4.729322369676083,5.7557742414064705,4.033872785512358,4.116937505081296,4.31761441193521,5.756715942174196,4.86490649683401,4.315260267350823,3.836939401458949,4.453727537766099,4.090353114530444,2.812854283489287,2.6840623691678047,3.405396703630686,,3.744229112751782,4.62901687854901,4.587602201383561,3.2642902568913996,3.510376209858805,2.9952834197320044,3.423940533772111,,4.039219245314598,5.767388617154211,2.769384501501918,2.5543203614652157,4.254204171244055,3.1775985243730247,,,2.6521508232690394,2.6032768576405942,2.7159470398910344,3.7812275397591293,2.8950194832868874,2.894207064062357,3.239665097091347,2.985811337362975,3.5278614801354706,3.774759435094893,3.947379218880087,3.56855845451355
tt_11.2h,2.950989148579538,,,1.9901914387010038,3.640705006197095,3.585899173282087,3.585899173282087,3.531076007988304,3.5787771991454065,,3.355124542955309,3.5128907337784767,4.364391269162297,3.286695746704936,2.275487080682069,2.725219919346273,3.331450827885419,3.668947824742645,3.668947824742645,4.121447680518031,3.395162251777947,3.475056095048785,4.266131391283125,3.1067709298804402,2.634064570069313,3.830483338329941,3.1199342221952975,,,3.3855998665094376,3.830764369107783,3.057529625017196,3.1964984387159348,3.3273888183757663,,4.797729758545756,4.797729758545756,3.7741694622673094,3.0910884561017156,5.408658131957054,3.581441550515592,3.581441550515592,4.920120529830456,4.348152111284435,,3.0026431824080646,2.7467274335213006,3.801649209111929,4.603671356104314,3.222512770909816,3.3913185191340744,2.528879447840154,3.0264558414928615,3.5343021056614816,4.726826434023678,5.755581671837717,4.027057610917836,4.115769104566425,4.31472217105329,5.75628540944308,4.863211214542389,4.310121804010123,3.8318562959320843,4.458760609850287,4.1011811518110335,2.8054033438675106,2.683127962052822,3.401752502657473,,3.7447197334840894,4.630121297203004,4.598480953834951,3.261867761146277,3.506061757914722,2.993328120559454,3.4202173561789095,,4.029837788082659,5.767686642240733,2.7589421323500574,2.5537131666205823,4.254204171244055,3.1712804660201073,,,2.647009733133018,2.5976444724947214,2.7040098854340613,3.7772831795737147,2.8950194832868874,2.8910039607435465,3.237382562365383,2.985459533520043,3.5246626110747457,3.7683684029616416,3.943390537984669,3.5630971672944725
tt_11.3h,2.946879924274981,,,1.9859155006706715,3.635857765097171,3.580988574307412,3.580988574307412,3.535609948448837,3.5843748124316335,,3.3501248620450497,3.5049924785271287,4.365481426008046,3.2826875005848706,2.267507331445813,2.719792458228767,3.328041598200798,3.664203546009958,3.664203546009958,4.1153909200802445,3.391949847340584,3.474513211287558,4.272181787993759,3.1114389169961214,2.628836115822196,3.8221281338483095,3.118113066535443,,,3.3852518340572715,3.8254836541600525,3.055607322603464,3.1933007040061057,3.3211425081826746,,4.815072939731181,4.815072939731181,3.770449200645089,3.0840416057035327,5.408532283268869,3.5699492865242064,3.5699492865242064,4.924186245072633,4.335357862059027,,2.997649658937007,2.7430925336666405,3.805703667923808,4.593732124194503,3.2183917448855937,3.382899032905698,2.5282641570083797,3.0234674103558064,3.530733303166926,4.724370954558253,5.755411508027464,4.013842044398189,4.114624676294625,4.311901873443276,5.760740034747869,4.855727510992438,4.305052086245269,3.8268488897010684,4.463728863745928,4.093841045629233,2.7980783940292895,2.6820638584904373,3.3984945733100176,,3.744965475052595,4.631208623293787,4.575086025055498,3.259483424015343,3.5018092645332217,2.9973779805004597,3.416719167958945,,4.025204079691321,5.767984880600125,2.758628453593701,2.553199229296297,4.249626969452947,3.165258870460093,,,2.641954343765974,2.5919931288808584,2.6968509168364108,3.7733772434294224,2.8803394632413983,2.887893038801849,3.235029488801956,2.985459533520043,3.521501127164811,3.7620677570812404,3.9394552684389055,3.5579236266203225
tt_11.4h,2.94284998672083,,,1.981707803439349,3.6374324671924114,3.576137574855238,3.576137574855238,3.535609948448837,3.562393233180046,,3.3452049088664353,3.5094014927744865,4.366517899092287,3.286669483873993,2.2596271447837353,2.7144727711565793,3.324696213938296,3.6597204939462245,3.6597204939462245,4.1153909200802445,3.3789858324453235,3.473980381619185,4.266449494753033,3.1114389169961214,2.623650901019573,3.8262361525557935,3.1162397670559585,,,3.38491503149271,3.8202705369330943,3.053719336632639,3.19018016429618,3.314991601742804,,4.824950407259166,4.824950407259166,3.766735915094614,3.077072927262634,5.411940265446901,3.558547358494252,3.558547358494252,4.923212310299277,4.322775391396135,,2.992656647693366,2.7394674527458847,3.808652441482991,4.6046252399683,3.2143275532871485,3.3880000156350434,2.5276663550175726,3.0204455363564193,3.5272347326390445,4.721955248620361,5.755257471930236,4.013842044398189,4.113503777422011,4.309132108930498,5.760740034747869,4.854058895260096,4.300050164572895,3.821899791713804,4.468665536027402,4.104702094104141,2.7907853447832167,2.686811684630811,3.3950618812814355,,3.745211114641279,4.634000129066408,4.578703587409109,3.2571365451440215,3.497617856133729,2.995487536303699,3.413256584201008,,4.020642929710448,5.768283260520548,2.7583280843682587,2.5526801738888025,4.24509327346459,3.159227788913995,,,2.6368880718946457,2.5864664507098496,2.6968509168364108,3.769509273581207,2.878421270288527,2.8848541346378624,3.2327201729640365,2.985112930648029,3.518392718862742,3.7557463124394417,3.94489191332832,3.5526232798583806
tt_11.5h,2.938781696371734,,,1.9852559259161353,3.6374324671924114,3.5625827061012387,3.5625827061012387,3.5269894264638424,3.562393233180046,,3.340457523241639,3.5013923784717917,4.367502695415169,3.282648477703333,2.25186316575855,2.7091625966131687,3.321413051802665,3.6551909274421632,3.6551909274421632,4.109390157740563,3.375830323435366,3.4734575035981834,4.260816938243806,3.1050563412718475,2.618520053103566,3.8262361525557935,3.1143150767311454,,,3.3845891589298844,3.8151277229189873,3.05186488898471,3.19018016429618,3.3251876402646303,,4.824950407259166,4.824950407259166,3.7629060074687004,3.070158743765205,5.41530433902517,3.5475315381772816,3.5475315381772816,4.922254974488169,4.327039828989655,,2.9877572036348283,2.7359032300300896,3.808652441482991,4.594720395747572,3.210576647426933,3.379989723674953,2.5270578749477863,3.0175425689667463,3.5272347326390445,4.719578669406474,5.755119143985212,4.007177616469562,4.113503777422011,4.306411989033222,5.760285096708685,4.852433638647199,4.295099970884621,3.8170088389888406,4.473554893396795,4.104702094104141,2.7836957736872137,2.685971689876169,3.3916915925219655,,3.7454563449136913,4.635073562152684,4.578703587409109,3.2548266565427184,3.493477647192776,2.993803221732378,3.409695683978498,,4.016131425276399,5.7685817196033895,2.7580406665802,2.552133919671178,4.240603655111045,3.1531538465060294,,,2.631936007644981,2.5810077264904976,2.689784941263497,3.765682107768953,2.8765425365418196,2.8890024162828922,3.2305279499851167,2.9847719222307205,3.5153365349397063,3.749403854366392,3.9410058413632214,3.5473603531718254
tt_11.6h,2.934842328540981,,,1.9811291401274502,3.6325584445148706,3.5578224109485745,3.5578224109485745,3.5186379007063806,3.5680716782808304,,3.335598825942725,3.4936510459519923,4.368437798693776,3.278764511924237,2.255405173636973,2.7038503624498844,3.3106124391779304,3.650633911602199,3.650633911602199,4.103468235582113,3.3727196673862636,3.47294446779415,4.255277450662106,3.0989971719682217,2.61344401165843,3.8180740769021213,3.1124618374742568,,,3.3842739202082157,3.810049301944673,3.05004380363971,3.1871205591596663,3.319086054805666,,4.842350210994482,4.842350210994482,3.7591515728272498,3.0632693776860833,5.418647927232087,3.5475315381772816,3.5475315381772816,4.922254974488169,4.327039828989655,,2.9828650755807757,2.739525084849447,3.812759105116129,4.584939286578447,3.20661245752126,3.3718515504151583,2.52652709139511,3.0146849039010704,3.530688808299601,4.7172505161724985,5.754996228497475,4.010060227010399,4.112405906431377,4.30374002084136,5.759821330662817,4.852433638647199,4.3011084967292845,3.8211226030252874,4.47837675223127,4.092164170462638,2.776668277569115,2.685065320227295,3.3884810712188482,,3.7457008957862854,4.636130062863231,4.555867477320135,3.2525632195174694,3.489405330270529,2.992120406124741,3.4138068477623165,,4.0116688422858715,5.768880202434957,2.7577656018547714,2.5515548260882497,4.226609075907618,3.15851298160851,,,2.6270136954262853,2.5755430720746517,2.6826786482706666,3.7618937753140926,2.8746356717310846,2.8859719787724316,3.2282972573302686,2.9844368528574705,3.5123317004181445,3.749403854366392,3.9371881908737123,3.542407861445099
tt_11.7h,2.930991052184254,,,1.9770374218933284,3.628073375672102,3.5578224109485745,3.5578224109485745,3.523288657423109,3.5466583115048707,,3.3308783625252545,3.485877628903836,4.369325136765838,3.2748865797184408,2.247701560612768,2.698701983317733,3.3106124391779304,3.6461889534257352,3.6461889534257352,4.097576397005469,3.3696536645293236,3.472441168501973,4.249824329745024,3.1032798714004457,2.6083882278762758,3.8060947307385504,3.1106397709809244,,,3.3839690322056413,3.8050352949649096,3.048255450092256,3.189634418580681,3.312937210313976,,4.852281602565199,4.852281602565199,3.7554305247031152,3.0564919630996883,5.405792600475252,3.5374668785370886,3.5374668785370886,4.9263202818110585,4.314683461096138,,2.978111021220684,2.735954634845257,3.816884088329971,4.579627582337707,3.2111832881346345,3.3718515504151583,2.5259671295061707,3.011777493171394,3.5272619472816586,4.714950193185359,5.754996228497475,4.0035255323164165,4.111330583691597,4.301115281414241,5.7593491417355835,4.850850797723979,4.296219483483583,3.8162756604142487,4.482114820275456,4.103050000965595,2.769605444278568,2.684175251983106,3.385227967519313,,3.7459444906562567,4.637169362977147,4.582707709167153,3.250326947309077,3.4853910668753088,2.99046976538375,3.4103349335491657,,4.007236071396619,5.769178644288331,2.7575024655088782,2.5510367550887167,4.226609075907618,3.15851298160851,,,2.62220108974725,2.5701769166626036,2.6757424571551383,3.758142386097461,2.872786542866379,2.8829557290300727,3.2261486295610666,2.9887484167702496,3.5093940030783415,3.743211950175464,3.9334376328624785,3.532446809578687
tt_11.8h,2.9271489162929356,,,1.9730042172595859,3.6296679922379553,3.553103370126337,3.553103370126337,3.523288657423109,3.5466583115048707,,3.326134373433888,3.4783257129602134,4.370166605338454,3.271197874099016,2.2401357223279774,2.6935145356692374,3.3073762953281403,3.6418621535412967,3.6418621535412967,4.091943794395775,3.3696536645293236,3.4719475004822016,4.244467076845467,3.09730704780668,2.603387548122555,3.8060947307385504,3.10880677588284,,,3.383674202952534,3.80008796043694,3.046499809715897,3.1867428864352405,3.3070777487009764,,4.869731836952269,4.869731836952269,3.7516642254777253,3.049858751706779,5.405792600475252,3.526635854039341,3.526635854039341,4.9253791882656515,4.318954745773226,,2.973387863021344,2.732470386195928,3.821028613951057,4.569879933260381,3.2074675294570625,3.3640532004646957,2.525386919733137,3.009042950347066,3.5238982373848557,4.712687079329044,5.754888434428722,4.0035255323164165,4.110277364961803,4.298517683520913,5.758868924807757,4.849309421144426,4.291410408448428,3.811501143500209,4.4869066355749965,4.095740106422454,2.7628040104173124,2.6833480773493648,3.3819764489308,,3.751579192932695,4.638171370141208,4.559923839755356,3.253708797506988,3.481433928478509,2.9888530313037336,3.4070488992147148,,4.002872250508517,5.769476964138448,2.7572508775629103,2.5505057964473963,4.222180638462305,3.152754550334066,,,2.6173513075336814,2.564883902668953,2.668832926545292,3.76071803830564,2.874186134431511,2.880042454227805,3.22404055390507,2.9884113441221416,3.506489312276244,3.7371973893605173,3.9334376328624785,3.5274705118499696
tt_11.9h,2.9321633921936154,,,1.9690553708933294,3.6296679922379553,3.5556799238547683,3.5556799238547683,3.5152724254876375,3.5252691921778023,,3.3214712073095143,3.4707497069612145,4.370964034460485,3.2674776185303926,2.2326954337768257,2.6883900184184313,3.3041989053599536,3.63746968889609,3.63746968889609,4.086317428853363,3.3666315828450024,3.4714633557014167,4.239199192728847,3.09730704780668,2.5984421190805733,3.8102528820745647,3.106989606283605,,,3.3833891600370407,3.795202550943941,3.044775692746043,3.1836703456938267,3.301187722943723,,4.869731836952269,4.869731836952269,3.747957549057901,3.0433139242231846,5.409118463750929,3.5160160115920007,3.5160160115920007,4.924454219639301,4.306819475255907,,2.9686448369175196,2.7289961939677596,3.8251915965229273,4.570947552565485,3.2036949172616005,3.3693034541793168,2.5248705372214317,3.006285350304097,3.5307168355211616,4.710460556671023,5.759286371525377,4.006436185911298,4.109245806932449,4.295985710341483,5.758381067309529,4.847808599472046,4.2866649501957,3.806781561113894,4.491646520793438,4.1066958317533135,2.7559370803646743,2.6833480773493648,3.378872220404446,,3.7518270616419613,4.639176921453327,4.5636350298300385,3.2515191175043583,3.4775242642499506,2.987179327290505,3.4037719718180597,,3.998555484227836,5.769775110296905,2.757010345812887,2.550004107877612,4.2177953431382775,3.1470523634925485,,,2.612613833975047,2.5596250225789845,2.661978555843234,3.7570104468613863,2.874186134431511,2.877109228633344,3.221897266805172,2.9884113441221416,3.495056588668376,3.731237424071878,3.9297515996731818,3.5226134904660285
tt_12.0h,2.9321633921936154,,,1.9651696546934545,3.625035305507481,3.551032442599535,3.551032442599535,3.503672480583191,3.5148334079422057,,3.3169883782975376,3.463443544693291,4.371719220653176,3.26385356253013,2.2253513811156154,2.683300579432398,3.3010792401619256,3.633272177539766,3.633272177539766,4.080653252080083,3.3636675095185637,3.470988627988845,4.234465205576271,3.0915346737019718,2.5935125965625048,3.8022574824281037,3.105217366479337,,,3.388250110670924,3.7903788266703486,3.0430939099751413,3.180791191291064,3.2955876742489636,,4.887161883991212,4.887161883991212,3.744328615255654,3.0367518542334437,5.412447807844728,3.505290179513395,3.505290179513395,4.923545176628977,4.306819475255907,,2.9639224279671907,2.7255212580785155,3.8293730597943068,4.570947552565485,3.2036949172616005,3.361476166639477,2.5243665101006627,3.0034931912086904,3.52735992660746,4.708270023576915,5.759207013063133,4.00001028412953,4.108235434629023,4.304392341990024,5.757885950151831,4.846364282537252,4.281967171933502,3.802116509526968,4.496313977520913,4.0993445054627955,2.7492252867668867,2.6825470542535186,3.375761441886425,,3.752062016632408,4.640165947843343,4.5636350298300385,3.249354911968112,3.473678670823574,2.985585722606629,3.4004686092957854,,3.9942852263338864,5.770073032006621,2.75678045488894,2.5495666596107185,4.21992444852367,3.14127557259053,,,2.6078601367771626,2.554451464675367,2.6551696774549782,3.75333858653903,2.8723744400776923,2.8742282767780125,3.2199329272843897,2.988081220537424,3.4922187668271363,3.735081961378455,3.9261488895863295,3.51790656382218
tt_12.1h,2.9283914733678102,,,1.9613262405619025,3.620530318468809,3.551032442599535,3.551032442599535,3.495642861351371,3.493974218145013,,3.3124202312901616,3.4560459097847342,4.372433938551694,3.2601584144867957,2.2180887507274747,2.6871260567568243,3.298014829400927,3.62908526789397,3.62908526789397,4.07510981708765,3.3607329465448856,3.470523207914084,4.22921278886497,3.0797535362653434,2.5886448440141976,3.8022574824281037,3.10347437299788,,,3.3879731064662337,3.7809169911779463,3.041432786732912,3.1778212524950504,3.2835523611865938,,4.8811066737398505,4.8811066737398505,3.740859413985163,3.030210303142667,5.415686504915357,3.5221057469025254,3.5221057469025254,4.923545176628977,4.2948821652680635,,2.95926582114771,2.7221417003311217,3.8335712063126266,4.561323239002377,3.20001137861982,3.353820940013975,2.523870811332017,3.0008669081144035,3.524064712692052,4.706114888191223,5.759142087306827,4.00001028412953,4.107245826628059,4.301846261601895,5.757383949123323,4.844941880553961,4.277346562128514,3.7974930061027408,4.50094638299197,4.110352443531156,2.7425904092378914,2.681718186940998,3.3726988043636084,,3.7522717053070664,4.641138657927513,4.541370633523911,3.2472250019200146,3.469887397252023,2.9839769056998193,3.3971863389015198,,3.9900430855341256,5.7703706421889365,2.756560840178281,2.5491466498933733,4.215598562732339,3.13578370725736,,,2.6031924691051245,2.549317192286253,2.6484368233941495,3.7497054780833423,2.870566177647561,2.8713962002657354,3.2179411952383816,2.987758230883628,3.4894121773540974,3.729201052337885,3.931501788087189,3.5131965246982872
tt_12.2h,2.9246825501322746,,,1.9575349688529968,3.6061201114207506,3.5464421422220767,3.5464421422220767,3.495642861351371,3.493974218145013,,3.3079390446655452,3.4488324532285333,4.373109861277044,3.25664303265512,2.2109459205530584,2.6820823699235916,3.3032522266730666,3.6249628365039825,3.6249628365039825,4.069637963082641,3.3578406628221273,3.470066988375038,4.224048642907292,3.074056706856936,2.583820005878806,3.806430949829519,3.101798821706325,,,3.3877053926698864,3.7762749274261296,3.0398022113367915,3.1749068018980324,3.2835523611865938,,4.898569053970277,4.898569053970277,3.7373793832957745,3.023805011063814,5.418973583262414,3.5114463977515697,3.5114463977515697,4.927610030397773,4.299143213778734,,2.954738749191165,2.7187294173054397,3.820624116808176,4.5720380884595215,3.196531556546688,3.34645679872483,2.523359523154795,2.9982361746951938,3.5208373218774796,4.703994573093951,5.759091316256672,4.00293149612844,4.106265077833086,4.299325428903103,5.756875429302454,4.84355743508786,4.272786709479988,3.79293709481135,4.505524735432118,4.121316664852202,2.7360164006240666,2.680866797454655,3.369700654409826,,3.752482248470187,4.642095192801207,4.529063005000353,3.2472250019200146,3.466149849817157,2.9824425992555916,3.3941040677018464,,3.9858668195083737,5.770667877513915,2.7563510993495584,2.5487070311792195,4.211314201820642,3.1302441130392253,,,2.5985724767670035,2.544245591852814,2.6417868677526712,3.7461094236932695,2.86876962473616,2.8685563006438315,3.215883329510689,2.9920403277501464,3.486652552615851,3.723376677837223,3.9279413083568215,3.5086003015749156
tt_12.3h,2.921007693745196,,,1.9538212893530726,3.6061201114207506,3.5490472852252424,3.5490472852252424,3.4879331653937697,3.4995283214375377,,3.3035515658557415,3.441737113520503,4.3737486796453595,3.2530754427425563,2.2038832777179778,2.6771197649650276,3.3002273864112794,3.620803196914494,3.620803196914494,4.064128888770938,3.3610661211423576,3.469619861803949,4.218966331798583,3.068337097764015,2.579060946125537,3.798592816106975,3.1001124884933233,,,3.3874467108398676,3.771690641064197,3.0366307399235666,3.1720595941878855,3.277917891740799,,4.898569053970277,4.898569053970277,3.7339440397918224,3.017443571705371,5.418973583262414,3.501375096850097,3.501375096850097,4.926716581918299,4.299143213778734,,2.950179652776569,2.7153809079900384,3.824870773591101,4.562446146272123,3.1928903269581497,3.359092561993748,2.522905240301043,2.9955806732177734,3.5275278692133725,4.701918434351683,5.7590544247068465,3.996627861633897,4.105316004250199,4.296868716366589,5.7563607497140765,4.842210126109421,4.268286826554686,3.7884329752996564,4.510028596967459,4.1140390294604,2.729482853785157,2.685781942680478,3.366791473235935,,3.7526812981814146,4.643035238608718,4.529063005000353,3.2451287074945867,3.462464761454612,2.98089635418728,3.3909603087231517,,3.9817352136597037,5.770964699797332,2.75615087011829,2.553468349389732,4.211314201820642,3.1247909110970795,,,2.603480120655149,2.5392837249673903,2.6351371249184012,3.742548402864486,2.8669442366808653,2.8657960994169116,3.213997487910092,2.991717755794525,3.486652552615851,3.717515212018043,3.9244239274412394,3.5040542320348322
tt_12.4h,2.917409908026457,,,1.950164824258536,3.6015182831324637,3.544528495054692,3.544528495054692,3.4924498051404953,3.479311365634203,,3.299178327899426,3.4345976458862424,4.378836879041046,3.2495534759946167,2.2038832777179778,2.672142355237156,3.3002273864112794,3.616904007270932,3.616904007270932,4.051785984542221,3.3582257335074246,3.4735878170467913,4.213975500781089,3.068337097764015,2.5743089239113033,3.7909559081308544,3.0984541149809957,,,3.3871968179009855,3.76716705551371,3.0350890117697418,3.16934523684904,3.272341429721564,,4.915997859090567,4.915997859090567,3.7304447069764137,3.0112291695550084,5.422239797189832,3.4911026977933943,3.4911026977933943,4.925838619470596,4.2874346897006035,,2.9456344228237867,2.7120688860304654,3.829133940394968,4.563591769896448,3.189510767813772,3.351648717187345,2.522420262452215,2.993061731569469,3.5242995959706604,4.6998660271056,5.759031139779836,3.996627861633897,4.10438657971099,4.294455260038376,5.75584024656564,4.840899151749909,4.263831201475114,3.7839670781977475,4.514492406509817,4.125074178446084,2.7231388124637306,2.6850050552748144,3.363882859237492,,3.7528693177737296,4.643959020264447,4.532868590671569,3.243065663613379,3.4588232790119946,2.979380807839334,3.387825071811676,,3.977628038264811,5.7712610573507845,2.755959744565189,2.5530316620133817,4.207071242388338,3.130170261953026,,,2.598854528274387,2.534377389587462,2.628585989587009,3.7390216370113194,2.868369348347187,2.863060503732413,3.212081233970821,2.9914029836654663,3.4839391787536442,3.711910162586719,3.920965733937919,3.4994117002934217
tt_12.5h,2.913854175247252,,,1.946573548950255,3.6031372230499983,3.540083844214678,3.540083844214678,3.4848905852995813,3.4594667511992157,,3.294931777752936,3.427772967144847,4.379424419254065,3.2461165245622396,2.207385055255145,2.6672249385155737,3.2972642797976732,3.612972041592002,3.612972041592002,4.046332526486367,3.3554264795966446,3.4731495291925967,4.2090698457323015,3.062819081824273,2.569622660987079,3.8027989747934043,3.096823171712458,,,3.3869554605334997,3.7626988776028156,3.033576088026166,3.1665431279689074,3.266861731186509,,4.926131345331669,4.926131345331669,3.7269746740348637,3.0050127101130784,5.425485584884882,3.4971656380221248,3.4971656380221248,4.924975916277617,4.275581188965589,,2.9411513451486826,2.7087464998476207,3.8334121480584145,4.563591769896448,3.1939849266782403,3.3443878567777574,2.5219705388881266,2.990532681811601,3.5211375430226326,4.697846808936447,5.759021190926433,3.983455138746649,4.103476327378303,4.292083842214197,5.743990211281925,4.839623730164021,4.259448898024857,3.7795681469142437,4.518899962771684,4.1016519125550985,2.7167801349423826,2.6841546366922557,3.3609957322478294,,3.753046749625355,4.644866876769811,4.532868590671569,3.241035121958703,3.4552413909696043,2.9778825910761952,3.384863584302366,,3.973586863372475,5.771556876134127,2.7557774181477726,2.552599052898586,4.209234646055847,3.124886722303927,,,2.594393745996058,2.529468800406903,2.6220709630288184,3.735529902856797,2.8665533582679927,2.8603786122985184,3.2101450273767114,2.9910960868000984,3.4812713372521102,3.7061856789514422,3.9175643720664084,3.4950689929537475
tt_12.6h,2.9103489513508976,,,1.943004533648491,3.5986586124636233,3.540083844214678,3.540083844214678,3.4848905852995813,3.4850231064483523,,3.2906429190188646,3.4208306395448744,4.379978623706847,3.2427385025657713,2.200390800833702,2.6623726915568113,3.294361812993884,3.608904095366597,3.608904095366597,4.040951017756015,3.352667714934796,3.4727201177738607,4.204248490743339,3.067233934532851,2.565007637720555,3.795127844903618,3.095219401177019,,,3.3867223942652345,3.758286216761917,3.032091625034809,3.169000436551869,3.2613697797060013,,4.9435726958326995,4.9435726958326995,3.7235352965071797,2.998835969250649,5.428740173578262,3.4971656380221248,3.4971656380221248,4.913818296510726,4.264061727561057,,2.936712781433016,2.7054719938896596,3.8377062138170004,4.554149612318724,3.1905356314964592,3.337218750733882,2.521532058250159,2.9879988683387637,3.5180362570099533,4.695860949810594,5.759024311322719,3.977287312503904,4.0919049968943,4.289753731805831,5.743451901245862,4.8383830902166665,4.255123889539391,3.775218826252967,4.523249003570527,4.1127402782440186,2.7219461146742105,2.683589534368366,3.3582271826453507,,3.7532140240073204,4.645758984610438,4.511184654664248,3.2390366182662547,3.451709760352969,2.9764272617176175,3.381972277071327,,3.969589000567794,5.771852110046893,2.7614473085850477,2.5521679231896996,4.20504862582311,3.1195400282740593,,,2.589905556291342,2.5246356008574367,2.6262599867768586,3.732075539883226,2.8665533582679927,2.8576956186443567,3.2083364045247436,2.9910960868000984,3.4786482928320765,3.700810158159584,3.9142197254113853,3.4906789865344763
tt_12.7h,2.8989699999801815,,,1.943004533648491,3.5941564897075295,3.5427183215506375,3.5427183215506375,3.489359128754586,3.465134739410132,,3.2864753450267017,3.4142002761363983,4.380515131633729,3.2394606745801866,2.193573694676161,2.6575211021117866,3.299574183765799,3.60515163699165,3.60515163699165,4.035597839392722,3.3499493156559765,3.4722994710318744,4.1995038953609765,3.061905079521239,2.56038367934525,3.78765025222674,3.0936425011605024,,,3.386497383005917,3.7539280708879232,3.030635153874755,3.166329099331051,3.265548961237073,,4.96098427195102,4.96098427195102,3.7201091959141195,2.9927694108337164,5.431967143435031,3.487431018613279,3.487431018613279,4.912955534644425,4.264061727561057,,2.932343585882336,2.702245839405805,3.8377062138170004,4.539217025972903,3.1872036941349506,3.3300681584514678,2.52109805541113,2.9855829956941307,3.505398773122579,4.693907900247723,5.759040236938745,3.9712039018049836,4.09100823989138,4.2874640757218,5.742908664047718,4.84703716263175,4.250840439926833,3.770918902475387,4.527518634684384,4.123798694461584,2.7156853289343417,2.6829551649279892,3.3457648819312453,,3.7533715567551553,4.646635490003973,4.515074436087161,3.2370695723220706,3.4482278106734157,2.9750012126751244,3.381972277071327,,3.965633657760918,5.77214671112597,2.7612697747536004,2.5517821512185037,4.200903456192464,3.1195400282740593,,,2.5854665962979198,2.519882809370756,2.619790414813906,3.7286554002203047,2.864823726937175,2.8550861971452832,3.2065321411937475,2.9907971252687275,3.476085880305618,3.6953095700591803,3.9067915892228484,3.4862901023589075
tt_12.8h,2.89548550080508,,,1.9394993465393782,3.5941564897075295,3.538327060174197,3.538327060174197,3.4817338925786316,3.446015426889062,,3.282341812271625,3.4074197891168296,4.381007040385157,3.236138701904565,2.1867710766382515,2.6527763111516833,3.296725939027965,3.601378738414496,3.601378738414496,4.030294293072075,3.3472850983962417,3.471887480467558,4.205686314962804,3.061905079521239,2.5558647410944104,3.78322574775666,3.092092149425298,,,3.3862802027724683,3.749628276564181,3.02920645987615,3.1635732632130384,3.260338556021452,,4.96098427195102,4.96098427195102,3.7167448848485947,2.986703230533749,5.431967143435031,3.4775456273928285,3.4775456273928285,4.912107824347913,4.2683192659169436,,2.9279738646000624,2.6990297557786107,3.8420151155442,4.539217025972903,3.1839946806430817,3.326425766106695,2.5206752382218838,2.9831378650851548,3.505398773122579,4.691987148951739,5.763531235978007,3.980211725924164,4.0901193781755865,4.285214014817029,5.7423608168028295,4.8458305220119655,4.246628090273589,3.7750342953950167,4.5317449676804245,4.1165419411845505,2.709491747431457,2.682350487448275,3.3430589656345546,,3.753519754856825,4.649486830458045,4.515074436087161,3.2351447995752096,3.4447861495427787,2.9736440554261208,3.3699526442214847,,3.9617205685935915,5.772440629545599,2.761100478004664,2.5514099546708167,4.200903456192464,3.114402892999351,,,2.581101286690682,2.5151741919107735,2.613393824547529,3.7252683811821043,2.8630740134976804,2.852473325561732,3.204688707832247,2.9789440827444196,3.473550281021744,3.689762162975967,3.903430841397494,3.4820582875981927
tt_12.9h,2.892043236643076,,,1.9430593601427972,3.5959660136140883,3.533982359804213,3.533982359804213,3.4747536373324692,3.470727133564651,,3.2782076452858746,3.400912057608366,4.381469950079918,3.2329241312108934,2.1801042021252215,2.648045961279422,3.293935609050095,3.597534444183111,3.597534444183111,4.025061415974051,3.344646749086678,3.4714840347878635,4.200995673425496,3.0564521034248173,2.5513757094740868,3.77573177870363,3.0905542415566742,,,3.386070627719164,3.745379926171154,3.027805134654045,3.1635732632130384,3.255196296144277,,4.971204788889736,4.971204788889736,3.7133964099921286,2.9807198853231966,5.435172880534083,3.4680166500620544,3.4680166500620544,4.911255616694689,4.257001949939877,,2.923651610966772,2.695891327690333,3.846338185016066,4.540382690262049,3.1807212959975004,3.319256406277418,2.520269012544304,2.980689441319555,3.502359911799431,4.690098173450679,5.763572498690337,3.9741595345549285,4.089261171873659,4.2829837230965495,5.741808669641614,4.844657245092094,4.242470561992377,3.7750342953950167,4.5359115335159,4.127653947565705,2.703302842564881,2.6816648333333433,3.340294500812888,,3.753659013658762,4.650350584182888,4.518974178470671,3.233241209294647,3.4414010317996144,2.9722358188591897,3.3669697092846036,,3.9578314223326743,5.7727337959222496,2.761100478004664,2.551058455836028,4.203082443680614,3.1093709394335747,,,2.581101286690682,2.5104819829575717,2.6070597558282316,3.7219137619249523,2.8613313231617212,2.8499180898070335,3.2029310297220945,2.9786476478911936,3.4710572329349816,3.6991832898929715,3.900127500295639,3.4777859817259014
tt_13.0h,2.8887048750184476,,,1.9396024104207754,3.5917787267826498,3.52968435222283,3.52968435222283,3.4747536373324692,3.4515493102371693,,3.274211186915636,3.3943148185499012,4.381905197631568,3.236974229104817,2.173503389582038,2.643312367144972,3.293935609050095,3.5938357254490256,3.5938357254490256,4.019855693448335,3.344646749086678,3.4710890259593725,4.200995673425496,3.0608249492943287,2.542496351990849,3.779946953523904,3.089057074394077,,,3.385868432931602,3.7411838634870946,3.026441411115229,3.1609653807245195,3.255196296144277,,4.988585507497191,4.988585507497191,3.710061069112271,2.9748840467073023,5.438393648713827,3.474086577538401,3.474086577538401,4.91043738136068,4.245865918230265,,2.9193514664657414,2.692728240508586,3.8496971833519638,4.531087853014469,3.1776783410459757,3.312355483416468,2.519881690852344,2.9783885194920003,3.499379334039986,4.688240471761674,5.763572498690337,3.968188743107021,4.088421594817191,4.288813246879727,5.741252527572215,4.843516626395285,4.2383671179413795,3.7707841340452433,4.540015114471316,4.131541873794049,2.703302842564881,2.6809673365205526,3.3375657270662487,,3.753789725713432,4.6511989664286375,4.498406771104783,3.231367998290807,3.4380632108077407,2.970894945319742,3.3640947863459587,,3.9540036115795374,5.7730261771939695,2.760939135681838,2.550695287529379,4.198991893790662,3.1042543360963464,,,2.5767747554928064,2.5059029893018305,2.600804904010147,3.7185934223234653,2.862841801252216,2.847365563735366,3.2012199605815113,2.9783594720065594,3.468606104142964,3.6937287664040923,3.8968979329802096,3.473779658321291
tt_13.1h,2.8853660663589835,,,1.9362349128350616,3.5876538325101137,3.5205276017077267,3.5205276017077267,3.47922607883811,3.4326286427676678,,3.2702005873434246,3.387896152678877,4.382314100861549,3.2336945603601635,2.1669929046183825,2.638689828105271,3.2912020781077445,3.590285511687398,3.590285511687398,4.014698053710163,3.347943156491965,3.470702340826392,4.196369540411979,3.0556839131750166,2.5381217203103006,3.779946953523904,3.0875854049809277,,,3.3856734023429453,3.73703929502517,3.0250938120298088,3.1583012635819614,3.250041739549488,,5.005894330330193,5.005894330330193,3.7067704149521887,2.969033697154373,5.441580256912857,3.474086577538401,3.474086577538401,4.914520785212517,4.245865918230265,,2.915112015325576,2.689615393988788,3.8540621981956065,4.531087853014469,3.1776783410459757,3.3053295854479074,2.5194803685881197,2.97603908367455,3.502851070370525,4.6864135498180985,5.763625944033265,3.977110459469259,4.087600239086896,4.2866280493326485,5.740692684426904,4.842407968826592,4.234302220866084,3.7665696647018194,4.544034406542778,4.131541873794049,2.6972646764479578,2.6803606804460287,3.3350162464194,,3.7539122658781707,4.65203215694055,4.498406771104783,3.2295246399007738,3.434772238600999,2.9695814033038914,3.3613180560059845,,3.9502162812277675,5.773317731451243,2.7607853952795267,2.550325956195593,4.194940879940987,3.109570174012333,,,2.5725038959644735,2.5013647438026965,2.594598367344588,3.715308074839413,2.8611012808978558,2.8448638767004013,3.19948200462386,2.978079542517662,3.473306772764772,3.688418558333069,3.8937054951675236,3.4696505311876535
tt_13.2h,2.8853660663589835,,,1.9329068860970438,3.5934982588514686,3.516236424446106,3.516236424446106,3.4720393042080104,3.4221013565547764,,3.266253612935543,3.376171429641545,4.382697915658355,3.2305723503232002,2.16062852460891,2.634063485544175,3.288523991126567,3.5866231373511255,3.5866231373511255,4.00960994604975,3.3453532843850553,3.470323874615133,4.191801930312067,3.0504351928830147,2.5338387936353683,3.7726068324409425,3.0861389921046793,,,3.385485328733921,3.7329505616798997,3.027991236653179,3.1557939336635172,3.245049440767616,,5.005894330330193,5.005894330330193,3.703522110823542,2.9632253511808813,5.444769432302564,3.4645723840221763,3.4645723840221763,4.914520785212517,4.250112398993224,,2.9108994002453983,2.686514192260802,3.858439603820443,4.532278588041663,3.1744769364595413,3.3106335727497935,2.5191245623864233,2.9737711707130075,3.502851070370525,4.684626759495586,5.763691320084035,3.9711537770926952,4.086796776391566,4.284479366149753,5.7401294321753085,4.841330589726567,4.230305183678865,3.7624179641716182,4.548007414210588,4.135441054124385,2.6912348880432546,2.6857145307585597,3.332415653858334,,3.754026999697089,4.652850127778947,4.4862844427116215,3.2277107662521303,3.4315272332169116,2.968294732272625,3.3585867029614747,,3.946468993090093,5.77360839350149,2.7606389722786844,2.550325956195593,4.190928808879107,3.1046061739325523,,,2.568301484454423,2.4968597255647182,2.588437774218619,3.7178868893533945,2.8593667368404567,2.8424029741436243,3.1978333918377757,2.977808114606887,3.4708978445269167,3.683153626974672,3.890566334594041,3.46553100226447
tt_13.3h,2.8821024326607585,,,1.9296127050183713,3.5893259369768202,3.511991667561233,3.511991667561233,3.465023001190275,3.4221013565547764,,3.26237355126068,3.3698285007849336,4.383057850878686,3.2305723503232002,2.1542701106518507,2.6295403256081045,3.293715645093471,3.5830817772075534,3.5830817772075534,4.00454802904278,3.3428016644902527,3.4699535104446113,4.187292188405991,3.0504351928830147,2.5295654693618417,3.7768338909372687,3.084717263933271,,,3.385304005816579,3.7289099590852857,3.026687596924603,3.1532239774242043,3.2491553318686783,,5.016200318932533,5.016200318932533,3.7002818835899234,2.957485322840512,5.444769432302564,3.4553970070555806,3.4553970070555806,4.91371691878885,4.239187293220311,,2.9067218797281384,2.683434862177819,3.862829029094428,4.532278588041663,3.1789499050937593,3.3106335727497935,2.5252909543924034,2.97150989016518,3.4999304553493857,4.682859912049025,5.763768374919891,3.9652927089482546,4.0860108230262995,4.282347422558814,5.739563048351556,4.8402838269248605,4.226359941530973,3.758312527090311,4.551916548516601,4.135441054124385,2.685271233320236,2.6851046634837985,3.329763302579522,,3.754134280141443,4.652850127778947,4.4862844427116215,3.23114045150578,3.4283191305585206,2.967034426983446,3.3558561941608787,,3.942743559833616,5.774186862166971,2.7604995584115386,2.5499747921712697,4.186955967918038,3.0997724649496377,,,2.5641458984464407,2.5009723366238177,2.5823530149646103,3.7146405656822026,2.8593667368404567,2.8399586537852883,3.1962111559696496,2.982296798378229,3.4685294623486698,3.6779734804295003,3.8874786477535963,3.461629461031407
tt_13.4h,2.87887746328488,,,1.9263537600636482,3.58518156548962,3.5078103984706104,3.5078103984706104,3.4604535782709718,3.4035390610806644,,3.2661590869538486,3.3635344495996833,4.383395063690841,3.2274125283584,2.157911050133407,2.625046332832426,3.2910868492908776,3.5796558377332985,3.5796558377332985,3.9995324690826237,3.340287803672254,3.469591143541038,4.182834202889353,3.05493299709633,2.52531899465248,3.7768338909372687,3.0833200397901237,,,3.384960816241801,3.7249187701381743,3.0253993030637503,3.1507637659087777,3.2441755747422576,,5.033462612889707,5.033462612889707,3.69404567964375,2.961474896874279,5.431875562295318,3.445287705399096,3.445287705399096,4.912927241530269,4.239187293220311,,2.902568875346333,2.6804289733991027,3.8672277983278036,4.533463695086539,3.175905609037727,3.3038877747021616,2.5249066683463752,2.9692928451113403,3.503403975162655,4.68112240312621,5.763856859877706,3.974114009179175,4.085242074448615,4.280270574614406,5.739563048351556,4.839267026633024,4.222465815488249,3.7542535308748484,4.555758381262422,4.146636893507093,2.6793718226253986,2.684519238770008,3.3272575843147933,,3.754234445746988,4.653652915731072,4.490277572534978,3.2293573152273893,3.4251640643924475,2.965799958910793,3.3531124209985137,,3.9390776879154146,5.774474591948092,2.760366905014962,2.549641887191683,4.1770315184257925,3.0948734958656132,,,2.5600103279575706,2.496535557322204,2.576318670064211,3.711425533518195,2.8577218973077834,2.837520503439009,3.1945625199005008,2.9820211697369814,3.4662010320462286,3.6728035947307944,3.892750816885382,3.4576271534897387
tt_13.5h,2.8757032472640276,,,1.9231613469310105,3.5809589154087007,3.510472719091922,3.510472719091922,3.4533447572030127,3.3854393269866705,,3.2623250423930585,3.357337567023933,4.3837106875143945,3.2244091569446027,2.1516991504468024,2.620559842325747,3.2885112082585692,3.576114373281598,3.576114373281598,3.9945646501146257,3.337811234407127,3.4692366630770266,4.188953609671444,3.050165013410151,2.5211509843356907,3.7696398799307644,3.082054185681045,,,3.3847985616885126,3.720976288896054,3.0241364114917815,3.1482131024822593,3.239268177654594,,5.050636480096728,5.050636480096728,3.691003452986479,2.9557624836452305,5.435012463014573,3.436232920270413,3.436232920270413,4.912151571363211,4.24342410126701,,2.8943668100982904,2.6774132698774338,3.8716373746283352,4.5243423245847225,3.1728816400282085,3.297174274455756,2.5245493073016405,2.9671050496399403,3.500542050227523,4.679413789417595,5.763956530019641,3.9682666873559356,4.084490197245032,4.278228373732418,5.7389938053675,4.838279562070966,4.218607334420085,3.750227887183428,4.559512717649341,4.134497517719865,2.673519242554903,2.6839050697162747,3.32484506489709,,3.7543278262019157,4.654420270118862,4.469969173427671,3.227602747268975,3.4220529426820576,2.9645908600650728,3.3504467364400625,,3.935450653079897,5.77476124977693,2.7602407191880047,2.549360392615199,4.173072098754346,3.0901102647185326,,,2.555946803186089,2.4921069676056504,2.5703736119903624,3.7082418627105653,2.856042073108256,2.8351198700256646,3.191470861900598,2.9817541893571615,3.4639119701460004,3.6677777962759137,3.8897002832964063,3.453821236733347
tt_13.6h,2.880486554466188,,,1.9200346935540438,3.570765344891697,3.510472719091922,3.510472719091922,3.446814078837633,3.40906585380435,,3.258555597625673,3.3511880901642144,4.3837106875143945,3.221383004449308,2.1455560168251395,2.6161752929911017,3.2859876197762787,3.5726571027189493,3.5726571027189493,3.9896635501645505,3.335371694061905,3.4688899503089488,4.184546526987106,3.045218570623547,2.5170284411869943,3.773878193926066,3.080811086576432,,,3.3846422829665244,3.717086849268526,3.022898366674781,3.1507955915294588,3.2343561719171703,,5.044869268778712,5.044869268778712,3.687907841987908,2.95018539018929,5.438118650112301,3.436232920270413,3.436232920270413,4.916215323377401,4.2326711397618055,,2.8903627996332943,2.6744427201338112,3.8760562273673713,4.5243423245847225,3.1699297465384007,3.290767871774733,2.5241750739514828,2.9649771195836365,3.500542050227523,4.6777335945516825,5.764067141804844,3.9625125103630126,4.083754802122712,4.278228373732418,5.7384219681844115,4.837320801336318,4.2148138750344515,3.746262237429619,4.56321677705273,4.134497517719865,2.6677794083952904,2.683279548306018,3.3224119525402784,,3.7544147414155304,4.655193327926099,4.494546360336244,3.225876249372959,3.4189853770658374,2.9634067392908037,3.3478736192919314,,3.9318615524098277,5.775046791415662,2.760120721999556,2.5490611433051527,4.169151158537716,3.0901102647185326,,,2.5519720898009837,2.4877868653275073,2.564479790162295,3.7050887839868665,2.8413942637853324,2.832763381768018,3.189872160088271,2.981495745945722,3.461677990388125,3.6627902844920754,3.8897002832964063,3.4499165336601436
tt_13.7h,2.8773531978949904,,,1.9169635409489274,3.5665607983246446,3.5063266530632973,3.5063266530632973,3.4399306015111506,3.3909666696563363,,3.2547890027053654,3.345143599435687,4.372575388289988,3.2183420984074473,2.1455560168251395,2.611810814589262,3.2859876197762787,3.56936249230057,3.56936249230057,3.9847865072079003,3.332982535008341,3.4685509083792567,4.180200569797307,3.0402555274777114,2.512947195209563,3.773878193926066,3.079519706312567,,,3.384491796605289,3.7132429811172187,3.0216851294972003,3.148374336771667,3.2343561719171703,,5.044869268778712,5.044869268778712,3.6848214198835194,2.944632088765502,5.441194402985275,3.4272373360581696,3.4272373360581696,4.916215323377401,4.222105719149113,,2.88635910814628,2.6714927121065557,3.880484502296895,4.509432688821107,3.167129040695727,3.2960639144293964,2.5238274103030562,2.962840474676341,3.497734618373215,4.6760813891887665,5.768607243895531,3.9493911331519485,4.083035581745207,4.276220032013953,5.74250081460923,4.836390142329037,4.211069371085614,3.7423409270122647,4.566853031050414,4.1384742320515215,2.6620115018449724,2.682701162993908,3.3200260656885803,,3.7544954996556044,4.655951879918575,4.474327515810728,3.2241774247959256,3.415960727725178,2.9622342525981367,3.3453088155947626,,3.9282915638759732,5.775331188458949,2.76000665826723,2.5537763638421893,4.165267433039844,3.085559151135385,,,2.548001108225435,2.483511042781174,2.5586493834853172,3.7019687867723405,2.8396963658742607,2.8304408653639257,3.1884420746937394,2.981245713774115,3.459465915802866,3.657845138106495,3.886700252071023,3.446118673775345
tt_13.8h,2.874260002747178,,,1.9139171987771988,3.5624621752649546,3.502224781550467,3.502224781550467,3.451074965763837,3.3730476698838174,,3.2510968861170113,3.339113315101713,4.372860534116626,3.215416118968278,2.139478525146842,2.6074841246008873,3.2750597498379648,3.5739656505174935,3.5739656505174935,3.9933850979432464,3.33061704877764,3.468219419475645,4.175909813027829,3.0335336960852146,2.508873473852873,3.7668044515885413,3.078286395408213,,,3.384346925187856,3.7094459421932697,3.020496139768511,3.1459811381064355,3.238392863422632,,5.061957539524883,5.061957539524883,3.681822649668902,2.939105465542525,5.441290982533246,3.4332692069001496,3.4332692069001496,4.915453433524817,4.220811383333057,,2.882346634287387,2.6685729161836207,3.879607819020748,4.50043670181185,3.1642032810486853,3.2960639144293964,2.5234914678148925,2.958676074631512,3.501213892363012,4.674456727690995,5.768740743864328,3.9493911331519485,4.082332210615277,4.274245051201433,5.7419164828024805,4.835486982483417,4.207373233977705,3.7384632136672735,4.570418717805296,4.1384742320515215,2.6563621889799833,2.6821397757157683,3.3176101902499795,,3.754570403136313,4.65669616824016,4.454468227922916,3.2225059787742794,3.412969838362187,2.961098812520504,3.3427647221833467,,3.9247802481986582,5.775614390149713,2.7598982914350927,2.5534785646013916,4.161421329714358,3.0747239496558905,,,2.5440600477159023,2.479253535158932,2.5529284309595823,3.7019687867723405,2.8380328183993697,2.828147654887289,3.186973448842764,2.9810039615258574,3.457291305065155,3.645764554385096,3.8837482957169414,3.44243629835546
tt_13.9h,2.8712013931944966,,,1.9108963487669826,3.5583638763055205,3.504894658923149,3.504894658923149,3.4441925575956702,3.378679364454001,,3.2474246695637703,3.3333181077614427,4.3731266227550805,3.2124278699047863,2.1334991781041026,2.6032235114835203,3.2725821281783283,3.5705963000655174,3.5705963000655174,3.988512901123613,3.328287468291819,3.4678953704424202,4.175909813027829,3.028551042545587,2.5049069253727794,3.754966900218278,3.0770404837094247,,,3.384207495022565,3.705694982316345,3.0193310994654894,3.1435767565853894,3.233842640183866,,5.078927209600806,5.078927209600806,3.678811603691429,2.9336169599555433,5.444382683839649,3.4246793841011822,3.4246793841011822,4.91470514331013,4.210244317073375,,2.8783738198690116,2.6657040645368397,3.8840606971643865,4.510636931750923,3.1614875365048647,3.289611343294382,2.5231842030771077,2.956633651163429,3.4984630001708865,4.672859170939773,5.768884617369622,3.9437579535879195,4.081644374877214,4.272302515804768,5.7413302469067276,4.834610744845122,4.203724859748036,3.7346167536452413,4.573894623667002,4.1424817414954305,2.650708324275911,2.681631062645465,3.3153088884428144,,3.754639739636332,4.657426360528916,4.47839386574924,3.220861356239766,3.4100288404151797,2.9599869726225734,3.340239188168198,,3.921305725350976,5.775896357372403,2.7597954045049846,2.5531683689914644,4.167499200440943,3.0701078744605184,,,2.54020400904119,2.4750631637871265,2.54717990802601,3.6988809811882675,2.8363738977350295,2.832248236052692,3.185476317536086,2.985455961432308,3.455153582151979,3.64090608805418,3.8808641540817916,3.438719134312123
tt_14.0h,2.8681788318790495,,,1.9079434648156166,3.5641841553151608,3.504894658923149,3.504894658923149,3.4376239413395524,3.378679364454001,,3.2438837313093245,3.3274313914589584,4.373374634888023,3.209660750348121,2.1276160324923694,2.598989723715931,3.2701544337905943,3.5672774869017303,3.5672774869017303,3.9836116838268936,3.33167233876884,3.4675786569714546,4.171673644799739,3.0238778609782457,2.5009583979845047,3.754966900218278,3.0758023681119084,,,3.384073335211724,3.701993882190436,3.018189698457718,3.141312153544277,3.229127536062151,,5.089256237260997,5.089256237260997,3.675823540892452,2.9282121430151165,5.447420293930918,3.4160292013548315,3.4160292013548315,4.9187686908990145,4.199843525420874,,2.8744733687490225,2.6628703707829118,3.8885215809568763,4.50167042016983,3.1587511701509356,3.2832059375941753,2.5228579617105424,2.954599861521274,3.4957639668136835,4.671288323588669,5.769038626924157,3.9467322980053723,4.080971831921488,4.261973676737398,5.740742345806211,4.843295937869698,4.209590721409768,3.7387467925436795,4.577315695118159,4.153795394580811,2.655939996242523,2.6811020295135677,3.3130037020891905,,3.7547037890180945,4.658142495434731,4.458873574621975,3.2192540476098657,3.407128756865859,2.9588983110152185,3.3442979021929204,,3.9178678705357015,5.7761770486831665,2.7596977348439395,2.5528597296215594,4.163672175258398,3.065544430632144,,,2.5364208025857806,2.4709617267362773,2.551377632189542,3.6958238459192216,2.8347605555318296,2.8299883753061295,3.184094872325659,2.98521089181304,3.4530522082932293,3.6361398906446993,3.878008573781699,3.435118523426354
tt_14.1h,2.865218870341778,,,1.9050482409074903,3.560087130405009,3.5008440539240837,3.5008440539240837,3.431398923974484,3.361063363030553,,3.240294042509049,3.32173777744174,4.373605513013899,3.206832591444254,2.1217576870694757,2.5948338620364666,3.267776336055249,3.5641769249923527,3.5641769249923527,3.978830645326525,3.3293876848183572,3.4672691696323454,4.167486052494496,3.019194944296032,2.4970301995053887,3.759241374209523,3.0746018439531326,,,3.3839442813768983,3.6983365127816796,3.017071665264666,3.139020864851773,3.224649062845856,,5.089256237260997,5.089256237260997,3.6728112515993416,2.922854787670076,5.450428034178913,3.4160292013548315,3.4160292013548315,4.918033775873482,4.204089194070548,,2.8706050640903413,2.660045732278377,3.892989140935242,4.492796866223216,3.1560184359550476,3.2883202680386603,2.522529308218509,2.9526079152710736,3.4957639668136835,4.669753552414477,5.769202544819564,3.9467322980053723,4.080314225517213,4.2600519470870495,5.740153013262898,4.843295937869698,4.2059847000055015,3.7349443989805877,4.5806651916354895,4.153795394580811,2.6503102839924395,2.66983884293586,3.3106883033178747,,3.7547628195025027,4.658844448626041,4.4469187636859715,3.217663495801389,3.4042692822404206,2.9579842048697174,3.34194361185655,,3.9144656900316477,5.7764564380049706,2.7653931020759046,2.552632984239608,4.159887752030045,3.061154982075095,,,2.5326732653193176,2.4668923020362854,2.545746227260679,3.6927962582558393,2.83786301035434,2.827744292560965,3.1827095756307244,2.98497414868325,3.45098667871207,3.6313181570731103,3.8832264626398683,3.4315520403906703
tt_14.2h,2.862275036983192,,,1.9022085932083428,3.5562861249782145,3.496837527025491,3.496837527025491,3.4422120335511863,3.3665460445918143,,3.2367477803491056,3.316038732882589,4.3738201581873,3.2040172638371587,2.116019057109952,2.590675154235214,3.265445628669113,3.560972386971116,3.560972386971116,3.974114869721234,3.3293876848183572,3.466966800391674,4.173545312602073,3.023734315764159,2.4931427454575896,3.752301089465618,3.073423224966973,,,3.38382017146796,3.694723691791296,3.015976794064045,3.1367645021528006,3.2200772375799716,,5.1060950411483645,5.1060950411483645,3.6698857778683305,2.9175619957968593,5.4534058924764395,3.422015736810863,3.422015736810863,4.91731207864359,4.204089194070548,,2.866749291308224,2.657259608618915,3.897461832500994,4.502898807171732,3.144401546102017,3.2822023667395115,2.522258060052991,2.950673095881939,3.4831449864432216,4.668234804179519,5.769202544819564,3.941200667526573,4.079671221785247,4.258161958772689,5.739562465809286,4.84244712209329,4.202410431578755,3.7311993236653507,4.583942355122417,4.1578736254014075,2.6448108591139317,2.669299229979515,3.308534102514386,,3.7548170895315707,4.645644575357437,4.4469187636859715,3.216098951175809,3.4014498898759484,2.957015549298376,3.3396180397830904,,3.91108126193285,5.776734479237348,2.765298241749406,2.552359338849783,4.156145649496466,3.0566346277482808,,,2.5289666461758316,2.4628361547365785,2.545746227260679,3.6897975048050284,2.8362299436703324,2.825532437302172,3.181295081973076,2.9847455760464072,3.4489564853720367,3.6313181570731103,3.8804223090410233,3.427952766418457
tt_14.3h,2.859364645089954,,,1.899401469156146,3.5581107339821756,3.499514423776418,3.499514423776418,3.435737080872059,3.3496116725727916,,3.2332615945488214,3.310415013227612,4.374019435141236,3.201273094397038,2.1034981962293386,2.5865779919549823,3.2631617533043027,3.5577936223708093,3.5577936223708093,3.969421485438943,3.3271383685059845,3.466671438422054,4.169405763503164,3.023734315764159,2.4893345143646,3.752301089465618,3.0723010655492544,,,3.3837008476257324,3.6911545377224684,3.014904659707099,3.1367645021528006,3.215597990434617,,5.1227888078428805,5.1227888078428805,3.666971694678068,2.912324166391045,5.453554532025009,3.41352025186643,3.41352025186643,4.91731207864359,4.193857712205499,,2.8700511981733143,2.654492870438844,3.901939048897475,4.494039219804108,3.144401546102017,3.276008259970695,2.5219660196453333,2.9487462611868978,3.480500617995858,4.66674153553322,5.769376132171601,3.9442000798881054,4.084165474399924,4.256302822846919,5.738970913924277,4.841623487882316,4.198897178284824,3.7274961350485682,4.587145708501339,4.1578736254014075,2.6393503146246076,2.6687998310662806,3.3063904303126037,,3.7548668473027647,4.646335500758141,4.427586581557989,3.2145600472576916,3.395920388866216,2.9560669604688883,3.3372197723947465,,3.904458608943969,5.777011139784008,2.7652082699351013,2.552085243165493,4.15842330083251,3.0522799831815064,,,2.5337701006792486,2.458852828014642,2.5401725159026682,3.6868290910497308,2.8346086447127163,2.8233135119080544,3.179991316050291,2.9845250053331256,3.455693854484707,3.6266957633197308,3.877646552864462,3.4245186736807227
tt_14.4h,2.867164096329361,,,1.8868141155689955,3.5581107339821756,3.495558525901288,3.495558525901288,3.429315216373652,3.3496116725727916,,3.2297714692540467,3.3048664228990674,4.374204174615443,3.198522351216525,2.0978775015100837,2.582557441201061,3.2706008879467845,3.55472672265023,3.55472672265023,3.964772494044155,3.324923602398485,3.4663829701021314,4.165324156638235,3.0191413438878953,2.4855824508704245,3.756583063863218,3.0711989593692124,,,3.3835861566476524,3.6876315693371,3.0138551089912653,3.134505537804216,3.2080819704569876,,5.133038460277021,5.133038460277021,3.6640766747295856,2.9070827765390277,5.4565250114537776,3.4051599530503154,3.4051599530503154,4.916603401768953,4.183781721629202,,2.866195436567068,2.6517698974348605,3.9064193102531135,4.504122049082071,3.141837675124407,3.276008259970695,2.521678211633116,2.9468549550510943,3.4778992920182645,4.665273315273225,5.769559170119464,3.9442000798881054,4.083533735945821,4.254474311601371,5.738378566224128,4.84081222768873,4.195429070852697,3.7238340005278587,4.590255741029978,4.145844979211688,2.633959277998656,2.6687998310662806,3.3041643663309515,,3.754912333097309,4.647012569475919,4.451104136649519,3.2130461866036057,3.3932173596695065,2.9551017014309764,3.3347772751003504,,3.901198783889413,5.777286388445646,2.7651229659095407,2.5518145635724068,4.154741739388555,3.0480931983329356,,,2.5301126106642187,2.4549470162019134,2.5346543584018946,3.6838928665965796,2.83301221113652,2.821144578512758,3.1786307194270194,2.988718655426055,3.4536640155129135,3.622001690324396,3.877646552864462,3.4210012601688504
tt_14.5h,2.864245815668255,,,1.88405517116189,3.5542324408888817,3.495558525901288,3.495558525901288,3.433636342640966,3.339083935134113,,3.226399545557797,3.299335984978825,4.374375103972852,3.195887637324631,2.092227869667113,2.5785511624999344,3.2683126437477767,3.551673247013241,3.551673247013241,3.9601883036084473,3.3227432798594236,3.4661012943834066,4.161294604185969,3.014608097728342,2.481830781791359,3.749754067044705,3.0689893756061792,,,3.383475948125124,3.6841510757803917,3.012827882077545,3.1322773415595293,3.203595178667456,,5.133038460277021,5.133038460277021,3.6612033848650753,2.901909585110843,5.459489111788571,3.3970141182653606,3.3970141182653606,4.904562572482973,4.198068162892014,,2.862386043649167,2.649080211762339,3.9109016903676093,4.4952912838198245,3.1392622026614845,3.2650069226510823,2.5214050277136266,2.9449886702932417,3.4778992920182645,4.663829796481878,5.7580824084579945,3.938750533387065,4.082916090730578,4.252675604075193,5.737785622477531,4.840013246517628,4.19200553977862,3.72021281439811,4.593308738898486,4.157257191836834,2.6285974835045636,2.6684320806525648,3.3020554804243147,,3.754953776486218,4.6476761172525585,4.431819679681212,3.211557266302407,3.3905520834960043,2.954156503546983,3.3325140443630517,,3.897972744423896,5.777560189832002,2.765042115934193,2.551597866229713,4.154741739388555,3.0533667597919703,,,2.526533067692071,2.4510699696838856,2.529161211103201,3.68098597927019,2.8313862597569823,2.8190007605589926,3.1773376846686006,2.9885033136233687,3.45166890649125,3.6175294765271246,3.8749150773510337,3.4176448294892907
tt_14.6h,2.861400497611612,,,1.8813238027505577,3.550397858954966,3.4916633465327322,3.4916633465327322,3.433636342640966,3.322460531257093,,3.2230483507737517,3.293913495261222,4.374531848821789,3.1998893315903842,2.0867142705246806,2.5746193220838904,3.266069912351668,3.5486173052340746,3.5486173052340746,3.9556256379000843,3.3205970292910933,3.465826304629445,4.157316563650966,3.0189857874065638,2.478098191320896,3.749754067044705,3.0679153059609234,,,3.383370075840503,3.680713152512908,3.0118227219209075,3.118758994154632,3.19927348010242,,5.1495484402403235,5.1495484402403235,3.658353225328028,2.8968082345090806,5.462399340234697,3.3970141182653606,3.3970141182653606,4.903866732958704,4.188018947839737,,2.858647685032338,2.646404176019132,3.9146233312785625,4.486566808540374,3.1367487674579024,3.2589324582368135,2.5211569126695395,2.9431436294689775,3.4813888357020915,4.66241057543084,5.758286454249173,3.941757940221578,4.082312324550003,4.250887155532837,5.73719227546826,4.839226445183158,4.188626057934016,3.7166212303563952,4.596287362743169,4.149936902336776,2.623294794000685,2.668050101492554,3.3000003611668944,,3.754991399589926,4.648326441645622,4.436089804396033,3.2100930036976933,3.387924279551953,2.9532312816008925,3.3302804403938353,,3.8947626454755664,5.777832509949803,2.7649655221030116,2.551356756594032,4.151100870221853,3.0533667597919703,,,2.522979627829045,2.4472043546848,2.5237675672397017,3.678107067476958,2.829807374160737,2.81687118858099,3.176065471023321,2.9885033136233687,3.449708019848913,3.6130288569256663,3.8722274196334183,3.4142472059465945
tt_14.7h,2.858580614440143,,,1.8786121075972915,3.552187404129654,3.478242610115558,3.478242610115558,3.427580642979592,3.322460531257093,,3.219653233420104,3.2885364601388574,4.374675233382732,3.197204001247883,2.0812949766404927,2.5706923441030085,3.263872170355171,3.545607282780111,3.545607282780111,3.951105352025479,3.3184846765361726,3.465557887684554,4.1533841509372,3.0189857874065638,2.474451475776732,3.754060126375407,3.0668614809401333,,,3.3832683977670968,3.677316767629236,3.0108497166074812,3.1165126734413207,3.1949544581584632,,5.16588141117245,5.16588141117245,3.655495561193675,2.891739336773753,5.465481079183519,3.4029824300669134,3.4029824300669134,4.903183546848595,4.178105352912098,,2.854914555326104,2.6437790975905955,3.91908365720883,4.480434099212289,3.1341959019191563,3.2530430001206696,2.5209006629884243,2.941337380092591,3.478838274255395,4.661015252117068,5.758499420713633,3.9364048801362514,4.0817221738398075,4.249147440306842,5.736598713323474,4.838451722171158,4.1852755402214825,3.713083108421415,4.59919044142589,4.1614065314643085,2.6180235538631678,2.667674637399614,3.297979253344238,,3.75502541474998,4.648963734507561,4.436089804396033,3.213557262904942,3.3853335403837264,2.9523280626162887,3.3302804403938353,,3.891605870332569,5.778103314340115,2.7648929986171424,2.5511231292039156,4.147500935010612,3.049128663726151,,,2.519483281765133,2.4396972111426294,2.5184258865192533,3.6646525505930185,2.8314437330700457,2.814769035205245,3.174851487390697,2.9882957809604704,3.4477808927185833,3.617014840710908,3.8774446323513985,3.410949748940766
tt_14.8h,2.8557866369374096,,,1.8759564943611622,3.552187404129654,3.474380117841065,3.474380117841065,3.421448943205178,3.3279362143948674,,3.2163598383776844,3.283230759203434,4.374806045554578,3.194591864477843,2.0759096518158913,2.5668494417332113,3.261718464549631,3.542762817349285,3.542762817349285,3.9466285705566406,3.3058371380902827,3.4652959406375885,4.1533841509372,3.0145564693957567,2.4708458655513823,3.7473513511940837,3.054732291959226,,,3.3831707751378417,3.6739613744430244,3.0098879607394338,3.1143848057836294,3.1907641142606735,,5.176041272003204,5.176041272003204,3.6526977051980793,2.8866758393123746,5.465481079183519,3.3947778521105647,3.3947778521105647,4.903183546848595,4.182307352311909,,2.851179705001414,2.641152589581907,3.9235216937959194,4.471738012973219,3.1317172371782362,3.2472680849023163,2.5206560688093305,2.9395176987163723,3.4763293182477355,4.659643496386707,5.75872108573094,3.9364048801362514,4.081145318225026,4.247436332050711,5.73600511578843,4.8376889755018055,4.181982864160091,3.709583554416895,4.602018147241324,4.1614065314643085,2.6128664342686534,2.667310430202633,3.301696965005249,,3.755056026391685,4.6495885057374835,4.417236432433128,3.2121184580028057,3.3827792331576347,2.9514839951880276,3.328063616063446,,3.888481558766216,5.778372576460242,2.764824361540377,2.55088384822011,4.149821557570249,3.044931456912309,,,2.5160372597165406,2.43599897576496,2.5131152039393783,3.661807470023632,2.8314437330700457,2.8126923544332385,3.1735746525228024,2.9880958809517324,3.44590312987566,3.612487851176411,3.874788491986692,3.4077572249807417
tt_14.9h,2.8530494226142764,,,1.8733625230379403,3.5484697544015944,3.470559095032513,3.470559095032513,3.4097174829803407,3.3114029355347157,,3.213105654809624,3.2876705951057374,4.374925033655018,3.192020508926362,2.0759096518158913,2.563020395115018,3.2668545693159103,3.5398301715031266,3.5398301715031266,3.942214255221188,3.3037680638954043,3.4650403540581465,4.143281951546669,3.010213618632406,2.467309500090778,3.7473513511940837,3.0536988265812397,,,3.383077071979642,3.6793607557192445,3.008947358932346,3.1122967079281807,3.1865525818429887,,5.192135599907488,5.192135599907488,3.6499290983192623,2.881706507410854,5.468354798853397,3.3870317260734737,3.3870317260734737,4.907246739137918,4.182307352311909,,2.847484044265002,2.638556508347392,3.9235216937959194,4.473008345812559,3.129374514799565,3.2472680849023163,2.5204157480038702,2.9377605291083455,3.4763293182477355,4.6569691728800535,5.758951232768595,3.923315988853574,4.0805815304629505,4.245753038674593,5.739921165630221,4.836938097141683,4.178732450585812,3.709583554416895,4.604770630598068,4.16557382280007,2.607711024582386,2.6669238228350878,3.2996238893829286,,3.755083430558443,4.650206919293851,4.421592209953815,3.2107034334912896,3.3802524474449456,2.9506587935611606,3.325855316594243,,3.8853894425556064,5.778640270233154,2.7647594292648137,2.5506744445301592,4.1462792861275375,3.0408822330646217,,,2.5126376296393573,2.4323532823473215,2.507904577534646,3.6589901256375015,2.8298505898565054,2.8106436375528574,3.172379657626152,2.9879034250043333,3.4440421001054347,3.6081224102526903,3.8721746914088726,3.4122981638647616
tt_15.0h,2.8503369530662894,,,1.8708146438002586,3.5446780379861593,3.470559095032513,3.470559095032513,3.4097174829803407,3.295302091166377,,3.2098992066457868,3.28251243615523,4.379817370325327,3.189454648643732,2.0705893603153527,2.559255773201585,3.264739428181201,3.5369119797833264,3.5369119797833264,3.9378197072073817,3.3017324414104223,3.464791018050164,4.1394001808948815,3.0144058549776673,2.4637350239790976,3.735527949873358,3.052684840746224,,,3.382987156510353,3.676040177233517,3.0080278324894607,3.1102209286764264,3.1907546878792346,,5.192135599907488,5.192135599907488,3.6471859416924417,2.8767176223918796,5.471199070569128,3.3791422406211495,3.3791422406211495,4.906575967092067,4.172569145914167,,2.8438316104002297,2.636027539614588,3.9279372664168477,4.473008345812559,3.1338896774686873,3.252368837594986,2.5201865332201123,2.9360103234648705,3.479816711973399,4.655665854923427,5.759189646691084,3.9180571315810084,4.080030532088131,4.244097160641104,5.739319413900375,4.836198984179646,4.1755237793549895,3.706123828422278,4.607427473179996,4.177067967597395,2.602673769928515,2.6714829900301993,3.2996238893829286,,3.7551078144460917,4.650818792637438,4.421592209953815,3.209312019404024,3.377769053913653,2.9497862877324224,3.323652733117342,,3.882328912615776,5.778906361199915,2.7646980308927596,2.5504630296491086,4.1462792861275375,3.036795952823013,,,2.509274779353291,2.4287254167720675,2.5027645942755044,3.656199837103486,2.8283145567402244,2.808609218802303,3.17123258812353,2.9759791889227927,3.442213207948953,3.603798265568912,3.869601888116449,3.4090442690066993
tt_15.1h,2.8476412957534194,,,1.8683161339722574,3.530395642388612,3.4732504920102656,3.4732504920102656,3.4035653797909617,3.295302091166377,,3.2067051897756755,3.277372683864087,4.379918408580124,3.1869994993321598,2.0742091056890786,2.555531315971166,3.264739428181201,3.534182157367468,3.534182157367468,3.94157181866467,3.299744007177651,3.464547830168158,4.135562867857516,3.0102498838678002,2.4602521071210504,3.7289536939933896,3.0516902823001146,,,3.3829009011387825,3.6727596521377563,3.007127652410418,3.1081386995501816,3.1907546878792346,,5.2080212803557515,5.2080212803557515,3.644475428853184,2.871816239785403,5.45813993178308,3.3766909963451326,3.3766909963451326,4.90591750619933,4.160648962017149,,2.8401949140243232,2.6335192159749568,3.9323268537409604,4.464413944631815,3.1315008299425244,3.2466415097005665,2.5199647499248385,2.934309500735253,3.477352676447481,4.654384690336883,5.759436112828553,3.9180571315810084,4.0794920534826815,4.249821866862476,5.7387181064113975,4.835471529979259,4.172356363851577,3.702690369449556,4.610027243383229,4.1697600479237735,2.59760401211679,2.6710824761539698,3.297631221357733,,3.7551293577998877,4.651423734612763,4.409861827734858,3.2079437943175435,3.3753203423693776,2.948226305190474,3.321552576497197,,3.8792820046655834,5.7791708167642355,2.7646400025114417,2.538874467369169,4.142776633612812,3.032834661193192,,,2.505991871934384,2.4251767084933817,2.497649313416332,3.6534404358826578,2.826750594191253,2.8066036482341588,3.1700162342749536,2.975791941396892,3.4404160738922656,3.599541996140033,3.867070290725678,3.4059049007482827
tt_15.2h,2.852464427240193,,,1.8658252409659326,3.5266776233911514,3.4694780856370926,3.4694780856370926,3.4080605818890035,3.3008798505179584,,3.203541152179241,3.2722507547587156,4.380009313579649,3.184525510761887,2.0690061571076512,2.559452191926539,3.2626665798015893,3.53136395663023,3.53136395663023,3.93722223630175,3.2977752978913486,3.464310683775693,4.13177995570004,3.0102498838678002,2.4568056166172028,3.7398356990888715,3.050714979413897,,,3.3828181801363826,3.669523423537612,3.0062468671239913,3.1061090365983546,3.1866615363396704,,5.201905200257897,5.201905200257897,3.6417925520800054,2.8621645718812943,5.46097154263407,3.3688280289061368,3.3688280289061368,4.9052711529657245,4.151049275882542,,2.8366223187185824,2.6310313888825476,3.93669216055423,4.474273794796318,3.1292249825783074,3.240911938715726,2.5197671419009566,2.932644954882562,3.474936192855239,4.653134984429926,5.759690421167761,3.9210798228159547,4.078965826891363,4.249821866862476,5.73811739962548,4.834755624178797,4.169215278699994,3.6907182643190026,4.6125509683042765,4.181311738677323,2.5926681901328266,2.6707462035119534,3.2957481225021183,,3.75514823384583,4.652021571993828,4.409861827734858,3.2079437943175435,3.372906258329749,2.947446155361831,3.325649380683899,,3.876286634709686,5.779433750081807,2.7645851895213127,2.5386619428172708,4.139313526917249,3.028952333610505,,,2.5027268868871033,2.421672692988068,2.4925640295259655,3.650708681438118,2.8252090006135404,2.804596334695816,3.1688824384473264,2.9756118790246546,3.438650123309344,3.5952471746131778,3.8645968292839825,3.4027815964072943
tt_15.3h,2.8498272034339607,,,1.8633584952913225,3.5266776233911514,3.4657470914535224,3.4657470914535224,3.4023739267140627,3.28497854154557,,3.200434525962919,3.267215957865119,4.380090716294944,3.1820992552675307,2.063869062345475,2.5557585465721786,3.260635271202773,3.5286266962066293,3.5286266962066293,3.9329141112975776,3.295839357189834,3.4640794727019966,4.128045664168894,3.0060064080171287,2.453402648214251,3.733224985655397,3.0497897448949516,,,3.3827388724312186,3.6663249442353845,3.0053849006071687,3.104081417899579,3.1825698069296777,,5.217475805431604,5.217475805431604,3.6297251344658434,2.857324346434325,5.46097154263407,3.361115147359669,3.361115147359669,4.9052711529657245,4.151049275882542,,2.8330261153168976,2.6285825544036925,3.941031841095537,4.4657072382979095,3.1269216663204134,3.2353432662785053,2.5193675332702696,2.9309538756497204,3.4784174379892647,4.651896986644715,5.759952363092452,3.9159130160696805,4.078451675828546,4.248182612936944,5.73751744069159,4.8340511582791805,4.1661292454227805,3.687322868499905,4.614999671466649,4.169471595436335,2.5877561792731285,2.6703800801187754,3.2938311053439975,,3.7551646060310304,4.652612340636551,4.391499575227499,3.2065981989726424,3.3705263123847544,2.9466727315448225,3.323583286255598,,3.8733238601125777,5.7796974666416645,2.7645334391854703,2.5384496175684035,4.125570336356759,3.034159641712904,,,2.4995177048258483,2.4182057031430304,2.4875971539877355,3.648004992865026,2.8266554842703044,2.8026260202750564,3.167815499007702,2.9756118790246546,3.4369149948470294,3.591081688180566,3.8645968292839825,3.399709570687264
tt_15.4h,2.847202935256064,,,1.8609364544972777,3.5284990603104234,3.4657470914535224,3.4657470914535224,3.4023739267140627,3.28497854154557,,3.1973271309398115,3.267215957865119,4.380163216497749,3.1796811688691378,2.0587636954151094,2.5521409972570837,3.258644627407193,3.5259234039112926,3.5259234039112926,3.9286677008494735,3.295839357189834,3.463854099623859,4.124359471257776,2.9942162758670747,2.4500541775487363,3.726761518511921,3.04885160503909,,,3.3826628592796624,3.663165300153196,3.0045417929068208,3.102070285473019,3.178621606901288,,5.217475805431604,5.217475805431604,3.627071601804346,2.8525650138035417,5.463749980553985,3.3537924317643046,3.3537924317643046,4.909334215335548,4.141609763726592,,2.829457557760179,2.6261353893205523,3.9286430082283914,4.466995750088245,3.124629686586559,3.2461545378901064,2.5191831355914474,2.9293225216679275,3.4784174379892647,4.650680085178465,5.764661742839962,3.910841149277985,4.077949304133654,4.246569899376482,5.73751744069159,4.842640127521008,4.163082834333181,3.6839818963781,4.6173738883808255,4.169471595436335,2.582911804318428,2.6700675496831536,3.29190892027691,,3.7551786326803267,4.653195903636515,4.395962061360478,3.205274917650968,3.368180049583316,2.945931250695139,3.3215648350305855,,3.8703931686468422,5.779961854685098,2.7644846006296575,2.538256699219346,4.122163050342351,3.0302844224497676,,,2.496382745914161,2.4147719885222614,2.482669197022915,3.645326851401478,2.8251589010469615,2.800673739053309,3.1667027859948575,2.9754388104192913,3.4352102507837117,3.5869856998324394,3.8536665947176516,3.396667350549251
tt_15.5h,2.8446288178674877,,,1.85856993496418,3.5248957849107683,3.462074284441769,3.462074284441769,3.396665994543582,3.29045388661325,,3.194284309167415,3.2622448662295938,4.380227385088801,3.177331125829369,2.053741392213851,2.548529413063079,3.2637613681145012,3.523278005886823,3.523278005886823,3.924440557602793,3.29393553128466,3.4636344546452165,4.120715572498739,2.9901577411219478,2.44668460264802,3.737521756440401,3.0479318513534963,,,3.382590026129037,3.660043677780777,3.0037170578725636,3.1046590670011938,3.174792366567999,,5.227320532314479,5.227320532314479,3.6244495981372893,2.8478734949603677,5.466758563648909,3.3596281823702157,3.3596281823702157,4.908699751831591,4.145784460008144,,2.8259325358085334,2.623735028319061,3.9329522410407662,4.466995750088245,3.124629686586559,3.240595157723874,2.51900836545974,2.927673735655844,3.4760445030406117,4.649483940098435,5.764661742839962,3.9189430265687406,4.077458486892283,4.244983289856464,5.736918376293033,4.841936506796628,4.16007557278499,3.6806777892634273,4.619673825334758,4.18104788614437,2.5719093065708876,2.6697541074827313,3.2900802800431848,,3.7551904642023146,4.653772129211575,4.395962061360478,3.203984103631228,3.3658671136945486,2.9452086109668016,3.319486773572862,,3.8674942306242883,5.780226812697947,2.764438532758504,2.5380823938176036,4.118793706409633,3.026504992507398,,,2.4932564524933696,2.411400293931365,2.4868661276996136,3.6426748423837125,2.8251589010469615,2.7987384875304997,3.1656087222509086,2.9795957254245877,3.4399193236604333,3.582828916143626,3.8512031035497785,3.3936328859999776
tt_15.6h,2.8446288178674877,,,1.8562464970164,3.5212559681385756,3.4647627281956375,3.4647627281956375,3.4009323604404926,3.274861432146281,,3.1912604602985084,3.2572933016344905,4.380283761769533,3.1750082671642303,2.048833412118256,2.5450149797834456,3.2618059697560966,3.5206477637402713,3.5206477637402713,3.9202538463287055,3.292063917964697,3.463420430198312,4.1266585336998105,2.9861041135154665,2.443396470975131,3.73102234210819,3.0470302496105433,,,3.3825202602893114,3.6569597707130015,3.002910355105996,3.1027054358273745,3.178994649555534,,5.242586022708565,5.242586022708565,3.621866919565946,2.8431982309557498,5.469501011073589,3.3522621551528573,3.3522621551528573,4.908077038824558,4.136477062013,,2.822432487271726,2.6213594265282154,3.937234581913799,4.458558757789433,3.122482811100781,3.235020593740046,2.5188452266156673,2.92609917325899,3.473713238723576,4.648308229632676,5.764942260924727,3.913866061717272,4.076979039236903,4.243422269821167,5.736320342402905,4.841244227252901,4.157106983475387,3.6774090696126223,4.62188022211194,4.173774842638522,2.5670865550637245,2.669465004466474,3.2882888191379607,,3.7552002435550094,4.656755150761455,4.400421716738492,3.2027062964625657,3.3635785281658173,2.9445044258609414,3.3174219392240047,,3.864607810974121,5.780492249876261,2.7701682350598276,2.5378902689553797,4.118793706409633,3.026504992507398,,,2.4902049233205616,2.4080939921550453,2.481959764380008,3.6400482235476375,2.8236658349633217,2.7968446342274547,3.1645548082888126,2.9794277627952397,3.4382444778457284,3.5910334596410394,3.8487981581129134,3.390716561116278
tt_15.7h,2.8421218316070735,,,1.8562464970164,3.5212559681385756,3.4611375690437853,3.4611375690437853,3.394982648547739,3.2597529902122915,,3.1882567000575364,3.252390037756413,4.380332859698683,3.17266260413453,2.0439175409264863,2.54148707119748,3.259889708366245,3.5155054554343224,3.5155054554343224,3.9161061150953174,3.2956035966053605,3.4632119331508875,4.1230622990988195,2.9861041135154665,2.440146821551025,3.7246642522513866,3.0461467085406184,,,3.3824534532614052,3.6539174895733595,3.0021215989254415,3.10079143056646,3.1750503112562,,5.2575956718064845,5.2575956718064845,3.6193013601005077,2.8385438681580126,5.4722146559506655,3.3522621551528573,3.3522621551528573,4.907465943135321,4.136477062013,,2.8189626135863364,2.6190129751339555,3.9414885034784675,4.443765567615628,3.1203210838139057,3.229694169946015,2.5186864156275988,2.9245167360641062,3.4610883770510554,4.647152662742883,5.765229906886816,3.9088820852339268,4.076510658953339,4.241886513773352,5.735723469406366,4.840563171543181,4.154162133578211,3.674178353510797,4.624029839411378,4.185391483362764,2.56238154694438,2.669465004466474,3.28650383092463,,3.755208108574152,4.657330886926502,4.38296539708972,3.201450098771602,3.361330328974873,2.943788980599493,3.3154720454476774,,3.861773742828518,5.78075806517154,2.770123607479036,2.5377157856710255,4.121176696382463,3.0227224589325488,,,2.4871847820468247,2.4048006176017225,2.477133764885366,3.6374510312452912,2.8221674617379904,2.7949943388812244,3.163572798948735,2.9792665038257837,3.4365991400554776,3.5868610977195203,3.8464127806946635,3.387823457829654
tt_15.8h,2.839612098876387,,,1.8539939443580806,3.52318098442629,3.4575358484871686,3.4575358484871686,3.394982648547739,3.2642478705383837,,3.1853208411484957,3.2475693207234144,4.380389385856688,3.170365102123469,2.039093753322959,2.5380371818318963,3.259889708366245,3.512941480614245,3.512941480614245,3.912018062081188,3.293774262536317,3.4630088610574603,4.1230622990988195,2.9903713800013065,2.4369583521038294,3.7352891759946942,3.045280920341611,,,3.3823894993402064,3.6509109092876315,3.001350420061499,3.10079143056646,3.1750503112562,,5.2575956718064845,5.2575956718064845,3.616763025522232,2.833964478690177,5.4722146559506655,3.344979776535183,3.344979776535183,4.911530098877847,4.140650299377739,,2.815513120032847,2.616706541739404,3.945712426211685,4.443765567615628,3.124783630017191,3.2243235940113664,2.5185320107266307,2.9229712788946927,3.4610883770510554,4.64601692231372,5.76549807889387,3.916903027333319,4.076510658953339,4.240375383757055,5.735127883497626,4.839893226046115,4.151269975118339,3.6709718415513635,4.626106385607272,4.189775720238686,2.557664958294481,2.669159688986838,3.284758809953928,,3.755214189644903,4.657898805104196,4.38296539708972,3.200214914046228,3.3591138469055295,2.943121370393783,3.3135470035485923,,3.858971054200083,5.781024159863591,2.770123607479036,2.5377157856710255,4.117861249484122,3.0189992962405086,,,2.484195228200406,2.4015341261401772,2.4723915145732462,3.6348805748857558,2.8206810588017106,2.7931423392146826,3.162516985088587,2.9791249809786677,3.434982830658555,3.5828917035833,3.8440657262690365,3.3849238525144756
tt_15.9h,2.8371336949057877,,,1.8574921800754964,3.519654202274978,3.4575358484871686,3.4575358484871686,3.399456627201289,3.249079289380461,,3.182384222280234,3.242840252816677,4.38042535725981,3.1681554447859526,2.0343693564645946,2.534616891294718,3.2580117667093873,3.510456836782396,3.510456836782396,3.907947553321719,3.291976924519986,3.462811106815934,4.119507331866771,2.9864317048341036,2.4306044802069664,3.728913251776248,3.0444327308796346,,,3.382328295148909,3.647940923925489,3.0005967230536044,3.0988665209151804,3.171225629746914,,5.267174358014017,5.267174358014017,3.6142494487576187,2.8293698839843273,5.4748996971175075,3.3377893371507525,3.3377893371507525,4.911530098877847,4.131489117629826,,2.812110777478665,2.6121714268811047,3.9499051673337817,4.445057046599686,3.1227016379125416,3.234954543877393,2.518378316424787,2.9214330269023776,3.4587990874424577,4.644900689832866,5.765799359884113,3.9119303510524333,4.076053143944591,4.238888551015407,5.73453406477347,4.839234275743365,4.148415028117597,3.6678143315948546,4.629666097927839,4.189775720238686,2.557664958294481,2.673690193798393,3.2829651134088635,,3.755218611564487,4.658458787016571,4.387662962079048,3.199001053813845,3.3569291154854,2.9424712797626853,3.3116730274632573,,3.8561988323926926,5.781290444545448,2.770081549882889,2.5375613844953477,4.114583139307797,3.0153482519090176,,,2.4812803817912936,2.3983113984577358,2.467671544291079,3.6323371562175453,2.806144307833165,2.7913145581260324,3.161526377312839,2.978976529557258,3.433395158033818,3.5789327835664153,3.841755444649607,3.382079872302711
tt_16.0h,2.834687831811607,,,1.8552440158091486,3.5162757439538836,3.460248284973204,3.460248284973204,3.3940974958240986,3.234177895821631,,3.1794928908348083,3.2381688710302114,4.38042535725981,3.1659740321338177,2.037938602268696,2.531236188020557,3.2470093755982816,3.508018003311008,3.508018003311008,3.903914312366396,3.2902109418064356,3.466763304080814,4.116003532428294,2.9826098293997347,2.4275055676698685,3.722670457791537,3.0435873423703015,,,3.3822697405703366,3.64500690670684,2.999860120471567,3.0970490048639476,3.1674547465518117,,5.281790592707694,5.281790592707694,3.6117650545202196,2.8248371072113514,5.477889106143266,3.3435836960561574,3.3435836960561574,4.910930361133069,4.131489117629826,,2.8087362204678357,2.6099262717179954,3.9540662481449544,4.436759014613926,3.1206145989708602,3.229537436272949,2.5182310049422085,2.919909871183336,3.4565498079173267,4.643803648184985,5.766107162926346,3.9070153175853193,4.0805380321107805,4.2374254781752825,5.733948510140181,4.838586203753948,4.145596776623279,3.6646929355338216,4.631661005783826,4.194165091961622,2.553069880232215,2.6733954828232527,3.281232578214258,,3.755221493076533,4.658458787016571,4.387662962079048,3.1978084268048406,3.354775518644601,2.9418384241871536,3.309756982140243,,3.8534566587768495,5.781554881948978,2.7700419276952744,2.537393419072032,4.111342006828636,3.0205381475389004,,,2.4783619358204305,2.3951460397802293,2.4629798703826964,3.6298183160834014,2.8046707487665117,2.7894933191128075,3.160540466196835,2.9832730628550053,3.4318357878364623,3.5749845430254936,3.846924009732902,3.3792342939414084
tt_16.1h,2.823451437521726,,,1.8530690101906657,3.5215384042821825,3.456692931242287,3.456692931242287,3.3886072607710958,3.2545639015734196,,3.176628957968205,3.233520316891372,4.380455432459712,3.1537742214277387,2.033304997254163,2.527891484554857,3.245164374820888,3.5055806385353208,3.5055806385353208,3.899920172523707,3.288476499263197,3.466570644173771,4.112545163370669,2.9787386897951365,2.4244569959118962,3.7170768375508487,3.0427740272134542,,,3.3822137392126024,3.6421083719469607,2.9991403757594526,3.095123673323542,3.171653151512146,,5.296041188761592,5.296041188761592,3.6093072248622775,2.8203371819108725,5.480538633652031,3.3366545122116804,3.3366545122116804,4.9103418295271695,4.1356273498386145,,2.805360996630043,2.6077225520275533,3.9540662481449544,4.436759014613926,3.1185277844779193,3.2243532962165773,2.518090605735779,2.9238872164860368,3.4600273608230054,4.642725487239659,5.766421295236796,3.8988529136404395,4.080088745802641,4.243126459419727,5.737741820048541,4.8379488862119615,4.142814828082919,3.661607555579394,4.633584807161242,4.194165091961622,2.548496446572244,2.673102058004588,3.279596444219351,,3.7552229459397495,4.659010729752481,4.3759960238821805,3.19663622463122,3.35265294322744,2.94122252240777,3.307892951183021,,3.8507444192655385,5.781821236945689,2.77000461705029,2.537221720907837,4.111342006828636,3.016884599812329,,,2.4755272483453155,2.3920344039797783,2.4583956450223923,3.6325297276489437,2.8032029289752245,2.7876909407787025,3.159582993015647,2.9831232000142336,3.430304184090346,3.5711222789250314,3.846924009732902,3.3765386920422316
tt_16.2h,2.8210534532554448,,,1.8508759536780417,3.518282917328179,3.453176246955991,3.453176246955991,3.3886072607710958,3.2396790334023535,,3.164344404824078,3.228931893594563,4.380480024497956,3.1516261426731944,2.033304997254163,2.524592805188149,3.243356248829514,3.5031693568453193,3.5031693568453193,3.895984096918255,3.286773642990738,3.4663831046782434,4.109131770208478,2.986903467681259,2.421451269183308,3.710829324554652,3.0419776956550777,,,3.382160196080804,3.639247919432819,2.9984371857717633,3.0933417696505785,3.1680288831703365,,5.30990527709946,5.30990527709946,3.606889912392944,2.8158982321619987,5.4831599672324955,3.3366545122116804,3.3366545122116804,4.9097643732093275,4.126625665463507,,2.8020049552433193,2.605539367068559,3.9577546743676066,4.438088932074606,3.11655680090189,3.2191712795756757,2.517968015279621,2.9223902323283255,3.4600273608230054,4.6416658903472126,5.766741555184126,3.893965805415064,4.079649950843304,4.241677117999643,5.737164067104459,4.837322206236422,4.140068794135004,3.658555429428816,4.637222338933498,4.205879305955023,2.5439961878582835,2.6728141456842422,3.2779337344691157,,3.755223078187555,4.659554508514702,4.358612291980535,3.184026001021266,3.3505608565174043,2.9406764968298376,3.30605002399534,,3.8480434785597026,5.782087504863739,2.769969499669969,2.537081372924149,4.113761357497424,3.0133767686784267,,,2.472726985812187,2.388946881983429,2.453855026513338,3.6300425878725946,2.8032029289752245,2.785920625552535,3.1586292246356606,2.9829795341938734,3.4288161383010447,3.567238583229482,3.8446402782574296,3.373780740890652
tt_16.3h,2.8186608916148543,,,1.8487268164753914,3.5148500725626945,3.449698493350297,3.449698493350297,3.376708198338747,3.2250535264611244,,3.161539805587381,3.224395690485835,4.385334813967347,3.1494578244164586,2.028647631406784,2.521333932876587,3.241584215313196,3.5008186157792807,3.5008186157792807,3.895984096918255,3.285115086939186,3.466200585011393,4.115018538199365,2.983062267303467,2.418455582112074,3.7151108598336577,3.0411980296485126,,,3.3821090199053288,3.636421966832131,2.9977504704147577,3.0915420739911497,3.1644121799618006,,5.305080196354538,5.305080196354538,3.60448828432709,2.811438191216439,5.4831599672324955,3.329585846979171,3.329585846979171,4.897744872607291,4.11773931235075,,2.7987191542051733,2.6033871844410896,3.961878045927733,4.438088932074606,3.11458180565387,3.208243257831782,2.517845914233476,2.9209348843432963,3.4578184564597905,4.640624535270035,5.771518232766539,3.8891345094889402,4.0792213887907565,4.240250805858523,5.7365944175980985,4.836706050671637,4.137343950103968,3.655523561872542,4.638916926924139,4.1942477179691195,2.5395506750792265,2.6725513506680727,3.2763327271677554,,3.755221991799772,4.6600898914039135,4.380382359493524,3.182874812744558,3.3484907895326614,2.9400929268449545,3.30427360907197,,3.8453926970250905,5.782353601884097,2.7699364623986185,2.536935749463737,4.110571866855025,3.009805324487388,,,2.477473072707653,2.3858865471556783,2.4493346391245723,3.627578896470368,2.8017344470135868,2.784158423077315,3.1577476863749325,2.9828418702818453,3.4273391482420266,3.56347594037652,3.8423922355286777,3.371113899629563
tt_16.4h,2.8162894886918366,,,1.8465781910344958,3.5115094468928874,3.43979245563969,3.43979245563969,3.3712914446368814,3.2306933770887554,,3.158753825351596,3.219876122660935,4.385350163094699,3.147387697827071,2.0240786927752197,2.5181250823661685,3.239847633522004,3.498525428585708,3.498525428585708,3.89982888661325,3.2834756383672357,3.466022980865091,4.111645427532494,2.9793842365033925,2.4154636077582836,3.7151108598336577,3.0404337770305574,,,3.38206012127921,3.633630955591798,2.9970799000002444,3.0897869504988194,3.1607923302799463,,5.318713995628059,5.318713995628059,3.602111214771867,2.8070070100948215,5.486090378370136,3.335381402168423,3.335381402168423,4.897744872607291,4.114665831904858,,2.7954567642882466,2.6012854538857937,3.9659666144289076,4.439437238499522,3.1126719238236547,3.203099873382598,2.5177231119014323,2.919498218689114,3.4556482057087123,4.639601190574467,5.771855232771486,3.8921954184770584,4.078802858479321,4.238847152329981,5.7360327881760895,4.836100298911333,4.12699374742806,3.6596594136208296,4.640563487075269,4.1942477179691195,2.535145086236298,2.6722981645725667,3.2746868054382503,,3.755219782702625,4.660616877954453,4.363038259092718,3.1817443715408444,3.3464582059532404,2.939525429625064,3.3083417140878737,,3.842771544121206,5.782619439996779,2.7699078507721424,2.5415626880712807,4.107418572064489,3.0063296337611973,,,2.4747146340087056,2.38285069540143,2.4448800389654934,3.6251413519494236,2.803365715313703,2.7722000093199313,3.156848192214966,2.982710014563054,3.4273391482420266,3.5597235006280243,3.8401801213622093,3.368426433298737
tt_16.5h,2.813981121405959,,,1.8444925229996443,3.5006620441563427,3.4363214182667434,3.4363214182667434,3.3661486515775323,3.2306933770887554,,3.1559666744433343,3.2154666292481124,4.385360966436565,3.145268386695534,2.0196010787039995,2.5149448583833873,3.239847633522004,3.4961780216544867,3.4961780216544867,3.8958693356253207,3.2818671404384077,3.4658501958474517,4.108316421508789,2.9757077768445015,2.412540922872722,3.7089864159934223,3.0396865475922823,,,3.38201341079548,3.6308738975785673,2.9964252477511764,3.0924909245222807,3.1607923302799463,,5.3319641328416765,5.3319641328416765,3.5997601342387497,2.8026662464253604,5.488676842302084,3.328568725846708,3.328568725846708,4.897178346756846,4.105786647181958,,2.7922196653671563,2.5991871040314436,3.9700193176977336,4.431306112091988,3.110792235005647,3.203099873382598,2.5176186612807214,2.918048783671111,3.4591238545253873,4.638595568947494,5.772197903133929,3.8921954184770584,4.078394172247499,4.237465643789619,5.735479100141674,4.835504829883575,4.124313622713089,3.6566763264127076,4.642144257668406,4.198745988309383,2.5308180199936032,2.6720381970517337,3.2731698476709425,,3.760699317790568,4.661135428119451,4.346163788344711,3.180634207557887,3.3444546000100672,2.9389737783931196,3.3065482364036143,,3.840179010760039,5.782884931191802,2.7698787064291537,2.5414152783341706,4.104301519691944,3.0028928839601576,,,2.4720031805336475,2.3798807533457875,2.4405104406177998,3.6227271663956344,2.8019085940904915,2.770453923381865,3.15594278043136,2.982583777513355,3.4258886710740626,3.5637762076221406,3.838001628872007,3.365848933812231
tt_16.6h,2.811682811472565,,,1.8424356412142515,3.4973969124257565,3.432889028452337,3.432889028452337,3.3757399995811284,3.2163735539652407,,3.153226814698428,3.2199555775150657,4.385367563460022,3.143198126927018,2.0151791097596288,2.511796114500612,3.244929220993072,3.493890826590359,3.493890826590359,3.891989500261843,3.2854972505010664,3.4656822020187974,4.105025747325271,2.9837149479426444,2.409656799864024,3.7132813408970833,3.0389553224667907,,,3.3819688060320914,3.628150184173137,2.995786245446652,3.090802770573646,3.157278527505696,,5.344813218805939,5.344813218805939,3.5974335120990872,2.798387283924967,5.491234939545393,3.321861097123474,3.321861097123474,4.896622516214848,4.097054129932076,,2.7889943621121347,2.5971128647215664,3.974035975523293,4.431306112091988,3.108875117264688,3.198190925642848,2.517512104474008,2.916642754804343,3.4569924641400576,4.63761699385941,5.772546061314642,3.887446098495275,4.0779950940050185,4.236106043681502,5.73493326921016,4.835504829883575,4.121653935406357,3.653715108986944,4.643660972826183,4.198745988309383,2.5265495046041906,2.6718053217045963,3.2716751848347485,,3.760694938711822,4.661645476706326,4.367413976229727,3.1795433214865625,3.342479827348143,2.938437496777624,3.3048236281611025,,3.837614737916738,5.783149993978441,2.7698513669893146,2.541275633033365,4.1012194766663015,3.0028928839601576,,,2.4693118981085718,2.3769407835789025,2.4361596847884357,3.6227271663956344,2.8004827685654163,2.768743464257568,3.1550900684669614,2.9868624890223145,3.4244645168073475,3.5600522132590413,3.8358581378124654,3.363289695698768
tt_16.7h,2.8094209474511445,,,1.8404511231929064,3.494071749970317,3.429511948954314,3.429511948954314,3.370459127239883,3.202181533444673,,3.150539845228195,3.215607128571719,4.385370275005698,3.141168281901628,2.0107686859555542,2.508689898531884,3.243222559336573,3.4916913751512766,3.4916913751512766,3.8881455692462623,3.2854972505010664,3.465519334189594,4.105025747325271,2.9800020731054246,2.4068383569829166,3.7132813408970833,3.0382400234229863,,,3.3819262250326574,3.6254595909267664,2.995172819122672,3.089071030728519,3.1454167691990733,,5.324218585155904,5.324218585155904,3.595133398193866,2.7940793302841485,5.493788540363312,3.321861097123474,3.321861097123474,4.900689173024148,4.088431464508176,,2.7857856834307313,2.5950766345486045,3.978015004657209,4.416617449373007,3.1152123217470944,3.1932360720820725,2.5174116855487227,2.9152607591822743,3.4569924641400576,4.636645923368633,5.772546061314642,3.890512998215854,4.077605445869267,4.234748852904886,5.7343952166847885,4.827893183100969,4.11904332600534,3.6507990299724042,4.645114784128964,4.203289311379194,2.5222977134399116,2.6715656099841,3.2701346706598997,,3.7606896557845175,4.6621469696983695,4.350343629252166,3.1784715801477432,3.3405338278971612,2.937916414346546,3.3048236281611025,,3.8350789956748486,5.783414552453905,2.769825735129416,2.541160423774272,4.106754340231419,2.991952246055007,,,2.46668429300189,2.374055813997984,2.4318489357829094,3.620391654781997,2.799059809651226,2.767040615901351,3.154247203376144,2.9867351315915585,3.4130669506266713,3.5564277111552656,3.8410095353610814,3.3606896698474884
tt_16.8h,2.8094209474511445,,,1.8384843561798334,3.4907657969743013,3.4322290122509003,3.4322290122509003,3.365164691116661,3.2075912370346487,,3.1478540184907615,3.211237780749798,4.385369403287768,3.141168281901628,2.0064316457137465,2.5056394622661173,3.241549856495112,3.4894733014516532,3.4894733014516532,3.884338025469333,3.28394478186965,3.465361471287906,4.1017833314836025,2.9763210210949183,2.4040295016020536,3.7072766106575727,3.0375403836369514,,,3.3818855904974043,3.6228050771169364,2.9945643544197083,3.0873938109725714,3.141861686948687,,5.336863778531551,5.336863778531551,3.5928591429255903,2.7898045661859214,5.47805018350482,3.311498537659645,3.311498537659645,4.900143891572952,4.101211355999112,,2.782632347662002,2.593058045487851,3.981954378541559,4.408653098158538,3.1133085205219686,3.198346578516066,2.517316259909421,2.9139075209386647,3.4604652277193964,4.635691732633859,5.772899517789483,3.890512998215854,4.077225028537214,4.234748852904886,5.733864858746529,4.827298602089286,4.116466603241861,3.647916122339666,4.64650605712086,4.215122023131698,2.5181422708556056,2.676167536061257,3.26862501911819,,3.760683549568057,4.66263985587284,4.371781904250383,3.177419464569539,3.3386164396069944,2.9374102409929037,3.303091402631253,,3.832552355248481,5.783678533043712,2.769801718182862,2.541023651137948,4.103686875198036,2.988532664719969,,,2.4640816473402083,2.3712145485915244,2.42764391284436,3.618029489181936,2.7976465336978436,2.7653563180938363,3.153422142378986,2.9866132689639926,3.4116684356704354,3.5527922455221415,3.838891210965812,3.358224095311016
tt_16.9h,2.8143359278328717,,,1.8365968819707632,3.496139460708946,3.4322290122509003,3.4322290122509003,3.3603845522738993,3.2075912370346487,,3.145187866408378,3.2069686129689217,4.385365233756602,3.1391785610467196,2.0100585645996034,2.5026176339015365,3.239910529460758,3.487251182552427,3.487251182552427,3.8805874376557767,3.2824104772880673,3.4652084996923804,4.098583505488932,2.972846042830497,2.401247511152178,3.711584595963359,3.0368557600304484,,,3.381846101023257,3.6201824452728033,2.9933921238407493,3.0857052728533745,3.138484390452504,,5.349141215439886,5.349141215439886,3.5906233163550496,2.785612456034869,5.480573620647192,3.304967861622572,3.304967861622572,4.89960900740698,4.092612107750028,,2.7795220012776554,2.591048190370202,3.9858538527041674,4.418051656801254,3.111558177508414,3.193567167967558,2.5172237935476005,2.9125470533035696,3.45837207371369,4.634754133876413,5.773258082102984,3.8858438869938254,4.076853635720909,4.233432259876281,5.7333421157673,4.82671417389065,4.113923283293843,3.6450653672218323,4.6478372402489185,4.215122023131698,2.514026719611138,2.675937726162374,3.2723401519469917,,3.7606766973622143,4.663124087266624,4.354730532504618,3.1763865328393877,3.336727373301983,2.9369186819531024,3.3013537586666644,,3.830074450466782,5.783941854257137,2.769779226742685,2.540903750807047,4.100653920322657,2.985190872102976,,,2.4615255035459995,2.3683514948934317,2.4157358882948756,3.615693576168269,2.7976465336978436,2.7636981522664428,3.1525871730409563,2.9864967125467956,3.4102954124100506,3.5527922455221415,3.83680537994951,3.3557291198521852
tt_17.0h,2.8121091895736754,,,1.834653322584927,3.49286532914266,3.4288965240120888,3.4288965240120888,3.369636998977512,3.193611484952271,,3.1425593649037182,3.2027411977760494,4.3853580346331,3.137194979004562,2.005799766164273,2.4996398109942675,3.238303840626031,3.4851358886808157,3.4851358886808157,3.876852204091847,3.2809058488346636,3.4650603025220335,4.104422464966774,2.9610407897271216,2.3984677786938846,3.711584595963359,3.036186113022268,,,3.381809129845351,3.617592472117394,2.9928277884609997,3.084066002164036,3.135072452016175,,5.3610376082360744,5.3610376082360744,3.588401410728693,2.7814582851715386,5.483069342095405,3.2984312754124403,3.2984312754124403,4.89960900740698,4.08412097254768,,2.776428864803165,2.589097409043461,3.9894876019097865,4.41013516811654,3.109727307688445,3.193567167967558,2.517139136325568,2.9112053723074496,3.4563154075294733,4.63383285747841,5.7736215754412115,3.8889165720902383,4.076491056475788,4.232136353384703,5.732828833628446,4.826139776967466,4.111413044389337,3.6450653672218323,4.6491099102422595,4.2197519964538515,2.519008429720998,2.675937726162374,3.2708809934556484,,3.7606691708788276,4.6662278096191585,4.338159588165581,3.1753721269778907,3.342380788177252,2.936441549099982,3.2996999570168555,,3.8276246679015458,5.784204438794404,2.7594535117968917,2.540787234902382,4.097655480261892,2.981953381560743,,,2.459015862084925,2.3655405645258725,2.4157358882948756,3.6133796428330243,2.799207358621061,2.7620588578283787,3.1518084560520947,2.986385279800743,3.4089477346278727,3.5492460606619716,3.83680537994951,3.3533122721128166
tt_17.1h,2.8099102997221053,,,1.8327970751561224,3.4896110873669386,3.425584784708917,3.425584784708917,3.3646863661706448,3.1828814069740474,,3.139995377510786,3.198526302818209,4.3853480578400195,3.1352283684536815,2.001636658795178,2.4966770806349814,3.2449757368303835,3.4830588959157467,3.4830588959157467,3.8731510336510837,3.2794203595258296,3.464916770812124,4.1012611598707736,2.9610407897271216,2.395747904665768,3.7056950675323606,3.035531312227249,,,3.3817738834768534,3.615034215617925,2.992277856450528,3.082425536122173,3.131761319935322,,5.368560720700771,5.368560720700771,3.5862028850242496,2.777307104319334,5.485537457745522,3.292003993410617,3.292003993410617,4.899084425065666,4.096774527803063,,2.7733676196075976,2.5871663014404476,3.993338845204562,4.402304331772029,3.108023730572313,3.188615853432566,2.5170665443874896,2.9098914843052626,3.4563154075294733,4.639808183070272,5.778453578706831,3.8889165720902383,4.076137110590935,4.237796991597861,5.732321063987911,4.825575291644782,4.108935484662652,3.642245058901608,4.6503256522119045,4.2197519964538515,2.514948645606637,2.6757115363143384,3.2694481117650867,,3.760661038570106,4.6667079934850335,4.342984796501696,3.174375428352505,3.3405122058466077,2.9359785253182054,3.2980266278609633,,3.8252019099891186,5.784466217271984,2.759431829210371,2.540685599204153,4.0840362859889865,2.9787326343357563,,,2.4565368951298296,2.3628095565363765,2.411553009878844,3.6110895075835288,2.7978251515887678,2.7604438704438508,3.1510146213695407,2.974426023196429,3.4076249771751463,3.545680081937462,3.834752334281802,3.3509374503046274
tt_17.2h,2.807699273340404,,,1.830894127022475,3.491592282894999,3.4283254761248827,3.4283254761248827,3.3596782563254237,3.1828814069740474,,3.137427601031959,3.1944419806823134,4.385335541330278,3.133333121892065,1.9975000396370888,2.4937768327072263,3.2433640211820602,3.48096268158406,3.48096268158406,3.869485233910382,3.2779533630236983,3.464777789544314,4.098141595721245,2.957575671840459,2.3930855286307633,3.693911621812731,3.034891386050731,,,3.3817402929998934,3.6125071374699473,2.991741499863565,3.082425536122173,3.1284548128023744,,5.368560720700771,5.368560720700771,3.584028426092118,2.7731947200372815,5.488392566330731,3.304225984495133,3.304225984495133,4.903152362443507,4.088289312086999,,2.7703293920494616,2.5852606995031238,3.993338845204562,4.411635849624872,3.1063015488907695,3.193833800498396,2.5169892888516188,2.9086157088167965,3.443682061508298,4.638898607809097,5.778837469872087,3.88432595692575,4.075791589915752,4.236511032562703,5.73182066809386,4.825020594522357,4.1064759022556245,3.6394438771530986,4.651486518327147,4.208288070280105,2.51093354774639,2.6755106789059937,3.268058988265693,,3.760652360972017,4.667179254349321,4.326432402711362,3.1733972574584186,3.3386708768084645,2.9355275598354638,3.2964587220922112,,3.8228065907023847,5.784727127291262,2.7594115431420505,2.5405803420580924,4.0840362859889865,2.9754908666945994,,,2.4540975224226713,2.360085061751306,2.407440555281937,3.608822515234351,2.79644624190405,2.758841226808727,3.1502359956502914,2.9743186463601887,3.406326602678746,3.5422815829515457,3.8327504615299404,3.3485529823228717
tt_17.3h,2.8055475200526416,,,1.8344779266044497,3.491592282894999,3.4283254761248827,3.4283254761248827,3.363828159403056,3.1693235309794545,,3.1348619488999248,3.1903748265467584,4.385320708621293,3.1314687309786677,1.9933640556409955,2.490894941147417,3.2417842033319175,3.4788603270426393,3.4788603270426393,3.8658552346751094,3.2765052150934935,3.464643250219524,4.095063376240432,2.9540578299202025,2.3904665620066226,3.693911621812731,3.0342663126066327,,,3.3817082913592458,3.607545204926282,2.991219125688076,3.080905431881547,3.135988582856953,,5.379918482620269,5.379918482620269,3.5818769107572734,2.7691630492918193,5.488392566330731,3.2977713239379227,3.2977713239379227,4.902637150138617,4.07994294911623,,2.767302500549704,2.583371414337307,3.9971432513557374,4.403852505143732,3.1045585377141833,3.189135198481381,2.516914891079068,2.907325104344636,3.441662202589214,4.6380048100836575,5.779230789747089,3.87130022700876,4.075454326346517,4.2352257911115885,5.719452644698322,4.824475563596934,4.104063109960407,3.6366903353482485,4.652593339327723,4.2202202109619975,2.506956608965993,2.6753230183385313,3.2666753861121833,,3.7606431772001088,4.667641568928957,4.330781396944076,3.172446864657104,3.336856637150049,2.9350918512791395,3.294893539045006,,3.8204374434426427,5.784987090155482,2.759392574429512,2.5404854472726583,4.081085585989058,2.97234907746315,,,2.4516930361278355,2.3641091412864625,2.403354536741972,3.6065789898857474,2.7950676404871047,2.7572919530794024,3.1487613236531615,2.9743186463601887,3.405052503105253,3.5388903561979532,3.830761690158397,3.3462224463000894
tt_17.4h,2.803410510532558,,,1.8326851055026054,3.488442149478942,3.4250572258606553,3.4250572258606553,3.363828159403056,3.1747849537059665,,3.1323516783304513,3.186317902058363,4.385303768329322,3.129584406968206,1.9893477028235793,2.4880666341632605,3.240235645789653,3.4768828353844583,3.4768828353844583,3.8622796232812107,3.2801926364190876,3.4645130489952862,4.092026122845709,2.9582654694095254,2.387865711003542,3.698250169865787,3.033654969651252,,,3.3816778142936528,3.6051148888655007,2.9907100996933877,3.0837592147290707,3.1326841139234602,,5.387025250587612,5.387025250587612,3.5797505052760243,2.773137478623539,5.490827014669776,3.291439587716013,3.291439587716013,4.902131191920489,4.084115642588586,,2.7643138649873435,2.5815172507427633,4.000904333777726,4.413140705786645,3.102970558218658,3.1844865614548326,2.516848625615239,2.906055150087923,3.4396775593049824,4.637136086821556,5.779633229132742,3.866786372847855,4.075125133618712,4.233979692682624,5.718959322199225,4.823940075468272,4.104063109960407,3.6339665185660124,4.653647392988205,4.212958213407546,2.503072615712881,2.675121252425015,3.265329145360738,,3.7606335463933647,4.668094877153635,4.330781396944076,3.1715055415406823,3.335069152060896,2.9346460262313485,3.293318511452526,,3.815760680940002,5.785246046259999,2.759374848101288,2.540384636260569,4.078168368898332,2.9774915813468397,,,2.449344298336655,2.361440578941256,2.3992999647744,3.604362789541483,2.7937003765255213,2.755757170263678,3.148043089546263,2.9742160853929818,3.403802395798266,3.526759567204863,3.8358820411376655,3.343900646548718
tt_17.5h,2.8012923733331263,,,1.830844939686358,3.4853304089047015,3.4218248771503568,3.4218248771503568,3.3586732456460595,3.1615323228761554,,3.1298736706376076,3.1823306335136294,4.3852849174290895,3.12772962404415,1.9893477028235793,2.485268658492714,3.238717692438513,3.4748870306648314,3.4748870306648314,3.858716692775488,3.278763874899596,3.46438708063215,4.089024308603257,2.955020269844681,2.385268823709339,3.6924671242013574,3.0330573790706694,,,3.3816487989388406,3.6027126708067954,2.9902144712395966,3.0821755854412913,3.129374514333904,,5.397843946702778,5.397843946702778,3.577647542580962,2.769163356628269,5.49325792491436,3.285170267801732,3.285170267801732,4.902131191920489,4.084115642588586,,2.758479993324727,2.5796755119226873,4.0046206708066165,4.405419516842812,3.0913532320410013,3.1844865614548326,2.51678518531844,2.9047957989387214,3.4396775593049824,4.636273016221821,5.780044490937144,3.866786372847855,4.07480383105576,4.232752687763423,5.718959322199225,4.823414007201791,4.101681843865663,3.631272990722209,4.654630928300321,4.224948749411851,2.499206207226962,2.674944445490837,3.263955282047391,,3.760623523965478,4.66853917716071,4.314301178790629,3.1705811573192477,3.3333007292822003,2.93423691438511,3.281324801966548,,3.8134728875011206,5.78550392203033,2.7593582924455404,2.5402878089807928,4.07528441818431,2.9774915813468397,,,2.447000436950475,2.358826025854796,2.395309899467975,3.6071259607560933,2.7923293416388333,2.754232614301145,3.147328910883516,2.9741181642748415,3.402575680986047,3.5232871156185865,3.833916055969894,3.34163581719622
tt_17.6h,2.7992189349606633,,,1.829088021069765,3.4873973526991904,3.4245732673443854,3.4245732673443854,3.3542342823930085,3.1615323228761554,,3.1274425387382507,3.1783487387001514,4.390123125631362,3.125902428291738,1.9854099852964282,2.482521662954241,3.237229711841792,3.4728736779652536,3.4728736779652536,3.8551873923279345,3.2773534320294857,3.464265236631036,4.089024308603257,2.955020269844681,2.3827027534134686,3.6924671242013574,3.03247394785285,,,3.3815949130803347,3.600340198725462,2.98973187757656,3.080644662026316,3.1262697596102953,,5.397843946702778,5.397843946702778,3.575569928623736,2.765186413191259,5.495637813117355,3.278997120447457,3.278997120447457,4.906198436394334,4.075894095003605,,2.7555802916176617,2.5833070571534336,4.008291237521917,4.397781498730183,3.08971100859344,3.1799937463365495,2.5167235480621457,2.9035749593749642,3.4431462506763637,4.635424935258925,5.7804642715491354,3.869870373979211,4.074490237049758,4.231544396840036,5.718473223038018,4.822897233534604,4.0993317370302975,3.6353918788954616,4.6555857649073005,4.236899100244045,2.495428172405809,2.6633707089349627,3.262619027402252,,3.7606131616048515,4.668974479660392,4.335081425495446,3.1696740710176528,3.331565910950303,2.9338405523449183,3.279806657228619,,3.8112114276736975,5.7860162002034485,2.759342839475721,2.5402021082118154,4.077799215447158,2.9743612254969776,,,2.4447218091227114,2.356199525296688,2.3913877867162228,3.6049391529522836,2.7938989652320743,2.75273048132658,3.1466654567047954,2.9740247107110918,3.401372187305242,3.52000506548211,3.8320010993629694,3.3393919500522316
tt_17.7h,2.7971503506414592,,,1.8273541848175228,3.4873973526991904,3.42138345958665,3.42138345958665,3.34222210990265,3.166880503296852,,3.1250149933621287,3.174493822734803,4.390100080519915,3.1299119256436825,1.9814898781478405,2.4797682892531157,3.24226626008749,3.47090116282925,3.47090116282925,3.8429506993852556,3.275961601641029,3.4641474154777825,4.0787200490012765,2.9517105403356254,2.3801659452728927,3.6968178683891892,3.0319045651704073,,,3.381569928023964,3.597997102420777,2.989262151066214,3.0791214518249035,3.1231582947075367,,5.408320837188512,5.408320837188512,3.5735282958485186,2.7612229180522263,5.498452756553888,3.290855443570763,3.290855443570763,4.905700980685651,4.067773713730276,,2.7526987120509148,2.5814939979463816,4.011910986620933,4.390901340171695,3.0881772129796445,3.185161244124174,2.516665414441377,2.9023623764514923,3.4411970493383706,4.634591784328222,5.7808922585099936,3.8654316044412553,4.074172817636281,4.23035440640524,5.717994266655296,4.822389638051391,4.097012390382588,3.6327299145050347,4.656493976246566,4.22970829019323,2.4916689074598253,2.6632003444246948,3.2613821704871953,,3.7606025086715817,4.669400799553841,4.318620725069195,3.1731907022185624,3.3298562970012426,2.9334566104225814,3.2782481843605638,,3.8089752458035946,5.786270475015044,2.7593284244649112,2.5401214784942567,4.074961204081774,2.9713158211670816,,,2.442480274476111,2.3536271126940846,2.3874953016638756,3.602770439349115,2.7938989652320743,2.7512455941177905,3.146004728972912,2.978163044899702,3.4001918393187225,3.516647720709443,3.8300977256149054,3.3372224303893745
tt_17.8h,2.8019710746593773,,,1.8256509960629046,3.484283669386059,3.42138345958665,3.42138345958665,3.34222210990265,3.153723365627229,,3.122584986500442,3.1706692897714674,4.390075581148267,3.128145428840071,1.969080336857587,2.477081148419529,3.24226626008749,3.475413888692856,3.475413888692856,3.8394567631185055,3.2745878738351166,3.4640335137955844,4.075760307721794,2.955952021293342,2.3776872917078435,3.691143016330898,3.03134832624346,,,3.38154617510736,3.5956826000474393,2.988805040717125,3.0776230390183628,3.127432480920106,,5.414878543000668,5.414878543000668,3.5714983320795,2.757297784090042,5.498452756553888,3.284690424334258,3.284690424334258,4.90521256858483,4.055850720964372,,2.749864589422941,2.579716233536601,4.0154811148531735,4.383309815544635,3.0866089570336044,3.180640616454184,2.516609883401543,2.901163723319769,3.4392817965708673,4.633774701505899,5.781328164506704,3.8654316044412553,4.078661832027137,4.229182281065732,5.717522377148271,4.821891097351909,4.094723465852439,3.6300965789705515,4.657357168383896,4.241716183256358,2.4879585029557347,2.663026915397495,3.260107411071658,,3.7605916098691523,4.669818154070526,4.322933750227094,3.1723112612962723,3.3281719447113574,2.9330848339013755,3.276732544414699,,3.8067651307210326,5.786523426882923,2.759314985945821,2.544773538131267,4.074961204081774,2.9682819289155304,,,2.4402559134177864,2.3510531866922975,2.3836335740052164,3.600630604662001,2.7925427462905645,2.7497792881913483,3.145327029749751,2.978073183912784,3.4048962770029902,3.513391450047493,3.8300977256149054,3.335003037005663
tt_17.9h,2.799937100149691,,,1.8240405172109604,3.48120695957914,3.4182294132187963,3.4182294132187963,3.3374029714614153,3.153723365627229,,3.120221654418856,3.1668409686535597,4.390049783978611,3.126381076872349,1.965196500532329,2.474415220785886,3.240801912266761,3.4735607588663697,3.4735607588663697,3.835996745619923,3.2745878738351166,3.4639234342612326,4.072835295461118,2.952694269362837,2.37525961920619,3.691143016330898,3.0308049540035427,,,3.381523601245135,3.5933968145400286,2.988360332790762,3.0761925783008337,3.12428942322731,,5.424859208986163,5.424859208986163,3.5694901132956147,2.7534509394317865,5.500799752306193,3.278767363168299,3.278767363168299,4.904733094386756,4.055850720964372,,2.7470638514496386,2.577947847545147,4.019028045237064,4.384961440693587,3.0866089570336044,3.1761567844077945,2.5165598997846246,2.8999639991670847,3.437399946618825,4.632973433006555,5.781745238229632,3.8685211217962205,4.078361073043197,4.228027717676014,5.717057472560555,4.821401489432901,4.092464672401547,3.627492758911103,4.6581761497072875,4.234499832149595,2.4843017971143126,2.662870803847909,3.2588784522376955,,3.760580508504063,4.670205843634903,4.322933750227094,3.171439862344414,3.326513228006661,2.9327638810500503,3.2752393195405602,,3.804579353891313,5.786775005981326,2.759302465710789,2.5446992106735706,4.0721560921519995,2.96526107378304,,,2.438076436519623,2.348529447801411,2.3798135346733034,3.598506178241223,2.791214211843908,2.7483347337692976,3.1334142782725394,2.9779874961823225,3.4037381429225206,3.510180864483118,3.8282250449992716,3.332868819590658
tt_18.0h,2.799937100149691,,,1.8224027110263705,3.467207461129874,3.4048805460333824,3.4048805460333824,3.3417818429879844,3.1590577894821763,,3.1178771150298417,3.1630359278060496,4.3900228356942534,3.124642035458237,1.9613469070754945,2.4717947905883193,3.2393660959787667,3.471662648022175,3.471662648022175,3.8325902316719294,3.27323197433725,3.463817078154534,4.069954792037606,2.952694269362837,2.3728417553938925,3.695505761541426,3.0302749765105546,,,3.3815021556802094,3.5911420243792236,2.9879277828149498,3.0747831533662975,3.12428942322731,,5.424859208986163,5.424859208986163,3.5675039337947965,2.7496346007101238,5.503119533881545,3.2728135203942657,3.2728135203942657,4.904262394178659,4.047866802662611,,2.7443009591661394,2.576197686139494,4.022534569725394,4.384961440693587,3.085098136216402,3.1761567844077945,2.5165132032707334,2.8987942673265934,3.4427482201717794,4.632187727373093,5.7701327772811055,3.8641728768125176,4.078067519702017,4.226890316233039,5.716601400170475,4.820920692291111,4.090221399441361,3.6249189316295087,4.658953155390918,4.246515603736043,2.4806991731747985,2.6627212949097157,3.257630222477019,,3.7605692436918616,4.670605286490172,4.306753232143819,3.1705847261473536,3.3248800868168473,2.9324151813052595,3.2737497868947685,,3.802418742328882,5.787025144789368,2.759290808811784,2.5446174307726324,4.074685796163976,2.962325039319694,,,2.4359384798444808,2.3460792507976294,2.376091768499464,3.5964101604186,2.7898608781397343,2.746909301262349,3.132762108463794,2.9779874961823225,3.4026020071469247,3.506973894778639,3.817237130831927,3.3307516826316714
tt_18.1h,2.797926836181432,,,1.8208441496826708,3.464181406889111,3.401768431533128,3.401768431533128,3.336882079485804,3.1460993411019444,,3.115547845605761,3.159332280512899,4.389994871802628,3.122916921041906,1.957573323044926,2.4692425690591335,3.237958130426705,3.469775033183396,3.469775033183396,3.829196359962225,3.27189439535141,3.463714348617941,4.067113288212568,2.9495468526147306,2.370465621817857,3.6899355188943446,3.029758215416223,,,3.3814817895181477,3.5889150742441416,2.98750720359385,3.073346108198166,3.121210298035294,,5.434570394456387,5.434570394456387,3.5655394718050957,2.7458362192846835,5.505901871714741,3.2784267789684236,3.2784267789684236,4.892694897949696,4.052050890401006,,2.7415630067698658,2.5744795096106827,4.025989330839366,4.377527698408812,3.0836646668612957,3.165072437375784,2.5164699340239167,2.8976497342810035,3.4408670868724585,4.631417335011065,5.770591053646058,3.8641728768125176,4.077781126834452,4.216350931674242,5.716150223277509,4.82931175455451,4.088022312615067,3.6223614932969213,4.6596900867298245,4.235192709602416,2.477145677898079,2.662578009534627,3.256431016139686,,3.760557853151113,4.670995845925063,4.294954272918403,3.1697458405978978,3.3232701681554317,2.9320760732516646,3.272280669771135,,3.8002645783126354,5.787273795809597,2.7592799616977572,2.54454557178542,4.071925258263946,2.9593617441132665,,,2.433843265287578,2.3436508243903518,2.372397272847593,3.5943288248963654,2.788548630196601,2.7455102736130357,3.1321470802649856,2.9779058191925287,3.4014878226444125,3.5038185152225196,3.815405682194978,3.328644106630236
tt_18.2h,2.7959341681562364,,,1.819284892641008,3.464181406889111,3.3986917892470956,3.3986917892470956,3.336882079485804,3.1333231101743877,,3.113240448758006,3.155660272575915,4.38996602082625,3.1212420468218625,1.953907615505159,2.4666818724945188,3.2268695645034313,3.467935977037996,3.467935977037996,3.825833147857338,3.2705747480504215,3.4636151525191963,4.064310462214053,2.9538866905495524,2.3680753679946065,3.6899355188943446,3.0292542218230665,,,3.3814624552614987,3.586716474033892,2.987098298035562,3.0719631500542164,3.1181760216131806,,5.424473250284791,5.424473250284791,3.5635654013603926,2.7420686036348343,5.508213020861149,3.2784267789684236,3.2784267789684236,4.892223609145731,4.044183718506247,,2.7388392905704677,2.5727959643118083,4.029385490808636,4.379244322422892,3.082200840115547,3.16069777822122,2.516427723225206,2.896503900177777,3.439018703531474,4.630662002135068,5.771056544035673,3.8672511209733784,4.0775027447380126,4.215219900012016,5.715705804526806,4.828831599559635,4.085852234624326,3.6198481279425323,4.660388577729464,4.235192709602416,2.4736452628858387,2.6624333867803216,3.255259546916932,,3.7605463713407516,4.671377558726817,4.294954272918403,3.1697458405978978,3.320125447586179,2.931729657575488,3.2709288061596453,,3.798155853059143,5.787520908750594,2.7592698745429516,2.544476816896349,4.069195988588035,2.964541546534747,,,2.4317779606208205,2.3412654302082956,2.3687038719654083,3.5922747631557286,2.7740085828118026,2.744130454957485,3.1315306276082993,2.9820255213417113,3.4003959530964494,3.5038185152225196,3.8135852180421352,3.326639275997877
tt_18.3h,2.7939735180698335,,,1.8177081826142967,3.466238795313984,3.3986917892470956,3.3986917892470956,3.3325575161725283,3.1333231101743877,,3.110964161809534,3.1520102797076106,4.389936400111765,3.1195998629555106,1.950262383557856,2.454517691861838,3.2254824372939765,3.466150723863393,3.466150723863393,3.8225020673125982,3.258170410990715,3.463519392069429,4.0615459945984185,2.950730385724455,2.3657280979678035,3.6782058547250926,3.028762058354914,,,3.3814441077411175,3.584545492194593,2.9867009287700057,3.0705802091397345,3.1152289817109704,,5.433731282595545,5.433731282595545,3.561646376736462,2.738356128334999,5.508213020861149,3.2726382352411747,3.2726382352411747,4.891760956030339,4.044183718506247,,2.7361389878205955,2.571135581471026,4.029385490808636,4.379244322422892,3.0867381491698325,3.1563123357482255,2.5163883357308805,2.8953726491890848,3.4424826316535473,4.6299214866012335,5.771528892219067,3.8629750930704176,4.07723215315491,4.214105126913637,5.715268062893301,4.828360106796026,4.083710924256593,3.6173626743257046,4.661050206050277,4.24712347285822,2.4701758823357522,2.6624333867803216,3.2541034035384655,,3.7605348299257457,4.67175046633929,4.299232383724302,3.1689233519136906,3.318589667789638,2.931415071245283,3.2695602285675704,,3.796071340329945,5.787766435183585,2.759260500315577,2.544419523794204,4.069195988588035,2.961673876736313,,,2.42036453448236,2.338888758327812,2.372907083015889,3.5902387402020395,2.7726880609989166,2.7427697028033435,3.130931075196713,2.981947099324316,3.399325905367732,3.500631324481219,3.8117933138273656,3.324589991942048
tt_18.4h,2.792025218717754,,,1.8162088682875037,3.4632639777846634,3.4014533129520714,3.4014533129520714,3.3366147321648896,3.1226853295229375,,3.1087193796411157,3.156446810811758,4.389906120020896,3.1179527672939003,1.946612199768424,2.452012499794364,3.2241216329857707,3.464358381461352,3.464358381461352,3.8192037250846624,3.2568690604530275,3.463426975067705,4.067298805806786,2.947626947890967,2.3634182196110487,3.6727371043525636,3.0327447773888707,,,3.381426703184843,3.582401724997908,2.9863148746080697,3.057221646886319,3.1194693348370492,,5.44270509108901,5.44270509108901,3.559750664047897,2.73469635238871,5.510473495349288,3.2667698953300714,3.2667698953300714,4.891306834761053,4.048370115458965,,2.733476154971868,2.569500473793596,4.032727466430515,4.371935825329274,3.0853484217077494,3.1521207662299275,2.516355235595256,2.8931803605519235,3.4424826316535473,4.629195539280772,5.77200778760016,3.858743676915765,4.076969210989773,4.214105126913637,5.714836926665157,4.827897151000798,4.081597919110209,3.6149048060178757,4.661676523275673,4.239974268712103,2.4750910927541554,2.6623025848530233,3.2529539205133915,,3.7605232587084174,4.674928770866245,4.299232383724302,3.168117057066411,3.3170684073120356,2.9311112561263144,3.26820721430704,,3.7940115854144096,5.792386156041175,2.7592517933808267,2.544419523794204,4.066497978754342,2.9588393568992615,,,2.4183256798423827,2.3365258974954486,2.3692780258134007,3.5882305670529604,2.7726880609989166,2.7414524503983557,3.130335692781955,2.981872406322509,3.399325905367732,3.5046991943381727,3.810030991677195,3.322612358722836
tt_18.5h,2.7901044418103993,,,1.8146738894283772,3.460338396951556,3.398417689371854,3.398417689371854,3.33216909179464,3.110183361452073,,3.106498952023685,3.152827445883304,4.389906120020896,3.116353831719607,1.9430352132767439,2.4495360646396875,3.2241216329857707,3.462549712508917,3.462549712508917,3.8159568002447486,3.255585720296949,3.4633378135040402,4.067298805806786,2.947626947890967,2.3611570545472205,3.6825971538200974,3.0322654037736356,,,3.381410198751837,3.5802844963036478,2.9859399632550776,3.055869115050882,3.11655163904652,,5.44270509108901,5.44270509108901,3.557888904120773,2.7310579963959754,5.497118945699185,3.256340378895402,3.256340378895402,4.890861118212342,4.0406009731814265,,2.7308510979637504,2.5678810668177903,4.036012650467455,4.380965629126877,3.083966677542776,3.1571781989187,2.516321672126651,2.8920938414521515,3.440667093731463,4.6284839529544115,5.772492959629744,3.8499542120844126,4.076713692396879,4.213006179314107,5.7185204131528735,4.827442612033337,4.079513020813465,3.6124746594578028,4.6622689184732735,4.251912268344313,2.4716608468443155,2.6667560804635286,3.2518542539328337,,3.760511685628444,4.675295372959226,4.284139149822295,3.1673267339356244,3.3155776537023485,2.9308054372668266,3.2668410316109657,,3.7919763470999897,5.792633910663426,2.765082233119756,2.544353159610182,4.069054705090821,2.9588393568992615,,,2.4163300995714962,2.3341983053833246,2.365673159249127,3.5862411903217435,2.771380423568189,2.740150664933026,3.1297484496608377,2.9818012905307114,3.398275467567146,3.501673998311162,3.8082966804504395,3.320630155969411
tt_18.6h,2.7948725149035454,,,1.813183683436364,3.460338396951556,3.3954334603622556,3.3954334603622556,3.33216909179464,3.0979447779245675,,3.104277444537729,3.1493147150613368,4.389875282999128,3.114772716537118,1.939553935546428,2.4470660220831633,3.222786978818476,3.4608580889180303,3.4608580889180303,3.8127208068035543,3.254319896455854,3.463251819834113,4.064570020884275,2.935693338047713,2.358943415340036,3.677123008761555,3.03179834689945,,,3.381394553463906,3.5781937683932483,2.98557604663074,3.054553762078285,3.113595811650157,,5.448247200809419,5.448247200809419,3.5560374432243407,2.7274425234645605,5.499347453471273,3.250618813559413,3.250618813559413,4.89537162380293,4.0406009731814265,,2.728251952677965,2.5662966277450323,4.039240205194801,4.3737174603156745,3.0825216812081635,3.1571781989187,2.516294864472002,2.891028123907745,3.4388831299729645,4.627786501310766,5.7729841186665,3.8457487993873656,4.0764654581435025,4.211922699585557,5.7180956825613976,4.826996363699436,4.077455820981413,3.6100716050714254,4.662828854750842,4.256665312219411,2.468297411687672,2.66663151467219,3.25077473372221,,3.760488631669432,4.6756531349383295,4.288631400093436,3.166551785543561,3.3141117277555168,2.930542624555528,3.265517573338002,,3.7899638013914227,5.792879920452833,2.7650738758966327,2.5443028016015887,4.066399545874447,2.9560358142480254,,,2.414349879603833,2.3319063326343894,2.362156550399959,3.5842750114388764,2.7700773454271257,2.738856145646423,3.129218788817525,2.9817336038686335,3.397261026315391,3.4986555352807045,3.806589689105749,3.3186873579397798
tt_18.7h,2.7929702596738935,,,1.813183683436364,3.462466405238956,3.3954334603622556,3.3954334603622556,3.336379548534751,3.1156399669125676,,3.102104772347957,3.1457927664741874,4.389843984041363,3.113170061260462,1.9467247449792922,2.4446507920511067,3.2214815304614604,3.4591729175299406,3.4591729175299406,3.8127208068035543,3.253071452025324,3.463168906979263,4.061878612730652,2.9327348270453513,2.3567436076700687,3.6717351716943085,3.0313434237614274,,,3.3813797291368246,3.576129000633955,2.9852227894589305,3.054553762078285,3.113595811650157,,5.456810525152832,5.456810525152832,3.5542062972672284,2.723879099357873,5.501550022978336,3.250618813559413,3.250618813559413,4.894925352651626,4.044805304612964,,2.7256730408407748,2.5647293436340988,4.0265792747959495,4.359414425678551,3.081210938282311,3.153018712066114,2.506304208189249,2.8899684590287507,3.4262400893494487,4.627102947793901,5.773480998817831,3.8415867583826184,4.076224314980209,4.210854861419648,5.717677409294993,4.826558288186789,4.07542618131265,3.607696902938187,4.663357926066965,4.256665312219411,2.464975917711854,2.666503680869937,3.249701529275626,,3.760477195959538,4.6756531349383295,4.288631400093436,3.165792021434754,3.312667617574334,2.930269343778491,3.269654361065477,,3.7879752134904265,5.793124153278768,2.7650661221705377,2.544250456150621,4.063774649053812,2.9532370907254517,,,2.412412996403873,2.329672195482999,2.3586920076049864,3.582328745163977,2.771648702211678,2.7375902868807316,3.128662991337478,2.9817336038686335,3.396252118051052,3.495568106416613,3.8134256950579584,3.316812589764595
tt_18.8h,2.7910732608288527,,,1.81681121699512,3.4595908746123314,3.3981844717636704,3.3981844717636704,3.3319648397155106,3.1033630440942943,,3.099969386123121,3.142322504427284,4.3898123097606,3.1116290502250195,1.9431976270861924,2.442255937959999,3.2264747261069715,3.4574700756929815,3.4574700756929815,3.809514509048313,3.2518542921170592,3.463088988792151,4.059221214149147,2.9296846203505993,2.352405912708491,3.6815255200490355,3.030899941455573,,,3.381365687586367,3.5740941716358066,2.9848802178166807,3.0532376202754676,3.1108286031521857,,5.465157559607178,5.465157559607178,3.552395441569388,2.72036471683532,5.501550022978336,3.2450954136438668,3.2450954136438668,4.894487373065203,4.037148314528167,,2.7231063582003117,2.5631682933308184,4.029726888984442,4.359414425678551,3.079896641895175,3.1488550128415227,2.5062733688391745,2.888915686868131,3.4262400893494487,4.626433067489415,5.77398332208395,3.848853461910039,4.075990098994225,4.209806669969112,5.717265515588224,4.826128270011395,4.081054954323918,3.6118157394230366,4.663857594598085,4.268513179849833,2.461695379111916,2.6663772389292717,3.248636015225202,,3.7604658477939665,4.676002108026296,4.292872856371105,3.1650475314818323,3.3112434009090066,2.930005891248584,3.269654361065477,,3.7860109605826437,5.79336656909436,2.7650661221705377,2.5441965833306313,4.061179946642369,2.9505153875797987,,,2.4104971336200833,2.3274598023854196,2.355272469576448,3.580402322113514,2.7703544665127993,2.7363271797075868,3.12810919014737,2.985861055087298,3.3952639368362725,3.4926696410402656,3.8117112987674773,3.314906316343695
tt_18.9h,2.7892243009991944,,,1.8153805858455598,3.4567321366630495,3.395240410696715,3.395240410696715,3.327642326708883,3.091331909876317,,3.0978380544111133,3.138858147431165,4.389780341647565,3.1101115569472313,1.9397643748670816,2.4399211648851633,3.2251952923834324,3.4558033575303853,3.4558033575303853,3.8063386231660843,3.2506415210664272,3.463011981919408,4.056592388544232,2.9267386086285114,2.3502701204270124,3.67614984838292,3.0304679004475474,,,3.381352392025292,3.5720837651751935,2.984547977335751,3.0519652138464153,3.107996342238039,,5.462054755538702,5.462054755538702,3.550604446325451,2.71689774421975,5.504267593845725,3.2395654027350247,3.2395654027350247,4.894057577941567,4.029613571241498,,2.7205919134430587,2.561636502854526,4.0328125399537385,4.352288560941815,3.078614767175168,3.1447419212199748,2.506243975367397,2.887884382158518,3.424487725365907,4.6251334440894425,5.779031188227236,3.8447010372765362,4.075762653257698,4.2087778225541115,5.716861855238676,4.825706181582063,4.079048361629248,3.6094680768437684,4.664329255931079,4.261402025818825,2.461695379111916,2.6662689023651183,3.2476511574350297,,3.760454605333507,4.676342363934964,4.27746488340199,3.164318141527474,3.3098440398462117,2.929507584311068,3.2683156826533377,,3.7840505028143525,5.793607114814222,2.7650589318946004,2.5441446024924517,4.061179946642369,2.9555942178703845,,,2.4086298323236406,2.325296341907233,2.35186104523018,3.5784975537098944,2.769094493240118,2.7404956738464534,3.1275582974776626,2.985796150751412,3.3942960230633616,3.4897269615903497,3.8100232519209385,3.313072695862502
tt_19.0h,2.787388214841485,,,1.8139216150157154,3.461697402410209,3.392312944866717,3.392312944866717,3.327642326708883,3.108770042657852,,3.0957278115674853,3.1354815820232034,4.378512725234032,3.108619987498969,1.9364024377427995,2.437614753842354,3.2239440474659204,3.4541924027726054,3.4541924027726054,3.8101337221451104,3.249445609282702,3.4629378034733236,4.054001862183213,2.9338776040822268,2.348156158346683,3.6708576413802803,3.0300473487004638,,,3.3813398079946637,3.57009942131117,2.984225747641176,3.0506753511726856,3.0961690293624997,,5.47023216728121,5.47023216728121,3.548833956476301,2.71342337410897,5.506438512355089,3.2451596087776124,3.2451596087776124,4.898140493314713,4.029613571241498,,2.718105085659772,2.5601253672502935,4.0358353848569095,4.354154229629785,3.078614767175168,3.1498148762620986,2.5062162140384316,2.8868544776923954,3.4227657951414585,4.624503267928958,5.77955247880891,3.840607331134379,4.0755418124608696,4.207768033258617,5.71646248921752,4.825291907414794,4.077068577986211,3.6094680768437684,4.664774260018021,4.273256225977093,2.458459391258657,2.6661767517216504,3.251493252348155,,3.760443484876305,4.676673981826752,4.280983322765678,3.163603681139648,3.3084684731438756,2.929272333625704,3.2670529559254646,,3.7821342134848237,5.793845747131854,2.765052269678563,2.544098700862378,4.047657619230449,2.952925803139806,,,2.406782752368599,2.3231368544511497,2.348468429874629,3.5813204180449247,2.767837828490883,2.739262052346021,3.1270653982646763,2.9857344129122794,3.3989803604781628,3.486818973906338,3.8083617449738085,3.3112275381572545
tt_19.1h,2.7855490874499083,,,1.8125353469513357,3.458855150733143,3.3894179174676538,3.3894179174676538,3.3158039953559637,3.096783329267055,,3.0996001516468823,3.1321107265539467,4.378478976897895,3.1071203015744686,1.933025909587741,2.4353258023038507,3.222720480058342,3.4525935943238437,3.4525935943238437,3.8069894667714834,3.2543380013667047,3.4628663724288344,4.059710944537073,2.9308793651871383,2.346116736996919,3.680563324596733,3.029638137668371,,,3.38132790196687,3.5681401365436614,2.9839135790243745,3.049445942044258,3.093382022343576,,5.478207875043154,5.478207875043154,3.5470841536298394,2.7099874611012638,5.508607656229287,3.2397857434116304,3.2397857434116304,4.898140493314713,4.0177013566717505,,2.715638253837824,2.558637791313231,4.038794596679509,4.354154229629785,3.077358058653772,3.1498148762620986,2.5061963759362698,2.885862192604691,3.4262239169329405,4.623885899782181,5.78007851773873,3.8437263485975564,4.0753274210728705,4.206777009181678,5.716069282498211,4.824885326903313,4.0751154366880655,3.60713473521173,4.665193900465965,4.2618794636800885,2.455272094346583,2.666077888570726,3.2504812572151423,,3.76043250085786,4.676997045055032,4.265594738535583,3.1629038429819047,3.307109948247671,2.92903790762648,3.2657921174541116,,3.7802422693930566,5.794082437176257,2.7650461001321673,2.54405206348747,4.0451040687039495,2.9502454409375787,,,2.40497222635895,2.320997698698193,2.345161421690136,3.5794419199228287,2.767837828490883,2.7380521362647414,3.126583349891007,2.9856757051311433,3.398031495977193,3.483969525899738,3.8067245027050376,3.309424346778542
tt_19.2h,2.7855490874499083,,,1.8111933581531048,3.456046322826296,3.3950870539993048,3.3950870539993048,3.3114453684538603,3.0848559523001313,,3.097511232830584,3.1287464522756636,4.378445130772889,3.105631426908076,1.9296661196276546,2.4330665171146393,3.222720480058342,3.4509600922465324,3.4509600922465324,3.8038758663460612,3.253142041154206,3.4627976082265377,4.057142938952893,2.9280019397847354,2.344078010879457,3.6752832140773535,3.029240039177239,,,3.3813166418112814,3.5662058065645397,2.9836111101321876,3.0481939646415412,3.090629600919783,,5.485947652254254,5.485947652254254,3.5453548412770033,2.70661532972008,5.510727053042501,3.2397857434116304,3.2397857434116304,4.897718244697899,4.010273254010826,,2.7132203499786556,2.557175923604518,4.041689843405038,4.356039761565626,3.0818128176033497,3.145747808739543,2.506172385532409,2.884875654708594,3.424532290082425,4.623281121253967,5.78007851773873,3.8437263485975564,4.075119323097169,4.212283171247691,5.715682161971927,4.824885326903313,4.073174605611712,3.6048438497819006,4.6655894364230335,4.2618794636800885,2.452128447126597,2.665966358035803,3.2495245626196265,,3.7604216667823493,4.677311640698463,4.265594738535583,3.166457020677626,3.3057751869782805,2.928820540662855,3.264532800298184,,3.7783719804137945,5.794317149091512,2.7650403915904462,2.548817137721926,4.042580058798194,2.947602402884513,,,2.403180136810988,2.318868759088218,2.3418973912484944,3.577579032164067,2.7665848433971405,2.7368592000566423,3.1261021308600903,2.9856198942288756,3.397116838954389,3.4811034062877297,3.8051133421249688,3.3076439588330686
tt_19.3h,2.7837424725294113,,,1.8098416775465012,3.4534659017808735,3.3921988024376333,3.3921988024376333,3.307317002210766,3.090143291745335,,3.095481916796416,3.12547116400674,4.378411247394979,3.109601829200983,1.926384818740189,2.430826872587204,3.2277052206918597,3.4493909515440464,3.4493909515440464,3.800792861264199,3.251976802945137,3.4627314303070307,4.054612608626485,2.925250443164259,2.3421088964678347,3.670083778910339,3.028852516785264,,,3.3813059967942536,3.564295671880245,2.9833182264119387,3.046983463689685,3.087891339790076,,5.4830102934502065,5.4830102934502065,3.5436465400271118,2.7033051075413823,5.510727053042501,3.23437192896381,3.23437192896381,4.897303934209049,4.0029314905405045,,2.7108137644827366,2.555736007168889,4.044513689819723,4.349093894474208,3.0805333452299237,3.1418735403567553,2.506151949055493,2.883898421190679,3.424532290082425,4.622688723728061,5.780609021894634,3.839699241798371,4.074917375575751,4.211305262520909,5.715301054995507,4.824486316181719,4.0712741473689675,3.6025786297395825,4.665962076280266,4.2665917170234025,2.449014846701175,2.665871446020901,3.2485809824429452,,3.760410994756967,4.67761786095798,4.269781440962106,3.1657721968367696,3.304464033804834,2.9286291087046266,3.263314777519554,,3.7765243682079017,5.794549836777151,2.7650351119227707,2.5487741278484464,4.04008561745286,2.9449750343337655,,,2.401435091625899,2.316799751482904,2.3386631538160145,3.57573832757771,2.7681634752079844,2.7357049859128892,3.1256006052717566,2.9736944870091975,3.3962056380696595,3.485129685141146,3.810230535455048,3.312171582598239
tt_19.4h,2.781972518656403,,,1.8085551876574755,3.442132376600057,3.389342657290399,3.389342657290399,3.307317002210766,3.090143291745335,,3.0934496335685253,3.122222553472966,4.378377380780876,3.10817694850266,1.9231855850666761,2.428628514520824,3.226506282109767,3.4478823044337332,3.4478823044337332,3.7977581433951855,3.250815659761429,3.4626677660271525,4.05211450252682,2.929526918102056,2.340138770174235,3.663603092543781,3.0284755965694785,,,3.381295937113464,3.562409739010036,2.9830347197130322,3.049731933977455,3.087891339790076,,5.4906152547337115,5.4906152547337115,3.5419698460027575,2.6999908625148237,5.513407238293439,3.2399810082279146,3.2399810082279146,4.896897437050939,4.014465144369751,,2.7084224047139287,2.554328520782292,4.047269904520363,4.349093894474208,3.079377817455679,3.146993776317686,2.50613198755309,2.8829261399805546,3.4228700180538,4.622108505107462,5.781143689528108,3.842822721693665,4.074721414130181,4.2103456212207675,5.714925889391452,4.832786631770432,4.069399271160364,3.6003395882435143,4.6663129618391395,4.2665917170234025,2.4459660006687045,2.670236136764288,3.2476140935905278,,3.760400495491922,4.677915798034519,4.254838611930609,3.16510156262666,3.3031713059172034,2.928428462240845,3.2620587120763958,,3.77470222953707,5.794780467171222,2.765030232258141,2.548734731040895,4.045174093917012,2.942421547602862,,,2.3997111967764795,2.3147575831972063,2.335456119850278,3.5739187682047486,2.7669308171607554,2.7345761549659073,3.1251537571661174,2.973638250026852,3.395313491579145,3.4823461333289742,3.8086373838596046,3.3104324084706604
tt_19.5h,2.7706886348314583,,,1.807324841618538,3.4395666774362326,3.3865190711803734,3.3865190711803734,3.311650621704757,3.078369542490691,,3.0914358254522085,3.1190117853693664,4.378343581687659,3.106752209365368,1.9268733677454293,2.4264643327333033,3.225334051530808,3.4463825444690883,3.4463825444690883,3.794731378555298,3.2496708654798567,3.4626065399497747,4.05211450252682,2.929526918102056,2.3381912279874086,3.658415696118027,3.0281091793440282,,,3.381286434363574,3.5605475269258022,2.9827603776939213,3.0485635646618903,3.0852807853370905,,5.498040189966559,5.498040189966559,3.540301078464836,2.6966903414577246,5.5154960243962705,3.2346686478704214,3.2346686478704214,4.900960106868297,4.007125210948288,,2.7060501226224005,2.5529406485147774,4.047822854947299,4.351043709088117,3.0781419537961483,3.143064911942929,2.506112917792052,2.8819826715625823,3.4263247582130134,4.621549759060144,5.7816556468605995,3.842822721693665,4.063108456786722,4.209403899032623,5.714925889391452,4.832387879956514,4.0675498098134995,3.598125514574349,4.666643217671663,4.278363457880914,2.4429600215516984,2.670151214580983,3.246667165774852,,3.7603901783004403,4.678205553907901,4.273962300736457,3.16444502864033,3.3018989195115864,2.9282360882498324,3.260905670002103,,3.7728975834324956,5.795009015593678,2.7650257255882025,2.5486963312141597,4.04269011830911,2.942421547602862,,,2.398018999956548,2.3127659731544554,2.3322785873897374,3.5739187682047486,2.7656871448270977,2.7334554637782276,3.124703490640968,2.9735850277356803,3.3944401619955897,3.4823461333289742,3.8070682659745216,3.308692188002169
tt_19.6h,2.7689070124179125,,,1.806088324636221,3.4369372581131756,3.3732098401524127,3.3732098401524127,3.3075248366221786,3.067529529798776,,3.089463877491653,3.1158290351741016,4.378309894818813,3.1053697182796896,1.9237173674628139,2.4243373461067677,3.2241880712099373,3.4448918611742556,3.4448918611742556,3.791732688434422,3.2485429760999978,3.4504507575184107,4.049648304004222,2.9267226685769856,2.336257474962622,3.662850249093026,3.0277531412430108,,,3.381277460604906,3.558712037280202,2.982495057862252,3.047382309101522,3.089485135860741,,5.5052499352023005,5.5052499352023005,3.5386509993113577,2.693440791219473,5.517559672705829,3.2294928757473826,3.2294928757473826,4.900560813490301,3.999901805538684,,2.703711907379329,2.5515702851116657,4.050557800102979,4.351043709088117,3.077000462450087,3.143064911942929,2.5060978680849075,2.8810341535136104,3.4246915942057967,4.620993255637586,5.782197645865381,3.8388612316921353,4.062917675822973,4.208479792345315,5.71855859644711,4.831996539141983,4.065725329797715,3.595937035512179,4.666953939944506,4.28306725108996,2.4399725813418627,2.670151214580983,3.24573980178684,,3.7603800515644252,4.678487229626626,4.259038121905178,3.163802378345281,3.3006411571986973,2.9280518046580255,3.2597490358166397,,3.7711197771131992,5.795235449448228,2.7650215663015842,2.5486682052724063,4.040235246531665,2.9314349913038313,,,2.398018999956548,2.310797135811299,2.3291783211752772,3.5721201528795063,2.764459531288594,2.7323512085713446,3.1242596954107285,2.9735346790403128,3.3935849694535136,3.4795816582627594,3.8070682659745216,3.3069827845320106
tt_19.7h,2.7671679840423167,,,1.804892954416573,3.434343029744923,3.3732098401524127,3.3732098401524127,3.303321674466133,3.067529529798776,,3.0874854694120586,3.1126655959524214,4.378276361618191,3.103995654731989,1.9206420634873211,2.422251141630113,3.2230678629130125,3.443417652975768,3.443417652975768,3.7887628939934075,3.247431755065918,3.4503920706920326,4.0472136861644685,2.9240443725138903,2.334325739648193,3.6577527704648674,3.027393356896937,,,3.3812689911574125,3.5568993259221315,2.9822386014275253,3.046237769536674,3.08683443069458,,5.493462358601391,5.493462358601391,3.537018761970103,2.6902493070811033,5.519598249811679,3.2294928757473826,3.2294928757473826,4.900560813490301,4.011332179419696,,2.701422017533332,2.550212745089084,4.053223309572786,4.336909626144916,3.0758695295080543,3.1392090087756515,2.506082183215767,2.8801174433901906,3.4246915942057967,4.620448332745582,5.7873246991075575,3.8258851799182594,4.06273263739422,4.207573057617992,5.718189248815179,4.83161248639226,4.063925716560334,3.593773677945137,4.667246169410646,4.28306725108996,2.437029150314629,2.670070462860167,3.2448320668190718,,3.7603701227344573,4.678760932292789,4.244158688932657,3.163173428270966,3.299411416053772,2.9278752878308296,3.258663789834827,,3.769362034276128,5.7954597300849855,2.765017729718238,2.548635244835168,4.037808379158378,2.9288702220655978,,,2.3963659210130572,2.3088676081970334,2.336484480649233,3.570343516767025,2.763254019897431,2.73126427968964,3.1238308255560696,2.973487067501992,3.3927474836818874,3.476903396192938,3.805522662587464,3.305291539989412
tt_19.8h,2.7654517302289605,,,1.8037411379627883,3.439163354691118,3.370425170753151,3.370425170753151,3.3115521306172013,3.056048445869237,,3.085518613923341,3.1126655959524214,4.378243018407375,3.102620120625943,1.917556113563478,2.420190069358796,3.221972974948585,3.441975469235331,3.441975469235331,3.785822411533445,3.2463366435840726,3.450335673056543,4.052864832337946,2.928290840703994,2.3324628276750445,3.6577527704648674,3.0270577473565936,,,3.3812609994783998,3.5551102347671986,2.9819909180514514,3.0450961901806295,3.0842387066222727,,5.493462358601391,5.493462358601391,3.5354041885584593,2.687124294228852,5.520208877976984,3.235014082863927,3.235014082863927,4.900169112719595,4.00409439811483,,2.6991562424227595,2.5488863307982683,4.05581886973232,4.330155854579061,3.074735420756042,3.1354200337082148,2.506067022215575,2.879197273403406,3.4281420335173607,4.6199148003943264,5.787882965989411,3.8258851799182594,4.062553168274462,4.206683506257832,5.717825702391565,4.831235769204795,4.0621505421586335,3.591636343393475,4.667520894203335,4.287775121629238,2.4341388535685837,2.6700026160106063,3.2440090128220618,,3.760360397864133,4.665882998146117,4.263211250770837,3.1625578398816288,3.298198662698269,2.9276903346180916,3.257563367486,,3.767608271446079,5.795681834220886,2.7650141934864223,2.548607508186251,4.035409467294812,2.9263575756922364,,,2.3947483263909817,2.3069414258934557,2.3333431212231517,3.568583745509386,2.763254019897431,2.7302022580988705,3.1234017037786543,2.973442063201219,3.391927753109485,3.4741990943439305,3.804001968819648,3.3036128259263933
tt_19.9h,2.7637326708063483,,,1.8025498865172267,3.4365823925472796,3.367672918830067,3.367672918830067,3.3073092293925583,3.061266948003322,,3.0835832566954195,3.109561488032341,4.378209897782654,3.1013204189948738,1.9144579847343266,2.4181393031030893,3.228041989263147,3.4405618784949183,3.4405618784949183,3.7829293361864984,3.245257428381592,3.450281494297087,4.050456345081329,2.928290840703994,2.3305967189371586,3.662197513040155,3.0267318040132523,,,3.3812534622848034,3.5533443870954216,2.9817517641931772,3.0439979271031916,3.0817001359537244,,5.500365775544196,5.500365775544196,3.533806957770139,2.6839705370366573,5.522242323029786,3.2298362185247242,3.2298362185247242,4.8881271737627685,3.996970180887729,,2.6969263604842126,2.5475759063847363,4.058342028409243,4.330155854579061,3.073687189258635,3.1244361172430217,2.506054485216737,2.878289452753961,3.42653746297583,4.619392454158515,5.788444149773568,3.821988078765571,4.062379138078541,4.2058107680641115,5.71746788546443,4.830884027294815,4.060399689245969,3.5895126638934016,4.66777907172218,4.299444063566625,2.4389341045171022,2.6699124635197222,3.2431777752935886,,3.7603508825413883,4.666149777825922,4.248350587673485,3.161955315619707,3.2970068929716945,2.927535515744239,3.2616998753510416,,3.765901042614132,5.795901738572866,2.7708927267231047,2.548578110523522,4.038036189507693,2.9238495915196836,,,2.393149057403207,2.305038610473275,2.3302843966521323,3.5668461830355227,2.7648030971176922,2.729151826351881,3.1230254657566547,2.977561105042696,3.39112565619871,3.471532420720905,3.8025040715001523,3.3019839813932776
