Angular_Width,35.0,30.0,43.0,60.0,30.0,46.0,46.0,56.0,50.0,38.0,72.0,69.0,36.0,55.0,60.0,50.0,31.0,30.0,30.0,47.0,27.0,31.0,30.0,32.0,66.0,35.0,58.0,30.0,30.0,35.0,40.0,40.0,25.0,63.0,29.0,45.0,45.0,39.0,45.0,27.0,22.0,22.0,50.0,29.0,37.0,47.0,45.0,40.0,41.0,38.0,43.0,50.0,58.0,45.0,45.0,37.0,35.0,26.0,29.0,22.0,19.0,24.0,27.0,17.0,30.0,41.0,50.0,27.0,11.0,35.0,38.0,45.0,31.0,45.0,61.0,35.0,35.0,46.0,30.0,41.0,49.0,32.0,58.0,39.0,45.0,43.0,44.0,45.0,45.0,45.0,40.0,45.0,42.0,45.0,19.0,29.0,45.0
Velocity,920.0,950.0,830.0,1950.0,650.0,600.0,600.0,720.0,1507.0,1150.0,930.0,1020.0,301.0,815.0,2250.0,1364.0,535.0,730.0,730.0,650.0,570.0,447.0,450.0,825.0,1485.0,520.0,675.0,300.0,300.0,440.0,600.0,610.0,790.0,851.0,396.0,202.0,202.0,676.0,1400.0,236.0,917.0,917.0,296.0,576.0,354.0,1250.0,1155.0,329.0,567.0,744.0,861.0,780.0,850.0,483.0,350.0,243.0,487.0,375.0,386.0,260.0,309.0,471.0,594.0,262.0,232.0,1383.0,680.0,717.0,275.0,393.0,287.0,649.0,561.0,628.0,677.0,702.0,422.0,553.0,247.0,539.0,767.0,452.0,920.0,750.0,749.0,1204.0,1494.0,1651.0,635.0,901.0,934.0,729.0,466.0,523.0,786.0,467.0,782.0
Observed,2.795138888888889,2.388888888888889,2.5805555555555557,1.5041666666666667,2.3694444444444445,2.5625,2.9256944444444444,2.677777777777778,1.9083333333333332,2.56875,2.4305555555555554,2.484027777777778,3.7743055555555554,2.582638888888889,1.7576388888888888,2.1555555555555554,3.245138888888889,2.607638888888889,3.7430555555555554,2.834027777777778,3.0944444444444446,3.8625,2.8590277777777775,4.253472222222222,1.8722222222222222,2.7243055555555555,2.44375,2.8506944444444446,4.979166666666667,4.941666666666666,2.861111111111111,2.5756944444444443,2.0840277777777776,1.9090277777777778,3.9694444444444446,2.2493055555555554,2.9298611111111112,3.222916666666667,1.8284722222222223,4.590972222222222,2.463888888888889,3.0395833333333333,4.506944444444445,3.5236111111111112,4.628472222222222,1.5638888888888889,1.6798611111111112,4.254166666666666,2.4631944444444445,1.8520833333333333,2.4895833333333335,1.95,2.3381944444444445,3.426388888888889,4.215277777777778,3.261111111111111,3.740972222222222,4.004861111111111,3.34375,4.544444444444444,3.3291666666666666,2.8715277777777777,2.9659722222222222,3.9611111111111112,4.444444444444445,2.30625,2.310416666666667,2.6131944444444444,5.304166666666666,3.4430555555555555,4.185416666666667,2.907638888888889,3.1277777777777778,2.7666666666666666,2.4034722222222222,3.082638888888889,2.6215277777777777,2.8854166666666665,3.7854166666666664,2.9069444444444446,1.9201388888888888,3.853472222222222,1.442361111111111,1.5430555555555556,2.3881944444444443,1.8534722222222222,1.8930555555555557,2.3944444444444444,3.0625,4.3493055555555555,1.8736111111111111,2.111111111111111,1.8493055555555555,1.8965277777777778,1.7479166666666668,2.870138888888889,2.591666666666667
Spheroidal,3.384636494331062,,,2.683669333346188,3.2490333723835647,3.9272352773696184,3.9272352773696184,3.1419876283034682,3.6909912428818643,,2.481588502880186,2.449391396250576,4.891132151242346,3.046339745633304,2.4433415313251317,2.965538684744388,4.31066041206941,3.43349761236459,3.43349761236459,3.513310069683939,3.704122938681394,3.9699448253959417,3.9514541546814144,3.2358231116086245,1.8634574566967785,4.305512241087854,3.138654359616339,,,4.123985253740102,3.5611283550970256,2.5286440164782107,4.066326756961644,2.908854179084301,,5.728309233672917,5.728309233672917,3.594101184979081,3.0946393967606127,4.645036725793034,3.541862537153065,3.541862537153065,4.7210786286741495,3.593090367037803,,2.6676167850382626,2.9861464435234666,4.103726904373616,2.6073259278200567,2.944808464962989,2.35582881513983,3.017701788339764,2.2230880688875914,3.7776739420369267,4.511820643208921,5.441470735240728,4.2283103172667325,4.355471967253834,3.0697011626325548,5.37237198324874,4.8418778465129435,4.112276386935264,3.8164451215416193,4.246572928503156,4.537590745370835,2.741902942303568,2.1256245812401175,3.9166868096217513,,3.6337268478237092,4.994121411815286,4.194032463710755,3.7956083421595395,3.401069272775203,3.191799597814679,3.6379480096511543,,3.5426037088036537,5.577152471989393,3.9681723532266915,3.096911944914609,3.4799473248422146,2.951609300915152,,,3.190450919326395,3.107894544955343,3.2372634462080896,2.4969890182837844,3.4560528295114636,3.301177843939513,3.3057001302950084,4.080790433567017,3.853661945555359,3.54122174391523,3.5800544498488307,3.1222019609995186
tt_0.1h,,,,,,,,,,,,,,,,4.922398503404111,,4.934640676248819,4.934640676248819,,,5.241440708283335,,,2.5489485980942845,,4.535500398371369,,,5.096584694925696,4.6597497053444386,3.1868775743059814,,,,,,5.445501104462892,5.074979912955314,,,,,,,5.003245680127293,4.529322312679142,,,,,3.3386022546328604,2.4296280215494335,,4.573118154425174,,,,,,,,,4.2313394346274436,,,,,,4.279033574275672,,,,5.099720391910523,5.036954183131456,,,4.527686543762684,5.444171405397356,,,,,,,,5.200602637138218,,,,,4.56454755179584,,,,,5.123759706970304
tt_0.2h,4.2686255648732185,,,4.927201228681952,3.4228010652586818,5.222480253782123,5.222480253782123,5.158988150302321,5.085083917248994,,3.3634337848052382,4.939856211654842,5.367153281811625,5.226944166701287,3.169210445135832,4.781713895499706,5.5364990956149995,4.85910778818652,4.85910778818652,4.679159274790436,3.9461992494761944,5.209918751846999,4.795852618291974,4.731384527403861,2.540130031760782,5.121117697097361,4.489088545087725,,,5.0817527156323195,4.622691038064659,3.163495502900332,5.157369585707784,4.9209540812298656,,4.001263503916562,4.001263503916562,5.38161704223603,4.946743807289749,2.411812635604292,4.395481681916863,4.395481681916863,4.578484618570656,3.765873875003308,,4.802367229014635,4.425340506248176,4.025926358066499,2.4820649130269885,5.109916385728866,3.44483214430511,3.3343991301953793,2.427469101268798,4.135420287959278,4.570766960270703,5.245537658687681,4.781246514990926,4.878915045410395,2.22556095616892,5.343623070511967,4.987473683431745,5.231738302856684,4.803261284250766,4.2312118033878505,4.451022346504033,3.7176947207190096,2.355714751407504,5.108165129087865,,4.264984012115747,5.119594885036349,5.2431812402792275,4.780120362062007,5.047995899338275,4.998391297180206,4.874180190265179,,4.5195842906832695,5.446115388069302,5.436198434792459,5.341569120530039,4.142550352495164,4.411457979585975,,,4.169098823796958,5.0447901342995465,4.987380559090525,2.534367320127785,5.303426432888955,5.390136015601456,4.525804368313402,5.341202202253044,4.805479748174548,4.692549933213741,4.4107934343628585,5.064665595069528
tt_0.30000000000000004h,4.226016120053828,,,4.78605277556926,3.419711726717651,5.180631740018725,5.180631740018725,5.068160120397806,4.9169646934606135,,3.355028163641691,4.8238532561808825,5.3601342854090035,5.141024307347834,3.1541664339601994,4.662155216559768,5.495068995747715,4.779704974964261,4.779704974964261,4.657763210590929,3.9424089449457824,5.176995096262544,4.768863854929805,4.601366314571351,2.531422670930624,5.127745919395238,4.44425065536052,,,5.066163084004074,4.586064914707094,3.138644746504724,5.105664266739041,4.905096069909632,,4.004144633654505,4.004144633654505,5.313599178101867,4.836189288645983,2.42309106932953,4.289536732248962,4.289536732248962,4.580522920470685,3.7631631116382778,,4.60960054025054,4.336651121266186,4.031143694650382,,5.005137253552675,3.3537182067520916,3.3302309615537524,2.4253113260492682,4.133295173756778,4.568427927792072,5.249023875687271,4.77234793594107,4.869170562829822,2.242034315597266,5.3442656504921615,4.984738788101822,5.196469428949058,4.748221887275577,4.231083031278104,,3.6704151052981615,2.3474252680316567,5.07477506948635,,4.250167014542967,5.117184870410711,,4.749508956912905,4.993951094336808,4.957016631960869,4.8280058656819165,,4.510001285467297,5.448088502511382,5.399787648580968,5.259235855191946,4.120628301054239,4.376822954975069,,,4.157116921618581,4.917857308872044,4.9088225699961185,2.5342973065562546,5.216011742595583,5.285826743580401,4.489093815442175,5.308465198613703,4.7952240207232535,4.607935661450028,4.383008073549718,5.000488934107125
tt_0.4h,4.18594570690766,,,4.673213818576187,3.419734378810972,5.137172325048596,5.137172325048596,5.07641518348828,5.089929409325123,,3.346726475749165,4.707312216050923,5.3530243202112615,5.053206401411444,3.140216843225062,4.5669457777403295,5.452084810007364,4.701873369049281,4.701873369049281,4.636310182046145,3.938613472972065,5.142616526223719,4.741145275998861,4.4590436103753746,2.522752535995096,5.127745919395238,4.40375985391438,,,5.049781209323555,4.550810220185667,3.112935997545719,5.051910713780671,4.871931585017592,,4.004172940738499,4.004172940738499,5.24540871521458,4.744245081674308,2.436951213516295,4.1876633879728615,4.1876633879728615,4.582410272210836,3.7658853945322335,,4.448638250119984,4.266420281957835,4.036243795417249,2.4901458201929927,4.888906973879784,3.260606040712446,3.326087038498372,2.423160206526518,4.13331824215129,4.566103028599173,5.252474477514625,4.781641900539398,4.859100623521954,2.2585501121357083,5.344927983358502,4.981984776444733,5.159969191532582,4.691330726724118,4.230953166261315,4.454153075814247,3.6288535622879863,2.3387352568097413,5.035216128453612,,4.234516510274261,5.114782296586782,5.250276191160083,4.718240240123123,4.939733639359474,4.914585325866938,4.7812508679926395,,4.498686830978841,5.450091165024787,5.361995475366712,5.171325740404427,4.097755375318229,4.34182034060359,,,4.145214109215885,4.812920407857746,4.8071789080277085,2.534227513242513,5.12815074250102,5.180899001657963,4.455701124388725,5.274680437985808,4.7848168085329235,4.519878805615008,4.354450491722673,4.936596693471074
tt_0.5h,4.1497808303684,,,4.578880885150284,3.419734378810972,5.183948002755642,5.183948002755642,5.07641518348828,4.921546299010515,,3.3385046771727502,4.602249675896019,5.345783280674368,4.971095024142414,3.1273264018818736,4.488782986532897,5.40809365035966,4.628082900773734,4.628082900773734,4.615027446765453,3.934830790851265,5.1075536254793406,4.7127430606633425,4.615232148207724,2.514090416021645,5.08499702019617,4.368345276918262,,,5.032792154233903,4.517695360817015,3.0870998851023614,4.999432574491948,4.811930250842124,,4.004172940738499,4.004172940738499,5.179876439273357,4.665021342691034,2.4250742578879,4.195839919149876,4.195839919149876,4.596246073022485,3.763186135329306,,4.314771686680615,4.209514869377017,4.041215458884835,2.4901956617832184,4.772766635287553,3.2762212664820254,3.3219922184944153,2.4210148630663753,4.13331824215129,4.563790360931307,5.255940860137343,4.7727941372431815,4.848726799245924,2.2750609326176345,5.345610400196165,4.9792112852446735,5.122306457720697,4.634904698468745,4.230822172947228,4.457260115072131,3.59185433620587,2.3298471653833985,4.992165113333613,,4.218149181455374,5.112387745641172,5.2573651960119605,4.686811169143766,4.887293119449168,4.872509122826159,4.736025466118008,,4.485848888289183,5.452123677823693,5.323205063119531,5.08539284626022,4.107116261962801,4.307287969626486,,,4.133398614358157,4.721600804943591,4.711797625757754,2.5341579490341246,5.047049661166966,5.085655881091952,4.425514018628746,5.23987137619406,4.774287716951221,4.435998268891126,4.325100461021066,4.875664529390633
tt_0.6h,4.117281491868198,,,4.497177125886083,3.4166602669283748,5.140473726205528,5.140473726205528,4.975994182284921,4.792526921257377,,3.33036638610065,4.51015883916989,5.338446782901883,4.897063865792006,3.1147658969275653,4.422231988050044,5.412224647123367,4.559626213740557,4.559626213740557,4.594124475028366,3.9310636851005256,5.072431762237102,4.684325063135475,4.473355012945831,2.5054197246208787,5.091547688469291,4.337680004537106,,,5.0153948077932,4.486896221991628,3.061556181870401,4.949763670563698,4.816253482829779,,4.007083156146109,4.007083156146109,5.11841967375949,4.594787252601236,2.439650731626898,4.195839919149876,4.195839919149876,4.596246073022485,3.7604875303804874,,4.199233782012016,4.161095809191465,4.046047389041632,2.4983195159584284,4.662387057207525,3.2762212664820254,3.3179371492005885,2.4188759550452232,4.13120293058455,4.561492920387536,5.2593964478001,4.763311729300767,4.8380360994488,2.2915544384159148,5.346313272602856,4.976417159195989,5.084625084884465,4.581530482508242,4.2306900676339865,4.457260115072131,3.557791349478066,2.3209437308833003,4.948240444995463,,4.201489483937621,5.110001383349299,5.2573651960119605,4.656092538498342,4.837669073604047,4.831819939427078,4.693310707807541,,4.4717842428945005,5.454186339862645,5.284572828561068,5.0045933946967125,4.107116261962801,4.273653113283217,,,4.121657332871109,4.639709496404976,4.6273982604034245,2.534088606480509,5.051049371249974,5.001929503399879,4.398085466586053,5.244698233902454,4.763653136789799,4.359148894902319,4.295784474350512,4.818885616026819
tt_0.7000000000000001h,4.087698754388839,,,4.4234905880875885,3.4136086818762124,5.096607106272131,5.096607106272131,4.873981941957027,4.796861215960234,,3.322289097122848,4.428806632757187,5.330996077507734,4.830996734090149,3.1018124162219465,4.363846544642001,5.412224647123367,4.496916001196951,4.496916001196951,4.573689493816346,3.9273256538435817,5.037628214340657,4.656347681302577,4.3373682466335595,2.496748860925436,5.091547688469291,4.310897201299667,,,4.997722025029361,4.458372680936009,3.0368009586818516,4.9034321014769375,4.744871490634978,,4.010029128752649,4.010029128752649,5.061547871679068,4.531128916423768,2.457153932657093,4.107850047759712,4.107850047759712,4.597783144097775,3.760522094555199,,4.09814134798944,4.118485956452787,4.050690224394202,2.498292751610279,4.561023226007819,3.1892582741566002,3.3139090426266193,2.4167452906258404,4.129089017864317,4.559211930260062,5.262840283103287,4.773232653271407,4.827247795648873,2.3078844724223018,5.347034913953394,4.973622850608081,5.047556516714394,4.532329216599464,4.2305568642914295,4.464427071623504,3.5257215504534543,2.312107662204653,4.905277393758297,,4.184634989127517,5.107623584102839,5.185126157477498,4.626442322507501,4.791341882199049,4.793018484953791,4.653539483435452,,4.456944420002401,5.4562791818752885,5.246652747504413,4.930304887704551,4.083216233178973,4.241049333941191,,,4.109966228250414,4.564634170848876,4.551959745585918,2.5340194711461663,4.978299360722303,4.928026320878416,4.372918138280511,5.244698233902454,4.752909230999649,4.290158020332456,4.304885260295123,4.766116370912641
tt_0.8h,4.060305846855044,,,4.3545512850396335,3.4136540247127414,5.053729270584881,5.053729270584881,4.883169591892511,4.796861215960234,,3.314280671533197,4.3552075093612075,5.323502602055669,4.771785798482597,3.088478857651353,4.311251556966454,5.368749810848385,4.439019123557955,4.439019123557955,4.553785983007401,3.923579915892333,5.003510579932481,4.662789610680193,4.214936478063464,2.48808985715732,5.047206816263497,4.287191094364971,,,4.979925999417901,4.4320198483765125,3.0131823318079114,4.860198977403343,4.744871490634978,,4.010081182233989,4.010081182233989,5.009059192147106,4.472384956665337,2.4773874287493527,4.035574286710471,4.035574286710471,4.599151625297964,3.760522094555199,,4.008435471449047,4.079981514252722,4.055080172140151,2.506500522606075,4.469577576965094,3.1126750274561346,3.3099001036025584,2.414614662528038,4.129129264969379,4.5569568537175655,5.266245122533292,4.763812266290188,4.816431223414838,2.324034033343196,5.347777915652841,4.970807828940451,5.011467453092337,4.487951405346394,4.230422559194267,4.460344337392598,3.4951084316708148,2.3034987184219062,4.864279775414616,,4.167698865290731,5.105268878862262,5.192272815853357,4.5981106366962194,4.748472621664405,4.756260999944061,4.616662930231541,,4.441852249670774,5.458386898972094,5.209911277983338,4.862272032536566,4.058895063120872,4.2420161524787545,,,4.098261797334999,4.494775335304439,4.482963095419109,2.5339505807496607,4.978299360722303,4.861276402603835,4.349433250259608,5.209764595609158,4.742124250158668,4.228464652784169,4.275880156084895,4.716603858862072
tt_0.9h,4.061739404220134,,,4.289412152953446,3.4136540247127414,5.057042065542191,5.057042065542191,4.883169591892511,4.6966023170389235,,3.306323162280023,4.288097790908068,5.316017537377775,4.717647274024785,3.0885947798378766,4.262923921458423,5.326411393471062,4.385179436765611,4.385179436765611,4.534359951969236,3.92363874707371,4.970386812463403,4.635352245066315,4.229395854752511,2.479442103765905,5.053642640821636,4.265571685973555,,,4.96214676136151,4.407577475532889,2.9907002951949835,4.8194982768036425,4.6758459392003715,,4.010081182233989,4.010081182233989,4.9600753001868725,4.417480442672968,2.4818680956959724,4.042322513181716,4.042322513181716,4.600344103761017,3.757845956366509,,3.9278880450874567,4.044473450630903,4.070058326702565,2.506500522606075,4.482067454140633,3.126462000887841,3.3059349325485528,2.4124791440553963,4.129129264969379,4.554710266645998,5.272450068499893,4.753627706319094,4.805616688448936,2.339989405591041,5.34853500733152,4.967992756515741,4.976755518466234,4.448425278067589,4.2302871574647725,4.467521823011339,3.465669500641525,2.3089408609084785,4.825374931562692,,4.150813681073487,5.102967065293342,5.192272815853357,4.571270519401878,4.708579977974296,4.721243238542229,4.582375062163919,,4.426857240498066,5.4605051428079605,5.1746296333149076,4.799173982813954,4.034513209015131,4.210488447919488,,,4.08654875960201,4.429227846674621,4.418817372061312,2.5338819352909923,4.9129764046519995,4.800188812892884,4.327302630525082,5.175175348762423,4.731303922832012,4.172308116685599,4.275880156084895,4.669942197389901
tt_1.0h,4.036047332920134,,,4.227884577121586,3.410616504494101,5.057042065542191,5.057042065542191,4.784960171673447,4.700743488036096,,3.2984275012277067,4.226270243059844,5.308519749902189,4.667856412939727,3.0749562797136605,4.217888509389013,5.2857202985323966,4.335088507737964,4.335088507737964,4.51539054652676,3.9199105598963797,4.938513230998069,4.635352245066315,4.229395854752511,2.4708571205846965,5.053642640821636,4.245612310245633,,,4.94453857652843,4.384624479804188,2.9692773460410535,4.822144375182688,4.612199268769473,,4.013037797994912,4.013037797994912,4.914241059217602,4.365751800127327,2.4818680956959724,3.9822685793042183,3.9822685793042183,4.613538506440818,3.757892120629549,,3.8550498615950346,4.011242427397519,4.073951318394393,2.5063128820620477,4.398845301941037,3.0601987768895924,3.302006572019309,2.4103443822823465,4.127025282941759,4.552480925805867,5.275791280902922,4.75419368641451,4.794876591768116,2.3557432321831584,5.349305601790547,4.965180187020451,4.943576178047806,4.4134092684835196,4.230150694493204,4.454490289092064,3.437232491094619,2.3005759762600064,4.788383615668863,,4.1341115538962185,5.100672112777829,5.18330920021981,4.545866818167269,4.671160083729774,4.687860326841474,4.5501316813752055,,4.412114913575351,5.462636582087725,5.140987242106348,4.740278270095587,4.043706338386983,4.210488447919488,,,4.074834375176579,4.367442963644862,4.358709886670113,2.533813539892435,4.853259044699371,4.743680652230978,4.306252796668559,5.141278826165944,4.720449454151094,4.179423763882369,4.2475424711592495,4.625799699220806
tt_1.1h,4.011726364959031,,,4.169576182030141,3.4106732732616365,5.015862463507801,5.015862463507801,4.794522910378873,4.700743488036096,,3.2905790829099715,4.168810678645968,5.301061541307718,4.621666724793613,3.0611025104299188,4.175484706182033,5.246993022039533,4.288426459766924,4.288426459766924,4.496843749657273,3.91619490692392,4.908001881092787,4.608817940112203,4.122796974610537,2.462292202282697,5.044009504374117,4.226927596144378,,,4.927192230708897,4.363034012261778,2.9489372549578547,4.783772537950426,4.553333238698542,,4.01601134147495,4.01601134147495,4.871255974750966,4.316699525807053,2.504831283353269,3.9822685793042183,3.9822685793042183,4.613538506440818,3.755243342369795,,3.789039645344019,3.97982388548553,4.077572203241289,2.4987020711414516,4.322232932783663,3.0601987768895924,3.298103920649737,2.4082155134528875,4.124922277871519,4.55027181096375,5.27908228058368,4.75419368641451,4.784281749743968,2.361203575041145,5.350088999141008,4.962374137248844,4.912162012420595,4.381890163756907,4.2300131232477725,4.454490289092064,3.4096939121372998,2.2924791662953794,4.753250285983086,,4.117744241841137,5.098410973791033,5.18330920021981,4.5217758519575,4.6360319862142205,4.656014433130622,4.519735902547836,,4.397708754986525,5.4647775730118155,5.108959533739835,4.685138328932226,4.0194524792023,4.179876710288227,,,4.063068605493754,4.309000284411013,4.302113239187747,2.533745392691344,4.797976648900658,4.6908965818583965,4.286115468945354,5.1461879960261285,4.709626469761133,4.128016916569322,4.220061261206865,4.583887638524175
tt_1.2000000000000002h,4.011726364959031,,,4.114182792138308,3.4076644852757454,4.97682517580688,4.97682517580688,4.702997136861086,4.617555740755051,,3.2827889234758914,4.115017967298627,5.293623017147183,4.578525013290346,3.0470511065796018,4.135231692809612,5.251225171610713,4.244820858817548,4.244820858817548,4.478701402433217,3.9125067023560405,4.878715257626027,4.583385671023279,4.0307909762486815,2.4537977292202413,4.998406658414751,4.209228695835918,,,4.9101282032206655,4.342638170812279,2.92976449476555,4.747423277236521,4.558912654872984,,4.016087238211185,4.016087238211185,4.830788951832801,4.269947705324739,2.5290890838950872,3.9313355395570397,3.9313355395570397,4.614326351787895,3.755243342369795,,3.729161810595542,3.949887948576361,4.077572203241289,2.4984326232224703,4.322232932783663,3.00291879940778,3.294217437505722,2.4060914935544133,4.124980140477419,4.5480814557522535,5.282294136472046,4.743413933552802,4.7738562962040305,2.3767631025984883,5.354721418116242,4.959596900269389,4.882482354529202,4.387466473504901,4.229874493088573,4.457541509531438,3.3829713203012943,2.28468753490597,4.719819952268153,,4.101865899283439,5.096186407376081,5.106275962665677,4.498789197765291,4.6029999209567904,4.625591903459281,4.522503403481096,,4.3836669344455,5.46692614024505,5.078229004982859,4.633241741918027,4.0194524792023,4.150153935421258,,,4.05126480711624,4.253584278747439,4.248550144489855,2.5336774745956063,4.802161166910082,4.641180452425033,4.266767635010183,5.113315152004361,4.710003990214318,4.0807323614135385,4.193660912569612,4.543881895951927
tt_1.3000000000000003h,3.9884877279400826,,,4.06148637784645,3.4076644852757454,4.980174784548581,4.980174784548581,4.702997136861086,4.605446219909936,,3.275044770911336,4.064410299062729,5.286258558742702,4.537915658205748,3.0470511065796018,4.096807511057705,5.214575007092208,4.203946579713374,4.203946579713374,4.4609436290338635,3.9125067023560405,4.85050090868026,4.559150711167604,4.044886671938002,2.4453393747098744,4.998406658414751,4.1923050307668746,,,4.893311175983399,4.32329027634114,2.911687894258648,4.712810036726296,4.50448793778196,,4.019090284593403,4.019090284593403,4.7925588940270245,4.225211367942393,2.5347799034789205,3.937113420572132,3.937113420572132,4.6149093033745885,3.752609292976558,,3.6748499954119325,3.921198330819607,4.08091707341373,2.5067715803161263,4.251611385028809,2.9529467709362507,3.290372929070145,2.4039778490550816,4.124980140477419,4.545912571251392,5.282294136472046,4.7279507839120924,4.763667949009687,2.3920646915212274,5.355532177723944,4.9568151431158185,4.854128368198872,4.358745047356933,4.229734797496349,4.457541509531438,3.3570209029130638,2.28468753490597,4.687939206138253,,4.086412293370813,5.094000708311796,5.113510059658438,4.476889110170305,4.571829612366855,4.596453303005546,4.493762114550918,,4.370038037188351,5.469080237671733,5.0487811476923525,4.584171656519175,3.9955915631726384,4.121278661303222,,,4.039421088062227,4.200886314269155,4.197721145115793,2.533609787002206,4.750609164591879,4.594046854879707,4.248061835765839,5.081652333494276,4.699218059889972,4.036975296214223,4.168544616084546,4.505584041122347
tt_1.4000000000000001h,3.966174241155386,,,4.0112191596999764,3.4046619096770883,4.943418454844505,4.943418454844505,4.618905270472169,4.533469357062131,,3.2673560827970505,4.016609408892691,5.290092739742249,4.499504128936678,3.0328562008216977,4.059961408376694,5.214575007092208,4.16553221270442,4.16553221270442,4.4620826547034085,3.908812024164945,4.823354857508093,4.536203732714057,3.963060306850821,2.43695466266945,5.004753535613418,4.1760003310628235,,,4.876791025046259,4.304876695852727,2.894625667948276,4.679742300417274,4.453916143625975,,4.019090284593403,4.019090284593403,4.756302636116743,4.182267827913165,2.5600567483343184,3.892628224566579,3.892628224566579,4.627640630118549,3.7365737450309098,,3.6256001675501466,3.8935809917747974,4.08397711487487,2.5067715803161263,4.186444594990462,2.965002814307809,3.2865683902055025,2.4018703354522586,4.122881461400539,4.543764729984105,5.285476058721542,4.7279507839120924,4.753774628508836,2.407092850189656,5.35635388083756,4.958024182356894,4.827059032861143,4.332781513221562,4.229594016913325,4.464767587836832,3.331784167792648,2.277247102931142,4.657442811876535,,4.071241138502955,5.096536808181554,5.113510059658438,4.455968834925443,4.542311464436352,4.568467556498945,4.4664166062138975,,4.356801729183644,5.471237367019057,5.020580505486578,4.590594477020204,4.004651823081076,4.093225460033864,,,4.027529251296073,4.150709258392453,4.149334295652807,2.5335423690266907,4.702091968152672,4.54915137309581,4.229932850692421,5.081652333494276,4.6884183920919895,4.036975296214223,4.177382749971002,4.468779869377613
tt_1.5000000000000002h,3.9446188476867974,,,4.014677760191262,3.3886365997605026,4.943418454844505,4.943418454844505,4.612979219760746,4.533469357062131,,3.259712864179164,3.971307445317507,5.282811549026519,4.462989255320281,3.018537546042353,4.024502787273377,5.179963923525065,4.129353243857622,4.129353243857622,4.444746562279761,3.9051221068948507,4.7972763371653855,4.542114051058888,3.963060306850821,2.4286155961453915,4.959806444123387,4.160201650578529,,,4.860593863762915,4.2872814713045955,2.878459157422185,4.679742300417274,4.453916143625975,,4.0221114116720855,4.0221114116720855,4.721790352836251,4.140918424818665,2.5600567483343184,3.8534389939159155,3.8534389939159155,4.627815977670252,3.7365737450309098,,3.5809275722131133,3.866908018477261,4.086746271234006,2.506328902207315,4.125930120702833,2.9207705864682794,3.282790976576507,2.399773842189461,4.1207694644108415,4.541637618094683,5.288599559105933,4.716595432255417,4.7440818613395095,2.421901669818908,5.357185415457934,4.955288186203688,4.8012751173228025,4.309166848659515,4.229452195111662,4.467807374894619,3.333335743751377,2.2701437762007117,4.628185496199876,,4.056404577568173,5.0944263762794435,5.120713014155626,4.4588763187639415,4.514230614993721,4.541549280285835,4.4403037540614605,,4.343925742898136,5.473395026288927,5.0242435545660555,4.544051511213183,3.981352945789695,4.094724011141807,,,4.015511790290475,4.102830692194402,4.153085530735552,2.5335475271567702,4.702091968152672,4.506226458586752,4.212318966165185,5.051310642622411,4.677661499474198,3.996175279840827,4.1535478020086884,4.433343569748104
tt_1.6h,3.923755502793938,,,3.966659255325794,3.385653129313141,4.908859274815768,4.908859274815768,4.535893484484404,4.537356001324952,,3.252122589852661,3.9282578164711595,5.275603194721043,4.467643267475069,3.004108365625143,3.9902996215969324,5.146937845740467,4.09527043113485,4.09527043113485,4.427776305470616,3.901442226022482,4.772256601136178,4.520136286970228,3.890494276303798,2.4203512156382203,4.959806444123387,4.144827258307487,,,4.8447406170889735,4.270406597759575,2.8631416563875973,4.648047310300171,4.4066429934464395,,4.00610717991367,4.00610717991367,4.688860552385449,4.101063630077988,2.585578120313585,3.8534389939159155,3.8534389939159155,4.627788457553834,3.7339555523358285,,3.5403433414176106,3.841073171235621,4.089219436980784,2.5146838016808033,4.069509603083134,2.9207705864682794,3.2790245013311505,2.3976722811348736,4.104742587078363,4.5395407932810485,5.291661823168397,4.717319893185049,4.734600367024541,2.4364985446445644,5.35802550567314,4.952574661001563,4.776654747780412,4.287575085181743,4.229309293441474,4.467807374894619,3.3088197908364236,2.263358600437641,4.60005760146305,,4.041948437225074,5.092360072769225,5.042907646391541,4.43887851992622,4.48744191788137,4.515572391916066,4.415297899395227,,4.3313741884194314,5.475548286456615,4.997239803429693,4.499665381852537,3.958848311100155,4.0675132144242525,,,4.00333591690287,4.05707383621484,4.106935557443649,2.533480624202639,4.656126417219639,4.465051825158298,4.195171604864299,5.022395136766136,4.666935440618545,3.957915830425918,4.130624836310744,4.399160264059901
tt_1.7000000000000002h,3.9253842155449092,,,3.9206573595292866,3.385653129313141,4.896097764838487,4.896097764838487,4.535893484484404,4.472999927122146,,3.2445767112076283,3.887264634948224,5.268522628583014,4.432804799173027,2.989571978803724,3.957247947808355,5.151233991142362,4.063117004465312,4.063117004465312,4.411106937099248,3.897774090990424,4.748247708659619,4.4991215812042356,3.887851645704359,2.4121375465765595,4.966074612457305,4.129843293689191,,,4.829269097186625,4.2541975770145655,2.8486586213111877,4.617590769659728,4.362211452797055,,4.009158348664641,4.009158348664641,4.657369012013078,4.062530780676752,2.611145750619471,3.818273355718702,3.818273355718702,4.627788457553834,3.7340357340872288,,3.5033805686980486,3.815999241080135,4.102804078254849,2.5146838016808033,4.082606872078031,2.8815775443799794,3.2752957730554044,2.3955744672566652,4.102638443000615,4.537458228413016,5.294659317471087,4.717319893185049,4.72535725357011,2.4364985446445644,5.358872512355447,4.949886726681143,4.753182330634445,4.267666751984507,4.229172311257571,4.47082694247365,3.284940871410072,2.25687626702711,4.572961724828929,,4.027928170282394,5.090340896975249,5.042907646391541,4.419704273343086,4.461833497975022,4.490490805357695,4.3912382097914815,,4.319145078305155,5.4776709489524364,4.97132193017751,4.457239685114473,3.958848311100155,4.041036513168365,,,3.9909305972978473,4.013292849995196,4.062776621896774,2.533414003904909,4.61233519250527,4.425462499260902,4.178423243109137,5.027387210167944,4.6562220132909715,3.9218508903868496,4.108675703871995,4.3661265363916755
tt_1.8000000000000003h,3.905156481079757,,,3.8764893864281476,3.382678736001253,4.863320621661842,4.863320621661842,4.546236622147262,4.472999927122146,,3.2370715835131705,3.893704818561673,5.261554585304111,4.399467865936458,2.989820759743452,3.9252588506788015,5.119760295376182,4.0327638341113925,4.0327638341113925,4.394748801831156,3.8978915638290346,4.7251953524537385,4.479078446049243,3.8230392220430076,2.403997207991779,4.922467524185777,4.115206448361278,,,4.814175230450928,4.238600950222462,2.834942519199103,4.588259178213775,4.367830456234515,,4.009158348664641,4.009158348664641,4.627194921951741,4.025258667301387,2.6016756296157837,3.8070888640359044,3.8070888640359044,4.627561157569289,3.7314535682089627,,3.469565317966044,3.7916257986798882,4.104758895933628,2.523157997056842,4.029628987889737,2.8768281913362443,3.271606717724353,2.3934769481420517,4.102638443000615,4.535401060245931,5.300502241589129,4.705419262871146,4.729544159956276,2.450886722188443,5.359716872218996,4.947234928142279,4.73071832023561,4.249154355376959,4.229043275117874,4.47082694247365,3.261654078029096,2.2620724625885487,4.546834092121571,,4.014399570412934,5.088383739348501,5.050208667758852,4.4012808706611395,4.437280444893986,4.466260416898876,4.368076642043889,,4.307176154106855,5.47975016431883,4.946410885546356,4.416592795867473,3.937329852953553,4.015285386703908,,,3.978203838225454,3.9713079356588423,4.020457454957068,2.5333476262167096,4.616729750297964,4.387314402963966,4.162034227978438,4.999602399300784,4.645567996427417,3.8877418860793114,4.108675703871995,4.334155992604792
tt_1.9000000000000001h,3.8854663050733507,,,3.8339946307241917,3.3827812136150897,4.863320621661842,4.863320621661842,4.4745024517178535,4.414120792876929,,3.2296327999792993,3.8545777378603816,5.254689960740507,4.367483761627227,2.9752106522209942,3.894254834856838,5.089724050834775,4.004088817164302,4.004088817164302,4.378689976874739,3.8942547594197094,4.70302645303309,4.479078446049243,3.8230392220430076,2.3959097051993012,4.922467524185777,4.10087903868407,,,4.7994533334858716,4.223559116013348,2.821951225399971,4.559933325275779,4.325863746460527,,4.009270284324884,4.009270284324884,4.598223533947021,3.9891222659498453,2.6274150065146387,3.7748337537050247,3.7748337537050247,4.623519766610116,3.7314535682089627,,3.4384484505280852,3.7678942908532917,4.106454565189779,2.522456358652562,3.9797458751127124,2.841349839232862,3.26794744329527,2.3913904796354473,4.102726157288998,4.533369279466569,5.3033876973204315,4.70623429492116,4.720419635530561,2.465070752426982,5.36055458849296,4.944615510292351,4.7092141271568835,4.231879523489624,4.228922206908464,4.457722549326718,3.238935451488942,2.2558599482290447,4.521563265938312,,4.001344112679362,5.086436580866575,5.050208667758852,4.3835324151441455,4.41370362509042,4.44277855893597,4.345688371453434,,4.29546468006447,5.481782303191721,4.922435479238629,4.377603332046419,3.9301167433150113,3.9902142439968884,,,3.964968225453049,3.9310297989286482,3.97984714852646,2.533281413372606,4.574886147398502,4.3504973580129445,4.145978995598853,4.972867749165744,4.634954358451068,3.8946357062086463,4.08774030348286,4.303177096880972
tt_2.0h,3.866266105789691,,,3.793061066418886,3.3798375581391156,4.832156171556562,4.832156171556562,4.407676242291927,4.417868302669376,,3.2222253680229187,3.817176449112594,5.247889367863536,4.336725492496043,2.960499844979495,3.864169371780008,5.061051377095282,3.9769834745675325,3.9769834745675325,4.3629197222180665,3.890604680404067,4.6816801922395825,4.459941929671913,3.7649209443479776,2.3878967333585024,4.928632732015103,4.0868316031992435,,,4.785091639496386,4.20902782632038,2.8096245587803423,4.562974024564028,4.286124909296632,,4.012370690703392,4.012370690703392,4.570358524098992,3.954068440478295,2.6274150065146387,3.745099068619311,3.745099068619311,4.622899319510907,3.7315449989400804,,3.409624848049134,3.744767111726105,4.10791747784242,2.522456358652562,3.932656961027533,2.8091718032956123,3.2642902387306094,2.389309682417661,4.100628732237965,4.531363555695862,5.306204709224403,4.693909431807697,4.7114770375192165,2.4790232139639556,5.361383678391576,4.942045715171844,4.6885680430568755,4.2156546311452985,4.228809150401503,4.46499764546752,3.2167641539126635,2.24992484645918,4.497122491244227,,3.988738400861621,5.084515620954335,5.041349545121193,4.366411940660328,4.390999987255782,4.4200391955673695,4.324049662798643,,4.284009025432169,5.483779690228403,4.8993129171431065,4.340110215358436,3.9092951281927526,3.9902142439968884,,,3.951057911850512,3.8923085583373904,3.9407785362564027,2.5332154356874526,4.534740812610835,4.314914858434349,4.13023589970544,4.94718815991655,4.624359516426921,3.862230538390577,4.096430802252144,4.273126312997192
tt_2.1h,3.847501744516194,,,3.7535432898439467,3.3798375581391156,4.8355403686873615,4.8355403686873615,4.407676242291927,4.363187945447862,,3.214880163781345,3.78136826492846,5.241192698013037,4.307085760869086,2.9456902472302318,3.834951135329902,5.061051377095282,3.951332587748766,3.951332587748766,4.347427981905639,3.88696030061692,4.661108899861574,4.441675926093012,3.777595218271017,2.3799405531026423,4.8868862902745605,4.0730412607081234,,,4.771075707860291,4.19496915768832,2.797917017713189,4.5356575613841414,4.248351446352899,,4.015470062382519,4.015470062382519,4.543501579668373,3.9200332183390856,2.6530336318537593,3.745099068619311,3.745099068619311,4.6221344457007945,3.7289763325825334,,3.3827398526482284,3.7222030851989985,4.109156817663461,2.5148427416570485,3.888070735614747,2.8091718032956123,3.260665764566511,2.3872419805265963,4.098528239410371,4.529383598361164,5.308949411846697,4.693909431807697,4.702747978270054,2.4847389752976596,5.361383678391576,4.939492603763938,4.6686917138285935,4.2156546311452985,4.228704111650586,4.46499764546752,3.1951002245768905,2.2442684220150113,4.500697972718626,,3.9765446265228093,5.08262200281024,4.9659537160769105,4.34986865054816,4.36911615729332,4.397974605672061,4.324049662798643,,4.272745070978999,5.485743241384625,4.8769997814670205,4.30401549115777,3.889174362178892,3.965838266070932,,,3.9514475343748927,3.8550773835740983,3.903172750491649,2.5331496903672814,4.496113512199372,4.280471018049866,4.114785856101662,4.94718815991655,4.624359516426921,3.8313872856087983,4.076251031365246,4.243947701063007
tt_2.2h,3.8291741954162717,,,3.7153657469898462,3.379950458649546,4.80593885993585,4.80593885993585,4.418346981983632,4.363187945447862,,3.2075689574703574,3.747056554071605,5.234587389975786,4.278473653830588,2.9307836326770484,3.8065375653095543,5.03361706668511,3.9270746344700456,3.9270746344700456,4.33218295359984,3.8833241229876876,4.641266133170575,4.447108841035515,3.7247742656618357,2.3720594816841185,4.918682043906301,4.05951034091413,,,4.757400028407574,4.1813497841358185,2.7867722916416824,4.509190143086016,4.248351446352899,,4.015470062382519,4.015470062382519,4.517610415350646,3.8869595951400697,2.6601862823590636,3.7496968833729625,3.7496968833729625,4.6221344457007945,3.726415735669434,,3.3574813581071794,3.7001681360416114,4.1101771784015,2.5148427416570485,3.8457637261599302,2.7797515094280243,3.257080001756549,2.385182433295995,4.098528239410371,4.527430078480393,5.311617074068636,4.6948199002072215,4.694203303195536,2.4985086657106876,5.362208240665495,4.936976545024663,4.649569170083851,4.200340029317886,4.228607119992375,4.467986184637994,3.1739265234209597,2.238870622590184,4.47704111924395,,3.9647183320485055,5.08075659815222,4.9659537160769105,4.333862486295402,4.347968123853207,4.376522730104625,4.303076562937349,,4.261678719893098,5.4876721245236695,4.855430837254971,4.269220732152462,3.8697956106625497,3.9677728097885847,,,3.936817618086934,3.819223848171532,3.8669083951972425,2.533084179740399,4.496113512199372,4.247096724808216,4.099613069090992,4.936167797539383,4.613832772243768,3.8019346883520484,4.056949793361127,4.215592777822167
tt_2.3000000000000003h,3.8112415336072445,,,3.678410198073834,3.3770175157114863,4.777731200680137,4.777731200680137,4.356136294081807,4.366877184249461,,3.200314014684409,3.7141372449696064,5.228061620611697,4.2508096266537905,2.915795936714858,3.7788890656083822,5.021880723070353,3.9040834554471076,3.9040834554471076,4.3172222236171365,3.8797106915153563,4.622124242596328,4.429563709069043,3.676802127622068,2.364226457197219,4.876825042068958,4.0461803753860295,,,4.744059183169156,4.168138529639691,2.776173509657383,4.4835635726340115,4.237828284036368,,4.015603804960847,4.015603804960847,4.492603810038418,3.854796464089304,2.685882525984198,3.7219136087223887,3.7219136087223887,4.63380806799978,3.7290796996094286,,3.3335990724153817,3.678638528101146,4.1101771784015,2.523457433562726,3.8055075886659324,2.7902897452004254,3.253523552790284,2.383134655188769,4.098636810667813,4.525502705946565,5.314202514942735,4.682154667563736,4.685852887574583,2.5120675577782094,5.363027573097497,4.934497271198779,4.631131310015917,4.185812141280621,4.228518212214112,4.475266908295453,3.153229208663106,2.233707430306822,4.454072379507124,,3.953296430874616,5.078920139465481,4.973317554220557,4.318352667149156,4.327522537205368,4.355691960547119,4.2826964925043285,,4.250796628184617,5.489565565716475,4.834563356358558,4.23564075678587,3.8697956106625497,3.9441147642210126,,,3.921116985846311,3.7846629912965,3.831875874660909,2.533018909394741,4.48456066288054,4.2147267130203545,4.084703237749636,4.911549094133079,4.603355839382857,3.773785043042153,4.038450947031379,4.187999740708619
tt_2.4000000000000004h,3.8112415336072445,,,3.6426080595701933,3.374102390371263,4.777731200680137,4.777731200680137,4.297909152228385,4.315599417313933,,3.193094953894615,3.682524971663952,5.221655972767621,4.224045947659761,2.9006978305988014,3.7519643465057015,4.995584703981876,3.8822923908010125,3.8822923908010125,4.302515791263431,3.8760841195471585,4.603636951651424,4.4127850122749805,3.676802127622068,2.356472857296467,4.837377900723368,4.033060661982745,,,4.731038600672036,4.155307585839182,2.766073756851256,4.458697071298957,4.201824624091387,,4.018728086724877,4.018728086724877,4.468406428117305,3.8234977698884904,2.711458357051015,3.6958661591634154,3.6958661591634154,4.632778727449477,3.7265289244242013,,3.310878853313625,3.6575865615159273,4.110986467450857,2.5224952143616974,3.8055075886659324,2.7629399648867548,3.2499911221675575,2.3810806134715676,4.096543269697577,4.523611289914697,5.3166927504353225,4.682154667563736,4.6777048939839005,2.525443831924349,5.3677756721153855,4.9320571529679,4.636757700704038,4.189549349248409,4.228437406942248,4.470955775119364,3.1329746888950467,2.2287852438166738,4.431784131098539,,3.9422654705122113,5.077113412320614,4.902018704917282,4.303306750487536,4.307717447169125,4.335427979938686,4.285752389580011,,4.240107741672546,5.491422910708934,4.814358873758465,4.203199880197644,3.8785789674147964,3.9210976595059037,,,3.9041158840991557,3.7512989905662835,3.798028508666903,2.532953827176243,4.447368973400444,4.183303321246058,4.070043908897787,4.8878916767425835,4.60414154920727,3.746810618788004,4.020682712085545,4.1611651121638715
tt_2.5000000000000004h,3.7936820769682527,,,3.6078886138275266,3.374102390371263,4.7811608160845935,4.7811608160845935,4.366926484275609,4.2671670648269355,,3.185927544720471,3.6521436837501824,5.221655972767621,4.198083622846752,2.8855095165781677,3.72573354607448,4.970310807228088,3.86163713876158,3.86163713876158,4.302515791263431,3.8760841195471585,4.585772320162505,4.3967127446085215,3.688785454723984,2.348773268982768,4.882905261591077,4.020141198299825,,,4.718332581687719,4.142840911168605,2.756430275272578,4.434519893489778,4.167455119546503,,4.021867863368243,4.021867863368243,4.444981166627258,3.7930215350352228,2.711458357051015,3.671303467825055,3.671303467825055,4.631638698745519,3.723987376317382,,3.2891557752154768,3.636987442150712,4.1234002551063895,2.5224952143616974,3.767172747757286,2.737611508462578,3.2464716122485697,2.379034699872136,4.094446153379977,4.521736797410995,5.3166927504353225,4.667063165921718,4.6697205123491585,2.538644004613161,5.368597476743162,4.929656985215843,4.6189350401982665,4.175619561225176,4.228364707902074,4.478264889214188,3.1131518515758216,2.2240817095153034,4.410102075431496,,3.9315822795033455,5.075336792971939,4.980625218711793,4.288692954927683,4.288509404286742,4.315679537598044,4.265971202403307,,4.22955864854157,5.493241653777659,4.794767051003873,4.171829394996166,3.859981157351285,3.89867956796661,,,3.8856367645785213,3.719094654545188,3.765273922123015,2.532889016903937,4.411445215344429,4.1887177038006485,4.055623966734856,4.8651508232578635,4.593737273011357,3.7208964666351676,4.003601650241762,4.135035868734121
tt_2.6h,3.795552444178611,,,3.574198503512889,3.3742417083121836,4.754200667142868,4.754200667142868,4.308872557710856,4.303163836244494,,3.17880054237321,3.6229250924661756,5.215334087610245,4.172908021137118,2.8855095165781677,3.7001505685038865,4.945970600005239,3.8420034935697913,3.8420034935697913,4.288056678138673,3.876244360115379,4.568497376982123,4.38128318823874,3.644728901796043,2.3411585595458746,4.843334909062833,4.00741352327168,,,4.70592735754326,4.130714212544262,2.747232688125223,4.41103846905753,4.134562966413796,,4.025023298338056,4.025023298338056,4.422298084013164,3.7633293196558952,2.719068736769259,3.7002502977848053,3.7002502977848053,4.630401523783803,3.723987376317382,,3.268287386279553,3.6168256201781332,4.123829383403063,2.531129670329392,3.780116924084723,2.714029119350016,3.2429875815287232,2.3769925525411963,4.094446153379977,4.519888530485332,5.3191483886912465,4.654131773393601,4.66192333586514,2.551668133586645,5.369414619170129,4.929656985215843,4.601708278991282,4.162305381614715,4.228300153277814,4.473906397819519,3.093743555713445,2.2240817095153034,4.389027934987098,,3.921263081487268,5.073590484447777,4.909470655955374,4.274486094713211,4.269857489038259,4.296463961713016,4.246744866948575,,4.219161929562688,5.495025469921529,4.77575640194118,4.141468137037009,3.8421445759013295,3.8768223309889436,,,3.865626482758671,3.6879831389524043,3.7335445997305214,2.5328244837000966,4.376686469186097,4.158214894123375,4.04143318394199,4.843286192975938,4.583411056082696,3.695999688934535,4.003601650241762,4.109562057536095
tt_2.7h,3.7783800405450165,,,3.5414579436182976,3.371350849047303,4.728389961179346,4.728389961179346,4.254265029914677,4.254714761395007,,3.1717219022102654,3.594815052114427,5.219274832401425,4.148435560055077,2.8859651582315564,3.6751963067799807,4.92249539680779,3.823334756772965,3.823334756772965,4.289818064775318,3.8726272713392973,4.551778317894787,4.366462286096066,3.6044815462082624,2.3335915873758495,4.806304899044335,3.994891313370317,,,4.693812123965472,4.118909096810967,2.7384329442866147,4.388166174292564,4.103026657830924,,4.0220166919752955,4.0220166919752955,4.4002807550132275,3.7343858280219138,2.744732214603573,3.6756049441173673,3.6756049441173673,4.629057145677507,3.7080032783560455,,3.2481703869998455,3.5970794814638793,4.124071576632559,2.5299158026464283,3.7434801012277603,2.74775296356529,3.239540806505829,2.374963075853884,4.094575841445476,4.518067700788379,5.324725154321641,4.654131773393601,4.654299126472324,2.5645171920768917,5.3702266020700336,4.9312538001686335,4.585038843564689,4.149532685056329,4.228243762161583,4.48122249962762,3.0747418799437582,2.2291608257219195,4.368512271903455,,3.9112787628546357,5.071898703929037,4.9879257176071405,4.2606604802422225,4.251727807801217,4.277735379058868,4.22801615530625,,4.208931609988213,5.496772243175656,4.757294257637113,4.141468137037009,3.825065065640956,3.855539064388722,,,3.844141125679016,3.6578687019646168,3.7027795147150755,2.5327602215111256,4.343013242352754,4.128559403121471,4.027444263454527,4.843286192975938,4.573142998851836,3.695999688934535,3.995688860770315,4.084749061614275
tt_2.8000000000000003h,3.7615448040887713,,,3.509626316372305,3.3684610933996737,4.703561118338257,4.703561118338257,4.202685263939202,4.2087247567251325,,3.1646826579235494,3.5677440254949033,5.213063498027623,4.124660950619727,2.870734218042344,3.650831855367869,4.950382424984127,3.805560219101608,3.805560219101608,4.2756510535255075,3.8690150077454746,4.535581548232585,4.366462286096066,3.5676457080990076,2.3261146983131766,4.849335403647274,3.982525536324829,,,4.681978614535183,4.107405429705977,2.7300267592072487,4.365892200730741,4.072739127092063,,4.02518137358129,4.02518137358129,4.3789223725907505,3.7061396879144013,2.770277177914977,3.652235180605203,3.652235180605203,4.641664323862642,3.7054829611442983,,3.2287131478078663,3.577732239384204,4.124137598089874,2.5397992972284555,3.7084539057686925,2.723954834509641,3.2361247618682683,2.372942653018981,4.092485655564815,4.516272743232548,5.327079432085156,4.655248897150159,4.646825473289937,2.5772004541940987,5.371032936964184,4.928930542897433,4.5688915848731995,4.137243710458279,4.22819554945454,4.488505000248551,3.0561186955310404,2.2246509096585214,4.3485266584903,,3.9016002379357815,5.0763597642071545,4.916857343167067,4.247194551862776,4.234075972810388,4.259471483062953,4.209755470044911,,4.1988175958395,5.49848205037415,4.7393500111065805,4.1484787268564105,3.8508594357408583,3.8347912719473243,,,3.821496333461255,3.628711332101375,3.7027795147150755,2.5326961423270404,4.31035384722054,4.099709110800177,4.013685862999409,4.848423353862017,4.562910511158407,3.702670027501881,3.9791676243767142,4.0605346080847085
tt_2.9000000000000004h,3.745032782200724,,,3.478645092342049,3.36559339100495,4.7318621897138655,4.7318621897138655,4.2492083283141255,4.258396636229008,,3.165226403158158,3.5416668681427836,5.206972815096378,4.101510218344629,2.85543200885877,3.6270416672341526,4.9269222929142416,3.78861341252923,3.78861341252923,4.261718216817826,3.8654104340821505,4.519891655538231,4.355350167024881,3.61573030333966,2.311331702861935,4.8121892949566245,3.9703325452283025,,,4.670417609158903,4.096196342725307,2.7219700571149588,4.3914047703146935,4.108526652213186,,4.028380693867803,4.028380693867803,4.358156634029001,3.6785990186035633,2.7957177767530084,3.630017074290663,3.630017074290663,4.640189317986369,3.702966663520783,,3.20984574733302,3.5587655613198876,4.1240381160750985,2.5383747229352593,3.674929607193917,2.701724061742425,3.232708608265966,2.3709364905953407,4.090381211135536,4.514505704399198,5.329371622763574,4.642153931315988,4.639535139780492,2.589712089393288,5.3718331307172775,4.926663374528289,4.553234076593071,4.125400808174163,4.228155544027686,4.468032341450453,3.037867612671107,2.2203314201906323,4.329028265085071,,3.892246468923986,5.074659607838839,4.850676858797669,4.234068952035159,4.2168969376944005,4.241652168799192,4.1919363546185195,,4.188857026863843,5.50015522679314,4.721895910333842,4.119099361356348,3.833758310880512,3.8210477042011917,,,3.797990868333727,3.6004582322202623,3.706648868508637,2.5327683491632342,4.347755297087133,4.071625673677772,4.000131638720632,4.8273721523582935,4.552762955892831,3.678650241345167,3.963275987189263,4.036928973160684
tt_3.0000000000000004h,3.7288311272859573,,,3.48252115258947,3.352522136643529,4.707052018959075,4.707052018959075,4.19773155124858,4.212397899944335,,3.15824699960649,3.516545806080103,5.2009631702676415,4.07898621680215,2.840070107486099,3.6037915907800198,4.904261209536344,3.772431513760239,3.772431513760239,4.248013895470649,3.8618237925693393,4.504673104267567,4.3410280998796225,3.5784658771008253,2.3040362051688135,4.7775626461952925,3.958307000808418,,,4.659117106813937,4.085264971945435,2.714261350687593,4.369154140353203,4.078215097077191,,4.031576343346387,4.031576343346387,4.3379660453647375,3.6517159147188067,2.77837802330032,3.608796178828925,3.608796178828925,4.638613428920507,3.705610401928425,,3.1915113176219165,3.5401703687384725,4.123782949056476,2.536789647769183,3.6427952302619815,2.6808466161601245,3.2293228562921286,2.3689411664381623,4.0882660751231015,4.512764660641551,5.3315746653825045,4.628775014542043,4.63238641154021,2.6020793840289116,5.372626857832074,4.92441744171083,4.5380390216596425,4.113928474485874,4.228123764041811,4.475290290545672,3.0583336469717324,2.216207870747894,4.310028993524611,,3.8831784636713564,5.072989393025637,4.908121215179563,4.237146446947008,4.200153090059757,4.22425841121003,4.174534134101123,,4.179001305717975,5.501792365219444,4.743376585189253,4.090606972575188,3.8173622782342136,3.8210477042011917,,,3.774017062038183,3.5730599518865347,3.6767979245632887,2.532704535871744,4.31514010950923,4.04426900530234,3.986774316523224,4.80701937712729,4.5426572961732745,3.6555110062472522,3.9479683097451925,4.013873488176614
tt_3.1h,3.7129280832596123,,,3.48252115258947,3.3496531676501036,4.683180113788694,4.683180113788694,4.1489470871165395,4.1685526561923325,,3.1513247448019683,3.4923220979981124,5.195066929329187,4.057021137326956,2.824665983673185,3.581070206128061,4.8823465295135975,3.7569558238610625,3.7569558238610625,4.234532906673849,3.858221013098955,4.4899126389063895,4.327248634770513,3.5442436384037137,2.2968169394880533,4.818116557318717,3.9464656095951796,,,4.648070359136909,4.07459521247074,2.706861204467714,4.3474944876506925,4.049057688098401,,4.012440545018762,4.012440545018762,4.318320626858622,3.6254461030475795,2.804035014938563,3.6341662351042032,3.6341662351042032,4.636924480553716,3.703102996107191,,3.173663870897144,3.521929888986051,4.123381310142577,2.5307171060703695,3.6119652963243425,2.6611917442642152,3.225973416585475,2.366958956234157,4.074435607530177,4.51105141453445,5.333740827161819,4.643377358093858,4.625404408667237,2.6080206530168653,5.373413986992091,4.9222092824056745,4.523279720451683,4.102803042624146,4.22810022206977,4.470896202605218,3.0401255120523274,2.2122624898329377,4.291489649564028,,3.874413225799799,5.071372646838427,4.8420429225079715,4.237146446947008,4.183821361511946,4.207272951025516,4.157527786213905,,4.169268085155636,5.503394448664039,4.725937296636403,4.062987509183586,3.801606693305075,3.80087265977636,,,3.7498540887609124,3.546487625222653,3.6478043906390667,2.5326410201378167,4.283474476542324,4.0176162999123335,3.9736070707440376,4.787361504044384,4.532638506963849,3.6331559931859374,3.9332143957726657,3.991381503175944
tt_3.2h,3.6973135313019156,,,3.452394478954375,3.3468148978427052,4.660125283058733,4.660125283058733,4.160118968226016,4.1722049210220575,,3.1444349684752524,3.4689710354432464,5.1892628711648285,4.061755979433656,2.8092323476448655,3.5851304065436125,4.861125625204295,3.7421315340325236,3.7421315340325236,4.2212481503374875,3.8546203481964767,4.475578417535871,4.313977857120335,3.51277168514207,2.289658514317125,4.783405003603548,3.934762507211417,,,4.637268112041056,4.0641839052550495,2.6997707174159586,4.326349871233106,4.020971904043108,,4.015645478386432,4.015645478386432,4.299208786338568,3.599802939686924,2.829585334751755,3.6128747016191483,3.6128747016191483,4.647779340390116,3.7006174940615892,,3.156262499745935,3.5040315319783986,4.122842603828758,2.5289234262891114,3.582349505741149,2.6904789549298584,3.2226599236018956,2.3649725085124373,4.072329797316343,4.509364772122353,5.335843664593995,4.630122979637235,4.618557041045278,2.6202559182420373,5.374194431118667,4.920039822347462,4.508931121323258,4.092009779065847,4.228084933478385,4.478150651790202,3.0222759996540844,2.2084862724877894,4.273390057031065,,3.8659111582674086,5.069760056212544,4.849445567466319,4.224355873186141,4.167879499029368,4.190679440740496,4.1408977271057665,,4.150173367001116,5.504962878767401,4.708962272852659,4.036183996591717,3.7864561160095036,3.7811746560037136,,,3.7257690825499594,3.5206649471074343,3.6196216456592083,2.532577789388597,4.25270105432719,3.9916328038088977,3.9606234594248235,4.76835493510589,4.522688779048622,3.6115541672334075,3.918979037553072,3.9693977972492576
tt_3.3000000000000003h,3.6819772562012076,,,3.423046814277768,3.3470069970935583,4.670562878251076,4.670562878251076,4.160118968226016,4.1722049210220575,,3.1375940260477364,3.4464454846456647,5.183532188646495,4.040345286019146,2.7937859604135156,3.562943388707936,4.840548888314515,3.7279075058177114,3.7279075058177114,4.208199702203274,3.851025159470737,4.461660968139768,4.30119027197361,3.5067207352258265,2.28256754623726,4.773138590157032,3.9232146781869233,,,4.626702334266156,4.05401712981984,2.6929535479284823,4.305717972107232,3.9939008322544396,,4.018866313621402,4.018866313621402,4.280574888922274,3.5747439130209386,2.855053990613669,3.5924826613627374,3.5924826613627374,4.647779340390116,3.700761280488223,,3.1392817310988903,3.486463498789817,4.118006340228021,2.53916396247223,3.553874909412116,2.6706642862409353,3.2193718855269253,2.362997265532613,4.070216896012425,4.507715048734099,5.337883013766259,4.616657135076821,4.61186700174585,2.6202559182420373,5.374968284741044,4.9179095989093184,4.494988521561027,4.0814890512265265,4.228077915497124,4.480940869543701,3.0047737709246576,2.2048621461726725,4.255712085403502,,3.857689945027232,5.068175353109837,4.849445567466319,4.211871353909373,4.152308429125696,4.1744629461318254,4.124626502394676,,4.140804689377546,5.5064977440051734,4.692428489215672,4.010144182480872,3.795051734894514,3.7619697242043912,,,3.7018907610327005,3.4955846364609897,3.5922234361059964,2.5325148073025048,4.222776572685689,3.9662854112684727,3.947799440473318,4.77357102651149,4.512784859631211,3.5906787808053195,3.92684213956818,3.94792086398229
tt_3.4000000000000004h,3.667961332015693,,,3.3944423417560756,3.3470069970935583,4.6475475751794875,4.6475475751794875,4.113879888318479,4.130271235015243,,3.1307927016168833,3.4247080758213997,5.177911817096174,4.019476444460452,2.7783464016392827,3.541236043907702,4.845024524256587,3.714237907435745,3.714237907435745,4.195360361132771,3.8474486912600696,4.448130745906383,4.288844371214509,3.5067207352258265,2.2755467956885695,4.773138590157032,3.911818800959736,,,4.616364270914346,4.044082344044,2.6864134538918734,4.28557520871982,3.967744406312704,,4.022103159688413,4.022103159688413,4.262410358060151,3.5502304485999048,2.88048411346972,3.572879759594798,3.572879759594798,4.645900148432702,3.700761280488223,,3.1226914883591235,3.469214723445475,4.117194044869393,2.537159100174904,3.5502722430974245,2.6519482182338834,3.2160865999758244,2.3610261203721166,4.070397105999291,4.506083233747631,5.33985967701301,4.6314510852098465,4.605302440002561,2.632343939039856,5.3757358728908,4.915818283800036,4.4813970029354095,4.071231039706618,4.2280791834928095,4.480940869543701,2.9876077924855053,2.2013995754532516,4.238438549917191,,3.849709871225059,5.0666185836307704,4.788309585303068,4.199676583986729,4.137090113479644,4.158609046600759,4.108697596006095,,4.131522095296532,5.507997204549611,4.676312230527401,3.9848620537668467,3.795051734894514,3.743223049212247,,,3.6783590856939554,3.4711772394366562,3.565537299029529,2.5324520701542497,4.193654303904623,3.9415579112246633,3.935165823902935,4.77357102651149,4.502974500879645,3.5704482421278954,3.913048963062465,3.926949385087937
tt_3.5000000000000004h,3.652923653833568,,,3.366537638939917,3.344177443534136,4.625282051973045,4.625282051973045,4.069855530746281,4.09005511039868,,3.124037344008684,3.4305647150613368,5.172383218072355,3.9991072667762637,2.7629290213808417,3.5200060945935547,4.845024524256587,3.701079006306827,3.701079006306827,4.182725975755602,3.8315677265636623,4.434974120929837,4.276918595656753,3.4773026816546917,2.268582352437079,4.740331216249615,3.9005924821831286,,,4.606246763374656,4.034379216842353,2.6801159037277102,4.265924297273159,3.9730951813980937,,4.01904557319358,4.01904557319358,4.24469393864274,3.5262786732055247,2.847779495175928,3.560784633271396,3.560784633271396,4.643945112358779,3.6982926507480443,,3.106468359939754,3.4522747257724404,4.117194044869393,2.535039385315031,3.522806770168245,2.634228597395122,3.2128320853225887,2.359071953687817,4.070397105999291,4.504477786831558,5.3290604911744595,4.618107818998396,4.608531528152525,2.644287600647658,5.3764974740333855,4.913766568992287,4.468155188020319,4.06123316148296,4.228088750038296,4.48812607023865,2.970767986960709,2.198082379065454,4.221553817857057,,3.8419900480657816,5.0650896448642015,4.856828106567264,4.187745297793299,4.122208456508815,4.143104690127075,4.093096969649196,,4.122355478815734,5.509465392213315,4.66059636278078,3.96029046876356,3.7804636019282043,3.7249177377671003,,,3.655202050693333,3.447438764385879,3.5395435956306756,2.5323896682821214,4.198589758947492,3.917416331358254,3.9226982397958636,4.755190970841795,4.493214543443173,3.5508458302356303,3.913048963062465,3.9064331324771047
tt_3.6h,3.652923653833568,,,3.339325601235032,3.3413611738942564,4.603749346919358,4.603749346919358,4.081106973346323,4.133953967597336,,3.1173195890150964,3.4095254871062934,5.1669257576577365,3.9991072667762637,2.7476342576555908,3.499203173443675,4.825066076591611,3.688365672249347,3.688365672249347,4.170292468741536,3.8279835134744644,4.441460024099797,4.281515666749328,3.4501401227898896,2.261703420896083,4.746109238360077,3.8895039753988385,,,4.596349790692329,4.024826786946505,2.6740752570331097,4.246696797199547,3.9730951813980937,,4.022291871719062,4.022291871719062,4.227405343670398,3.5028296816162765,2.8734354781918228,3.560784633271396,3.560784633271396,4.641921781003475,3.695824381429702,,3.0905989701859653,3.4356341641396284,4.116267425473779,2.5453739827498794,3.522806770168245,2.62735398625955,3.2096124184317887,2.3571248101070523,4.0682882545515895,4.502899257000536,5.330912283621728,4.604616362601519,4.602059013675898,2.656070022843778,5.381302832160145,4.911753362976015,4.455245138145983,4.0644473396241665,4.228099736385047,4.483683014288545,2.9542445330880582,2.1869427948258817,4.205043030437082,,3.8345188195817173,5.063588368706405,4.795785402879119,4.176092243287712,4.107660270296037,4.127934519201517,4.09639415377751,,4.11332399584353,5.510894337669015,4.645261040423065,3.936385337729007,3.7664333172142506,3.707037813961506,,,3.6324904286302626,3.424309595953673,3.5142246475443244,2.532327599823475,4.198589758947492,3.893847179133445,3.9104186203330755,4.737390802707523,4.494452741462737,3.531836435198784,3.8997064512223005,3.8863679245114326
tt_3.7h,3.6381467459723353,,,3.3127659056335688,3.3415794419124722,4.607283880468458,4.607283880468458,4.081106973346323,4.0937194507569075,,3.110642146784812,3.389218585100025,5.16157563123852,3.9792156042531133,2.7323074215091765,3.47881204681471,4.805677022319287,3.676098864991218,3.676098864991218,4.1580343237146735,3.8279835134744644,4.428653551731259,4.269934922922403,3.4594779717735946,2.254871288780123,4.746109238360077,3.8917282754555345,,,4.586667327675968,4.015413501765579,2.6682875361293554,4.227897589094937,3.947799704503268,,4.025554394815117,4.025554394815117,4.210526122711599,3.4798824968747795,2.899070314131677,3.541862537153065,3.541862537153065,4.6362659353762865,3.6959851714782417,,3.075066493358463,3.419283823110163,4.115234963130206,2.5430565383285284,3.4963320111855865,2.62735398625955,3.206426851451397,2.355197158642113,4.066170439124107,4.5013461066409945,5.332730225287378,4.590042338240892,4.5957404198125005,2.6677277362905443,5.38206184329465,4.909796734340489,4.4426568150520325,4.054637400899082,4.228111828211695,4.49084541015327,2.93802858190611,2.1837506531737745,4.188882979098707,,3.8273152275942266,5.062114488333464,4.803193335421383,4.164691365323961,4.09340886445716,4.113086625467986,4.081129040569067,,4.104382004123181,5.5122842425480485,4.630289548076689,3.9131465521641076,3.752930859103799,3.7096857959404588,,,3.6102395611815155,3.401790490373969,3.4895170787349343,2.5322658815421164,4.1702650361694396,3.8708195528015494,3.8983047204092145,4.720133408904076,4.484827527310699,3.522189350798726,3.886830360163003,3.86673861509189
tt_3.8000000000000003h,3.6236381670460105,,,3.2868196885101497,3.3415794419124722,4.607283880468458,4.607283880468458,4.039166406728327,4.055070534348488,,3.1040179785341024,3.3696058373898268,5.1563129224814475,3.9597635180689394,2.7323074215091765,3.458813854493201,4.786824389826506,3.6642275326885283,3.6642275326885283,4.145971016027033,3.8243976468220353,4.4161837147548795,4.269934922922403,3.4594779717735946,2.248115452937782,4.715061170980334,3.88082885555923,,,4.57719242433086,4.006141659338027,2.662721659988165,4.209509142208844,3.9233046169392765,,4.025749161839485,4.025749161839485,4.194038848858327,3.4574391804635525,2.924687294755131,3.523637634702027,3.523637634702027,4.6362659353762865,3.6959851714782417,,3.0598585912957788,3.4032149389386177,4.114104620646685,2.551047441549599,3.470821929164231,2.6103943469934165,3.2032652138732374,2.3532775826752186,4.066378545481712,4.499818984419107,5.332730225287378,4.590042338240892,4.589543959125876,2.6792458072304726,5.382799679879099,4.907859457656741,4.430392246693373,4.045058343093842,4.228125024121255,4.477434555534273,2.922110364306718,2.1806897507049143,4.173060419037938,,3.8203390748240054,5.060668685473502,4.803193335421383,4.15352423582226,4.0794527949765325,4.08431387739256,4.066165097989142,,4.09556988440454,5.513635628391057,4.615672056563199,3.890520382206887,3.745320567395538,3.692255021072924,,,3.588436597492546,3.3798217377625406,3.465424228925258,2.5322044771164656,4.142662427853793,3.848322354722768,3.8863882226869464,4.703393558971584,4.4752807025797665,3.50371718313545,3.87437913287431,3.8475476489402354
tt_3.9000000000000004h,3.6093601500615478,,,3.261484815739095,3.3387899030931294,4.586423436179757,4.586423436179757,4.050396907608956,4.042642177082598,,3.097428120672703,3.3506593755446374,5.151116666849703,3.9407681045122445,2.717034919653088,3.4392053089104593,4.791329445317388,3.6527217887341976,3.6527217887341976,4.134076141286641,3.8208133447915316,4.404041128233075,4.258725751191378,3.4339379114098847,2.241415379103273,4.720807601697743,3.8701031799428165,,,4.567917456384748,3.9969999762251973,2.6573754204437137,4.196805350482464,3.8995944214984775,,4.029056776780635,4.029056776780635,4.177927291020751,3.4354475545696914,2.934311307966709,3.527571596670896,3.527571596670896,4.634066273923963,3.693533360492438,,3.0449562878347933,3.3874192917719483,4.112883892375976,2.551047441549599,3.4462076146155596,2.594270361121744,3.2001056079752743,2.35137677565217,4.066378545481712,4.498318396508694,5.334489607252181,4.576575685292482,4.583492896519601,2.6906188703142107,5.383515914902091,4.905960239935666,4.418403102550656,4.035663005430251,4.2281393287703395,4.477434555534273,2.906481746584177,2.1806897507049143,4.1575636100023985,,3.8136102030985057,5.059250673279166,4.746300955303013,4.142569001298398,4.065780126024038,4.070368277840316,4.051491069141775,,4.0868426794186234,5.5149490693584085,4.6013938509859145,3.868496097624302,3.745320567395538,3.692255021072924,,,3.5671184952370822,3.3584087318740785,3.441888046450913,2.5321433804929256,4.11575453588739,3.826327480841428,3.8630716311745346,4.708648013416678,4.465788343921304,3.485780583694577,3.862330066971481,3.828748020809144
tt_4.0h,3.595318594481796,,,3.2367244814522564,3.339022188447416,4.566150770988315,4.566150770988315,4.0103380042128265,4.042642177082598,,3.0908868336118758,3.3323458419181406,5.155122601427138,3.922193210106343,2.7018372914753854,3.4199677975848317,4.772992194164544,3.6574036916717887,3.6574036916717887,4.136337500996888,3.817235926631838,4.392212249338627,4.247871266212314,3.4102191762067378,2.2347812014631927,4.720807601697743,3.859506947454065,,,4.558837212156504,3.9879913674667478,2.6522471900098026,4.17882620356977,3.8765893960371614,,4.029056776780635,4.029056776780635,4.1621760949492455,3.4397808853536844,2.934311307966709,3.509901962708682,3.509901962708682,4.631814420688897,3.6775978025980294,,3.0160289127379656,3.3718889141455293,4.111593808047473,2.5483964988961816,3.42243704944849,2.603314044419676,3.196975337341428,2.349474140908569,4.0642694709822536,4.496842876076698,5.336222008801997,4.578218340408057,4.577568720560521,2.7018329086713493,5.384210884105414,4.904098370112479,4.406694231554866,4.026470858603716,4.228154743090272,4.480081022717059,2.8911345256492496,2.177762422710657,4.142380745150149,,3.807089109439403,5.057860036380589,4.737643850967288,4.131842064671218,4.03924145270139,4.056703615467995,4.03709628758952,,4.078240778762847,5.516225193161517,4.587441842071712,3.847064304165542,3.732294449582696,3.675216913688928,,,3.546260077506304,3.3626122949644923,3.418914153240621,2.53208258934319,4.089508185628802,3.8048212151043117,3.8516448722220957,4.692401856649667,4.456398392561823,3.485780583694577,3.869918063748628,3.810343711171299
tt_4.1h,3.5815069684758782,,,3.212511935736984,3.3362463898956776,4.569734034594148,4.569734034594148,4.0103380042128265,4.005431781988591,,3.084384228568524,3.3146499851718545,5.150015400722623,3.904022925067693,2.686720825266093,3.4010901413857937,4.772992194164544,3.646176755428314,3.646176755428314,4.124607872683555,3.8136762459762394,4.38068939326331,4.237374430056661,3.418913647532463,2.228220277931541,4.691422638017684,3.849078773520887,,,4.549944546073675,3.979104597121477,2.647306810133159,4.161225663498044,3.8818414146080613,,4.032361186109483,4.032361186109483,4.146771238651127,3.418252058327198,2.9601518912240863,3.509901962708682,3.509901962708682,4.642027350142598,3.6775978025980294,,3.0019825398921967,3.356616320554167,4.122077093459666,2.5400654589757323,3.3994832979515195,2.587827223818749,3.193878708872944,2.347582908347249,4.062151648104191,4.49397115316242,5.337929389439523,4.578218340408057,4.571753460448235,2.71292070299387,5.384210884105414,4.906146301887929,4.395252609159797,4.026470858603716,4.228171268478036,4.480081022717059,2.876061849296093,2.1749620754271746,4.127501333132386,,3.8007826460525393,5.056520587299019,4.737643850967288,4.121321491431445,4.026366790756583,4.043332102242857,4.03709628758952,,4.069719509687275,5.517464593052864,4.573796823155135,3.854177815373987,3.7197392862290144,3.6585646020248532,,,3.550143782515079,3.3417067136615515,3.3964488124474883,2.532022134400904,4.094561368692666,3.7837909921072423,3.8403970301151276,4.692401856649667,4.456398392561823,3.4683516807854176,3.8582020131871104,3.7923224070109427
tt_4.2h,3.567918884102255,,,3.1888314336538315,3.3362463898956776,4.550043642055243,4.550043642055243,3.972009589895606,4.009143856819719,,3.077919294126332,3.297538328450173,5.145008641760796,3.886241605039686,2.671703531872481,3.3825613665394485,4.755132029298693,3.63526972848922,3.63526972848922,4.113062900491059,3.8100994541309774,4.369449594523758,4.227205046918243,3.3964784839190543,2.2217030175961554,4.697096193674952,3.8387749698013067,,,4.532701102551073,3.9703432456590235,2.6425571222789586,4.143989467062056,3.8595025707036257,,4.032571592833847,4.032571592833847,4.131699389312416,3.397179473657161,2.986021406482905,3.492830791976303,3.492830791976303,4.639618705958128,3.6751663801260293,,2.9882014035247266,3.341594691388309,4.120618096552789,2.5400654589757323,3.411575650796294,2.587827223818749,3.1908166371285915,2.345695325639099,4.06238852487877,4.492583258077502,5.339611615985632,4.564821925014257,4.56607069587335,2.7029322157613933,5.38488485943526,4.904354284517467,4.384084454737604,4.017440749332309,4.228320557624102,4.487157484982163,2.86125654540956,2.1722741024568677,4.131385572720319,,3.7946947822347283,5.059442592319101,4.7450769119895995,4.11098762601614,4.013725240249187,4.030203143134713,4.022970877587795,,4.061319455504417,5.518667867407203,4.560456871055067,3.833286081906408,3.728153637610376,3.6422846261411905,,,3.5297706867568195,3.3212921344675124,3.3745010909624398,2.531962024513632,4.0689797680824995,3.763211789075285,3.829305212944746,4.6766216196119785,4.447065525688231,3.4514061990194023,3.8468397022224963,3.7746724491007626
tt_4.3h,3.5701905046589673,,,3.165681025478989,3.3334927251562476,4.550043642055243,4.550043642055243,3.9671445600688457,3.973238331731409,,3.071510287001729,3.280984910670668,5.140083413571119,3.868834769818932,2.6567957755178213,3.3643655688501894,4.737723696511239,3.624642782844603,3.624642782844603,4.10167721984908,3.8103884672746062,4.358486814890057,4.231588600669056,3.3964784839190543,2.215282271616161,4.697096193674952,3.8286136612296104,,,4.524339147377759,3.9616957954131067,2.6379969213157892,4.1271041836589575,3.8378381468355656,,4.035902118310332,4.035902118310332,4.116947813425213,3.376514852512628,2.9962456417270005,3.4966987944208086,3.4966987944208086,4.637148703448474,3.6753417546860874,,2.9746763515286148,3.3268169960938394,4.119106270372868,2.5478748944588006,3.389342057518661,2.5730437044985592,3.1877802666276693,2.3438265323638916,4.060277043841779,4.49121226137504,5.341268330812454,4.566554465331137,4.56607069587335,2.7138872845098376,5.385538192465901,4.9025982385501266,4.373145375400782,4.0085757705383,4.228339300490916,4.48976346058771,2.8467117827385664,2.1697096936404705,4.116802206728607,,3.7887897160835564,5.05812030704692,4.7450769119895995,4.100859070662409,4.0013189082965255,4.017329295631498,4.0091054402291775,,4.052996173501015,5.520968208089471,4.547405239194632,3.8129433034919202,3.716020632069558,3.626363734714687,,,3.509816160891205,3.3013313901610672,3.3784084827639163,2.5319743240252137,4.044003905728459,3.7430724296718836,3.8183477711863816,4.661276354454458,4.437835247721523,3.434921600855887,3.8468397022224963,3.7573826359584928
tt_4.3999999999999995h,3.556843123398721,,,3.169761983677745,3.3176336493343115,4.530886855442077,4.530886855442077,3.9304071054793894,3.973238331731409,,3.0651348121464252,3.2649639691226184,5.135218895971775,3.851788735948503,2.6579124997369945,3.3465037820860744,4.720744374208152,3.614313601050526,3.614313601050526,4.090448089875281,3.806826618965715,4.347790400031954,4.221706957090646,3.375551896635443,2.208902426995337,4.686706666368991,3.8186129182577133,,,4.5161442663520575,3.9531666645780206,2.633599292486906,4.1271041836589575,3.8378381468355656,,4.035902118310332,4.035902118310332,4.1025046510621905,3.356262599118054,3.022355195134878,3.480121510103345,3.480121510103345,4.637148703448474,3.6729312953539193,,2.9613987249322236,3.3122768816538155,4.117547232657671,2.5478748944588006,3.3678438691422343,2.558917627669871,3.1847437820397317,2.3419642355293036,4.060277043841779,4.4898673398420215,5.346473086159676,4.566554465331137,4.56050216127187,2.7246946268714964,5.386171261779964,4.900879938621074,4.362442564219236,3.9998861057683825,4.228359156288207,4.48976346058771,2.849402066320181,2.1672551231458783,4.10250224545598,,3.783088602591306,5.056824274826795,4.691732068546116,4.090902426745743,3.989139678888023,4.004702451638877,3.9955131113529205,,4.044790243729949,5.522066255100071,4.5515848570503294,3.7931025833822787,3.704322647303343,3.6292119729332626,,,3.4903070866130292,3.281837228219956,3.35694516915828,2.5319148930720985,4.044003905728459,3.723358431365341,3.8075576233677566,4.650442977901548,4.42866447288543,3.418876800686121,3.835795068182051,3.7629642030224204
tt_4.5h,3.543722444679588,,,3.147111433558166,3.314908347092569,4.534490798134357,4.534490798134357,3.9304071054793894,3.9769646706990898,,3.058808081317693,3.2649639691226184,5.130451459437609,3.8350909389555454,2.643173335120082,3.3289601746946573,4.709179733879864,3.604243684094399,3.604243684094399,4.07935179118067,3.803269704338163,4.337355179246515,4.212119507603347,3.3836598685011268,2.20258982013911,4.658825812395662,3.8087295964360237,,,4.5081108352169394,3.9447476603090763,2.629364968277514,4.110557129606605,3.8167949109338224,,4.039249569643289,4.039249569643289,4.0883592502214015,3.336409520357847,3.022355195134878,3.464062351267785,3.464062351267785,4.634695037268102,3.6729312953539193,,2.948364768642932,3.2979681701399386,4.115946230478585,2.544735827483237,3.347061845008284,2.567658848594874,3.1817353991791606,2.3401247579604387,4.0581486145965755,4.488547627814114,5.348073931410909,4.553258263971657,4.555031168740243,2.7353500379249454,5.386784427333623,4.899197483435273,4.351984043139964,3.991330297663808,4.228380125481635,4.492350730579346,2.8351348475553095,2.172172883991152,4.088476316537708,,3.7775545231997967,5.055578261613846,4.699205718468875,4.094097199384123,3.977180778514594,3.992315095849335,3.982142685446888,,4.036657242570072,5.523130246438086,4.538820398040116,3.773759536910802,3.704322647303343,3.6136745396070182,,,3.4712132085114717,3.2627724814228714,3.335943997837603,2.531855831388384,4.019614934921265,3.704055869951844,3.796911911573261,4.635520755778998,4.419596202205867,3.4032523497007787,3.825090597383678,3.7460375954397023
tt_4.6h,3.5307934591546655,,,3.124939621426165,3.314908347092569,4.515862833242863,4.515862833242863,3.9416197380051017,3.9422917761839926,,3.0525204138830304,3.249450637958944,5.125761399045587,3.8187293987721205,2.628562739584595,3.311726183630526,4.692618332337588,3.5944003937765956,3.5944003937765956,4.068428453989327,3.799732397776097,4.327161056455225,4.202816567383707,3.3637542645446956,2.196349249687046,4.658825812395662,3.7989817801862955,,,4.50023526744917,3.9364326470531523,2.6213743537664413,4.0943362740799785,3.8058887966908514,,4.023371617309749,4.023371617309749,4.074485857971013,3.316961182281375,3.0484851179644465,3.464062351267785,3.464062351267785,4.6446389015764,3.6731135779991746,,2.9355626720935106,3.2838847236707807,4.115946230478585,2.5524123306386173,3.326928387861699,2.554017194081098,3.1787604833953083,2.336481176316738,4.042319742962718,4.487254556734115,5.349675967358053,4.555075069423765,4.549681009724736,2.745876828674227,5.387378067709506,4.897551567759365,4.341727219056338,3.9829347166232765,4.228402209933847,4.499343633651733,2.821121094748378,2.169817430898547,4.074732905253768,,3.7721949024125934,5.054333762265742,4.699205718468875,4.084337041247636,3.965446307323873,3.980180874466896,3.969007938634604,,4.0286378394812346,5.524158697575331,4.526317578274757,3.7548969108611345,3.6930398917756975,3.5984697905369103,,,3.4525227141566575,3.244119288865477,3.315372336655855,2.531797149218619,4.008649119641632,3.685155874118209,3.7863897192291915,4.620995603967458,4.410611084662378,3.4095532768405974,3.814693934749812,3.729449733160436
tt_4.7h,3.518065728712827,,,3.1032440694980323,3.3121788892894983,4.497724606655538,4.497724606655538,3.9063698085956275,3.9422917761839926,,3.0462724715471268,3.2344224001280963,5.121147229336202,3.8026924445293844,2.614086773712188,3.2947930935770273,4.676446498837322,3.5848049968481064,3.5848049968481064,4.057653585448861,3.796179003547877,4.317208953201771,4.202816567383707,3.345094643998891,2.1901457333005965,4.6644669296219945,3.7893876335583627,,,4.492512247990817,3.928224570583552,2.617592425085604,4.078430358320475,3.785419757477939,,4.02676524175331,4.02676524175331,4.060904717538506,3.297872110735625,3.059270092751831,3.448488778900355,3.448488778900355,4.642125038430095,3.6707152710296214,,2.92298766085878,3.2700242530554533,4.114308185875416,2.5524123306386173,3.3074294328689575,2.5409390279091895,3.175815769471228,2.3346873545087874,4.040180902928114,4.485987537540495,5.351252853404731,4.541880147065967,4.54443423775956,2.7562606600113213,5.387952528428286,4.895942062139511,4.331680971663445,3.9746597935445607,4.22842540871352,4.4788358067162335,2.80734817776829,2.1675617676228285,4.0612296890467405,,3.7815257771871984,5.053114560432732,4.706618829630315,4.074736176524311,3.95390742411837,3.968251687474549,3.9561016182415187,,4.020687876269221,5.5251561580225825,4.514077556319535,3.7364985961467028,3.7013713703490794,3.5835862238891423,,,3.434223706368357,3.2258613547310233,3.295243156608194,2.531738853547722,3.984846522565931,3.6666370555758476,3.7760237767361104,4.606822970788926,4.401684491895139,3.394310968462378,3.82199397822842,3.7131909048184752
tt_4.8h,3.518065728712827,,,3.081988435704261,3.312463214620948,4.497724606655538,4.497724606655538,3.8724979907274246,3.9460107646882534,,3.040077468380332,3.219855203758925,5.1165892062708735,3.807464233599603,2.599752278532833,3.278152760118246,4.676446498837322,3.575406322721392,3.575406322721392,4.047003902029246,3.792623281478882,4.307480774819851,4.193791903555393,3.345094643998891,2.184046861715615,4.638042957987636,3.7799046128056943,,,4.484938734211028,3.920114020816982,2.6139490283094347,4.0628285855054855,3.765492597594857,,4.030157278757542,4.030157278757542,4.047591178212315,3.279148525558412,3.0856154710054398,3.452285568229854,3.452285568229854,4.63961730664596,3.668338043615222,,2.9106321912258863,3.2563760387711227,4.1126377591863275,2.5601418898440897,3.3074294328689575,2.5409390279091895,3.1728920224122703,2.3328825146891177,4.040180902928114,4.484745524358004,5.352805107366294,4.541880147065967,4.539274030830711,2.766485268715769,5.376556077506393,4.894384901504964,4.337066523265094,3.96171510592103,4.228449719026685,4.485786950681359,2.793810041155666,2.165401168167591,4.047975460067391,,3.7762800841592252,5.0519203981384635,4.656606292817742,4.065316382329911,3.942568765487522,3.9565411638468504,3.9434854011051357,,4.01284791668877,5.526121188420802,4.502085659652948,3.718562740832567,3.690463209990412,3.5690128272399306,,,3.4163047182373703,3.2079834253527224,3.275524329394102,2.5316809215582907,3.9615857619792223,3.6484917285852134,3.7657918236218393,4.606822970788926,4.3871841551736,3.3794541200622916,3.8118520290590823,3.6972518395632505
tt_4.9h,3.505533858668059,,,3.06116693187505,3.309761191252619,4.485299895983189,4.485299895983189,3.8724979907274246,3.9125107689760625,,3.0339203542098403,3.205733587499708,5.1165892062708735,3.791743745096028,2.585561574436724,3.261797412764281,4.660643963608891,3.5662316298112273,3.5662316298112273,4.036519435700029,3.792623281478882,4.297972394619137,4.18501712474972,3.3366360254585743,2.1779828374274075,4.638042957987636,3.7705708262510598,,,4.47751046391204,3.9121033935807645,2.610439375974238,4.066326756961644,3.7461125287227333,,4.030157278757542,4.030157278757542,4.034536298830062,3.26077994517982,3.111978637520224,3.4371478562243283,3.4371478562243283,4.63961730664596,3.668338043615222,,2.898489783052355,3.242938432842493,4.122541239950806,2.556566026993096,3.288536206353456,2.549529544543475,3.1699958802200854,2.331106989644468,4.040451123844832,4.483529954217374,5.354333030525595,4.527670435607433,4.5342244524508715,2.766485268715769,5.377100767567754,4.892845805734396,4.327220180537552,3.9535708744078875,4.228475145529956,4.485786950681359,2.7805021610111,2.163331353571266,4.034962685313076,,3.7711964906193316,5.050750910770148,4.656606292817742,4.056058019399643,3.931435724720359,3.9450424448587,3.9308394850231707,,4.0050741084851325,5.527054334525019,4.490333606023341,3.7010477115400136,3.679927215911448,3.5690128272399306,,,3.398754313122481,3.190469663590193,3.2562024919316173,2.5316233802586794,3.938841776456684,3.6307084672152996,3.7556735100224614,4.593032924924046,4.378397307358682,3.3649668022990227,3.8019730038940907,3.6816236968152225
tt_5.0h,3.493192723952234,,,3.0407790993340313,3.309761191252619,4.467650521546602,4.467650521546602,3.883686696179211,3.880047225859016,,3.0277994335629046,3.192023577634245,5.112122372258455,3.77632674947381,2.57151899067685,3.24571984866634,4.665203694719821,3.5572478668764234,3.5572478668764234,4.036519435700029,3.7890694751404226,4.288681996520609,4.18927388638258,3.3188153742812574,2.171980069950223,4.643637733068317,3.761344154831022,,,4.47022295743227,3.9041829365305603,2.6070664864964783,4.051029780879617,3.727236903272569,,4.030400785151869,4.030400785151869,4.021731607150286,3.2427560691721737,3.111978637520224,3.4224415561184287,3.4224415561184287,4.637098850682378,3.668536876793951,,2.886560672428459,3.2297055954113603,4.1207555322907865,2.556566026993096,3.2702211127616465,2.53687108727172,3.1671078326180577,2.3293224684894085,4.038301829714328,4.482340466231108,5.354333030525595,4.514630804769695,4.529268446844071,2.776577651500702,5.377627001609653,4.891341557726264,4.317586225923151,3.945568311959505,4.2285016886889935,4.488316458649933,2.767419658601284,2.1613482953980565,4.022184243425727,,3.7662830953486264,5.049605781212449,4.6479686899110675,4.046943903900683,3.9204808734357357,3.933771312702447,3.9183876807801425,,3.997406701091677,5.527956143021584,4.478807984385639,3.683953095693141,3.679927215911448,3.554739160463214,,,3.3815438891761005,3.173307238612324,3.2372634462080896,2.5315662468783557,3.916598384734243,3.636438792105764,3.7457011956721544,4.598315864801407,4.369668390136212,3.3508161013014615,3.7923850216902792,3.6662979698739946
tt_5.1h,3.495610394515097,,,3.020792130380869,3.310060080140829,4.45043715974316,4.45043715974316,3.8511335076764226,3.880047225859016,,3.0217397464439273,3.1787107065320015,5.107727854046971,3.7612034967169166,2.57151899067685,3.2299130340106785,4.649764196947217,3.5484309210442007,3.5484309210442007,4.026154270861298,3.785520211327821,4.279591327067465,4.180716348346323,3.3020008634775877,2.166061958298087,4.618482209742069,3.7522426657378674,,,4.463073829654604,3.8963555051013827,2.6038063098676503,4.0360168274492025,3.727236903272569,,4.0338202537968755,4.0338202537968755,4.0266722636297345,3.2250665239989758,3.138350125402212,3.4224415561184287,3.4224415561184287,4.6468723942525685,3.6661773934029043,,2.874833035748452,3.2166710468009114,4.118949002120644,2.5480349180288613,3.281872048974037,2.5247107166796923,3.164246471133083,2.3275665398687124,4.036134289111942,4.481176051776856,5.355836750008166,4.514630804769695,4.524389502592385,2.7865257491357625,5.378135132137686,4.891341557726264,4.308124788105488,3.937674544751644,4.228529348503798,4.495210747234523,2.7545508639886975,2.159448031336069,4.009633176960051,,3.761505316477269,5.048484698403627,4.6479686899110675,4.0379949221387506,3.909709864296019,3.922679920680821,3.906144827604294,,3.989802010823041,5.5288271475583315,4.46751193376258,3.6672656987793744,3.6882008435204625,3.557763427030295,,,3.3646983886137605,3.156482335180044,3.2186783608049154,2.531509534921497,3.916598384734243,3.619010403752327,3.7358527444303036,4.584875092841685,4.3610442550852895,3.337024150416255,3.7830571867525578,3.6512665799818933
tt_5.2h,3.4834780180826783,,,3.001201197039336,3.307380763348192,4.45043715974316,4.45043715974316,3.819788509979844,3.8676833692006767,,3.0157124595716596,3.1657722238451242,5.103384996298701,3.7463646777905524,2.5576292774640024,3.214370183646679,4.634664163924754,3.5398050821386278,3.5398050821386278,4.0159505335614085,3.785904801916331,4.270704236347228,4.1723973620682955,3.3020008634775877,2.1601811945438385,4.618482209742069,3.7432848513126373,,,4.456058533396572,3.8809538981877267,2.600663844961673,4.021278731990606,3.7323829382658005,,4.037257604300976,4.037257604300976,4.014102695975453,3.207703040447086,3.1338342665694654,3.4101297548040748,3.4101297548040748,4.644326225388795,3.6661773934029043,,2.8633024427108467,3.2038319809362292,4.117125595919788,2.5442723855376244,3.2640539039857686,2.5129967047832906,3.1614169985987246,2.325821324251592,4.036134289111942,4.480037457775325,5.357316746842116,4.516597943846136,4.527202288154513,2.7926965821534395,5.378625502344221,4.889871727209538,4.298845878336579,3.929913473315537,4.228558127768338,4.490827822592109,2.741902942303568,2.159448031336069,3.997320329770446,,3.7568721463903785,5.047387348487973,4.655373883899301,4.029180555604398,3.8991281841881573,3.9117825315333903,3.894104919396341,,3.982300164178014,5.5296678729355335,4.456432785838842,3.6509728729724884,3.678003310225904,3.543827543966472,,,3.3481890582479537,3.139966413844377,3.2004645406268537,2.5314532523043454,3.9218317209742963,3.6019221101887524,3.7261093049310148,4.571763206273317,4.352478158194572,3.323559655342251,3.7830571867525578,3.6365217277780175
tt_5.3h,3.4715277943760157,,,2.9819943797774613,3.304704369045794,4.454187042079866,4.454187042079866,3.8623115248046815,3.8362199077382684,,3.009734141174704,3.1706548961810768,5.091319689992815,3.7318015354685485,2.5590306352823973,3.199085230473429,4.619887850712985,3.5313275125809014,3.5313275125809014,4.002311222720891,3.782386685721576,4.262003453448415,4.164296204224229,3.309246452525258,2.154373281635344,4.624058134388179,3.7344285026192665,,,4.449170298874378,3.8733791350387037,2.5976341692730784,4.0068068923428655,3.713973149191588,,4.037257604300976,4.037257604300976,4.0017676637507975,3.1906542875804007,3.1604737732559443,3.3958124457858503,3.3958124457858503,4.641793738119304,3.650280548259616,,2.851967017631978,3.1911875517107546,4.115288982633501,2.555656522978097,3.246764591895044,2.5129967047832906,3.1586207724176347,2.3240882395766675,4.036418572533876,4.478924099355936,5.362519348971546,4.503719442058355,4.5223903469741344,2.8024971401318908,5.37909648148343,4.888437028042972,4.289760584011674,3.9222527923993766,4.228588026948273,4.497701766900718,2.7294636978767812,2.1576184974983335,3.9852048573084176,,3.752377573866397,5.046313418541104,4.608388937544078,4.02052292553708,3.888709907885641,3.9010954052209854,3.882283850107342,,3.9748598458245397,5.530478846747428,4.445558302570134,3.6509728729724884,3.668145148549229,3.5301543921232224,,,3.3320058938115835,3.1237802491523325,3.182594279292971,2.531397409271449,3.900094224140048,3.5851639308966696,3.716503582894802,4.558943047188222,4.344016131013632,3.323559655342251,3.774044025223702,3.6220560781657696
tt_5.4h,3.4597546299919486,,,2.9631604366004467,3.304704369045794,4.4374125567264855,4.4374125567264855,3.830986068584025,3.8362199077382684,,3.0037975828163326,3.1580288424156606,5.087049845606089,3.7175057525746524,2.545355938374996,3.184052391909063,4.605423992034048,3.523025870323181,3.523025870323181,3.9922618842683733,3.778849975671619,4.253493023104966,4.156412020791322,3.293106246739626,2.148630694951862,4.6000639903359115,3.7257115710526705,,,4.442374001722783,3.8659239942207932,2.594709302764386,3.9925930984318256,3.696021208073944,,4.037518627941608,4.037518627941608,3.989659809973091,3.1739140301942825,3.187140803784132,3.3819009414874017,3.3819009414874017,4.639276136178523,3.6479310053400695,,2.840817744843662,3.178728607017547,4.113442566245794,2.551697307266295,3.229981711599976,2.5052590053528547,3.1599541776813567,2.3223871681839228,4.034241017885506,4.477829708252102,5.363945850171149,4.503719442058355,4.5176774566061795,2.8121307594701648,5.379552288912237,4.8747059549205005,4.280830267816782,3.914717744104564,4.228620357811451,4.493342096917331,2.7172308396548033,2.1625090367160738,3.973297914955765,,3.7480320180766284,5.045262577012181,4.6627631089650095,4.011991157196462,3.878461041022092,3.8905720044858754,3.870634982828051,,3.967534222174436,5.531260640360415,4.434892793186009,3.6350626931525767,3.658610683400184,3.5167511012405157,,,3.316139047034085,3.107894544955343,3.165057139005512,2.531341999769211,3.8788248049095273,3.568726386874914,3.707012068480253,4.558943047188222,4.335612395312637,3.3104102755896747,3.764930311590433,3.6078456570394337
tt_5.5h,3.4481699783354998,,,2.9447022671811283,3.305028397589922,4.4210300436243415,4.4210300436243415,3.8007739656604826,3.8399917758069932,,2.9978999993763864,3.1457385905086994,5.082865878008306,3.703469315543771,2.531827422324568,3.1692604534327984,4.605423992034048,3.514856521040201,3.514856521040201,3.982325659133494,3.775312331970781,4.245156282093376,4.148726144805551,3.2777909310534596,2.1429308117367327,4.613518989179283,3.7170910630375147,,,4.43566880421713,3.858589215669781,2.5918947951868176,3.9786066003143787,3.678505858872086,,4.0409843609668314,4.0409843609668314,3.977758562657982,3.1574793974868953,3.187140803784132,3.3683366579934955,3.3683366579934955,4.635339925065637,3.645589580293745,,2.8298495952039957,3.154353211633861,4.111589516047388,2.551697307266295,3.2136841234751046,2.493901050183922,3.1572023881599307,2.3206785935908556,4.03204296855256,4.476763351354748,5.365375486202538,4.505754379089922,4.5130470232106745,2.821624029427767,5.379991318099201,4.873332807794213,4.272082197014242,3.907275569625199,4.228663371875882,4.500175477471203,2.705200892407447,2.1607577139511704,3.9615931338630617,,3.7438122713938355,5.045262577012181,4.615838700439781,4.00360851129517,3.8683885796926916,3.880226577166468,3.8591733602806926,,3.960280025843531,5.532013767398894,4.424424781929702,3.6259352983906865,3.64938643341884,3.503609197679907,,,3.3005792214535177,3.0923196389339864,3.1478417608886957,2.5312870126217604,3.858002504799515,3.552600128110498,3.697667737491429,4.564230001531541,4.327311814762652,3.3165740026161075,3.7560379011556506,3.593908534850925
tt_5.6h,3.436741472221911,,,2.9265886144712567,3.302376880310476,4.405021362937987,4.405021362937987,3.771650039590895,3.8094689873978496,,2.9920563576743007,3.1337700388394296,5.078748841304332,3.689701530151069,2.518459270708263,3.1547003015875816,4.610006025992334,3.5068486905656755,3.5068486905656755,3.972542594652623,3.7717772694304585,4.236997495871037,4.148726144805551,3.263213654048741,2.137307559605688,4.589473995845765,3.7086047125048935,,,4.429051774088293,3.8513634214177728,2.589168298058212,3.964886322617531,3.6614074134267867,,4.044487682636827,4.044487682636827,3.9660866297781467,3.1413421337492764,3.1993308318778872,3.3856939650140703,3.3856939650140703,4.63276706635952,3.64814761467278,,2.8190589318983257,3.1424314635805786,4.1097327917814255,2.5591636756435037,3.1978519586846232,2.4829411166720092,3.1544839087873697,2.319002976641059,4.029829247388989,4.475706626661122,5.366782083176076,4.493049485143274,4.508486059494317,2.8309486364014447,5.380413901526481,4.871993743814528,4.26347700227052,3.899953299202025,4.228717079851776,4.506948844064027,2.693361885845661,2.159078706521541,3.9500986393541098,,3.7397275217808783,5.0322496350854635,4.571442051790655,3.995344392955303,3.8584666065871716,3.8700766009278595,3.847894714679569,,3.953137365169823,5.532738754060119,4.414142282679677,3.6103774001821876,3.650701254606247,3.4907206473872066,,,3.285336707253009,3.0770169431343675,3.1478417608886957,2.5312324864789844,3.8376150340773165,3.536776550579816,3.688431537244469,4.5517385196872056,4.31906914152205,3.303692150861025,3.7473953585140407,3.5802222825586796
tt_5.7h,3.4254787755198777,,,2.9088173895142972,3.299744125921279,4.42484530294314,4.42484530294314,3.795830990653485,3.7798247090540826,,2.9931982182897627,3.1221081293188035,5.074697670061141,3.6761611928232014,2.505249106325209,3.1403754418715835,4.595848094206303,3.498961212579161,3.498961212579161,3.9628670159727335,3.7682609371840954,4.229001448489726,4.1367593430913985,3.2847126498818398,2.1317405635491014,4.566548365633935,3.7002116749063134,,,4.422520495951176,3.8442515381611884,2.586535835172981,3.9514014939777553,3.6447075339965522,,4.041252692230046,4.041252692230046,3.9546221625059843,3.1254946305416524,3.2262833416461945,3.3721140548586845,3.3721140548586845,4.630211214534938,3.6458162367343903,,2.8084424971602857,3.1306803175248206,4.121017975732684,2.555186802521348,3.182466534897685,2.4723806399852037,3.1517716250382364,2.317325668875128,4.032337172422558,4.474669197574258,5.368165930267423,4.4804198034107685,4.504037832375616,2.840128432493657,5.3808167185634375,4.870685571338981,4.255042612552643,3.89271735586226,4.22878147335723,4.486527414992452,2.681717003695667,2.1574605964124203,3.9387747049331665,,3.73578533064574,5.031234431546181,4.623225724790245,3.9872241779230535,3.8487010961398482,3.8600753941573203,3.8368153804913163,,3.94608380459249,5.533436108846217,4.404046031180769,3.5951787983067334,3.6414561509154737,3.4780776440165937,,,3.2703680992126465,3.061989778187126,3.1356809535063803,2.5311783994548023,3.81764835678041,3.5212471606209874,3.6793377501890063,4.5395362405106425,4.310929519124329,3.2911206535063684,3.738956037443131,3.5667805010452867
tt_5.8h,3.4143921323120594,,,2.8913794341497123,3.2971098623238504,4.408860133960843,4.408860133960843,3.7667171857319772,3.8132497519254684,,2.987416725140065,3.1107470369897783,5.070692617446184,3.6628581564873457,2.492194349411875,3.126270806416869,4.581977613270283,3.4912239983677864,3.4912239983677864,3.953337451443076,3.764727933332324,4.221172832883894,4.129249879624695,3.269957241602242,2.1207745536230505,4.5950255417265,3.691949431784451,,,4.416073750704527,3.83724335860461,2.5839941343292594,3.9684503828175366,3.6665012976154685,,4.044766477774829,4.044766477774829,3.9433596041053534,3.10992943495512,3.253291757311672,3.358883211389184,3.358883211389184,4.62767314305529,3.643493866547942,,2.797994607128203,3.1190968742594123,4.119089592713863,2.5667951279319823,3.167510136961937,2.4911858439445496,3.1490897112526,2.3156556487083435,4.030137774068862,4.4736505364999175,5.369527169503272,4.49512695800513,4.499684185255319,2.8491352847777307,5.3811776004731655,4.869392118882388,4.2467418713495135,3.8855985775589943,4.228856559842825,4.493303105700761,2.6702591348439455,2.1559170722030103,3.9276333362795413,,3.7319546625949442,5.030243207700551,4.578908822033554,3.9792170813307166,3.8391006640158594,3.8502586958929896,3.825887059327215,,3.9390967367216945,5.534106351900846,4.394125500693917,3.5803290787152946,3.6325071272440255,3.465196745470166,,,3.255682407412678,3.047230247873813,3.118781115859747,2.5151460580527782,3.842928200494498,3.506003769580275,3.6703642676584423,4.527589386329055,4.302854421548545,3.278831167612225,3.73074871301651,3.5535770058631897
tt_5.9h,3.40345146227628,,,2.879460266791284,3.2839895728975534,4.393230694811791,4.393230694811791,3.7385931345634162,3.7836133148521185,,2.9816732350736856,3.0996577446348965,5.066770127043128,3.649785918649286,2.4792973562143743,3.1123837060295045,4.5683843162842095,3.4835974806919694,3.4835974806919694,3.9439290007576346,3.761190560646355,4.213496578857303,4.121919533237815,3.255870030261576,2.1153803863562644,4.5720293102785945,3.683777539525181,,,4.409708770457655,3.8303432925604284,2.581540080253035,3.954974063206464,3.6497875009663403,,4.048279074952006,4.048279074952006,3.932279239874333,3.0946393967606127,3.2803295459598303,3.3459841306321323,3.3459841306321323,4.625153802335262,3.641183049418032,,2.787712591700256,3.107675816398114,4.117162603884935,2.5627807904966176,3.193724796641618,2.480527834035456,3.1464444058947265,2.314012909308076,4.0279168942943215,4.472650076262653,5.370864720083773,4.482603856828064,4.495423205662519,2.8579812669195235,5.3814976378344,4.868114240467548,4.238603848498315,3.878561550285667,4.228942348156124,4.488966294564307,2.6571862995624542,2.154437551740557,3.9166868096217513,,3.7282429463230073,5.02927561243996,4.570282865315676,3.9663517619483173,3.8296388145536184,3.840583528857678,3.815125930123031,,3.932216457556933,5.534750007092953,4.382286089006811,3.565818229224533,3.6238403245806694,3.465196745470166,,,3.2412705589085817,3.0327320070937276,3.1021839939057827,2.515092389192432,3.8229810358025134,3.491038602311164,3.6614933223463595,4.515933069400489,4.29488762980327,3.266814016737044,3.722727447748184,3.54060591571033
tt_6.0h,3.416932350024581,,,2.86235094582662,3.2813681634142995,4.377941498998553,4.377941498998553,3.7114414302632213,3.7547846203669906,,2.9759842846542597,3.0888298195786774,5.062909935135394,3.6369381570257246,2.4665841506794095,3.0987119330093265,4.555058030877262,3.4761109952814877,3.4761109952814877,3.934619836974889,3.761685368604958,4.205978084355593,4.114774772897363,3.2423945502378047,2.110034269746393,4.550063185859472,3.675733278505504,,,4.403424391523004,3.8235413362272084,2.579170748591423,3.9417251152917743,3.6334550525061786,,4.051810020580888,4.051810020580888,3.9214040571823716,3.079617340117693,3.2660914324223995,3.333400550764054,3.333400550764054,4.637170986738056,3.6437293053604662,,2.777593308594078,3.096419982612133,4.115241167601198,2.5589374909177423,3.178714506793767,2.470250381156802,3.143830814398825,2.312360438052565,4.025662602856755,4.471668988466263,5.372171287890524,4.47018833970651,4.491238318383694,2.866651833523065,5.3860083245672286,4.866851687896997,4.230590965598822,3.881740180775523,4.229038854595274,4.495727296452969,2.6571862995624542,2.1530229430645704,3.9058965230360627,,3.7246474707499146,5.028331317007542,4.570282865315676,3.9584856117144227,3.82033390365541,3.8310637064278126,3.818804777227342,,3.9254000913351774,5.535367578268051,4.382286089006811,3.551636409945786,3.615444537717849,3.4528195443563163,,,3.2271251678466797,3.018484450876713,3.0858802418224514,2.5150391776114702,3.803440561518073,3.4763440638780594,3.6527558248490095,4.5212245266884565,4.2968048132024705,3.2550438889302313,3.737617104779929,3.527845995966345
tt_6.1h,3.4060096768662333,,,2.86235094582662,3.2787653147242963,4.3818181389942765,4.3818181389942765,3.7497062189504504,3.7585836085490882,,2.9703360036946833,3.07826028438285,5.059110998176038,3.6243252847343683,2.454021103680134,3.085247779265046,4.55965934228152,3.46872725430876,3.46872725430876,3.9254493713378906,3.761685368604958,4.198602759744972,4.10779910068959,3.248893273063004,2.1047651381231844,4.577546969521791,3.6677765902131796,,,4.397218375466764,3.816838067956269,2.576883335597813,3.9286971734836698,3.617487648036331,,4.0360026909038424,4.0360026909038424,3.910714234225452,3.064857103396207,3.293378065340221,3.3497860860079527,3.3497860860079527,4.634599864017218,3.641428124625236,,2.7676299251616,3.1000479608774185,4.113337594550103,2.554460343439132,3.1641168259084225,2.460320198908448,3.141242520418018,2.3107396098785102,4.012119186576456,4.470707009080797,5.3773549678735435,4.468655206728727,4.487153669819236,2.8751316205598414,5.386253587435931,4.865603962447494,4.222731517162174,3.874803349841386,4.229146066587418,4.502412277273834,2.6459295325912535,2.1516703329980373,3.895274671725929,,3.72116272803396,5.027409973088652,4.5283059841021895,3.9584856117144227,3.8111611427739263,3.821717218030244,3.818804777227342,,3.918687168508768,5.535959572065622,4.372536985203624,3.5377747574821115,3.631955114658922,3.4406717657111585,,,3.231316373217851,3.0044827428646386,3.069862248376012,2.514986432623118,3.7842965754680336,3.4619135838001966,3.644115617033094,4.5212245266884565,4.2968048132024705,3.2435471806675196,3.7295827898196876,3.515322657302022
tt_6.2h,3.395240221172571,,,2.8455571327358484,3.2791391178034246,4.3818181389942765,4.3818181389942765,3.7225403343327343,3.7585836085490882,,2.964723927900195,3.0679234652779996,5.055354662705213,3.6119084702804685,2.455722499638796,3.0719870068132877,4.55965934228152,3.4614741997793317,3.4614741997793317,3.9163738498464227,3.758165357168764,4.191376471891999,4.100992502644658,3.248893273063004,2.0995450005866587,4.55551326693967,3.6599446344189346,,,4.391088245436549,3.810235873796046,2.574684531893581,3.9158619353547692,3.6018699132837355,,4.0360026909038424,4.0360026909038424,3.9001910593360662,3.050351918209344,3.3207148551009595,3.3371919277124107,3.3371919277124107,4.632049923297018,3.639128423295915,,2.7578234360553324,3.08895924128592,4.1114532221108675,2.550573309417814,3.14991607517004,2.4507051543332636,3.1361388699151576,2.3091311804018915,4.009882349986583,4.469763633329421,5.3786190915852785,4.456323763355613,4.483153115957975,2.881214694585651,5.386253587435931,4.864371162373573,4.214989860076457,3.874803349841386,4.229263980407268,4.498138391412795,2.6348491068929434,2.150377180892974,3.884833840187639,,3.7177985534071922,5.026511243544519,4.5777277001179755,3.9507269938476384,3.8021382610313594,3.8124988893978298,3.8082205527462065,,3.912035074084997,5.536526490002871,4.362953626085073,3.524224726948887,3.623538007494062,3.4287394038401544,,,3.2174380850046873,2.9907169439829886,3.0541194062680006,2.5149341612122953,3.765532171819359,3.447735669557005,3.6356049617752433,4.509804802015424,4.288931093644351,3.2322977064177394,3.7217296045273542,3.5030150595121086
tt_6.3h,3.384636494331062,,,2.8290698672644794,3.2791391178034246,4.366876422893256,4.366876422893256,3.696294793859124,3.730570281855762,,2.959171076770872,3.057811098638922,5.051675637252629,3.599698498379439,2.4433415313251317,3.076330176088959,4.546596109401435,3.45431810291484,3.45431810291484,3.9074337603524327,3.754649009089917,4.184284619987011,4.094355715904385,3.2358231116086245,2.094370686914772,4.534427774138749,3.652197651565075,,,4.38503320235759,3.8037234540097415,2.5725532937794924,3.903258446138352,3.5865883911028504,,4.03956307284534,4.03956307284534,3.8898582910187542,3.0360949793830514,3.3480942179448903,3.3249002215452492,3.3249002215452492,4.62952236412093,3.6393822976388037,,2.7481697951443493,3.0780268353410065,4.109589246567339,2.5585063565522432,3.1360973194241524,2.468357180710882,3.133620427455753,2.3075342741794884,4.007616752758622,4.468838250264525,5.3786190915852785,4.444107181858271,4.479234007187188,2.8895013500005007,5.386460675857961,4.863171370700002,4.207395119126886,3.8679759548977017,4.229392625391483,4.504810144659132,2.6239412361755967,2.1552296043373644,3.8887190823443234,,3.7145246719010174,5.025634802412242,4.53584572346881,3.9430984957143664,3.793241855688393,3.8034449508413672,3.7977957017719746,,3.899011248257011,5.537068827543408,4.353526507969946,3.5109651209786534,3.6153807402588427,3.4170329230837524,,,3.2038127947598696,2.977180692832917,3.0386467850767076,2.514882314018905,3.7471377751789987,3.433811861090362,3.627186868339777,4.4986559501849115,4.281164353247732,3.221269864588976,3.7140990933403373,3.4909180509857833
tt_6.4h,3.3741679275408387,,,2.8128822804428637,3.276553576346487,4.352246731054038,4.352246731054038,3.7073297412134707,3.7182744634337723,,2.9536555698141456,3.047924323938787,5.0480544422753155,3.588395555038005,2.4433415313251317,3.063273601233959,4.533781450707465,3.4472670843824744,3.4472670843824744,3.8985842927359045,3.7511506844311953,4.177334051113576,4.098400149960071,3.2232768209651113,2.0892697130329907,4.5609990088269114,3.644572759978473,,,4.379050476010889,3.806112201884389,2.5704965190961957,3.8908578418195248,3.591639176476747,,4.043161702807993,4.043161702807993,3.8796959184110165,3.0220811050385237,3.361790608149022,3.312897658906877,3.312897658906877,4.638896208256483,3.6393822976388037,,2.7386614200659096,3.0672467215918005,4.107746759895235,2.5585063565522432,3.122646488714963,2.4586776420474052,3.1311357426457107,2.305967880412936,4.007944036275148,4.46793192345649,5.3798266695812345,4.458534660283476,4.475380631629378,2.89759126259014,5.386630661319941,4.861968295183033,4.199910143855959,3.861224651802331,4.229531975928694,4.50053710443899,2.6132053835317492,2.1539910743013024,3.87841832684353,,3.7113498183898628,5.024780318606645,4.543349785264581,3.9355720807798207,3.7844781214371324,3.79451308446005,3.7875478616915643,,3.8925953544676304,5.537587073165923,4.344261534046382,3.4980136179365218,3.607470864895731,3.405512618366629,,,3.190450919326395,2.9638834167271852,3.0234342413023114,2.5148309599608183,3.7525295047089458,3.4201317210681736,3.618894452229142,4.487745332997292,4.273457696661353,3.227301102131605,3.7066465066745877,3.4790112911723554
tt_6.5h,3.3638428286649287,,,2.7969853901304305,3.2739805434830487,4.340097452979535,4.340097452979535,3.7073297412134707,3.7182744634337723,,2.9481769832782447,3.0382350496947765,5.044490390922874,3.576404950581491,2.431111015379429,3.0504135126248,4.521207200363278,3.4403411322273314,3.4403411322273314,3.889866981189698,3.7476333384402096,4.170509807299823,4.091906296089292,3.2134836106561124,2.084226102102548,4.539848185144365,3.6370304147712886,,,4.373139292001724,3.7996995081193745,2.5685119600966573,3.8786548487842083,3.591639176476747,,4.043479480780661,4.043479480780661,3.869687406346202,3.0083041545003653,3.361790608149022,3.316680634394288,3.316680634394288,4.638896208256483,3.637115982826799,,2.729301573242992,3.056614034809172,4.105928708333522,2.554746870882809,3.1095341495238245,2.449298129417002,3.128679840825498,2.3044031281024218,4.007944036275148,4.467044475954026,5.381031430326402,4.446377403102815,4.471617586910725,2.89759126259014,5.386764600407332,4.860779488924891,4.192565217614174,3.854579130653292,4.229682045057416,4.507195509038866,2.602631730027497,2.1539910743013024,3.8682901901192963,,3.708270591683686,5.023971512913704,4.543349785264581,3.9281693869270384,3.7758564315736294,3.785737636964768,3.777432437054813,,3.8862756709568202,5.538081718608737,4.335144112352282,3.4853488113731146,3.615505421999842,3.394189656712115,,,3.1773087340407073,2.9507909729145467,3.008475503884256,2.514780098106712,3.7525295047089458,3.4066892815753818,3.610690392088145,4.4770397511310875,4.265856553800404,3.2165078832767904,3.699401594698429,3.467320528347045
tt_6.6h,3.353674740064889,,,2.781372233759612,3.27438093861565,4.340097452979535,4.340097452979535,3.681942332535982,3.6909912428818643,,2.9427594179287553,3.028749051038176,5.048529718536884,3.564594409894198,2.4190672845579684,3.0377438627183437,4.508865459356457,3.43349761236459,3.43349761236459,3.881236376706511,3.7441120888106525,4.163819697219878,4.091906296089292,3.2012678617611527,2.0792204714380205,4.529199261218309,3.629607708659023,,,4.367297523654997,3.793373465538025,2.566597539000213,3.866622324101627,3.5766808269545436,,4.043479480780661,4.043479480780661,3.8598549622111022,2.9947591410018504,3.3894733558408916,3.316680634394288,3.316680634394288,4.6363240401260555,3.6212755851447582,,2.7200817582197487,3.046128768939525,4.098812147974968,2.566620583180338,3.096778890583664,2.440227916929871,3.1262587206438184,2.302861792035401,4.005663264077157,4.466175667475909,5.382207366637886,4.4343595881946385,4.467929153703153,2.9055051538161933,5.386863537598401,4.859605316072702,4.185324389487505,3.848005546722561,4.2298428495414555,4.493484957609326,2.592231325339526,2.1528070447966456,3.8582973750308156,,3.7052841717377305,5.023159910459071,4.503530268091708,3.9208636013790965,3.7673510550521314,3.777078139130026,3.767465742304921,,3.8800101578235626,5.538553252350539,4.326180763076991,3.4729630639776587,3.607812360394746,3.3975209509953856,,,3.1643980219960213,2.937912830617279,2.9937613387592137,2.514729748480022,3.7345050256699324,3.393478285521269,3.6026081889867783,4.46622423036024,4.25831390125677,3.2059216941706836,3.7061191871762276,3.455825970042497
tt_6.7h,3.343632736708969,,,2.7660362934693694,3.27438093861565,4.325787608977407,4.325787608977407,3.6573513806797564,3.6644363859668374,,2.9373778039589524,3.0194460754282773,5.045024016872048,3.552975293714553,2.4071697560139,3.02525965962559,4.497377701103687,3.4267711555585265,3.4267711555585265,3.8838722915388644,3.740591491572559,4.157253915909678,4.085562747437507,3.2012678617611527,2.0742838261649013,4.529199261218309,3.6222652359865606,,,4.361522892024368,3.787133727222681,2.5647511812858284,3.854800431057811,3.562039087060839,,4.047088843770325,4.047088843770325,3.8406485449522734,2.9814249058254063,3.4172113337554038,3.3049661801196635,3.3049661801196635,4.633798291906714,3.6212755851447582,,2.7110066073946655,3.0357879931107163,4.0969698233529925,2.562826700974256,3.0915401219390333,2.448082941584289,3.123867473565042,2.301331397611648,4.0033615017309785,4.465324829798192,5.3833549548871815,4.436696419026703,4.464313322678208,2.9132150392979383,5.386928503867239,4.858445917721838,4.1782162599265575,3.8415343491360545,4.230014365166426,4.493484957609326,2.581981065683067,2.151675146073103,3.8484524548985064,,3.7024014103226364,5.022369280457497,4.511085390578955,3.91366357030347,3.7589820344001055,3.7685678326524794,3.757666600868106,,3.873838252387941,5.5390021544881165,4.317357029300183,3.4608492511324584,3.607812360394746,3.3864242285490036,,,3.151713510043919,2.9252420933917165,2.979304207023233,2.5146799124777317,3.7168223904445767,3.380492804106325,3.594610425643623,4.455760897137225,4.25087537849322,3.2059216941706836,3.6990406685508788,3.4445225670933723
tt_6.8h,3.330183349084109,,,2.7509699631482363,3.271824324503541,4.3117657313123345,4.3117657313123345,3.6683415519073606,3.6682640365324914,,2.9320337609387934,3.010321218520403,5.041572970803827,3.5415431247092783,2.3954044547863305,3.012964501976967,4.485265490133315,3.420124046970159,3.420124046970159,3.8753822441212833,3.7370752920396626,4.150804860051721,4.079370042309165,3.1894963015802205,2.069416509475559,4.508861804381013,3.6150405439548194,,,4.355814774520695,3.780982855707407,2.5629710014909506,3.8584247594699264,3.5477020838297904,,4.050717086531222,4.050717086531222,3.8312800023704767,2.968326175119728,3.4449778967536986,3.293497330043465,3.293497330043465,4.631312298588455,3.619028373621404,,2.7020647120662034,3.025585771538317,4.095152992289513,2.571107720490545,3.079048208426684,2.439232085365802,3.121481656562537,2.2997998679056764,4.003706992138177,4.464492229279131,5.384474481455982,4.436696419026703,4.460754290688783,2.920742659829557,5.3869605185464025,4.860960951074958,4.171222989447415,3.8351473538205028,4.230196627322584,4.500071918126196,2.5718948673456907,2.150593250989914,3.83876860095188,,3.6995905060321093,5.021599309984595,4.511085390578955,3.906581631861627,3.7507241857238114,3.7601676383055747,3.747989716473967,,3.8677380341105163,5.539428907446563,4.308679773937911,3.4489888651296496,3.6003513047471642,3.3864242285490036,,,3.151713510043919,2.9127699132077396,2.965064460877329,2.5146305337548256,3.6994741051457822,3.367723825853318,3.5867307926528156,4.455760897137225,4.2434936673380435,3.195570577867329,3.6921199234202504,3.433391444850713
tt_6.9h,3.3203065283596516,,,2.736167802941054,3.2722353232093155,4.315768877975643,4.315768877975643,3.6683415519073606,3.6682640365324914,,2.926750549580902,3.001376923173666,5.03815736901015,3.530309393070638,2.383801688440144,3.000847266521305,4.485265490133315,3.4135856246575713,3.4135856246575713,3.8669757982715964,3.7215810995548964,4.144479292910546,4.07331167999655,3.195640405640006,2.064575645606965,4.514288703445345,3.6079131616279483,,,4.350171072874218,3.774910972919315,2.5612552082166076,3.8467911249026656,3.5366233033128083,,4.0510567696765065,4.0510567696765065,3.822045891545713,2.9554409733973444,3.443409333471209,3.281184518709779,3.281184518709779,4.640581568237394,3.619301895145327,,2.693255898077041,3.015524453483522,4.095152992289513,2.571107720490545,3.0668899598531425,2.439232085365802,3.119124426972121,2.2982930042780936,4.001403669361025,4.463678329251707,5.385566566605121,4.424881825689226,4.447437332477421,2.928058683872223,5.3869605883955956,4.859823573380709,4.164324367418885,3.828827455639839,4.230389601085335,4.502419886179268,2.561959103215486,2.149559346958995,3.8292089044116437,,3.696862582117319,5.020849667023867,4.502545881550759,3.899587461259216,3.742597428150475,3.7518904325552285,3.7384732235223055,,3.8616880271583796,5.5398319265805185,4.300135071389377,3.455664447043091,3.5931111029349267,3.3754972126334906,,,3.139250221196562,2.9005089555867016,2.9510540193878114,2.5145816933363676,3.688786940649152,3.3551738653331995,3.578932155855,4.445487342309207,4.236192358192056,3.1854302366264164,3.6921199234202504,3.422458153218031
tt_7.0h,3.3105510845780373,,,2.721613734960556,3.2697005425579846,4.302019861526787,4.302019861526787,3.644523232243955,3.6423668675124645,,2.921504090540111,2.989609607961029,5.034812697209418,3.5192372449673712,2.3723592762835324,2.9889060561545193,4.473371114581823,3.4071249654516578,3.4071249654516578,3.8586938213557005,3.71810008212924,4.138263400644064,4.067398475948721,3.1841497025452554,2.059798213187605,4.514288703445345,3.6008632155135274,,,4.344589528162032,3.768919412046671,2.559611357282847,3.8353138375096023,3.5225739115849137,,4.0510567696765065,4.0510567696765065,3.812968789599836,2.9427652047015727,3.443409333471209,3.2699637743644416,3.2699637743644416,4.6381032625213265,3.617067836690694,,2.6845814897678792,3.0055996673181653,4.093362268060446,2.5674459584988654,3.05503907520324,2.430659931153059,3.1167927822098136,2.2967953658662736,4.001403669361025,4.462882993742824,5.374580746516585,4.427262629382312,4.4439503396861255,2.935186168178916,5.386929703876376,4.858700434677303,4.157550156116486,3.8226044848561287,4.230593310203403,4.502419886179268,2.5521788066253066,2.1485713995061815,3.8198030972853303,,3.6942148143425584,5.02409540489316,4.502545881550759,3.892705826088786,3.7345769400708377,3.743757109157741,3.729074250906706,,3.855727330315858,5.540215774439275,4.291729981545359,3.4440444675274193,3.601073947735131,3.3647521948441863,,,3.127020056825131,2.888429640326649,2.937267354223877,2.5145333986729383,3.671774051617831,3.3428336326032877,3.57124783936888,4.435442083980888,4.228990430012345,3.1754771978594363,3.685387760400772,3.411703346762806
tt_7.1h,3.300923967268318,,,2.7073222547769547,3.2697005425579846,4.302019861526787,4.302019861526787,3.639350333251059,3.646206086501479,,2.9162951316684484,2.980809194035828,5.031520011369139,3.5192372449673712,2.358173757325858,2.977134967688471,4.46168660139665,3.400750163476914,3.400750163476914,3.8504918962717056,3.7146013332530856,4.1321655213832855,4.071407894138247,3.1841497025452554,2.0551058570854366,4.494725255295634,3.5939279962331057,,,4.339069650974125,3.763010884169489,2.5580193917267025,3.8240326675586402,3.508807323873043,,4.054716146085411,4.054716146085411,3.8040187237784266,2.9302949304692447,3.471370253711939,3.2699637743644416,3.2699637743644416,4.6381032625213265,3.617067836690694,,2.6760334339924157,2.995806543622166,4.091598194558173,2.559788514394313,3.05503907520324,2.422338141128421,3.1144974874332547,2.295309639070183,3.999074552208185,4.462105949874967,5.375635158736259,4.427262629382312,4.440543993841857,2.942096883431077,5.386868843343109,4.857591652311385,4.150866847019643,3.8164451215416193,4.230807737447321,4.5047563118860126,2.5425476748496294,2.147627472411841,3.8105149646289647,,3.69164461735636,5.023378022480756,4.464606140740216,3.8859087703749537,3.72668272908777,3.7357212021015584,3.7198089226149023,,3.849837748799473,5.540578874293715,4.2834555972367525,3.432663873769343,3.594028272666037,3.3542004404589534,,,3.1149813714437187,2.876539387740195,2.9412456513382494,2.514485658146441,3.655078793875873,3.3306977301836014,3.563641448970884,4.440720077138394,4.221844765357673,3.1657399851828814,3.6788013190962374,3.401108109857887
tt_7.2h,3.300923967268318,,,2.693275653757155,3.2671911572106183,4.288557824213058,4.288557824213058,3.616266332566738,3.646206086501479,,2.9111448796465993,2.9721618848852813,5.02827878203243,3.508338970132172,2.3468882483430207,2.965538684744388,4.466312074102461,3.3944805320352316,3.3944805320352316,3.842411246150732,3.711103248875588,4.138127185869962,4.0656142039224505,3.1730386819690466,2.0504368687979877,4.5001016915775836,3.587068979628384,,,4.333618927747011,3.757178246974945,2.5564830200746655,3.812920280266553,3.508807323873043,,4.058418827131391,4.058418827131391,3.7952196607366204,2.9180096318013966,3.4993167384527624,3.25896172830835,3.25896172830835,4.635645447764546,3.6148373782634735,,2.6676167850382626,2.9861464435234666,4.08986320020631,2.559788514394313,3.043485075701028,2.413972470443696,3.1122284661978483,2.2938499972224236,3.9994346988387406,4.461347036529332,5.376663194503635,4.415629897732288,4.437202468048781,2.948814864270389,5.39102428779006,4.856496940366924,4.156161425635219,3.8196741635911167,4.231032887008041,4.5047563118860126,2.533058096654713,2.1363646164536476,3.801373648457229,,3.6891495776362717,5.022680202033371,4.472214134410024,3.879219208844006,3.718890158459544,3.7278236891143024,3.723605181556195,,3.8440043753944337,5.540925337001681,4.275304565671831,3.421540718059987,3.594028272666037,3.3438044665381312,,,3.1031464189291,2.8648285032249987,2.9276760048232973,2.5145102008245885,3.655078793875873,3.318757699802518,3.556146068032831,4.4308501509949565,4.223999813199043,3.156195337418467,3.672373737208545,3.3906987998634577
tt_7.3h,3.2914425279013813,,,2.6794670931994915,3.2515272018499672,4.292600705288351,4.292600705288351,3.616266332566738,3.6209795805625618,,2.9060339531861246,2.9636741150170565,5.02827878203243,3.4976263414137065,2.3357642856426537,2.9541075471788645,4.454837760422379,3.388279243838042,3.388279243838042,3.834407420363277,3.711103248875588,4.132125393953174,4.059946058318019,3.179038372822106,2.045816072728485,4.5001016915775836,3.5902442284859717,,,4.328255289699882,3.751434102188796,2.5549923232756555,3.812920280266553,3.4953289665281773,,4.058790193870664,4.058790193870664,3.7865408253856003,2.905933464411646,3.5143571724183857,3.262744122184813,3.262744122184813,4.628768857102841,3.615131068043411,,2.6593196843750775,2.976613197941333,4.088153620716184,2.5684311506338418,3.032202497124672,2.405849809292704,3.109988943208009,2.292398781981319,3.997104147914797,4.460616868920624,5.377665224019438,4.401946164667606,4.433924086391926,2.9546160669997334,5.390904476400465,4.855415833182633,4.149575436953455,3.813596548512578,4.2312741805799305,4.507081066258252,2.536266298033297,2.1354603553190827,3.792343898676336,,3.686742161400616,5.02200162736699,4.472214134410024,3.8726102244108915,3.7112196441739798,3.7200182117521763,3.7144840005785227,,3.8382663163356483,5.5412632171064615,4.279581924434751,3.410655161831528,3.587187506724149,3.3472246709279716,,,3.091512634884566,2.8533114925958216,2.914315448142588,2.5144635257311165,3.638687734026462,3.307016977109015,3.5487279971130192,4.4211951470933855,4.216974346432835,3.1460071559995413,3.678992277942598,3.380456446669996
tt_7.4h,3.2820721198804677,,,2.683669333346188,3.2490333723835647,4.27941069053486,4.27941069053486,3.59387049684301,3.6248086276464164,,2.90096073737368,2.955328173469752,5.025087506044656,3.4870632463134825,2.32479708455503,2.942835890688002,4.4435621695593,3.382160365115851,3.382160365115851,3.834407420363277,3.707609719596803,4.126229244749993,4.054395866114646,3.1681693359278142,2.0412676162086427,4.481234094128013,3.583498171530664,,,4.322977969422936,3.7457710579037666,2.5535461115650833,3.80195135762915,3.482098320964724,,4.062513921875507,4.062513921875507,3.7780073108151555,2.894052325282246,3.5424495358020067,3.251952713355422,3.251952713355422,4.626339372713119,3.612918475177139,,2.6511502908542752,2.9672073163092136,4.096903329715133,2.5648701223544776,3.0212127128615975,2.405849809292704,3.1077771736308932,2.290964804124087,3.997104147914797,4.459896431770176,5.378641821909696,4.390534780919552,4.430707564111799,2.9610719471238554,5.390757089946419,4.854348405729979,4.143108559306711,3.807612428907305,4.2315430929884315,4.513595360331237,2.5269353450275958,2.1345966192893684,3.783439814578742,,3.682121619116515,5.021341990213841,4.479786718729883,3.8758905343711376,3.7036464298143983,3.712346391286701,3.7055118125863373,,3.8325822157785296,5.541592665016651,4.271555883344263,3.3999904058873653,3.5805431259796023,3.337031275033951,,,3.080092528834939,2.8419573451392353,2.9011760600842535,2.5144173689186573,3.622594916727394,3.295467372518033,3.5414184127002954,4.411726343911141,4.210001142695546,3.136636837385595,3.672702775336802,3.370362561196089
tt_7.5h,3.2728390526026487,,,2.670088864862919,3.2490333723835647,4.2664682026952505,4.2664682026952505,3.6047050622291863,3.600203007925302,,2.8959415308199823,2.947130074724555,5.021927011664957,3.4766624686308205,2.3139537889510393,2.93172540795058,4.432478396221995,3.3761452133767307,3.3761452133767307,3.826521562412381,3.704122938681394,4.120431450661272,4.054395866114646,3.1576308282092214,2.036774341482669,4.486584533471614,3.5768262878991663,,,4.31778480950743,3.740189166739583,2.552143240813166,3.791166707407683,3.4871092825196683,,4.062513921875507,4.062513921875507,3.7695877267979085,2.882366316858679,3.5424495358020067,3.2414010167121887,3.2414010167121887,4.623949945438653,3.612918475177139,,2.643095170147717,2.9579267627559602,4.09518328635022,2.5648701223544776,3.010491279885173,2.3979832949116826,3.105569325387478,2.2895552669651806,3.9947501560673118,4.459195390343666,5.378641821909696,4.390534780919552,4.4275341192260385,2.967328573577106,5.390583056490868,4.8532949117943645,4.1367304916493595,3.8017027559690177,4.23183973506093,4.513595360331237,2.517737678717822,2.13377174641937,3.7746780775487423,,3.6799174179323018,5.020700976718217,4.443597574252635,3.8693748717196286,3.696191216353327,3.704781215172261,3.6966472105123103,,3.8269916400313377,5.541913828346878,4.263657188974321,3.389565492514521,3.5723328716121614,3.326985269319266,,,3.0688422014936805,2.8307697507552803,2.888224507216364,2.514371797442436,3.6280419398099184,3.301177843939513,3.53418430313468,4.411726343911141,4.2031249278225005,3.127431516069919,3.6665797610767186,3.3604434365406632
tt_7.6h,3.263715503271669,,,2.6567376917228103,3.2465619551949203,4.2664682026952505,4.2664682026952505,3.5829454697668552,3.600203007925302,,2.8909637359902263,2.9390641525387764,5.018832720816135,3.4664356228895485,2.3139537889510393,2.920772052370012,4.432478396221995,3.370191913098097,3.370191913098097,3.8187094815075397,3.70064804982394,4.114739967044443,4.048970323521644,3.1576308282092214,2.032307930290699,4.468357609584928,3.5702089769765735,,,4.312673609238118,3.7346913306973875,2.550782523583621,3.7805388402193785,3.4741276958957314,,4.046801180113107,4.046801180113107,3.761308022774756,2.8708548001013696,3.570529439020902,3.2414010167121887,3.2414010167121887,4.623949945438653,3.6132247638888657,,2.6351639861240983,2.9487646049819887,4.093492337502539,2.573699823115021,3.020961547270417,2.4056449397467077,3.1033850805833936,2.288154552690685,3.979019396007061,4.458513557445258,5.379566874820739,4.392993325833231,4.424421025440097,2.97335749771446,5.390383288264275,4.8532949117943645,4.130472064483911,3.7958521833643317,4.232164128683507,4.499792659189552,2.508680697530508,2.1329841506667435,3.7660231073386967,,3.677780799102038,5.0200782786123455,4.443597574252635,3.86296100076288,3.688839515671134,3.6899512764066458,3.687926197424531,,3.8214724250137806,5.542226850986481,4.255872264970094,3.3793603307567537,3.5658595180138946,3.3171003120951355,,,3.0577727551572025,2.8197546540759504,2.875471566338092,2.514326804317534,3.6122480975463986,3.2898094402626157,3.527037885505706,4.402416136581451,4.196298866998404,3.118420435115695,3.660582066513598,3.3506659432314336
tt_7.7h,3.266473073977977,,,2.6436068452894688,3.247037175577134,4.270527652464807,4.270527652464807,3.5829454697668552,3.5879576485604048,,2.886024671141058,2.9311370672658086,5.015788372606039,3.4563470198772848,2.303255397826433,2.909969648811966,4.42158344713971,3.3643342135474086,3.3643342135474086,3.811014635954052,3.7013668892905116,4.1091465768404305,4.043658446520567,3.163512410596013,2.0278990739025176,4.4758407031185925,3.5636825901456177,,,4.307643837295473,3.72926967125386,2.549462877213955,3.7680965759791434,3.461391636170447,,4.0505646844394505,4.0505646844394505,3.753136550541967,2.8595390683040023,3.5860644411295652,3.231039776466787,3.231039776466787,4.621581050101668,3.6110371062532067,,2.6273423274978995,2.93972650449723,4.0918306219391525,2.573699823115021,3.010452478658408,2.397956714499742,3.1012249421328306,2.2867715694010258,3.9766376931220293,4.4578506904654205,5.380493978969753,4.381763311102986,4.421353207435459,2.9791718469932675,5.390161089133471,4.8522555865347385,4.124314189422876,3.7900901390239596,4.232516312040389,4.499792659189552,2.4997605197131634,2.132232223637402,3.7575045307166874,,3.6757095474749804,5.019473576452583,4.451205386780202,3.8566230474971235,3.681580949574709,3.68268142035231,3.679307421669364,,3.8160040760412812,5.542531874962151,4.2482083276845515,3.3693598564714193,3.5595682580024004,3.3073877030983567,,,3.046898313332349,2.8088938840664923,2.8629101254045963,2.5142823653295636,3.5967363910749555,3.2786282813176513,3.513027193490416,4.407682651653886,4.189547140616924,3.1095643835142255,3.654741484671831,3.3410559622570872
tt_7.8h,3.257495917379856,,,2.630701183807105,3.2445908403024077,4.257839934900403,4.257839934900403,3.593673115130514,3.563912252895534,,2.881134739611298,2.9233320406638086,5.012798631563783,3.446425328962505,2.292713573202491,2.8993183616548777,4.426218564622104,3.3585402397438884,3.3585402397438884,3.8033991982229054,3.697896013967693,4.103644621092826,4.047645838931203,3.153186447452754,2.0235770056024194,4.457579048350453,3.557209223508835,,,4.302693485748023,3.7239248757250607,2.5567088965326548,3.7576071927323937,3.448908739257604,,4.054353090003133,4.054353090003133,3.7450997647829354,2.8484047073870897,3.6142750778235495,3.2347997883334756,3.2347997883334756,4.630710363853723,3.6110371062532067,,2.619640950579196,2.9308003559708595,4.090200193226337,2.5827417061664164,3.000179930590093,2.3904807353392243,3.0990958153270185,2.285401787608862,3.9766376931220293,4.4572062767110765,5.381397005170584,4.381763311102986,4.4183296407572925,2.9847800941206515,5.3899223315529525,4.8512311251834035,4.118239098228514,3.7843830082565546,4.2328962655738,4.502082714345306,2.4909749417565763,2.132232223637402,3.7575045307166874,,3.673701487015933,5.01888657361269,4.451205386780202,3.850371078122407,3.674432734027505,3.675529929343611,3.6708034109324217,,3.8106257477775216,5.54282904509455,4.240652440115809,3.359581551514566,3.5595682580024004,3.3073877030983567,,,3.0361765078268945,2.798190569039434,2.8505449779331684,2.5142384986393154,3.5814994699321687,3.2676258157007396,3.5061595560982823,4.39854636695236,4.182892356533557,3.1008931850083172,3.654741484671831,3.3315958702005446
tt_7.9h,3.2486231522634625,,,2.618004099931568,3.2445908403024077,4.245383506175131,4.245383506175131,3.572536888998002,3.540441197808832,,2.8762878915295005,2.915658565238118,5.01685621868819,3.4512372091412544,2.294777926057577,2.888816430233419,4.41550803091377,3.3624541885219514,3.3624541885219514,3.795903218444437,3.6944284844212234,4.098241653293371,4.042436624877155,3.143152790609747,2.0192781714722514,4.439949040766805,3.55082499794662,,,4.297820528503507,3.7186600659042597,2.5554094067774713,3.747289093211293,3.448908739257604,,4.054353090003133,4.054353090003133,3.737166044767946,2.852756239939481,3.6424385756254196,3.2246472034603357,3.2246472034603357,4.628371266182512,3.595253258012235,,2.6120452992618084,2.9219973091967404,4.088597012218088,2.579280677717179,2.990166359115392,2.3904807353392243,3.0969901992939413,2.285936063155532,3.9742323462851346,4.456580592319369,5.386458190623671,4.384266818407923,4.415349409915507,2.9901522458530962,5.389667638577521,4.850221193861216,4.112276386935264,3.7787626148201525,4.233303649351001,4.508497536182404,2.482322560623288,2.1315145273692906,3.7490876335650682,,3.6717545548453927,5.018316979985684,4.4427185342647135,3.8442172622308135,3.6604212378151715,3.668457319494337,3.6624344461597502,,3.8053156142123044,5.54311850015074,4.2332124300301075,3.359581551514566,3.56740215793252,3.297812642529607,,,3.025623133406043,2.802358450833708,2.838351004291326,2.5141952126286924,3.566530362237245,3.256795152556151,3.49935864796862,4.389602914918214,4.176290103234351,3.0923676872625947,3.6490174923092127,3.322267231531441
tt_8.0h,3.239877368789166,,,2.6055143577978015,3.245086253620684,4.233151632361114,4.233151632361114,3.55198619235307,3.5677743265405297,,2.8714819196611643,2.9080973071977496,5.013928439933807,3.4414472384378314,2.2843733839690685,2.8784564016386867,4.404976222664118,3.356731178238988,3.356731178238988,3.7986695119179785,3.690967535600066,4.092929109465331,4.037331257481128,3.1333696395158768,2.0150182698853314,4.462936753872782,3.5445102229714394,,,4.293024559505284,3.713467493187636,2.554149175528437,3.7370956875383854,3.4366404861211777,,4.054780782200396,4.054780782200396,3.729361887089908,2.841797323897481,3.6424385756254196,3.2146708806976676,3.2146708806976676,4.62607198022306,3.593090367037803,,2.597188599873334,2.913303405046463,4.088597012218088,2.579280677717179,2.9803740703500807,2.3980970405973494,3.09491683030501,2.2845806796103716,3.9746253192424774,4.455973949283361,5.387327518779784,4.373272318858653,4.412397944834083,2.9953030324541032,5.389397619757801,4.849225984420627,4.106392337940633,3.7732110409997404,4.2337385741993785,4.504361971281469,2.47379997279495,2.1363456710241735,3.740801644511521,,3.6698804018087685,5.017764498945326,4.408072075340897,3.838133034296334,3.6535537177696824,3.661500230897218,3.6541562024503946,,3.800053298473358,5.543400378432125,4.22587565286085,3.34999486990273,3.561268572229892,3.3013267130590975,,,3.0152531121857464,2.7918079560622573,2.8263414297252893,2.5141525086946785,3.566530362237245,3.2461402066983283,3.4926572837866843,4.38080199342221,4.169783747754991,3.0923676872625947,3.639419475570321,3.313096678350121
tt_8.1h,3.2312333956360817,,,2.59322453988716,3.2426743861287832,4.233396539464593,4.233396539464593,3.55198619235307,3.544285709504038,,2.8667121841572225,2.900661626830697,5.01105305319652,3.4318175427615643,2.2741265571676195,2.8682399899698794,4.394617124926299,3.3510802341625094,3.3510802341625094,3.791269054636359,3.687528213020414,4.0877025639638305,4.032335671596229,3.1333696395158768,2.0108222332783043,4.445274577010423,3.5382454856298864,,,4.288303740788251,3.7083479682914913,2.5529271415434778,3.727068485226482,3.4416380804032087,,4.058629763312638,4.058629763312638,3.7216562354005873,2.8310093176551163,3.658441960811615,3.2146708806976676,3.2146708806976676,4.623812166042626,3.59093099553138,,2.5899202320724726,2.9047249821014702,4.087025354150683,2.5724227759055793,2.9708260111510754,2.3907833574339747,3.0928589226678014,2.283237107563764,3.972200818825513,4.454817121382803,5.3881726381368935,4.373272318858653,4.409501496236771,2.9953030324541032,5.389112864620984,4.85180092882365,4.100616620853543,3.767711211461574,4.234201089479029,4.510786916594952,2.4654065161012113,2.135659834370017,3.7326124673709273,,3.6680497974157333,5.017228846438229,4.450300422031432,3.8321424648165703,3.6467907335609198,3.6546163288876414,3.6541562024503946,,3.7948778877034783,5.543674817774445,4.218649839516729,3.340622872579843,3.555303426925093,3.291936551220715,,,3.003425680100918,2.7814103001728654,2.8145070569589734,2.5141103891655803,3.572003103327006,3.235652154777199,3.486022313591093,4.38080199342221,4.163327214308083,3.0840181382372975,3.6338104479946196,3.3040515957400203
tt_8.2h,3.222710910718888,,,2.581146606244147,3.2402684302069247,4.221158124040812,4.221158124040812,3.562604498118162,3.5213490170426667,,2.8620054773055017,2.8933292981237173,5.008211061824113,3.422313111834228,2.2640145355835557,2.858165384735912,4.394617124926299,3.34552240697667,3.34552240697667,3.7839839784428477,3.6840742835775018,4.082567708566785,4.0274376049637794,3.122989453841001,2.006702068261802,4.428189903032035,3.5320663657039404,,,4.283656152896583,3.703304568771273,2.551742264535278,3.7171804015524685,3.4295873693190515,,4.062485478352755,4.062485478352755,3.714075075928122,2.8203801941126585,3.6866855826228857,3.2184259332716465,3.2184259332716465,4.63510856218636,3.59093099553138,,2.582757240626961,2.896254959050566,4.09558406053111,2.5690953098237514,2.9615001720376313,2.383676514495164,3.0908364094793797,2.281913580838591,3.969759049359709,4.454266625922173,5.388994071632624,4.375827820971608,4.406644987408072,3.0002444135025144,5.389112864620984,4.8508283123373985,4.0949315913021564,3.767711211461574,4.234691166784614,4.510786916594952,2.4571380666457117,2.13500670902431,3.7245491184294224,,3.666274587623775,5.017228846438229,4.415696827229112,3.826220386661589,3.6401186105795205,3.6478459928184748,3.64600866753608,,3.7897676024585962,5.543941953219473,4.21152313798666,3.3469563513062894,3.5495018176734447,3.282674244605005,,,2.993197431322187,2.7711641006171703,2.802850576583296,2.5140688689425588,3.5573021923191845,3.2253249655477703,3.479466255288571,4.386058460455388,4.163327214308083,3.089862239547074,3.628327189479023,3.295158185996115
tt_8.3h,3.214287584181875,,,2.5692578265443444,3.237877675332129,4.2091586869210005,4.2091586869210005,3.5426242887042463,3.5213490170426667,,2.857332168612629,2.886116866953671,5.005437481217086,3.412947497330606,2.253998512402177,2.848221284337342,4.399255388882011,3.340018743183464,3.340018743183464,3.7767737596295774,3.6806187639012933,4.077518868725747,4.022625409998,3.113406996242702,2.0025995592586696,4.450597070623189,3.5259354803711176,,,4.27457830356434,3.6983305271714926,2.5505934907123446,3.7074089315719903,3.417767982929945,,4.066366390325129,4.066366390325129,3.706588378176093,2.809928121045232,3.714874755125493,3.2086444231681526,3.2086444231681526,4.632820655591786,3.59129002597183,,2.5756929791532457,2.8878949293866754,4.094022509641945,2.58189501427114,2.9615001720376313,2.376781159080565,3.0888143363408744,2.2806003484874964,3.9725920651108027,4.45373452687636,5.389792312402278,4.3650279003195465,4.403827419504523,2.989570270292461,5.388813957106322,4.849869937635958,4.089319659862667,3.7622944116592407,4.235208806116134,4.513044483028352,2.4489938276819885,2.1343849529512227,3.7165779671631753,,3.6645529586821795,5.016709733288735,4.382442018017173,3.820374823641032,3.6335276551544666,3.6411634874530137,3.6379480096511543,,3.784722337499261,5.544201921205968,4.204497707542032,3.3377327299676836,3.5495018176734447,3.273558332119137,,,2.983145880512893,2.7610583971254528,2.7913523968309164,2.5140279522165656,3.5428552459925413,3.2151626022532582,3.4730083849281073,4.377439340110868,4.156943113077432,3.081638142000884,3.6229872768744826,3.277756373398006
tt_8.4h,3.214287584181875,,,2.5575577239505947,3.240800289437175,4.197370176203549,4.197370176203549,3.5231809304095805,3.5252174846827984,,2.852695647161454,2.879000953398645,5.002713186666369,3.4037325805984437,2.2441666908562183,2.8384183407761157,4.389067146927118,3.334583034273237,3.334583034273237,3.7696557943709195,3.6771661792881787,4.072547605261207,4.022625409998,3.104046269785613,1.9985404023900628,4.433513328898698,3.519888933748007,,,4.270145005080849,3.6934261457063258,2.5494798407889903,3.6977921850048006,3.406142507214099,,4.062950097490102,4.062950097490102,3.6992212254554033,2.799636247102171,3.74297056812793,3.199026292655617,3.199026292655617,4.630572324153036,3.5891549149528146,,2.568738198839128,2.879641480743885,4.092497035861015,2.578541228082031,2.9716639374382794,2.376781159080565,3.086821420583874,2.279300603084266,3.970170606393367,4.4532203818671405,5.390567704103887,4.354391014203429,4.401048075873405,2.9942282969132066,5.392709619831294,4.848925530910492,4.083810517564416,3.7655570916831493,4.235869001131505,4.519380049780011,2.4409705861471593,2.1337932823225856,3.704326826147735,,3.6628831434063613,5.020075255539268,4.423331049736589,3.8146191043779254,3.6270349863916636,3.634552044328302,3.641828817781061,,3.7797209075652063,5.54445485631004,4.197577288374305,3.32871017139405,3.557257051113993,3.2645542700774968,,,2.973227166570723,2.751090689562261,2.7913523968309164,2.5139876436442137,3.5286543308757246,3.205152450595051,3.4666110826656222,4.3689541020430624,4.159280746709555,3.0735814999789,3.6177523001097143,3.269242447335273
tt_8.5h,3.217124801594764,,,2.546047795098275,3.238428006414324,4.213311654049903,4.213311654049903,3.5370526425540447,3.502770565915853,,2.8543898798525333,2.8719981126487255,5.0000372575595975,3.394635350909084,2.234425260219723,2.828746141400188,4.379042644053698,3.3292365917004645,3.3292365917004645,3.762650770600885,3.6737215374596417,4.067664618603885,4.0104816453531384,3.104046269785613,1.9945421516895294,4.416992067359388,3.5139064439572394,,,4.265780023299158,3.6885912735015154,2.548400324303657,3.6882850867696106,3.3947203564457595,,4.066847341135144,4.066847341135144,3.6919448627159,2.789493993856013,3.74297056812793,3.189599873498082,3.189599873498082,4.62836319161579,3.5870454818941653,,2.561873009428382,2.8714930173009634,4.091007062699646,2.578541228082031,2.96250962279737,2.3842775407247245,3.0848490656353533,2.2780211656354368,3.9677243027836084,4.4527243645861745,5.391320662107319,4.351527350954711,4.398305902723223,2.998681377619505,5.392378741875291,4.847995076328516,4.078386813867837,3.7602094295434654,4.2364420760422945,4.499184452462941,2.433067806996405,2.1332304435782135,3.696460114326328,,3.661263494286686,5.019582932814956,4.390113438479602,3.808926360681653,3.620619245339185,3.6280454713851213,3.633881650865078,,3.774801842402667,5.544700889382511,4.190749015193433,3.3198608425445855,3.551594026852399,3.2556923907250166,,,2.963478577788919,2.741271074861288,2.7953567411750555,2.513947949744761,3.5146969039924443,3.1953012705780566,3.460308177396655,4.360642681829631,4.153007306624204,3.0656549618579447,3.612637009937316,3.2608680967241526
tt_8.6h,3.2088326062075794,,,2.534724587574601,3.2360764760524035,4.201537071727216,4.201537071727216,3.5175853753462434,3.480808657594025,,2.8498228867538273,2.865088976919651,4.997408799361438,3.385683515574783,2.224821225274354,2.819200361613184,4.369176623877138,3.3239400102756917,3.3239400102756917,3.7557156533002853,3.67801067372784,4.062860784586519,4.0057428404688835,3.1097141508944333,1.9906140891835093,4.438833457883447,3.507969538681209,,,4.261483246926218,3.683829793240875,2.5473539573140442,3.678929769434035,3.383511635940522,,4.070770753547549,4.070770753547549,3.6847832654602826,2.77951563289389,3.7434439319185913,3.1866735708899796,3.1866735708899796,4.626192874275148,3.5895147011615336,,2.555116019677371,2.863448846619576,4.089553978294134,2.588209995534271,2.9535498721525073,2.3775224341079593,3.0829085437580943,2.2767585143446922,3.9652570742182434,4.452246710192412,5.392051703296602,4.340955636464059,4.403768266551197,3.002906149253249,5.392035164870322,4.847096312791109,4.073031168896705,3.754926247522235,4.237043061759323,4.50551039353013,2.425281257368624,2.1326951854862273,3.68871212285012,,3.6596924075856805,5.019106456078589,4.430929770693183,3.803306012414396,3.614299881272018,3.6216041785664856,3.6260575223714113,,3.7699448480270803,5.545172769576311,4.184021535795182,3.3112047971226275,3.546083285473287,3.246936303563416,,,2.953860412351787,2.7315832930617034,2.7840261831879616,2.51398051623255,3.5009743641130626,3.1855998947285116,3.4540662518702447,4.35245632333681,4.146780412178487,3.0578884026035666,3.6241564196534455,3.2526167170144618
tt_8.7h,3.2006340944208205,,,2.5235693734139204,3.233729644678533,4.189946653787047,4.189946653787047,3.4986498137004673,3.506642281077802,,2.8452975465916097,2.869237754493952,4.994826915673912,3.3768436438404024,2.2153546907939017,2.809786510653794,4.359467398840934,3.3187074325978756,3.3187074325978756,3.748889929614961,3.67458427650854,4.058129387907684,4.00109521439299,3.1005281736142933,1.982832490466535,4.4222908965311944,3.502113035414368,,,4.257253233343363,3.6791321942582726,2.546339771710336,3.6919823475182056,3.3997218129225075,,4.074739933013916,4.074739933013916,3.6777090546675026,2.7696923264302313,3.7715694517828524,3.177238979842514,3.177238979842514,4.637301590293646,3.5874168067239225,,2.548446253873408,2.85550635214895,4.08813320286572,2.5847753356210887,2.944808464962989,2.370938186533749,3.0809898674488068,2.2755088778212667,3.9681313415057957,4.451787285506725,5.397028896491975,4.330528057180345,4.401017852127552,3.0069195376709104,5.391679427120835,4.846193281468004,4.067773308604956,3.749691216275096,4.237671710550785,4.501414595171809,2.417612239718437,2.1321863583289087,3.6810495564714074,,3.6581683484837413,5.018645545933396,4.397749355994165,3.7977712051942945,3.6080637527629733,3.6152670830488205,3.618316466920078,,3.7651292430236936,5.545398871414363,4.177382840309292,3.302711457479745,3.5407205866649747,3.234397846274078,,,2.9443847467191517,2.7220291630364954,2.77286425139755,2.51398051623255,3.520186087116599,3.1760421846993268,3.4478981336578727,4.344433974009007,4.140622472856194,3.050244902726263,3.619049973320216,3.2444707178510725
tt_8.8h,3.1925506670959294,,,2.5277533582411706,3.2205409687012434,4.17857686849311,4.17857686849311,3.4802256105467677,3.4846858754754066,,2.840815568342805,2.8624171768315136,4.992272748611867,3.3681445508264005,2.217588618863374,2.800489124376327,4.349908845033497,3.313560079783201,3.313560079783201,3.7421327331103384,3.671181468293071,4.053480298258364,3.996529908850789,3.0915515678934753,1.9790242742747068,4.411504636052996,3.496318068820983,,,4.253088852390647,3.6745015177875757,2.5453568096272647,3.6826303331181407,3.3884957474656403,,4.071272979490459,4.071272979490459,3.6707451874390244,2.7600059364922345,3.7995623792521656,3.167954823002219,3.167954823002219,4.635104604996741,3.585326902102679,,2.5418749595992267,2.8476649248041213,4.086746181361377,2.597914863843471,2.93624966731295,2.3645423417910933,3.079102353192866,2.274278461933136,3.9656838956288993,4.451345983427018,5.397028896491975,4.343606263864785,4.398303533438593,3.0107255978509784,5.391312056686729,4.845303845591843,4.062596097122878,3.7445346587337554,4.238327470142394,4.507731833029538,2.4209613101556897,2.131702857557684,3.6735012722201645,,3.656689841300249,5.018199932295829,4.365803617052734,3.7922948920167983,3.601901409216225,3.6090095383115113,3.610695050098002,,3.760393236298114,5.548370235133916,4.1816649842076,3.2944038370624185,3.548397207632661,3.234397846274078,,,2.9350705654360354,2.7126021618023515,2.7618559235706925,2.513942040503025,3.5064679901115596,3.1666334182955325,3.441823174711317,4.341595482081175,4.134552652947605,3.042754157446325,3.614043667446822,3.250055526383221
tt_8.9h,3.1845582081004977,,,2.5167833361774683,3.2182118324562907,4.182778439018875,4.182778439018875,3.509092758409679,3.4631955451332033,,2.8363694408908486,2.8624171768315136,4.98978141695261,3.359552453737706,2.217588618863374,2.7913243006914854,4.3480083220638335,3.3084593978710473,3.3084593978710473,3.735481957439333,3.6677660676650703,4.04890660662204,3.992040016222745,3.082788242958486,1.975295658223331,4.411504636052996,3.490565515588969,,,4.2489885236136615,3.6699413880705833,2.5444132392294705,3.6733829346485436,3.377462866716087,,4.075259032193571,4.075259032193571,3.6638653436675668,2.7504737046547234,3.8274372536689043,3.1588517613708973,3.1588517613708973,4.6329464628361166,3.585713744163513,,2.5353992781601846,2.8399225580506027,4.085392313078046,2.594264853745699,2.9278974193148315,2.35582881513983,3.0772333000786602,2.273068618029356,3.9632238750346005,4.450922662392259,5.397729013580829,4.333221742417663,4.395611436106265,3.0143415927886963,5.3909335671924055,4.844427709467709,4.057482399046421,3.7394397440366447,4.2390105333179235,4.514012968167663,2.4209613101556897,2.136528984643519,3.6660343753173947,,3.655269019305706,5.01776934042573,4.389267471153289,3.7956083421595395,3.5958301122300327,3.6028150976635516,3.603153031785041,,3.7557164602912962,5.548586659133434,4.1816649842076,3.286249231081456,3.548397207632661,3.225784702692181,,,2.9258736078627408,2.7032979633659124,2.7510011312551796,2.5139041924849153,3.492978533729911,3.1573610086925328,3.4358047526329756,4.333548130001873,4.1285274820402265,3.035380158573389,3.60915083065629,3.2420172742567956
tt_9.0h,3.1766772512346506,,,2.505979474633932,3.215895448345691,4.182778439018875,4.182778439018875,3.490644014440477,3.472456590272486,,2.8319766796194017,2.8557030130177736,4.987334112171084,3.3510962170548737,2.2082502096891403,2.7822742462158203,4.3384521012194455,3.3034189087338746,3.3034189087338746,3.7288978663273156,3.6643539872020483,4.044405787717551,3.9876350364647806,3.097167886327952,1.971588030923158,4.395470692310482,3.4848897787742317,,,4.244953223969787,3.6654443545266986,2.543489907402545,3.664280280470848,3.366632007062435,,4.079252874478698,4.079252874478698,3.657078987453133,2.741078684106469,3.8165149153210223,3.1498902393504977,3.1498902393504977,4.63082906184718,3.585713744163513,,2.5290087875910103,2.83227704372257,4.093803012743592,2.590621338225901,2.9197167549282312,2.35582881513983,3.075398042332381,2.2718700394034386,3.960717839654535,4.450519043020904,5.398408328648657,4.322997250594199,4.392967496532947,3.0177451986819506,5.390544465743005,4.843564657494426,4.0524619640782475,3.7343900348059833,4.23972093174234,4.5099624949507415,2.413412570487708,2.1360684228129685,3.6586775109171867,,3.6538772867061198,5.01735349977389,4.357357776723802,3.7902026902884245,3.5898283855058253,3.596717884298414,3.5957277920097113,,3.751078949775547,5.548801896162331,4.175118657760322,3.2782723265700042,3.543158008251339,3.217273812741041,,,2.9168345192447305,2.6941300709731877,2.740300964564085,2.5138669763691723,3.4797099684365094,3.1482320693321526,3.4298726175911725,4.325661477167159,4.12258978607133,3.028135595843196,3.6043855594471097,3.2341074012219906
tt_9.1h,3.1688840705901384,,,2.505979474633932,3.2164984554983675,4.1715950043872,4.1715950043872,3.4726868155412376,3.4509712532162666,,2.8276241356506944,2.84907556604594,4.984929977916181,3.3427425706759095,2.1990517717786133,2.7733422787860036,4.3290452365763485,3.298459030687809,3.298459030687809,3.7223981749266386,3.6609466774389148,4.03997180564329,3.9833052018657327,3.0883546620607376,1.967910853214562,4.400809766259044,3.4792728507891297,,,4.240982634946704,3.661004781257361,2.5417341543361545,3.6552980593405664,3.3559691347181797,,4.063689388800412,4.063689388800412,3.650399104692042,2.731830593664199,3.8444863446056843,3.1625937107019126,3.1625937107019126,4.623598464764655,3.583641071803868,,2.5227194097824395,2.8247295059263706,4.093803012743592,2.587555583100766,2.9117317576892674,2.349554531276226,3.073561682831496,2.269518847577274,3.9475422059185803,4.450136841274798,5.399067207239568,4.33591595897451,4.39035688014701,3.020955734886229,5.390145247802138,4.84271471388638,4.047517811879516,3.7294159876182675,4.241228829603642,4.516228647436947,2.4059723378159106,2.1360684228129685,3.6513981628231704,,3.652528101578355,5.016952144913375,4.364957598503679,3.7902026902884245,3.583916647359729,3.5906776967458427,3.5883781383745372,,3.7465192996896803,5.549020878504962,4.168667721096426,3.270440010819584,3.538056332617998,3.2088946369476616,,,2.9079078240320086,2.6850797049701214,2.729747699573636,2.5138303944841027,3.4666619040071964,3.139237438328564,3.4239946557208896,4.317887266166508,4.116693936754018,3.0338877248577774,3.5997091601602733,3.2262983061373234
tt_9.2h,3.1611996311694384,,,2.495336177293211,3.2164984554983675,4.16062191920355,4.16062191920355,3.4830078510567546,3.429955581203103,,2.823310950305313,2.842543421778828,4.989071454852819,3.334520055912435,2.189926458057016,2.764529701322317,4.319781597703695,3.293544619344175,3.293544619344175,3.716002706438303,3.6575491735711694,4.035613322164863,3.987194119486958,3.079746439587325,1.964280302170664,4.400809766259044,3.4736986602656543,,,4.237076062243432,3.656615671236068,2.5409015589393675,3.6464140247553587,3.344848515931517,,4.063689388800412,4.063689388800412,3.643796978518367,2.7227111868560314,3.872269061859697,3.15362165030092,3.15362165030092,4.623598464764655,3.5679384819231927,,2.516508834902197,2.817272996529937,4.092459882609546,2.583700634073466,2.9215680551715195,2.343438245821744,3.0717368917539716,2.268355122767389,3.945059946272522,4.449775909073651,5.3997060395777225,4.3257520464248955,4.387778752017766,3.023979005869478,5.3897363897413015,4.8418778465129435,4.042648508679122,3.7245010025799274,4.242033619899303,4.51844575162977,2.3986446792259812,2.1356311081908643,3.644224612042308,,3.6512212664820254,5.016565012745559,4.364957598503679,3.784864178393036,3.5780817619524896,3.5847356491722167,3.5811426914297044,,3.742016419302672,5.5492434413172305,4.16230054711923,3.2627769839018583,3.53308794926852,3.200613393448293,,,2.899131206329912,2.6761490423232317,2.719338309019804,2.5137944500893354,3.4560528295114636,3.1303725871257484,3.418181703891605,4.31026672758162,4.1108619584701955,3.026775844860822,3.595136953983456,3.2186216535046697
tt_9.3h,3.164125820621848,,,2.4848716212436557,3.214219923131168,4.149830789770931,4.149830789770931,3.4830078510567546,3.4338171826675534,,2.8190322178415954,2.836105576250702,4.986716073937714,3.32639607694,2.180983552709222,2.7558291438035667,4.31066041206941,3.288688023108989,3.288688023108989,3.7189789819531143,3.6541757779195905,4.031323427800089,3.987194119486958,3.0713085969910026,1.9607331855222583,4.385250912047923,3.468206367921084,,,4.233231900725514,3.6522808033041656,2.540098002180457,3.637666462920606,3.3343753814697266,,4.067726854234934,4.067726854234934,3.6372965779155493,2.7137384065426886,3.899793582968414,3.1448234505951405,3.1448234505951405,4.621488535776734,3.5679384819231927,,2.5103896320797503,2.8099156152457,4.091149229556322,2.592774140648544,2.9137178687378764,2.3374852454289794,3.069929731078446,2.2672041743062437,3.9425490805879235,4.449436080176383,5.400325296446681,4.315728493966162,4.385232276748866,3.028983981348574,5.389318359084427,4.841053901705891,4.037836576811969,3.719628546386957,4.2428722637705505,4.51844575162977,2.391418415121734,2.135216061491519,3.6371248769573867,,3.649955492466688,5.016191839706153,4.334226490929723,3.7796060987748206,3.5723132444545627,3.578866162803024,3.573979205917567,,3.7375703011639416,5.5494694276712835,4.156020060181618,3.25525122275576,3.5245887599885464,3.1924593611620367,,,2.890465444419533,2.667341156397015,2.7090751072391868,2.5137591464444995,3.443221450317651,3.121642416343093,3.4124513431452215,4.315489618573338,4.105114309117198,3.026775844860822,3.6014748835004866,3.2110454700887203
tt_9.4h,3.156547990627587,,,2.4745558947324753,3.2119499179534614,4.154072989244014,4.154072989244014,3.465499609708786,3.4338171826675534,,2.81481148628518,2.829742729663849,4.984402171801776,3.3183987606316805,2.172099585644901,2.7601827844046056,4.315309409983456,3.283907521981746,3.283907521981746,3.7126651648432016,3.6551427063532174,4.027100627310574,3.9829249158501625,3.076841146685183,1.9572170772589743,4.390566908754408,3.462777995504439,,,4.229450058657676,3.6479907953180373,2.539322676602751,3.629012728109956,3.3343753814697266,,4.071791890077293,4.071791890077293,3.630871649365872,2.7048977497033775,3.916935350280255,3.1361559284850955,3.1361559284850955,4.619442300871015,3.5658892835490406,,2.5043627033010125,2.8026445703580976,4.0898724109865725,2.592774140648544,2.9060243205167353,2.344806123059243,3.06813503568992,2.2660697186365724,3.9400140941143036,4.449116948060691,5.400925425812602,4.318503798916936,4.382716806139797,3.031783076003194,5.388891623355448,4.843692055437714,4.033110771793872,3.714829167816788,4.243744974490255,4.504560204222798,2.384299953468144,2.134822331368923,3.630129656754434,,3.6580065549351275,5.0158323659561574,4.372543878853321,3.774400251917541,3.5666305096819997,3.573051270097494,3.566927697509527,,3.72882494982332,5.549698682967573,4.149830512236804,3.247885797172785,3.5245887599885464,3.1843982553109527,,,2.8819251251406968,2.6586474161595106,2.698953005950898,2.5137244830839336,3.443221450317651,3.1130387750454247,3.406771535985172,4.307972535956651,4.099405955057591,3.019771880004555,3.5969951301813126,3.2035973141901195
tt_9.5h,3.1490573519840837,,,2.464394018985331,3.212589052505791,4.154072989244014,4.154072989244014,3.448447280097753,3.4132384811528027,,2.810626841150224,2.8234761324711144,4.982128981500864,3.3232085877098143,2.163378317374736,2.7515964754857123,4.306326976511627,3.2791727571748197,3.2791727571748197,3.7064330745488405,3.6517795003019273,4.0229395385831594,3.978727024514228,3.076841146685183,1.9537103441543877,4.390566908754408,3.457393922843039,,,4.233878582715988,3.6437481325119734,2.5385747542604804,3.620490577071905,3.324060848914087,,4.072373829316348,4.072373829316348,3.6245318222790956,2.696175739634782,3.916935350280255,3.1398896970786154,3.1398896970786154,4.617439697962254,3.563848869409412,,2.4984100530855358,2.795471457298845,4.088624794501811,2.588758861180395,2.9060243205167353,2.344806123059243,3.0663611334748566,2.2649489282630384,3.9404820618219674,4.448818805161864,5.401506872382015,4.318503798916936,4.380220721941441,3.034408727195114,5.388456602115184,4.842887314967811,4.0284543465822935,3.710086310748011,4.244652456138283,4.504560204222798,2.3772834758274257,2.1344490037299693,3.6232090811245143,,3.656767375767231,5.015486334450543,4.341844854410738,3.7692576977424324,3.5610208744183183,3.56732917111367,3.554743696935475,,3.7245434182696044,5.5499310521408916,4.143719580024481,3.2406516443006694,3.5197332007810473,3.1880000485107303,,,2.873521318193525,2.650073862168938,2.688956790138036,2.513690463732928,3.4305950962007046,3.104567158035934,3.40115410881117,4.307972535956651,4.093758926726878,3.0128885712474585,3.5969951301813126,3.1962452731095254
tt_9.6h,3.1490573519840837,,,2.4544065007939935,3.212589052505791,4.143443280830979,4.143443280830979,3.458683609496802,3.417102492414415,,2.8064786321483552,2.817287081386894,4.979899582918733,3.315305748488754,2.1547333779744804,2.7431302438490093,4.306326976511627,3.2744932058267295,3.2744932058267295,3.700297261122614,3.648421564605087,4.018848326057196,3.974595000501722,3.068533738143742,1.9502522042021155,4.375455150380731,3.4520891206339,,,4.230171392671764,3.6395525662228465,2.5378535031341016,3.6120582693256438,3.313914867118001,,4.076512455474585,4.076512455474585,3.618290371261537,2.687589413486421,3.9441343606449664,3.1398896970786154,3.1398896970786154,4.6262520723976195,3.5642768293619156,,2.492551961913705,2.788379860576242,4.087407791055739,2.6017483361065388,2.8985119806602597,2.33897153660655,3.064599027391523,2.2638400234282017,3.9404820618219674,4.448541573248804,5.40646047051996,4.308675227686763,4.377773007377982,3.0368675920180976,5.376042334828526,4.842093875166029,4.01763390051201,3.6972954059019685,4.245595118496567,4.510811630636454,2.3703747182153165,2.134095197543502,3.6163930920884013,,3.655580600257963,5.015152724925429,4.349405713845044,3.7641940144822,3.5554744470864534,3.561675720848143,3.5477872625924647,,3.7203158191405237,5.55016638757661,4.137694477569312,3.246566731482744,3.51500380737707,3.1800691690295935,,,2.8652177127078176,2.6416109073907137,2.6791113861836493,2.513657075818628,3.4181743264198303,3.096216508653015,3.3956172452308238,4.30058007966727,4.08014200348407,3.0061407946050167,3.5926140416413546,3.1890029264613986
tt_9.700000000000001h,3.14166635973379,,,2.444552502129227,3.2103538089431822,4.133003942202777,4.133003942202777,3.458683609496802,3.3969444325193763,,2.8023640271276236,2.8111825506202877,4.979899582918733,3.3075226130895317,2.157096707262099,2.7347694225609303,4.297480401117355,3.2698681615293026,3.2698681615293026,3.694212340284139,3.645071296952665,4.014820367563516,3.9705379409715533,3.060397086199373,1.9468536763451993,4.380793266464025,3.4468456865288317,,,4.2265246962197125,3.635408097412437,2.537158115301281,3.615787072107196,3.3039470221847296,,4.076512455474585,4.076512455474585,3.612119080964476,2.679121128283441,3.971035487484187,3.1313807796686888,3.1313807796686888,4.6242749420925975,3.5642768293619156,,2.486771293915808,2.7813825639896095,4.0862207864411175,2.597530354745686,2.891146956011653,2.33330247271806,3.062858030665666,2.262746582739055,3.9379539894871414,4.448285098653287,5.407015328295529,4.295404294505715,4.375358820427209,3.0368675920180976,5.375590966083109,4.841310493182391,4.01304436288774,3.6926111723296344,4.246572928503156,4.513037724420428,2.3635623860172927,2.133760060649365,3.609663499519229,,3.654417880810797,5.014830544125289,4.349405713845044,3.7591838189400733,3.5500101037323475,3.5560744386166334,3.540898222476244,,3.716121532022953,5.55040453793481,4.131743177771568,3.239439329598099,3.5103953988291323,3.17223153822124,,,2.857047203928232,2.6332622044719756,2.669395324308425,2.5136243076995015,3.4059523520991206,3.0879936437122524,3.390127851627767,4.29333190061152,4.074569226242602,2.999491984490305,3.588346902281046,3.18188086245209
tt_9.8h,3.134360763244331,,,2.434855852276087,3.2110108891502023,4.121159885078669,4.121159885078669,3.442044648807496,3.3969444325193763,,2.7983096465468407,2.805165349971503,4.977716811466962,3.2998309368267655,2.14862960902974,2.726522648707032,4.288764362689108,3.265319677069783,3.265319677069783,3.688195690512657,3.645071296952665,4.010854358784854,3.966546530369669,3.049763448536396,1.9435313832946122,4.380793266464025,3.4416444790549576,,,4.222937398124486,3.631304589100182,2.536487923003733,3.607464857865125,3.308925973251462,,4.080666380934417,4.080666380934417,3.606041468679905,2.6707807071506977,3.988127112854272,3.1229896899312735,3.1229896899312735,4.6242749420925975,3.5622629397548735,,2.481067203450948,2.7744679269380867,4.0784216756001115,2.606201766524464,2.8839396834373474,2.3405774678103626,3.0611248039640486,2.2616716721095145,3.938435649499297,4.448049251455814,5.407552442513406,4.295404294505715,4.372977374587208,3.0391664286144078,5.375145361758769,4.840537190437317,4.00850629620254,3.687980297021568,4.247584096156061,4.513037724420428,2.3568559237755835,2.1385830496437848,3.6030043992213905,,3.6532917162403464,5.018301964737475,4.319795435294509,3.7542379344813526,3.544615312013775,3.550561185926199,3.534114948939532,,3.7119983537122607,5.550645357463509,4.125868132803589,3.232461063656956,3.517929193098098,3.17223153822124,,,2.848971808794886,2.6250239931978285,2.6598035357892513,2.5135921612381935,3.411445952951908,3.0798866795375943,3.384698024019599,4.286180696915835,4.069079549983144,2.99297345103696,3.584155230782926,3.174849778879434
tt_9.9h,3.1271524522453547,,,2.4253060752525926,3.2087976299226284,4.121159885078669,4.121159885078669,3.4360758564434946,3.3771674940362573,,2.7942891316488385,2.7992147500626743,4.975561921019107,3.2922571334056556,2.1402106378227472,2.718378200661391,4.28017842490226,3.2608090112917125,3.2608090112917125,3.688195690512657,3.6417328999377787,4.006945064291358,3.970388827845454,3.041736885905266,1.940228431019932,4.3700219807215035,3.436519837472588,,,4.219409068115056,3.627245125826448,2.535842170007527,3.5992703628726304,3.2991019035689533,,4.081307872664183,4.081307872664183,3.600032065063715,2.662556984461844,4.014632674865425,3.126748828217387,3.126748828217387,4.622340111061931,3.562704356852919,,2.475457707885653,2.7676415047608316,4.077244807034731,2.606201766524464,2.876899893861264,2.3350178548134863,3.059416585136205,2.2606120645068586,3.9359243870712817,4.447833904530853,5.4080721298232675,4.285748544149101,4.370627883821726,3.04131128359586,5.374705485533923,4.839773858897388,4.004049419425428,3.6833875458687544,4.248629588168114,4.515265977475792,2.3502509384416044,2.1382645363919437,3.596443681512028,,3.652200995013118,5.0179984122514725,4.311269351281226,3.749369273893535,3.5392805971205235,3.545113109983504,3.5274138734675944,,3.7079265913926065,5.550888704601675,4.120073710568249,3.2256043786183,3.5134215839207172,3.1645100791938603,,,2.8410252276808023,2.6168939415365458,2.6638270327821374,2.5135606369003654,3.3994176080450416,3.0693941707722843,3.3793463241308928,4.291384232696146,4.063630464486778,2.9865490295924246,3.5904296287335455,3.1679357192479074
tt_10.0h,3.1200265996158123,,,2.415884851012379,3.2087976299226284,4.110873129684478,4.110873129684478,3.4198233354836702,3.381058370228857,,2.7903043488040566,2.7933489037677646,4.973469793796539,3.2847707690671086,2.1319589256308973,2.71034356020391,4.284828535281122,3.256349773146212,3.256349773146212,3.6822688006795943,3.638421562500298,4.003100623842329,3.966449643485248,3.041736885905266,1.9369378201663494,4.355313364882022,3.4314540498889983,,,4.21593851223588,3.6232326668687165,2.535220178309828,3.5911781936883926,3.2894485807046294,,4.085521048866212,4.085521048866212,3.594101184979081,2.654455445241183,4.014632674865425,3.1184914405457675,3.1184914405457675,4.620427465066314,3.5607145628891885,,2.469914081506431,2.7609004038386047,4.076097116805613,2.6018611774779856,2.869994764216244,2.3350178548134863,3.0577039318159223,2.259565730113536,3.9359243870712817,4.447638910263777,5.4080721298232675,4.288617885671556,4.368309609591961,3.0433083018288016,5.374271299224347,4.839020400773734,3.9996571810916066,3.6788620594888926,4.249710286036134,4.515265977475792,2.3437370155006647,2.1379631841555238,3.5899507687427104,,3.6511446773074567,5.0177057683467865,4.311269351281226,3.7445515911094844,3.5340246283449233,3.539714345242828,3.52077788580209,,3.7038862123154104,5.5511344387196,4.1143486415967345,3.2188870636746287,3.5134215839207172,3.156893515959382,,,2.8331703771837056,2.6088533429428935,2.6543690748512745,2.5135297309607267,3.3875813791528344,3.0614017453044653,3.3740396820940077,4.284346606582403,4.0582425515167415,2.992228684015572,3.5863202987238765,3.1611081743612885
tt_10.1h,3.112997288815677,,,2.4066302962601185,3.2065994534641504,4.10076858010143,4.10076858010143,3.4198233354836702,3.381058370228857,,2.7863528076559305,2.7875645169988275,4.971421760972589,3.2773962300270796,2.1237599863670766,2.702411513775587,4.2763700732029974,3.251960073132068,3.251960073132068,3.676389612723142,3.6351036187261343,3.9993146834895015,3.962572682648897,3.033872788771987,1.9336918722838163,4.355313364882022,3.426428524777293,,,4.212525586597621,3.6192613979801536,2.534621285740286,3.583167143166065,3.2894485807046294,,4.085521048866212,4.085521048866212,3.5987564669921994,2.646467301994562,4.040755234193057,3.1184914405457675,3.1184914405457675,4.629181639757007,3.5607145628891885,,2.464447512291372,2.7542372359894216,4.074979808181524,2.594128716737032,2.8634340739808977,2.3295907876454294,3.056000425014645,2.258536013774574,3.9334030696190894,4.44996176706627,5.408577978610992,4.288617885671556,4.36602166807279,3.045178326778114,5.37384276278317,4.839020400773734,3.9953284300863743,3.674388031475246,4.250826381612569,4.517495973967016,2.3373289764858782,2.137678300961852,3.5835539288818836,,3.650121740065515,5.017423825338483,4.318791090045124,3.7397949500009418,3.528835067525506,3.5343998414464295,3.5142413284629583,,3.6999159632250667,5.551382421515882,4.10869609285146,3.2122872676700354,3.5090279262512922,3.1493608648888767,,,2.8374516163021326,2.6009450335986912,2.6450333883985877,2.5135708297602832,3.3875813791528344,3.0535314944572747,3.368790273088962,4.284346606582403,4.052935028914362,2.9859019052237272,3.5822995216585696,3.154394249431789
tt_10.200000000000001h,3.0999016240239143,,,2.3974885726347566,3.1911859619431198,4.105046258307993,4.105046258307993,3.403973141685128,3.3616728112101555,,2.782460678368807,2.781839785631746,4.969416932668537,3.270121401641518,2.1237599863670766,2.6945821326225996,4.268033664673567,3.2476106858812273,3.2476106858812273,3.670596580952406,3.631798137910664,3.9955859812907875,3.958752751350403,3.0392945311032236,1.9305082107894123,4.360644709318876,3.4214770984835923,,,4.209169773384929,3.6153308204375207,2.5340448329225183,3.583167143166065,3.279933418612927,,4.0897700330242515,4.0897700330242515,3.5928979264572263,2.6385960718616843,4.06650694552809,3.1103823422454298,3.1103823422454298,4.627312435302883,3.5611717919819057,,2.459072709083557,2.7476678853854537,4.0738958972506225,2.594128716737032,2.856638583354652,2.336832937784493,3.054316241759807,2.257523656822741,3.9339188574813306,4.449806743301451,5.409073393791914,4.279168526176363,4.363750152289867,3.0469016595743597,5.37384276278317,4.838276726659387,3.9910467732697725,3.669949335977435,4.251958524808288,4.523694485425949,2.3407567092217505,2.1374091412872076,3.577236390672624,,3.649131186772138,5.017152376938611,4.318791090045124,3.735111360438168,3.5237023388035595,3.529147278983146,3.5142413284629583,,3.6959941908717155,5.551632513292134,4.112977064680308,3.2058075801469386,3.5165098067373037,3.1529993559233844,,,2.8296974166296422,2.593126087449491,2.6358287688344717,2.513541155960411,3.375930734910071,3.0457698106765747,3.363616277463734,4.277444958221167,4.052935028914362,2.9796804836951196,3.578365036752075,3.147762781009078
tt_10.3h,3.092962074559182,,,2.4016467221081257,3.18901100801304,4.09508634917438,4.09508634917438,3.4140071743167937,3.3494609044864774,,2.778602638281882,2.7761986679397523,4.967454523313791,3.262927047442645,2.1157187786884606,2.686846651136875,4.268033664673567,3.24331083195284,3.24331083195284,3.664850901812315,3.616789113730192,3.99190925154835,3.958752751350403,3.031542496755719,1.9273971458896995,4.34633613191545,3.416581974364817,,,4.2058698781766,3.6114408308640122,2.53349020332098,3.5752548715099692,3.270580051932484,,4.090491761919111,4.090491761919111,3.587128768209368,2.630832468625158,4.067246105056256,3.098025248385966,3.098025248385966,4.627312435302883,3.559211299289018,,2.4637229312211275,2.7411645418033004,4.0738958972506225,2.6023950297385454,2.850001599639654,2.3315195301547647,3.0526421554386616,2.256528655067086,3.9314238666556776,4.449671702925116,5.409558540210128,4.282073769252747,4.366384300868958,3.0515909870155156,5.373419840820134,4.837542730383575,3.986841860692948,3.669949335977435,4.253142174798995,4.523694485425949,2.33445109333843,2.1374091412872076,3.5709825083613396,,3.648172087036073,5.016891219187528,4.290225808043033,3.738451920915395,3.518645403906703,3.5239407317712903,3.5077657056972384,,3.692121186759323,5.551884580869228,4.107394913211465,3.1994621185585856,3.5122103285975754,3.1455890727229416,,,2.822072865907103,2.5854141879826784,2.626736644655466,2.513512107077986,3.364461061079055,3.038126267492771,3.3584853801876307,4.2706323354505,4.047665585298091,2.9735799026675522,3.578365036752075,3.141227333340794
tt_10.4h,3.086099582724273,,,2.392656108830124,3.18901100801304,4.09508634917438,4.09508634917438,3.3984977323561907,3.330451779998839,,2.7747807186096907,2.77063342416659,4.965533833019435,3.2558426707983017,2.107728624716401,2.6792195378802717,4.2598191308788955,3.23905943101272,3.23905943101272,3.6591705163009465,3.6135173621587455,3.9882931006141007,3.9549994482658803,3.031542496755719,1.9243028005585074,4.34633613191545,3.41172484587878,,,4.202625030186027,3.603785323444754,2.532956778537482,3.567462434526533,3.2755555869080126,,4.094802850857377,4.094802850857377,3.5814221873879433,2.6231789332814515,4.092470780480653,3.0900216712616384,3.0900216712616384,4.625483472831547,3.559211299289018,,2.4584185141138732,2.734755488112569,4.072840568143874,2.5977947153151035,2.843490651808679,2.3263288540765643,3.0509889447130263,2.255545876454562,3.9314238666556776,4.4495565253309906,5.410033593885601,4.27279039286077,4.364136634860188,3.0531593086197972,5.373002492357045,4.836818283889443,3.9826973248273134,3.6655757701955736,4.254360942635685,4.509849817492068,2.328230895102024,2.137154976837337,3.564819796010852,,3.64724349277094,5.016640149988234,4.2977628987282515,3.7338334950618446,3.513652083929628,3.518815752118826,3.50138886179775,,3.688296884763986,5.552138495258987,4.1018887790851295,3.1932211527600884,3.50801830785349,3.138253441080451,,,2.8145272182300687,2.5777973802760243,2.6177693605422974,2.5134836812503636,3.369945926591754,3.030587271321565,3.35340948170051,4.275819830596447,4.042454717680812,2.9675626452080905,3.57453253865242,3.134798835031688
tt_10.5h,3.0793295591138303,,,2.3837762223556638,3.186866048257798,4.085301030892879,4.085301030892879,3.3984977323561907,3.330451779998839,,2.7709914268925786,2.7747024381533265,4.963654026389122,3.248835915699601,2.09989724541083,2.6716831657104194,4.26447025872767,3.2307294155471027,3.2307294155471027,3.6535741444677114,3.6102629881352186,3.98473119456321,3.9513047239743173,3.0239191818982363,1.9212181456387043,4.351689053699374,3.406939910724759,,,4.19943577516824,3.600013732444495,2.5324439760297537,3.5597444577142596,3.2663322794251144,,4.094802850857377,4.094802850857377,3.5757883549667895,2.615629443898797,4.092470780480653,3.0821648626588285,3.0821648626588285,4.634179176297039,3.5572523246519268,,2.4531709738075733,2.7284151343628764,4.071815062314272,2.5977947153151035,2.8371167359873652,2.3263288540765643,3.0493485974147916,2.25457790447399,3.9289015512913465,4.449461079668254,5.398840865120292,4.27279039286077,4.361930565908551,3.054611179046333,5.372590674087405,4.8361032688990235,3.9786121039651334,3.6612515430897474,4.255614623427391,4.509849817492068,2.322114401962608,2.136915117967874,3.5686590503901243,,3.6463445276021957,5.016398969106376,4.2977628987282515,3.7292623529210687,3.518189891707152,3.513749592937529,3.4950881134718657,,3.684500928968191,5.5523941265419126,4.096446727402508,3.1932211527600884,3.50801830785349,3.131019623950124,,,2.807106267195195,2.5702857333235443,2.60891957487911,2.5134558733552694,3.3586550331674516,3.0231622853316367,3.3484059711918235,4.26911334739998,4.037321518175304,2.9616615027189255,3.570764417294413,3.1284481682814658
tt_10.6h,3.0726257781498134,,,2.375057389959693,3.1875894563272595,4.089596172329038,4.089596172329038,3.4084453121758997,3.3343244972638786,,2.767256898339838,2.769195198547095,4.951823154930025,3.248835915699601,2.086290563456714,2.664256918709725,4.256373890209943,3.2266286741942167,3.2266286741942167,3.6405312679708004,3.6070421780459583,3.9812222863547504,3.955103334505111,3.029307333752513,1.9181790882721543,4.337759818416089,3.4022086830809712,,,4.19630065606907,3.596278822980821,2.5319512160494924,3.563493514433503,3.2572650872170925,,4.09915002528578,4.09915002528578,3.5702405935153365,2.6081944233737886,4.117237326223403,3.0821648626588285,3.0821648626588285,4.63237354811281,3.541633853688836,,2.447997437324375,2.72215656330809,4.080043804831803,2.605779266450554,2.830890496727079,2.3212683852761984,3.0477257636375725,2.2536233221180737,3.913358347956091,4.449385229498148,5.399304546881467,4.2757384944707155,4.359751592390239,3.0559536879882216,5.372184354811907,4.8353975168429315,3.974569996353239,3.6569757987745106,4.256901327520609,4.512090610340238,2.316081860102713,2.136688902042806,3.562574068084359,,3.6454743458889425,5.01616747956723,4.305244239978492,3.724748316220939,3.513259422034025,3.5087256147526205,3.488846568390727,,3.6807705177925527,5.552651347592473,4.091072749346495,3.1871039546094835,3.503929628059268,3.1238629301078618,,,2.799762508366257,2.5555272945202887,2.600178579799831,2.5134286829270422,3.3475370835512877,3.0158385182730854,3.3434435119852424,4.262535111512989,4.032223887741566,2.9616615027189255,3.5608477890491486,3.1222019609995186
tt_10.700000000000001h,3.0660170800983906,,,2.366437797434628,3.1854590717703104,4.079948415514082,4.079948415514082,3.3932968424633145,3.315698729828,,2.7635599146597087,2.763757911976427,4.9499952918849885,3.241934879217297,2.0785207487642765,2.6569027104415,4.248394282069057,3.2225736514665186,3.2225736514665186,3.635008293669671,3.60381995793432,3.9777654479257762,3.9514541546814144,3.0217908043414354,1.915193209424615,4.337759818416089,3.3975133961066604,,,4.193219478707761,3.5925801754929125,2.5314779388718307,3.555893244687468,3.248322706669569,,4.0838106335140765,4.0838106335140765,3.564751585945487,2.593619525898248,4.133795968722552,3.0744086341001093,3.0744086341001093,4.630606906488538,3.539712672587484,,2.4429116286337376,2.715976767707616,4.0790336090140045,2.605779266450554,2.830890496727079,2.3123511341400445,3.0501810731366277,2.2526749540120363,3.9108418617397547,4.4493288258090615,5.399758503306657,4.266667996998876,4.357598973438144,3.0571936615742743,5.37178348749876,4.834700982552022,3.970600549131632,3.652732747141272,4.258222771808505,4.51824743906036,2.3101420430466533,2.1254066387191415,3.556549259927124,,3.6446320889517665,5.0159454848617315,4.277649449184537,3.7202906594611704,3.5083816847763956,3.503781591542065,3.4928048974834383,,3.677086287178099,5.5529100354760885,4.085771492682397,3.1810887809842825,3.511345506180078,3.1238629301078618,,,2.792536491062492,2.548286953009665,2.591549960896373,2.513402111828327,3.336587542667985,3.0086243809200823,3.338533950969577,4.2560392445884645,4.034823876339942,2.955841085407883,3.5571695710532367,3.1160291279666126
tt_10.8h,3.0660170800983906,,,2.357968246564269,3.1854590717703104,4.070468132849783,4.070468132849783,3.3785105417482555,3.315698729828,,2.7599003999494016,2.758396875113249,4.948206773493439,3.235110316891223,2.0709016765467823,2.6496621519327164,4.240526716224849,3.218585066962987,3.218585066962987,3.6295294389128685,3.600609597750008,3.983309387229383,3.9478597147390246,3.014414073433727,1.9122789190150797,4.34309034794569,3.3928887816146016,,,4.190191465429962,3.5889214030466974,2.531023630872369,3.548366633243859,3.248322706669569,,4.0882206917740405,4.0882206917740405,3.559331705328077,2.586490779183805,4.157951896078885,3.078175516333431,3.078175516333431,4.628878520801663,3.539712672587484,,2.437882417347282,2.7098681945353746,4.078051994089037,2.613638992421329,2.824780232273042,2.3073813561350107,3.0485807242803276,2.2517377878539264,3.908317934256047,4.449291755910963,5.4002028200775385,4.266667996998876,4.355471967253834,3.0583375990390778,5.375442862976342,4.8212569509632885,3.9666875866241753,3.656090995296836,4.25957930739969,4.514333549421281,2.3042951254174113,2.125192595180124,3.550611572340131,,3.643816962838173,5.015732790809125,4.296610079705715,3.715903129428625,3.5035761073231697,3.4988935869187117,3.486661586444825,,3.6734487186186016,5.553170068189502,4.080531036481261,3.1751799774356186,3.5073429667390883,3.11680503282696,,,2.7853890736587346,2.5411473154090345,2.58304026722908,2.513376158196479,3.336587542667985,3.001509050372988,3.3336781202815473,4.2560392445884645,4.0297945169731975,2.950115108396858,3.553551863413304,3.109943532384932
tt_10.9h,3.059469965752214,,,2.3495963495224714,3.1862011877819896,4.070468132849783,4.070468132849783,3.3785105417482555,3.3195725148543715,,2.756274535320699,2.753093962557614,4.9464567066170275,3.228387006558478,2.0633345702663064,2.6424965308979154,4.232771256007254,3.214629095979035,3.214629095979035,3.6241122228093445,3.5974144069477916,3.9798938711173832,3.9443142311647534,3.014414073433727,1.9093949180096388,4.32951775053516,3.3962683780118823,,,4.187201986089349,3.5853001717478037,2.530586911831051,3.54095028527081,3.2395278764888644,,4.092688722535968,4.092688722535968,3.5539947138167918,2.5794588257558644,4.181590053252876,3.0705376900732517,3.0705376900732517,4.628878520801663,3.5402143602259457,,2.432920189574361,2.6978822899982333,4.077098214067519,2.6088356557302177,2.83408772200346,2.3025460280478,3.047001014929265,2.250816084910184,3.908317934256047,4.4492753692902625,5.400637681595981,4.2535387156531215,4.353369883727282,3.0593919311650097,5.375045918859541,4.820572930853814,3.9628301365301013,3.651896610856056,4.260969422757626,4.520498269237578,2.298531554173678,2.1249909684993327,3.5447462890297174,,3.643028194550425,5.015732790809125,4.269018706865609,3.711558151524514,3.4988306779414415,3.4940433772280812,3.480590763501823,,3.6698382678441703,5.553432291839272,4.075355474371463,3.1693881526589394,3.503437910694629,3.12044785451144,,,2.778350383043289,2.5340913850814104,2.574638235848397,2.513350818771869,3.325808696448803,2.994497878011316,3.3288952885195613,4.245106016751379,4.024840929545462,2.939619573764503,3.550010518170893,3.1039562905207276
tt_11.0h,3.0625440776348114,,,2.3413743819110096,3.184098687954247,4.0747602242045105,4.0747602242045105,3.388325314503163,3.3012968222610652,,2.7526959059759974,2.747856868430972,4.944744607899338,3.2217522067949176,2.055903317872435,2.6354358391836286,4.232771256007254,3.2107172259129584,3.2107172259129584,3.618777723517269,3.5974144069477916,3.9765241499990225,3.9408296304754913,3.019750312436372,1.9065194693394005,4.332353393547237,3.3917000582441688,,,4.184243282768875,3.5817212560214102,2.5301668886095285,3.5336042204871774,3.2444972065277398,,4.089023292995989,4.089023292995989,3.5487129134126008,2.5725239645689726,4.181590053252876,3.063031552825123,3.063031552825123,4.62141652032733,3.538319066632539,,2.428043353371322,2.6919910898432136,4.0761715355329216,2.6088356557302177,2.8280702028423548,2.2978182141669095,3.045425780583173,2.2499082502909005,3.9089145963080227,4.449280192609876,5.401063280645758,4.244656467344612,4.351291960570961,3.0603764448314905,5.374654372688383,4.81989787472412,3.9590121577493846,3.647763540968299,4.262400308158249,4.520498269237578,2.292860389687121,2.1248011658899486,3.5389376832172275,,3.642264610156417,5.015529205091298,4.269018706865609,3.7072668033652008,3.4941345350816846,3.4892722093500197,3.474575159139931,,3.6662923521362245,5.553697001654655,4.070249483920634,3.15884862607345,3.499628069344908,3.113476713653654,,,2.7714108279906213,2.527116042561829,2.5663428022526205,2.513326090760529,3.331288354936987,2.9875854440033436,3.3241492458619177,4.238705238327384,4.01991914678365,2.9339768923819065,3.5465437066741288,3.0980404778383672
tt_11.1h,3.056087334174663,,,2.333241016138345,3.1820166893303394,4.065431714989245,4.065431714989245,3.3738581533543766,3.283338346052915,,2.7491574990563095,2.7426914013922215,4.943051803391427,3.226544880308211,2.048543314449489,2.6284510791301727,4.221317240968347,3.2068487419746816,3.2068487419746816,3.6134854475967586,3.5986231537535787,3.9732097829692066,3.9373962581157684,3.012472183443606,1.9036779031157494,4.318757648114115,3.387183043640107,,,4.181315871886909,3.5781847154721618,2.5297630676068366,3.5263658151961863,3.2358171390369534,,4.0935176415368915,4.0935176415368915,3.5434970022179186,2.5656874873675406,4.197766073979437,3.063031552825123,3.063031552825123,4.6197101953439415,3.5364314415492117,,2.4232274456880987,2.686182637233287,4.075271244626492,2.6003173924982548,2.8221770343370736,2.309689491055906,3.043849085457623,2.249012352898717,3.9064126452431083,4.449306069407612,5.4014797722920775,4.2358877416700125,4.349237605929375,3.0612691892310977,5.374268187209964,4.819231694098562,3.9552631014958024,3.643676317296922,4.263875909149647,4.52275160420686,2.287274611182511,2.124622617382556,3.533212433103472,,3.6415252946317196,5.0153345358558,4.27648138301447,3.703041144181043,3.489508515689522,3.484555147588253,3.4686505286954343,,3.6627906672656536,5.553964040707797,4.065201398450881,3.153132928535342,3.499628069344908,3.1065761600621045,,,2.764536030124873,2.5202510990202427,2.5581584069877863,2.513301970437169,3.320672837086022,2.9807675862684846,3.3194542983546853,4.232422919478267,4.01505047082901,2.928442276082933,3.5431497362442315,3.0922112995758653
tt_11.200000000000001h,3.04972001677379,,,2.325255449861288,3.1799431536346674,4.056243601255119,4.056243601255119,3.3597295242361724,3.3051718664355576,,2.745655302423984,2.7375840400345623,4.941413396503776,3.219979810062796,2.0412900829687715,2.6215595165267587,4.213671596720815,3.2030435358174145,3.2030435358174145,3.608253014739603,3.5954673467203975,3.9699448253959417,3.9373962581157684,3.0053074276074767,1.9008737015537918,4.305512241087854,3.3827190031297505,,,4.17841924354434,3.5746939326636493,2.5293749631382525,3.519194073975086,3.2272800183854997,,4.09803096530959,4.09803096530959,3.5383604834787548,2.5589390760287642,4.220706442371011,3.0667901150882244,3.0667901150882244,4.618040916044265,3.5388375567272305,,2.41846896475181,2.6804409278556705,4.0743966428563,2.595481112599373,2.816419177222997,2.3049254417419434,3.042289473116398,2.248131244443357,3.9039084971882403,4.449352836236358,5.401887317653745,4.247695001773536,4.347193024121225,3.0620895395986736,5.37388731399551,4.81857428047806,3.9515673224814236,3.6396340006031096,4.265395471360534,4.528912600595504,2.281771270558238,2.1244547748938203,3.5275565944612026,,3.6408095634542406,5.002765873447061,4.249796866904944,3.6988576068542898,3.484940331429243,3.479890984017402,3.462795326951891,,3.659333547577262,5.554233250208199,4.060215225443244,3.1475075259804726,3.490876206662506,3.099771128501743,,,2.7577782636508346,2.5134558910503983,2.5581584069877863,2.51327845454216,3.3102211146615446,2.9740517055615783,3.3148286645300686,4.226214013528079,4.010234158486128,2.922980552073568,3.5431497362442315,3.0864792256616056
tt_11.3h,3.043411723803729,,,2.317354361526668,3.182788213249296,4.047173551283777,4.047173551283777,3.3597295242361724,3.2872152496129274,,2.7421837029978633,2.732536267954856,4.939810778480023,3.213511274661869,2.0341375647112727,2.614759169984609,4.206131123006344,3.199269885662943,3.199269885662943,3.6031013508327305,3.592331732157618,3.966728264465928,3.925048374570906,2.9982693032361567,1.8981289225630462,4.3240891033783555,3.3782897642813623,,,4.175552348606288,3.57124295597896,2.5290020992979407,3.5121077024377882,3.2188542913645506,,4.102583123836666,4.102583123836666,3.5332763828337193,2.5522793871350586,4.24306714721024,3.0593741526827216,3.0593741526827216,4.616404834669083,3.5369641934521496,,2.413786810822785,2.674764971714467,4.073549000080675,2.6077905097045004,2.8107654796913266,2.300288641359657,3.0407133656553924,2.2472609248943627,3.907020720653236,4.449420280754566,5.401887317653745,4.238978838082403,4.345183998346329,3.0620895395986736,5.373511718120426,4.817925562150776,3.9479241091758013,3.6356211160309613,4.266958554275334,4.508903518784791,2.276360224932432,2.1242971108295023,3.521954183001071,,3.640116742812097,5.002586213406175,4.283889607060701,3.6947253444232047,3.4804288293235004,3.4752653259783983,3.4569934932515025,,3.6559206657111645,5.554504478815943,4.055295678786933,3.1419781409204006,3.487144065555185,3.0930505031719804,,,2.7510834084823728,2.506757364142686,2.546090168878436,2.513255538418889,3.2999265240505338,2.9674256374128163,3.3102398146875203,4.2200974631123245,4.005489468108863,2.917606103233993,3.549322365783155,3.0808161688037217
tt_11.4h,3.037198380101472,,,2.30960360635072,3.1807308099232614,4.044449666049331,4.044449666049331,3.3533243988640606,3.2695839614607394,,2.728240538854152,2.7275564400479198,4.938243446405977,3.207127047237009,2.0438454863615334,2.60803359746933,4.1986964121460915,3.1955380593426526,3.1955380593426526,3.5979905272834003,3.589226264040917,3.9635591967962682,3.921653968282044,2.9944959012791514,1.895451326854527,4.310821512714028,3.3739283811300993,,,4.17271526530385,3.567831745836884,2.5286440164782107,3.505124913994223,3.210565253626555,,4.098898551892489,4.098898551892489,3.528255444020033,2.545711437240243,4.2648579380474985,3.05209333403036,3.05209333403036,4.626662857364863,3.535098630003631,,2.4091786108911037,2.6691690129227936,4.082569257821888,2.6028084149584174,2.8052273993380368,2.2957529528066516,3.039145901799202,2.2464073854498565,3.9045423078350723,4.4495082520879805,5.406834313180298,4.230410712305456,4.3432069406844676,3.0665751369670033,5.373141345568001,4.817285434808582,3.9443175685591996,3.6316667697392404,4.268549433909357,4.515071934089065,2.271031037904322,2.1241491166874766,3.5164327486418188,,3.639459644444287,5.002415005117655,4.257228295784444,3.6906435540877283,3.4759641299024224,3.4662092584185302,3.45127846673131,,3.652532281819731,5.554777574259788,4.050431645475328,3.1365573424845934,3.4835019414313138,3.0863901400007308,,,2.744494890794158,2.5001294813118875,2.538010881282389,2.513233218342066,3.2897846288979053,2.960896706674248,3.3057001302950084,4.214093612506986,4.000774546526372,2.9123343196697533,3.5459915339015424,3.0752491233870387
tt_11.5h,3.03105196589604,,,2.3019290738739073,3.178689940366894,4.035407288465649,4.035407288465649,3.339491778984666,3.2522887024097145,,2.7248128629289567,2.7226416165940464,4.9367107432335615,3.200809343252331,2.0367431393824518,2.601411257404834,4.191362825222313,3.1918467334471643,3.1918467334471643,3.59293798962608,3.5861195772886276,3.9604324605315924,3.9183078999631107,2.9874347974546254,1.8927889470942318,4.297887447755784,3.369617635384202,,,4.169906845316291,3.564460068475455,2.528309208806604,3.4982056585140526,3.2077262145467103,,4.103477661963552,4.103477661963552,3.5233099241741,2.539231475908309,4.258759017568082,3.044913284946233,3.044913284946233,4.625005460809916,3.535647990182042,,2.40461598103866,2.6636328231543303,4.081707363948226,2.597984502092004,2.799816028214991,2.2913283011876047,3.0375824882648885,2.2455687490291893,3.9020639108493924,4.449616597499698,5.407231896650046,4.242060522083193,4.341266051400453,3.067313543986529,5.372776162344962,4.816653774585575,3.9407770573161542,3.627755664754659,4.270200761500746,4.517338247969747,2.2657789550721645,2.124010304454714,3.510978509206325,,3.63881067186594,5.0022520632483065,4.23137277411297,3.68662502290681,3.471565990243107,3.461739281658083,3.445611562114209,,3.649205337278545,5.555052386596799,4.0456249341368675,3.1312190894968808,3.4799473248422146,3.0798269361257553,,,2.7379939118400216,2.4935930869542062,2.5300217415206134,2.4972003432922065,3.279154886957258,2.9544562781229615,3.2967906733974814,4.225237621925771,3.996110064443201,2.907130315899849,3.542747830040753,3.069747842848301
tt_11.6h,3.024969615973532,,,2.294393281918019,3.1766564990393817,4.026479446329176,4.026479446329176,3.32597589539364,3.257379875984043,,2.7214235151186585,2.7177716130390763,4.935210278723389,3.1945860744453967,2.0296555547975004,2.5948545509018004,4.196013486478478,3.18821317050606,3.18821317050606,3.587960810866207,3.583030531182885,3.957356942817569,3.915009998716414,2.9804851291701198,1.8875132366083562,4.316161724273115,3.365340060554445,,,4.1671277191489935,3.5611283550970256,2.527979306410998,3.4927873774431646,3.19942132756114,,4.1081166211515665,4.1081166211515665,3.518414217978716,2.532845552545041,4.280265259556472,3.0486766793765128,3.0486766793765128,4.62337797973305,3.535647990182042,,2.4001190825365484,2.6581633877940476,4.080870060715824,2.6100256852805614,2.7945007011294365,2.302843908313662,3.0360228340141475,2.2447433741763234,3.899591279681772,4.449745149817318,5.407620867248625,4.233544433955103,4.33936065947637,3.067990941926837,5.372416114900261,4.816036923322827,3.9372867215424776,3.6238869852386415,4.271895347163081,4.517338247969747,2.260608969721943,2.1289794794283807,3.5055748289451003,,3.6381827211007476,5.002095936797559,4.2646496198140085,3.6826461823657155,3.467222096864134,3.4573426162824035,3.4400324979797006,,3.6459203958511353,5.5553287724033,4.040879293810576,3.1259698406793177,3.490806803572923,3.067369397263974,,,2.731553932186216,2.487142266705632,2.522146657574922,2.497178588062525,3.279154886957258,2.948104598559439,3.2995395101606846,4.219228265341371,3.991515160072595,2.9020083835348487,3.5395544776692986,3.0643254602327943
tt_11.700000000000001h,3.018972850870341,,,2.286929054185748,3.1633893898688257,4.017700351309031,4.017700351309031,3.349123298190534,3.240066684782505,,2.7180682281032205,2.7129689613357186,4.933740816544741,3.1884293286129832,2.022719359025359,2.588392384815961,4.196013486478478,3.18461178150028,3.18461178150028,3.5830189720727503,3.579961790703237,3.9543266044929624,3.9117539385333657,2.9736397061496973,1.8849303224124014,4.303206090815365,3.361130266916007,,,4.164376957342029,3.5578401712700725,2.5276628555729985,3.485870082397014,3.1912493277341127,,4.112776914611459,4.112776914611459,3.5135794491507113,2.5265386076644063,4.301094539929181,3.0486766793765128,3.0486766793765128,4.621760730165988,3.533808361273259,,2.395703130401671,2.6527703935280442,4.080056689213961,2.6051345812156796,2.8035407778806984,2.298389559611678,3.034474077168852,2.2439338890835643,3.9027078258804977,4.4498937404714525,5.408001373987645,4.225135539192706,4.337490148842335,3.0686119217425585,5.372060764115304,4.815437684301287,3.9338457826524973,3.6200458239763975,4.273635507095605,4.523464339785278,2.248023617081344,2.128840042743832,3.5002491627819836,,3.637575187254697,5.0019458956085145,4.2387936264276505,3.678716456051916,3.462931489571929,3.4612766951322556,3.4345184839330614,,3.642677545081824,5.555606591049582,4.0290368515998125,3.1208217460662127,3.4872377375140786,3.067369397263974,,,2.7252218518406153,2.480765207670629,2.5143601833842695,2.497157406527549,3.269165244884789,2.9418473006226122,3.2951617911458015,4.213286851998419,3.9869523351080716,2.896983955986798,3.5364274098537862,3.05899525526911
tt_11.8h,3.013042541220784,,,2.2749825678765774,3.1613754141144454,4.030823798384517,4.030823798384517,3.33555927593261,3.2230584151111543,,2.714751286432147,2.7082340428605676,4.932301715016365,3.1823631022125483,2.0158235980197787,2.5820061382837594,4.188781090080738,3.1810512067750096,3.1810512067750096,3.578129929024726,3.5769122536294162,3.951340581290424,3.9085489781573415,2.9857406350784004,1.8824026980437338,4.290569855365902,3.3569676843471825,,,4.161654043477029,3.5545882037840784,2.5273594236932695,3.4790330794639885,3.1831825408153236,,4.109051287174225,4.109051287174225,3.5088166552595794,2.5308129731565714,4.3211914910934865,3.0415778355672956,3.0415778355672956,4.620191852096468,3.5319786397740245,,2.3913390492089093,2.6474340483546257,4.079266605898738,2.617192396428436,2.8035407778806984,2.294043338857591,3.0329266604967415,2.2431360851041973,3.900259215850383,4.450062191579491,5.408373536542058,4.2366499486379325,4.335653889924288,3.069180764723569,5.371709888335317,4.814873481635004,3.930453459266573,3.61626180075109,4.275417499244213,4.519607888534665,2.242936236783862,2.1287093479186296,3.4949880931526423,,3.6369875064119697,5.001801812555641,4.230100506916642,3.6660271915607154,3.4586860719136894,3.4569304431788623,3.4290505377575755,,3.639457424171269,5.555885695386678,4.0243438058532774,3.115749752614647,3.48375391587615,3.0608877958729863,,,2.7189461095258594,2.484924884978682,2.506691346410662,2.4971367940306664,3.2593267462216318,2.9356718924827874,3.2908303923904896,4.207432560157031,3.982445039320737,2.902499238960445,3.533365224953741,3.053726981859654
tt_11.9h,3.0161772752180696,,,2.267620508559048,3.159371023066342,4.022041568998247,4.022041568998247,3.3223180370405316,3.2439679610542953,,2.7114656725898385,2.7035406879149377,4.936703424435109,3.1763745094649494,2.009048276115209,2.5756935626268387,4.181648534722626,3.1848970693536103,3.1848970693536103,3.5812939484603703,3.57389680063352,3.94839797122404,3.905387835111469,2.978873305488378,1.8799388860352337,4.308511132840067,3.3528536884114146,,,4.15895857103169,3.5513735013082623,2.527068597730249,3.4722962444648147,3.1752434270456433,,4.113739169202745,4.113739169202745,3.5041011753492057,2.5245876112021506,4.340572963934392,3.0346010006032884,3.0346010006032884,4.630307452287525,3.5182696310803294,,2.387023699004203,2.6421619886532426,4.078499187715352,2.612219319678843,2.798314953222871,2.2898026248440146,3.031389456707984,2.242354677990079,3.8978093806654215,4.450250338762999,5.408737482968718,4.2283103172667325,4.333851277362555,3.0697011626325548,5.371363473124802,4.814308574423194,3.9270940399728715,3.6125197866931558,4.277244788128883,4.525762764271349,2.242936236783862,2.128586944658309,3.4897749722003937,,3.636419109068811,5.001663560979068,4.230100506916642,3.662151115015149,3.4503716034814715,3.4526324095204473,3.433060770854354,,3.636297713033855,5.5561638828366995,4.0243438058532774,3.1107610128819942,3.4803529735654593,3.0544632403180003,,,2.712769309990108,2.4786244691349566,2.499101103749126,2.497116745915264,3.2496340540237725,2.92958617862314,3.286545800976455,4.201684939675033,3.9851668211631477,2.902499238960445,3.5395144945941865,3.0485339649021626
tt_12.0h,3.0161772752180696,,,2.260398260783404,3.160209064837545,4.013359189033508,4.013359189033508,3.3093732544220984,3.22696206625551,,2.7082091621123254,2.6989069133996964,4.935302057303488,3.1704484769143164,2.002363945823163,2.569479078054428,4.17461130162701,3.1813783985562623,3.1813783985562623,3.576462290249765,3.575235426425934,3.945493367500603,3.9090977860614657,2.972133247181773,1.8775035673752427,4.295853779185563,3.348770793993026,,,4.156290184240788,3.548195708077401,2.526789974886924,3.4656189642846584,3.167404927778989,,4.118472669273615,4.118472669273615,3.4994441526941955,2.5184496673755348,4.3196065607480705,3.027717188000679,3.027717188000679,4.6287181144580245,3.516453582793474,,2.3786048516631126,2.636964624747634,4.077753820456564,2.6074584079906344,2.793180361855775,2.29684359068051,3.0298578781075776,2.2415864234790206,3.895336128771305,4.450458008330315,5.409093394875526,4.22007681010291,4.332081729546189,3.0701767867431045,5.374999111983925,4.8137605166994035,3.9323485335335135,3.6158865718171,4.279114931356162,4.528041233308613,2.2379152751527727,2.1284723998978734,3.4846370411105454,,3.6358694578520954,5.001531017012894,4.2050261832773685,3.658322691451758,3.4462809516116977,3.4483815929852426,3.4276611539535224,,3.6331778266467154,5.556445142719895,4.019700745120645,3.1058658687397838,3.477033241186291,3.048131500836462,,,2.7066756449639797,2.472423177678138,2.491620220709592,2.4970972556620836,3.2400814704596996,2.9235838754102588,3.2823267127387226,4.206772626377642,3.9807303394190967,2.8975445814430714,3.5395144945941865,3.0434295078739524
tt_12.1h,3.010317881591618,,,2.260398260783404,3.160209064837545,4.004814530257136,4.004814530257136,3.331833530217409,3.210251952521503,,2.704991943202913,2.694338345900178,4.933930019382387,3.1646091011352837,1.9957152251154184,2.5633224877528846,4.167670203838497,3.1778984954580665,3.1778984954580665,3.571702554356307,3.5722590321674943,3.942636251449585,3.9090977860614657,2.9654998518526554,1.875074076000601,4.285063750576228,3.3447529268451035,,,4.153647831641138,3.5450555342249572,2.526523150037974,3.4590376457199454,3.172353426925838,,4.12327722273767,4.12327722273767,3.494843252468854,2.512382537126541,4.338623378891498,3.0153753287158906,3.0153753287158906,4.62715779338032,3.514651463832706,,2.3744741822592914,2.6409704526886344,4.077029904350638,2.603152193594724,2.788148615974933,2.29684359068051,3.028322549071163,2.2408335274085402,3.879932012408972,4.4509312142618,5.40944235958159,4.207187581341714,4.334708719979972,3.070611242670566,5.374655403662473,4.81646411633119,3.9290340687148273,3.612187330145389,4.281028574332595,4.528041233308613,2.2329579875804484,2.128365200944245,3.47956111934036,,3.635338040534407,5.001404055859894,4.237458718474954,3.658322691451758,3.442251636646688,3.4441625205799937,3.4223452787846327,,3.6300975875929,5.556727287359536,4.015110641717911,3.1010412611067295,3.4842633926309645,3.0418596640229225,,,2.7108781025744975,2.466274873353541,2.4842070089653134,2.4970783186145127,3.2455477858893573,2.9176615732721984,3.2781388997100294,4.201103551313281,3.976367972791195,2.892653003334999,3.5365079194307327,3.0383839178830385
tt_12.200000000000001h,3.004542807582766,,,2.253235017415136,3.158235540613532,4.009143219329417,4.009143219329417,3.318840131163597,3.2141547622159123,,2.7018085685558617,2.698378731030971,4.933930019382387,3.1588450642302632,1.9892517160624266,2.557252482511103,4.172318078111857,3.1744569670408964,3.1744569670408964,3.566975847352296,3.5722590321674943,3.9398205163888633,3.905969550833106,2.970711618196219,1.8726594904437661,4.285063750576228,3.340780161321163,,,4.151032206602395,3.5419561029411852,2.5262677329592407,3.4525147606618702,3.172353426925838,,4.10822920082137,4.10822920082137,3.490312426351011,2.50640591327101,4.356910008471459,3.0153753287158906,3.0153753287158906,4.625626071821898,3.515245429240167,,2.370393532793969,2.6358410282991827,4.085142436437309,2.5983140668831766,2.7832319559529424,2.2926766420714557,3.0268066278658807,2.2400952908210456,3.879932012408972,4.451196386478841,5.4143749182112515,4.207187581341714,4.33297956828028,3.071007870603353,5.3743161261081696,4.815944379195571,3.925780971068889,3.6085288394242525,4.282987679820508,4.534142116550356,2.228087119758129,2.128264913801104,3.474531384650618,,3.6348243267275393,5.001282555516809,4.2124257097020745,3.6545542632229626,3.4382730163633823,3.440011437982321,3.4223452787846327,,3.627057107631117,5.557010182645172,4.010573198553175,3.096294599119574,3.4842633926309645,3.0356730348430574,,,2.704836757853627,2.4602230079472065,2.476913325022906,2.4970599277876318,3.2361377142369747,2.9118280904367566,3.2739950018003583,4.201103551313281,3.976367972791195,2.887837548740208,3.533563398756087,3.0334099838510156
tt_12.3h,2.998826635070145,,,2.2462112023495138,3.156282965093851,4.009143219329417,4.009143219329417,3.3061532671563327,3.2141547622159123,,2.698663059156388,2.693865157663822,4.932586830109358,3.1531388889998198,1.9919109395705163,2.55126238707453,4.172318078111857,3.1710733510553837,3.1710733510553837,3.566975847352296,3.56928360555321,3.9370453786104918,3.902882860507816,2.970711618196219,1.8702856935560703,4.272690447513014,3.3368538534268737,,,4.148442200850695,3.5388909708708525,2.5260233501903713,3.4460857664234936,3.1646363511681557,,4.10822920082137,4.10822920082137,3.4858251973055303,2.500515014398843,4.374460213351995,3.0085673886351287,3.0085673886351287,4.634080635383725,3.515245429240167,,2.3663793224841356,2.630761984270066,4.084431135095656,2.605228655040264,2.7784007783047855,2.288609934505075,3.0252759251743555,2.239368558395654,3.877464435528964,4.451480380259454,5.4147178451530635,4.199143503792584,4.331269287969917,3.0713697583414614,5.3743161261081696,4.815440821927041,3.9225735343061388,3.6085288394242525,4.284971159417182,4.514211127068847,2.2232841020449996,2.128171168267727,3.4695738344453275,,3.634327837266028,5.0011663949117064,4.2197730503976345,3.6508222995325923,3.434342722874135,3.4359056064859033,3.4170906436629593,,3.6240562363527715,5.557293706573546,4.006093319505453,3.1016023410484195,3.4810078111477196,3.029562510550022,,,2.698886347003281,2.4542341865599155,2.4696956472471356,2.497042077127844,3.2361377142369747,2.9060714691877365,3.2698962166905403,4.1954952222295105,3.9720368795096874,2.8830982223153114,3.530679604038596,3.028507423121482
tt_12.4h,2.9931667735800147,,,2.2392479721456766,3.1571394954808056,4.000690505839884,4.000690505839884,3.3155624135397375,3.197732900734991,,2.6955494340509176,2.6894047209061682,4.931271939538419,3.1475167120806873,1.9854959384538233,2.5453298832289875,4.165470742620528,3.1677163699641824,3.1677163699641824,3.5623000538907945,3.5663294242694974,3.934309992939234,3.89983537979424,2.964166958350688,1.867946792859584,4.277969931252301,3.33295655855909,,,4.143337263260037,3.5358604597859085,2.52578963059932,3.439710918813944,3.157026502303779,,4.1131057208403945,4.1131057208403945,3.481393021531403,2.4946933249011636,4.387666745111346,3.001872406806797,3.001872406806797,4.632557354401797,3.5134708136320114,,2.362437855452299,2.625744879245758,4.083741774782538,2.605228655040264,2.7736669834703207,2.2846531607210636,3.022228776011616,2.238655046094209,3.87499226257205,4.4517830135300756,5.415054464247078,4.202398729510605,4.329603718128055,3.0596530279144645,5.373981255572289,4.814970965497196,3.9194110855460167,3.604895170778036,4.287018249742687,4.52031409367919,2.218546030577272,2.128083607647568,3.4646758469752967,,3.6338481018319726,5.001055453903973,4.2197730503976345,3.6471362519077957,3.43045989330858,3.4318444142118096,3.411879365798086,,3.6210755687206984,5.557577732019126,4.001659464556724,3.096911944914609,3.477829286362976,3.0332097611390054,,,2.693016252014786,2.4483212465420365,2.4625760233029723,2.4970247596502304,3.226863563992083,2.911583628039807,3.265860644634813,4.189967295154929,3.9677582113072276,2.8784500998444855,3.5278552095405757,3.0236881230957806
tt_12.5h,2.9875846607610583,,,2.23240591166541,3.1571394954808056,3.992370051331818,3.992370051331818,3.3155624135397375,3.201631690841168,,2.6924651600420475,2.684982240665704,4.929984899703413,3.1419669003225863,1.979108199942857,2.5335653568618,4.158713471144438,3.1643969281576574,3.1643969281576574,3.5576934800483286,3.5633994676172733,3.9316136124543846,3.896829697303474,2.957718161866069,1.8656773553229868,4.277969931252301,3.3291223403066397,,,4.140821464825422,3.5328647098504007,2.525566203519702,3.443493598140776,3.149509903974831,,4.118034900631756,4.118034900631756,3.4770266404375434,2.4889448257163167,4.387666745111346,3.005636192392558,3.005636192392558,4.632557354401797,3.5140806646086276,,2.358532370068133,2.6208005850203335,4.083741774782538,2.600526798982173,2.7690421058796346,2.2755304304882884,3.020710647571832,2.237954232376069,3.875705008395016,4.452104088850319,5.415054464247078,4.202398729510605,4.32796894479543,3.0599901587702334,5.373650761786848,4.8144989954307675,3.91629293654114,3.6013155025430024,4.289105764590204,4.522586141712964,2.2138808481395245,2.1329064848832786,3.4598224917426705,,3.6333846361376345,5.0009496146813035,4.195475038141012,3.643495417200029,3.426617407705635,3.427813280839473,3.4067493774928153,,3.615265670698136,5.557862137909979,3.9972756560891867,3.09229498822242,3.485015274491161,3.0271582226268947,,,2.687196805141866,2.4424944287166,2.4555426980368793,2.4970079688355327,3.2177265235222876,2.9059032686054707,3.261853583622724,4.184539542999119,3.9635314643383026,2.8738582632504404,3.5251065217889845,3.0189239103347063
tt_12.6h,2.982060058042407,,,2.225654854439199,3.1552166319452226,3.9966647513210773,3.9966647513210773,3.303118755109608,3.201631690841168,,2.6894077826291323,2.6806223238818347,4.928725270554423,3.1364712030626833,1.9729163059964776,2.52770674508065,4.152047195471823,3.161114496178925,3.161114496178925,3.5531187816523015,3.560493522323668,3.9289510981179774,3.8938828920945525,2.9629037994891405,1.8634574566967785,4.265867466572672,3.325330998748541,,,4.138328897766769,3.52990385517478,2.5253527094610035,3.4371954216621816,3.1421096911653876,,4.119192118290812,4.119192118290812,3.472701750230044,2.4832846401259303,4.404106738045812,2.99902530759573,2.99902530759573,4.6310621118173,3.5123305851593614,,2.354672809597105,2.615906142629683,4.083073714282364,2.6073259278200567,2.7778504211455584,2.2755304304882884,3.019202987663448,2.237261928152293,3.875705008395016,4.452443436253816,5.41538486070931,4.194502971600741,4.326364437118173,3.0602846033871174,5.373324617743492,4.814042544923723,3.9132035267539322,3.5977747850120068,4.291372728999704,4.522586141712964,2.2092944434843957,2.1328242202289402,3.463720384053886,,3.6329369959421456,5.004522866569459,4.202831584960222,3.6398992682807148,3.4228323069401085,3.423846743069589,3.4016782073304057,,3.6124168201349676,5.558146803639829,3.992946488317102,3.087765423115343,3.4818972861394286,3.021184635348618,,,2.68146842578426,2.4367195004597306,2.44859303208068,2.4969916972331703,3.2087191906757653,2.900300456676632,3.257887971587479,4.18959602760151,3.9593756678514183,2.869338127784431,3.5312145347706974,3.0142273916862905
tt_12.700000000000001h,2.985233150422573,,,2.218973084818572,3.1561010740697384,3.9884508848190308,3.9884508848190308,3.2909675324335694,3.185487342067063,,2.686404542066157,2.6763239754363894,4.927474920172244,3.125153196975589,1.9729163059964776,2.521945796441287,4.1566924238577485,3.157868686132133,3.157868686132133,3.5485942186787724,3.5576228932477534,3.9263316434808075,3.8975910139270127,2.95655136462301,1.8612584555521607,4.271156241651624,3.321583847515285,,,4.135866087395698,3.5269780051894486,2.5251488159410655,3.4309683106839657,3.1470473404042423,,4.119192118290812,4.119192118290812,3.4684297419153154,2.477692771703005,4.419814323075116,2.99902530759573,2.99902530759573,4.6295944773592055,3.5123305851593614,,2.350873270072043,2.6110684499144554,4.082426334731281,2.6073259278200567,2.773276414256543,2.2716287127695978,3.017701788339764,2.2365792063064873,3.8732432378455997,4.452798452693969,5.415709128603339,4.197797308675945,4.324789745733142,3.0605528629384935,5.373002791777253,4.814042544923723,3.9101719646714628,3.5942727541550994,4.293547463603318,4.52485311543569,2.2047612303867936,2.1327475011348724,3.458927778992802,,3.63250476308167,5.004425570368767,4.202831584960222,3.6363617214374244,3.4190926095470786,3.419923604466021,3.396647436544299,,3.6096053677611053,5.558431611396372,3.9886623197235167,3.0832962137646973,3.4818972861394286,3.021184635348618,,,2.6758125638589263,2.4310181317850947,2.4526371797546744,2.4969759369269013,3.2141752475872636,2.894782888237387,3.253966416697949,4.184240053407848,3.955248795915395,2.8748108837753534,3.5284959860146046,3.0096112289465964
tt_12.8h,2.9797769435681403,,,2.2124220081605017,3.1541940262541175,3.9884508848190308,3.9884508848190308,3.284168945159763,3.1732587423175573,,2.6834314628504217,2.6720634973607957,4.9262687265872955,3.1197239784523845,1.9666812447831035,2.516232505440712,4.150114803574979,3.154679934028536,3.154679934028536,3.5441180067136884,3.554757455829531,3.9237492978572845,3.8946871175430715,2.95655136462301,1.8590646712109447,4.271156241651624,3.3178813084959984,,,4.133432700764388,3.5297566861845553,2.5249541709199548,3.424831517506391,3.1397323408164084,,4.1242352914996445,4.1242352914996445,3.464209261815995,2.472176532726735,4.432060724124312,2.992486884817481,2.992486884817481,4.621873816009611,3.51058290572837,,2.347149678505957,2.6062992038205266,4.081799031700939,2.61406695144251,2.768807557411492,2.2678324091248214,3.016201843973249,2.2359086018987,3.8739460026845336,4.45316860685125,5.416027348488569,4.197797308675945,4.323244316503406,3.0607971493154764,5.372685258742422,4.813601333182305,3.9071826892904937,3.590793530456722,4.295768317300826,4.52485311543569,2.2002938529476523,2.13267601467669,3.4542043283581734,,3.632087505888194,5.004333085380495,4.194032463710755,3.6328562651760876,3.4153989334590733,3.416042967699468,3.391695803962648,,3.6068123802542686,5.559003964997828,3.984425730071962,3.078896728809923,3.4788520326837897,3.015283689368516,,,2.6702060266397893,2.4254186395555735,2.445786769501865,2.4969606809318066,3.2052972153760493,2.889336339663714,3.2501071826554835,4.184240053407848,3.9511718032881618,2.8703532367944717,3.525849769357592,3.005046525038779
tt_12.9h,2.9743776405230165,,,2.205914218444377,3.1541940262541175,3.980324656236917,3.980324656236917,3.284168945159763,3.157391090411693,,2.6804929161444306,2.667852736543864,4.925088569521904,3.1143753468059003,1.9606067198328674,2.510595597792417,4.143622467294335,3.151514307130128,3.151514307130128,3.5397100895643234,3.5562433362938464,3.9212034423835576,3.891836824361235,2.9502950203604996,1.8568883566185832,4.259312500245869,3.314205185044557,,,4.131028335541487,3.5268698446452618,2.524768438190222,3.418746696319431,3.132533094845712,,4.12545665865764,4.12545665865764,3.4600520809181035,2.466739133466035,4.446661091875285,2.9962693518027663,2.9962693518027663,4.620414263568819,3.511232489719987,,2.343462390359491,2.601588879711926,4.081191225908697,2.61406695144251,2.7644143770448864,2.2747961464338005,3.014710363931954,2.2352475682273507,3.871503914706409,4.453553607221693,5.416339606977999,4.190066278446466,4.323244316503406,3.0607971493154764,5.37237198324874,4.8131751753389835,3.904235082678497,3.587365871295333,4.298041235189885,4.53094412619248,2.1959076072089374,2.13267601467669,3.449537461157888,,3.63168352143839,5.0042452975176275,4.194032463710755,3.629393793642521,3.411742545198649,3.4121894636191428,3.386801059357822,,3.60407489631325,5.559291358105838,3.9802364534698427,3.0745763229206204,3.475878201890737,3.009435119573027,,,2.6646860647015274,2.4198531513102353,2.439009145833552,2.497017110232264,3.196549938991666,2.8839652836322784,3.24627641774714,4.178939106874168,3.9471441339701414,2.86598107451573,3.525849769357592,3.000547203235328
tt_13.0h,2.9690465023741126,,,2.199531392659992,3.1522977659478784,3.9685194161720574,3.9685194161720574,3.272244534920901,3.157391090411693,,2.6775818350724876,2.663699231110513,4.923934039659798,3.1090953215025365,1.954598137177527,2.5050433459691703,4.143622467294335,3.148383312858641,3.148383312858641,3.5353323840536177,3.553416565526277,3.9186956314370036,3.889034881722182,2.9393562003970146,1.8547491854988039,4.264566570520401,3.3105876334011555,,,4.128652589861304,3.5240219281986356,2.524591284804046,3.412748237606138,3.132533094845712,,4.130576726049185,4.130576726049185,3.4559337026439607,2.461363994050771,4.446661091875285,2.989816093351692,2.989816093351692,4.620414263568819,3.511232489719987,,2.339811637531966,2.596924719400704,4.080602350179106,2.6094428095966578,2.7644143770448864,2.2710510855540633,3.0132174869067967,2.2346007423475385,3.871503914706409,4.453952949959785,5.416645953897387,4.193398958537728,4.321727731265128,3.0610195067711174,5.372062939219177,4.812763746827841,3.9013285245746374,3.58397451415658,4.300353321246803,4.533198883756995,2.1915850853547454,2.1326094614341855,3.4449133672751486,,3.6312922555953264,5.004162093624473,4.201329709496349,3.6259738598018885,3.4081411929801106,3.4083995479159057,3.3819623892195523,,3.6013726554811,5.559579372406006,3.976099180057645,3.0703132543712854,3.466903944965452,3.0036640726029873,,,2.6592357736080885,2.414365781005472,2.4323143647052348,2.4970028246752918,3.196549938991666,2.8786770049482584,3.2424867139197886,4.173711963463575,3.9431847273372114,2.8616625564172864,3.5232397275976837,2.9961131857708097
tt_13.1h,2.963772516231984,,,2.1932236715219915,3.1371085136197507,3.960514049977064,3.960514049977064,3.2814730471000075,3.141789695713669,,2.674692135769874,2.6596036474220455,4.922804732341319,3.103864960372448,1.948620401788503,2.499536801595241,4.137216339353472,3.145286304410547,3.145286304410547,3.531002508942038,3.5506124212406576,3.916225593537092,3.889034881722182,2.9331801044754684,1.852641892619431,4.264566570520401,3.3070119991898537,,,4.126305035781115,3.5212032957933843,2.5244224024936557,3.412748237606138,3.125432536005974,,4.135752892121673,4.135752892121673,3.4518659026362,2.4560585827566683,4.460524744354188,2.983461902011186,2.983461902011186,4.618981700390577,3.5095114493742585,,2.3362161638215184,2.5923229549080133,4.072570512536913,2.599981145001948,2.760108918417245,2.2674072207883,3.0117218266241252,2.2339690406806767,3.8690592437051237,4.454366676975042,5.4216268584132195,4.185838956385851,4.320239526219666,3.0612218189053237,5.3717580935917795,4.812366916332394,3.8984644855372608,3.580619546584785,4.302739031612873,4.533198883756995,2.1951433303765953,2.1325475554913282,3.4403581554070115,,3.6309133577160537,5.004083362407982,4.177739281207323,3.62260858155787,3.4045832753181458,3.404650604352355,3.3859784859232605,,3.598705844953656,5.559867865871638,3.9803273207508028,3.0703132543712854,3.463985610753298,3.0073082051239908,,,2.6538279284723103,2.4089668155647814,2.425716696307063,2.4969890182837844,3.1879270700737834,2.873454521410167,3.238738607149571,4.162660345900804,3.9460350084118545,2.857409545686096,3.5206822333857417,2.991754770744592
tt_13.200000000000001h,2.963772516231984,,,2.197338146623224,3.135243371129036,3.960514049977064,3.960514049977064,3.2697842395864427,3.145699684973806,,2.671843155287206,2.6555395424365997,4.927291767671704,3.098711894825101,1.951411745045334,2.494109407067299,4.130892758723348,3.1422228370793164,3.1422228370793164,3.526738401502371,3.5478335660882294,3.91379283554852,3.8862794185988605,2.927089058794081,1.8505853461101651,4.2537455526180565,3.3034788235090673,,,4.123985253740102,3.5184164298698306,2.524261485785246,3.4067985345609486,3.1303643784485757,,4.135752892121673,4.135752892121673,3.447846644092351,2.4508279864676297,4.47182593587786,2.983461902011186,2.983461902011186,4.6273333160206676,3.4940575319342315,,2.332690696232021,2.5877882558852434,4.0719918962568045,2.599981145001948,2.7558894716203213,2.2674072207883,3.0102421077899635,2.2333455528132617,3.8697686223313212,4.4547946765087545,5.421927796676755,4.185838956385851,4.318779228255153,3.0614058109931648,5.375370518304408,4.811984397936612,3.895627957303077,3.5840038056485355,4.305177337490022,4.519335848744959,2.1908879936672747,2.1324900249019265,3.435853245202452,,3.6305464850738645,5.00400899304077,4.177739281207323,3.6192750888876617,3.401069272775203,3.4009420424699783,3.3811808614991605,,3.596074291970581,5.560156701598316,3.976233425550163,3.066115951631218,3.461135307792574,3.001605653204024,,,2.648510167375207,2.4036063170060515,2.4191703530959785,2.496975683607161,3.179425892420113,2.868301778100431,3.235050339717418,4.157503415830433,3.9421373503282666,2.8532224842347205,3.510683197993785,2.9971671854145825
tt_13.3h,2.958554020151496,,,2.191093226429075,3.135243371129036,3.9525922490283847,3.9525922490283847,3.2697842395864427,3.1303629889152944,,2.6690188464708626,2.6555395424365997,4.926194406114519,3.0936247538775206,1.9455335871316493,2.4887623442336917,4.119432299863547,3.139211453963071,3.139211453963071,3.529937776271254,3.5450759613886476,3.9113926575519145,3.8835688196122646,2.927089058794081,1.8485767524689436,4.242130564991385,3.2999707660637796,,,4.121692270971835,3.5156616955064237,2.5241082315333188,3.4009170583449304,3.1233471506275237,,4.137080901302397,4.137080901302397,3.4399640881456435,2.4456577519886196,4.484639732167125,2.9872300322167575,2.9872300322167575,4.625908574555069,3.492372469510883,,2.3292187619954348,2.583296474069357,4.071431290358305,2.606577235739678,2.7517677396535873,2.274354226421565,3.0087437801994383,2.2327310969121754,3.8673456883989275,4.4552367851138115,5.4222230250015855,4.173059646971524,4.317346449941397,3.0615730714052916,5.375068438705057,4.811615959275514,3.8928479333408177,3.5806840951554477,4.307674517855048,4.519335848744959,2.186694815289229,2.132436608429998,3.4313996667042375,,3.6301913065835834,5.003938875626773,4.185023762285709,3.6227511591278017,3.3975893445312977,3.3972571226768196,3.3764598933048546,,3.5934780198149383,5.560445746406913,3.972180809825659,3.0619823546148837,3.461135307792574,2.9959731083363295,,,2.643259482923895,2.398315447382629,2.4127364456653595,2.496962811332196,3.184870097786188,2.8632256244309247,3.23138986248523,4.152441063895822,3.9382658102549613,2.8532224842347205,3.5081684510223567,2.9928681049495935
tt_13.4h,2.953402332495898,,,2.184951285365969,3.133394278585911,3.956872683018446,3.956872683018446,3.25836400128901,3.1303629889152944,,2.666221580468118,2.651524428278208,4.92512139165774,3.088585556484759,1.9398190709762275,2.483456640969962,4.113191006705165,3.1362226703204215,3.1362226703204215,3.525726950261742,3.5450759613886476,3.9090335448272526,3.887307059019804,2.932240219786763,1.8466185140423477,4.242130564991385,3.2965206168591976,,,4.119426787365228,3.5129393129609525,2.5239623463712633,3.395118592772633,3.1164404158480465,,4.1423775888979435,4.1423775888979435,3.4360884274356067,2.440548407379538,4.496764976531267,2.980951198376715,2.980951198376715,4.624510183930397,3.492372469510883,,2.325769292190671,2.5788578409701586,4.070888169575483,2.602039272431284,2.744289676658809,2.27075814967975,3.0072508552111685,2.232132688164711,3.8649123972281814,4.455692843999714,5.42251262255013,4.165621207095683,4.315940742380917,3.065921025816351,5.3747705216519535,4.811261436901987,3.8901091096922755,3.577399764675647,4.310222611296922,4.52156295767054,2.182572985999286,2.137261745519936,3.4269822114147246,,3.629847492557019,5.003872903529555,4.162091836333275,3.619464287068695,3.3941633100621402,3.3936348375864327,3.371792132034898,,3.590898190625012,5.560734868049622,3.9681723532266915,3.057922249659896,3.4583502798341215,2.990382894407958,,,2.638047533109784,2.393120298627764,2.406359013635665,2.496950393076986,3.176488201133907,2.8582132579758763,3.2277689478360116,4.1474292716011405,3.93444101838395,2.849116440396756,3.5057039954699576,2.988615935202688
tt_13.5h,2.9483043332584202,,,2.178919033613056,3.1343373744748533,3.949046346358955,3.949046346358955,3.267492789775133,3.134278566110879,,2.6634502452798188,2.647564916871488,4.924072292633355,3.083621494937688,1.9340615747496486,2.4782304954715073,4.107030393090099,3.1332678319886327,3.1332678319886327,3.5215451042167842,3.5423574172891676,3.90671010222286,3.884643659926951,2.926226085051894,1.8446658509783447,4.247378274798393,3.2931094225496054,,,4.117187657859176,3.510252548381686,2.5238235434517264,3.398896610364318,3.10962693952024,,4.147713107056916,4.147713107056916,3.4322591479867697,2.435520827304572,4.496764976531267,2.9747409699484706,2.9747409699484706,4.6231376910582185,3.49303974583745,,2.3223647992126644,2.5744835273362696,4.070362021680921,2.602039272431284,2.740210529882461,2.267259312327951,3.005762680899352,2.2315493472851813,3.8649123972281814,4.45616267202422,5.42279667686671,4.165621207095683,4.3145489152520895,3.0660697766579688,5.374476738274097,4.814096801448613,3.887411003932357,3.574134239461273,4.31282845698297,4.527626941446215,2.178523799404502,2.1372118275612593,3.4226259835995734,,3.6295147240161896,5.003810411319137,4.192255990579724,3.6162171130999923,3.390779077541083,3.390052063856274,3.3671767390333116,,3.5883716102689505,5.561023937072605,3.9642093190923333,3.053913192357868,3.4654261213727295,2.9848719695582986,,,2.638047533109784,2.3879480911418796,2.40006504021585,2.496938413474709,3.168228281196207,2.8532663634978235,3.224186897277832,4.1474292716011405,3.9306623586453497,2.8450591205619276,3.503288730047643,2.9844248201698065
tt_13.6h,2.935410026460886,,,2.172908743377775,3.1325123589485884,3.9413384115323424,3.9413384115323424,3.256277627311647,3.119198405649513,,2.6607007519342005,2.6436622170731425,4.923041149508208,3.078720096498728,1.928447326645255,2.473079288378358,4.100950511172414,3.1303449189290404,3.1303449189290404,3.517406916245818,3.5396471875719726,3.904421710409224,3.882025012280792,2.9203111766837537,1.8427192936651409,4.236023285891861,3.286407965235412,,,4.114974487107247,3.5075953085906804,2.5236915363930166,3.39316536905244,3.1028947457671165,,4.147713107056916,4.147713107056916,3.428487533237785,2.430544720031321,4.508199155330658,2.9686248335056007,2.9686248335056007,4.6231376910582185,3.491378289181739,,2.31901683146134,2.570165784098208,4.0698523465543985,2.608572526369244,2.7362261107191443,2.263831010553986,3.004273201338947,2.2304073930718005,3.8495415467768908,4.456646106205881,5.423075265716761,4.168965949676931,4.313196426257491,3.066204881295562,5.3741870522499084,4.813775330781937,3.884753132238984,3.570916661527008,4.315490922424942,4.527626941446215,2.174517525359988,2.13716556224972,3.4183182921260595,,3.6291926889680326,5.0037512253038585,4.169360876549035,3.6130088889040053,3.3874359922483563,3.386507886927575,3.362598566804081,,3.585878575220704,5.561312826350331,3.9602966266684234,3.049964725971222,3.4626925769262016,2.9848719695582986,,,2.632925487589091,2.382851288188249,2.3938649501651525,2.4969268636777997,3.160081522539258,2.8483924930915236,3.220660944469273,4.142487819306552,3.9269486805424094,2.8504607370123267,3.500921731814742,2.980294806882739
tt_13.700000000000001h,2.930365303531289,,,2.1670343205332756,3.1325123589485884,3.9413384115323424,3.9413384115323424,3.256277627311647,3.119198405649513,,2.657968459650874,2.639789739623666,4.922026845160872,3.07386611495167,1.9229373410344124,2.46797265810892,4.100950511172414,3.127452615648508,3.127452615648508,3.513310069683939,3.5251254313625395,3.902167847380042,3.879445011727512,2.9203111766837537,1.8407933893613517,4.236023285891861,3.2831005975604057,,,4.112786871846765,3.5049687568098307,2.523446809966117,3.3874811311252415,3.1028947457671165,,4.133047614246607,4.133047614246607,3.4247497795149684,2.4256237116642296,4.502140347380191,2.9686248335056007,2.9686248335056007,4.631402527913451,3.4897294701077044,,2.3157362234778702,2.565886388067156,4.0698523465543985,2.604177086148411,2.7323075267486274,2.263831010553986,3.002793618477881,2.2298581935465336,3.847114018164575,4.457142954226583,5.423348473850638,4.16162839345634,4.311869764700532,3.0663275425322354,5.373901891056448,4.813477765303105,3.882134956307709,3.5677345828153193,4.318187525961548,4.529844336211681,2.170564870815724,2.137122724670917,3.4140452928841114,,3.6288810865953565,5.0037512253038585,4.169360876549035,3.6098391823470592,3.384133968502283,3.383001023903489,3.358092575799674,,3.583418690599501,5.561601409688592,3.956424532458186,3.055072411429137,3.4600223717279732,2.9794279211200774,,,2.627874385099858,2.377845971379429,2.387704769615084,2.4969157348386943,3.160081522539258,2.843581945169717,3.217163826338947,4.147516233380884,3.9232666986063123,2.84647428849712,3.498601885512471,2.9762366404756904
tt_13.8h,2.9253971818834543,,,2.161216985899955,3.133473062887788,3.945577895734459,3.945577895734459,3.2653326517902315,3.1231166245415807,,2.6552813425660133,2.635960591956973,4.92102916771546,3.0690834405831993,1.917400369886309,2.4629292087629437,4.105590682476759,3.1245924648828804,3.1245924648828804,3.509272964205593,3.522451556287706,3.8999478933401406,3.876915388740599,2.925428426358849,1.8389009069651365,4.241259085945785,3.279848224017769,,,4.110624409280717,3.5023711849935353,2.523333569522947,3.3818572270683944,3.091716517228633,,4.138486655894667,4.138486655894667,3.4210577066987753,2.4207906210795045,4.512608279008418,2.9562799385748804,2.9562799385748804,4.63004215201363,3.4920602533966303,,2.3124944143928587,2.5616623894311488,4.069358661770821,2.61531374277547,2.7284670593217015,2.2707362878136337,3.001315991859883,2.229323221836239,3.8446808885782957,4.457652919925749,5.423348473850638,4.16162839345634,4.298518296331167,3.066438857000321,5.37362128123641,4.8132036668248475,3.8795413649640977,3.5645891395397484,4.320959338918328,4.53585620643571,2.166670732665807,2.137083100154996,3.409834438469261,,3.628579620271921,5.003695261664689,4.1604740233160555,3.606719782575965,3.3808635817840695,3.3795189959928393,3.3536377283744514,,3.5809920290485024,5.561889573466033,3.952595862559974,3.051167723722756,3.4600223717279732,2.9830613331869245,,,2.62285227002576,2.3728669486008584,2.3816513917408884,2.4969050181098282,3.1494099791161716,2.83883251901716,3.2137043620459735,4.142640063073486,3.91963844653219,2.842532836366445,3.498601885512471,2.9722225749865174
tt_13.9h,2.920478138141334,,,2.155449828132987,3.131675743497908,3.937960494775325,3.937960494775325,3.2543320660479367,3.108266537543386,,2.652618919033557,2.6321841063909233,4.920047899708152,3.064360779710114,1.9120164029300213,2.457975127734244,4.099587828852236,3.121786788571626,3.121786788571626,3.5052590891718864,3.519801379647106,3.8977614575996995,3.8744278722442687,2.9195847301743925,1.8370413738302886,4.2301134299486876,3.276632897555828,,,4.108486669603735,3.4998039952479303,2.523226071149111,3.3763156225904822,3.085087492596358,,4.144008023198694,4.144008023198694,3.417410229332745,2.4159925431013107,4.5224227723665535,2.9502350939437747,2.9502350939437747,4.628709780052304,3.490423886105418,,2.3092804327607155,2.5575019023381174,4.077393661253154,2.610865289811045,2.7247033724561334,2.2673752405680716,2.99984228098765,2.2287942082621157,3.8446808885782957,4.458175378385931,5.423616382293403,4.164973529521376,4.2972244480624795,3.0665396247059107,5.373345167841762,4.812952607404441,3.8770011835731566,3.561479481868446,4.3237866358831525,4.5320495455525815,2.162846098188311,2.1370464847423136,3.4056672980077565,,3.62828800175339,5.003642437048256,4.138201553374529,3.6036285958252847,3.377644042018801,3.3760946304537356,3.349215652793646,,3.57859896030277,5.562177198939025,3.9488103822804987,3.047321306541562,3.467058348003775,2.977663933299482,,,2.6179109564982355,2.367955520283431,2.375665086787194,2.4968947041779757,3.141376812476665,2.8341523809358478,3.210282053798437,4.137852633371949,3.9160634726285934,2.838651556521654,3.504677241668105,2.968266660813242
tt_14.0h,2.9156126878224313,,,2.1498154615983367,3.1298950873315334,3.930416643153876,3.930416643153876,3.2435790300369263,3.0936757805757225,,2.649982523173094,2.6201187279075384,4.919082849752158,3.059684755280614,1.9120164029300213,2.4530576900579035,4.093661486171186,3.118998412042856,3.118998412042856,3.501286511775106,3.517169642262161,3.8956038085743785,3.8744278722442687,2.9138139504939318,1.8352180891670287,4.2301134299486876,3.2734557623043656,,,4.106372662354261,3.4972667642869055,2.5231240638531744,3.370818318333477,3.078545761294663,,4.144008023198694,4.144008023198694,3.413816010579467,2.4112613247707486,4.5224227723665535,2.9442542395554483,2.9442542395554483,4.627404836937785,3.488796016201377,,2.3061088118702173,2.553390000015497,4.076908262912184,2.610865289811045,2.7210284010507166,2.2640809915028512,2.998376937583089,2.2282786169089377,3.8454351634718478,4.458710339386016,5.412487948779017,4.157753582112491,4.295955642126501,3.0666307820938528,5.373073494061828,4.812724164221436,3.874499329831451,3.5583906178362668,4.326665369793773,4.538065571337938,2.1590666472911835,2.1370126847177744,3.4015470119193196,,3.6280059469863772,5.00723163690418,4.1676827245391905,3.600574885495007,3.3744641607627273,3.372706930618733,3.3448659172281623,,3.5762387295253575,5.562464170623571,3.94507264951244,3.0435417108237743,3.464436436537653,2.9723361167125404,,,2.6130476123653352,2.3631272204220295,2.375665086787194,2.496884784195572,3.133459730539471,2.829535502474755,3.2068972317501903,4.133111665956676,3.9125609607435763,2.834830458275974,3.502394908107817,2.964369029738009
tt_14.1h,2.9107987890020013,,,2.144213315565139,3.128121529240161,3.922991190571338,3.922991190571338,3.2435790300369263,3.0960891540162265,,2.6473701000213623,2.6163874063640833,4.918133819941431,3.059684755280614,1.8987231673672795,2.4481969331391156,4.087811890058219,3.1162400795146823,3.1162400795146823,3.4973534513264894,3.5145635530352592,3.8934836322441697,3.862100393511355,2.908143064007163,1.8334492002613842,4.235340825282037,3.2703173966147006,,,4.104283186607063,3.494759633205831,2.5230273036286235,3.365399030968547,3.07208144152537,,4.145561837591231,4.145561837591231,3.410252909641713,2.4066017675213516,4.531620451249182,2.9383716229349375,2.9383716229349375,4.636933314148337,3.488796016201377,,2.3029832425527275,2.5493168579414487,4.07643807400018,2.601667916867882,2.7174136927351356,2.2608629064634442,2.9969088495709,2.22777710435912,3.8430233411490917,4.4592576823197305,5.41275101993233,4.150642616208643,4.294711507391185,3.066713214851916,5.372806209605187,4.812517964281142,3.872035393025726,3.555350170470774,4.329601398669183,4.5181376789696515,2.1553333196789026,2.136981437448412,3.397459519095719,,3.635712929535657,5.007184167858213,4.14540326083079,3.5975578743964434,3.3713232735171914,3.3693558992818,3.3405660074204206,,3.573892927262932,5.562750378623605,3.9413737817667425,3.0398081107996404,3.461874925531447,2.96707209572196,,,2.6171830208040774,2.3583380789496005,2.369734770618379,2.4968752483837306,3.1256496254354715,2.8249773597344756,3.203567252494395,4.12843565735966,3.909089065156877,2.8310847505927086,3.5001578317023814,2.960540606174618
tt_14.200000000000001h,2.906047089956701,,,2.1386804915964603,3.130883208476007,3.9346589082852006,3.9346589082852006,3.236434063874185,3.0815038620494306,,2.6497951913625,2.612710975576192,4.917200576514006,3.064447878859937,1.893453004769981,2.4434209815226495,4.082035360857844,3.113512351643294,3.113512351643294,3.4934780937619507,3.5119846225716174,3.889339005574584,3.859657405409962,2.91892011417076,1.8317232178524137,4.22444062307477,3.2672001738101244,,,4.102217045612633,3.4922870616428554,2.5229355497285724,3.360020060557872,3.0657146498560905,,4.151170930825174,4.151170930825174,3.406733199954033,2.4019990139640868,4.540503217838705,2.948036559391767,2.948036559391767,4.6356132118962705,3.4895076672546566,,2.2999253724701703,2.5452984189614654,4.075982646085322,2.5973577038384974,2.7174136927351356,2.2548672663979232,2.9954416304826736,2.227289059199393,3.8406122247688472,4.459817235358059,5.41300894273445,4.161098530516028,4.293491711374372,3.066787731833756,5.372543262783438,4.812333572190255,3.8696089619770646,3.5523439147509634,4.3325763563625515,4.524159015156329,2.151654568500817,2.136981437448412,3.393431276548654,,3.635434398893267,5.007139634806663,4.123703019693494,3.5945772044360638,3.3682208815589547,3.366039929445833,3.3405660074204206,,3.5715980897657573,5.563035712111741,3.937716173939407,3.0361293181777,3.459371312521398,2.9618534739129245,,,2.612379008438438,2.353596978355199,2.3737963307648897,2.496866088360548,3.117951987311244,2.820480339229107,3.200262628030032,4.138119175098836,3.9056685883551836,2.8273803857155144,3.4979650410823524,2.956753617618233
tt_14.3h,2.901342642493546,,,2.1332642510533333,3.129127602558583,3.9272352773696184,3.9272352773696184,3.2258668392896652,3.0671508088707924,,2.647215506993234,2.6090737162157893,4.91628292016685,3.059841833077371,1.888172258157283,2.4386941133998334,4.076331742107868,3.110813836567104,3.110813836567104,3.4896242334507406,3.5094408714212477,3.8873136029578745,3.857256756629795,2.9132250789552927,1.830035817809403,4.224493815097958,3.264135869219899,,,4.100173805374652,3.489839390385896,2.522848565131426,3.354703275952488,3.05942061310634,,4.156864207237959,4.156864207237959,3.4032565308734775,2.39744242047891,4.548831125721335,2.9421359333209693,2.9421359333209693,4.63432013662532,3.4879014315083623,,2.2969173272140324,2.5413408102467656,4.0755420620553195,2.608780692331493,2.7258481988683343,2.2516371491365135,2.9939899356104434,2.226808992214501,3.843778354115784,4.460388829931617,5.413261796813458,4.154012475628406,4.292295893654227,3.066855068784207,5.3602985250763595,4.812170582823455,3.86721962550655,3.5523439147509634,4.335621886420995,4.530166438780725,2.1480427901260555,2.125705571845174,3.3894439078867435,,3.6351650184951723,5.007097958121449,4.15259672421962,3.5916327270679176,3.365147384814918,3.362747806124389,3.3284950060769916,,3.5693345642648637,5.563320064917207,3.934099470730871,3.032504374627024,3.4569248142652214,2.9567009904421866,,,2.607600233517587,2.34893447579816,2.367950961459428,2.496857294347137,3.1103574726730585,2.816050625871867,3.196993517689407,4.133439304307103,3.896045057568699,2.823732042685151,3.495815584436059,2.953022103291005
tt_14.4h,2.909285869449377,,,2.127878521103412,3.127383006736636,3.919891278259456,3.919891278259456,3.215534618124366,3.085436528082937,,2.6446647690609097,2.6054592938162386,4.915380658116192,3.055275804363191,1.882954377681017,2.434009827207774,4.08667205600068,3.1081453803926706,3.1081453803926706,3.4858099282719195,3.5069071408361197,3.8764717169106007,3.8548965300433338,2.9076292803511024,1.8283384968526661,4.213555068243295,3.261106612626463,,,4.098153053317219,3.4874200047925115,2.5227661235257983,3.349462088663131,3.0706386319361627,,4.1626124125905335,4.1626124125905335,3.3998210965655744,2.3929418278858066,4.5565866976976395,2.9363257200457156,2.9363257200457156,4.633053520694375,3.486304745543748,,2.293922368902713,2.5374289378523827,4.075115950778127,2.6044167522341013,2.7222802750766277,2.2484706048853695,2.992520584259182,2.2263397900387645,3.841384100727737,4.460962453857064,5.413509659469128,4.146996283438057,4.291123683564365,3.066915894392878,5.360034905839711,4.812028589192778,3.8724331515841186,3.5396475065499544,4.338721620384604,4.52636483637616,2.1444885642267764,2.1256763846613467,3.3855012501589954,,3.634904521983117,5.007059060037136,4.130909591447562,3.58873779932037,3.362121890299022,3.359510282520205,3.3242472279816866,,3.5671026101335883,5.563603335060179,3.930523638613522,3.028931647539139,3.4663566378876567,2.951609300915152,,,2.602890904992819,2.3443399341776967,2.3621967006474733,2.4969285065308213,3.1233692807145417,2.811678485479206,3.193759258836508,4.128823961131275,3.8926472240127623,2.82014005118981,3.493725899606943,2.949346628971398
tt_14.5h,2.9045890755951405,,,2.122569423634559,3.1256529074162245,3.9126638011075556,3.9126638011075556,3.2243839581497014,3.071086802519858,,2.6421213876456022,2.601897604763508,4.91989126149565,3.0507790516130626,1.8778993980959058,2.4294006270356476,4.080968480091542,3.1055302480235696,3.1055302480235696,3.482033594045788,3.5043942290358245,3.8744718357920647,3.852577270474285,2.902114790864289,1.8249972108751535,4.202848477754742,3.2581136603839695,,,4.096154695842415,3.48502756934613,2.522688016295433,3.358511024620384,3.0643556034192443,,4.158547176513821,4.158547176513821,3.3964380151592195,2.3885208913125098,4.5572247533127666,2.930569479241967,2.930569479241967,4.63181281927973,3.472523151896894,,2.2909553139470518,2.5335530703887343,4.074703868478537,2.600240900646895,2.7187957554124296,2.245376934297383,2.991058785934001,2.2258825544267893,3.8389890249818563,4.461557164322585,5.413752608466893,4.1412344998680055,4.289974769111723,3.0711837257258594,5.359775587916374,4.811907161492854,3.8700809623114765,3.5366775575093925,4.341877161990851,4.53235741565004,2.140961309429258,2.1256494373083115,3.3815893973223865,,3.6346526495181024,5.00702286278829,4.159739610739052,3.585867327172309,3.3591343355365098,3.3563062427565455,3.3200472476892173,,3.5649007274769247,5.563885395415127,3.9269936098717153,3.0254212599247694,3.4638982387259603,2.939135143533349,,,2.5982546424493194,2.3397692823782563,2.3564730575308204,2.496920059900731,3.115774866193533,2.807361837476492,3.1905603925697505,4.1242716405540705,3.8893003072589636,2.8093976085074246,3.491660478990525,2.9457390350289643
tt_14.6h,2.899941856507212,,,2.11737038847059,3.1122986087575555,3.900774357840419,3.900774357840419,3.2243839581497014,3.056963679846376,,2.6396357184275985,2.5983905475586653,4.91989126149565,3.046339745633304,1.8728319378569722,2.4248598953709006,4.0753367017023265,3.102929990272969,3.102929990272969,3.485266837757081,3.508604990784079,3.872502211481333,3.8502908418886364,2.891076573636383,1.8233619746752083,4.218781374394894,3.2456140844151378,,,4.094185214024037,3.4826635220088065,2.5226143863983452,3.353254636283964,3.0581443668343127,,4.164356518071145,4.164356518071145,3.393083004746586,2.3841315396130085,4.564717491157353,2.9343630322255194,2.9343630322255194,4.6251356159336865,3.4709398350678384,,2.2880484126508236,2.529728691559285,4.074307372793555,2.6116692340001464,2.7153664864599705,2.242354658897966,2.9896019967272878,2.225438203662634,3.8365884898230433,4.462156415451318,5.413990724366158,4.1342609422281384,4.288848841562867,3.0712430914863944,5.359520513098687,4.811805903445929,3.8677652119658887,3.533741105813533,4.345087927766144,4.528538391459733,2.144531301688403,2.1256245812401175,3.377735400572419,,3.634409146849066,5.006989290006459,4.138087185099721,3.5830317176878452,3.356184166390449,3.3531377548351884,3.315878301858902,,3.562729759607464,5.564165617804974,3.931201640982181,3.021950652357191,3.461496191099286,2.939135143533349,,,2.59367248788476,2.335270533338189,2.350835028104484,2.496911961119622,3.108284362591803,2.8031049938872457,3.187414983753115,4.1198022635653615,3.8860041103325784,2.8093976085074246,3.4997522505000234,2.9421712388284504
tt_14.700000000000001h,2.8953428841196,,,2.1214232770726085,3.110584018751979,3.900774357840419,3.900774357840419,3.2142415959388018,3.0430595367215574,,2.6371592739596963,2.594937157817185,4.919004736002535,3.0419423170387745,1.8677943130023777,2.420350179541856,4.069777046330273,3.1003580749966204,3.1003580749966204,3.4815296162851155,3.506109017878771,3.8705624528229237,3.848031183704734,2.891076573636383,1.8217691560275853,4.2080803220160306,3.2426608689129353,,,4.092244231142104,3.4803276360034943,2.5225450177676976,3.3480723961256444,3.052029194775969,,4.1702459254302084,4.1702459254302084,3.389768132008612,2.379795836750418,4.57167609129101,2.9343630322255194,2.9343630322255194,4.623880093451589,3.4693692601285875,,2.2852034592069685,2.5259625767357647,4.082305499818176,2.6074510039761662,2.7120048641227186,2.252241325099021,2.9881449909880757,2.2250053407624364,3.837344969622791,4.462760183494538,5.4142240840010345,4.127356234937906,4.287745528388768,3.0712966937571764,5.359269630163908,4.811724407132715,3.865485551767051,3.530838201753795,4.34833648847416,4.534536528866738,2.1410499517805874,2.1256016767583787,3.381636744365096,,3.6341737736947834,5.006958266720176,4.116965014953166,3.580230636522174,3.35327028343454,3.350002719089389,3.3117777658626437,,3.5605889540165663,5.5644439295865595,3.9277103543281555,3.01852955436334,3.459148176945746,2.934105728752911,,,2.5891161770559847,2.3308480018749833,2.345295827370137,2.496904200874269,3.100900704972446,2.7989132637158036,3.1842935499735177,4.115372983273119,3.8827581759542227,2.80585361411795,3.4976778090931475,2.9386566770263016
tt_14.8h,2.890804946888238,,,2.1162847662344575,3.108879692852497,3.8936440902762115,3.8936440902762115,3.2043072003871202,3.06088300794363,,2.634721995331347,2.59150382084772,4.9181332108564675,3.037608925253153,1.8629359533078969,2.4158980743959546,4.064285589382052,3.0978146153502166,3.0978146153502166,3.4815296162851155,3.503639499656856,3.868652790784836,3.851842239499092,2.885634803213179,1.8201905526220798,4.197579714469612,3.2397434525191784,,,4.090330868959427,3.4780228049494326,2.5224797097034752,3.3429282065480947,3.045993728097528,,4.1721145384944975,4.1721145384944975,3.386493906378746,2.3755235634744167,4.578167429659516,2.9286820078268647,2.9286820078268647,4.622650069650263,3.47012245003134,,2.2823889986611903,2.5222466215491295,4.082305499818176,2.6148508731275797,2.708709739148617,2.249196546152234,2.9866993092000484,2.2245821547694504,3.837344969622791,4.463368437252939,5.419245033990592,4.130723521113396,4.2866645297035575,3.07134507317096,5.359022886492312,4.814789954107255,3.865485551767051,3.5279684639535844,4.351666453294456,4.536704720929265,2.1410499517805874,2.125580591149628,3.377824743743986,,3.6337268478237092,5.006929718423635,4.129110522102565,3.583762787282467,3.3503915360197425,3.346888783853501,3.3077237638644874,,3.5584606966003776,5.564720259048045,3.9277103543281555,3.0151578253135085,3.4568535084836185,2.929117447230965,,,2.584638688713312,2.3264579800888896,2.3397738630883396,2.496896769385785,3.093614937737584,2.7947750384919345,3.181206723675132,4.120351602323353,3.879581398330629,2.802364523522556,3.4956452515907586,2.9351918534375727
tt_14.9h,2.8863101368770003,,,2.1111666369251907,3.1099332561716437,3.8865877212956548,3.8865877212956548,3.2130656503140926,3.046985836699605,,2.632310934830457,2.58810230018571,4.917276501655579,3.033329462632537,1.8581038569100201,2.4115245612338185,4.06891822302714,3.09529790841043,3.09529790841043,3.4778471793979406,3.5011878577060997,3.86677287844941,3.851842239499092,2.8802643083035946,1.818663351237774,4.20277983834967,3.236844851169735,,,4.08844596799463,3.475743929389864,2.522418265696615,3.3378426716662943,3.040027405600995,,4.1721145384944975,4.1721145384944975,3.383258108049631,2.371318813879043,4.585613967850804,2.9230949599295855,2.9230949599295855,4.6214257148094475,3.47012245003134,,2.2796149058267474,2.518560741096735,4.081914460752159,2.6148508731275797,2.7054930473677814,2.2462215716950595,2.9852568707428873,2.22417030017823,3.8349474645219743,4.463981074746698,5.419474143534899,4.130723521113396,4.285605551209301,3.071388721000403,5.358780232723802,4.814746277406812,3.8632270991802216,3.5251157572492957,4.3550616735592484,4.536704720929265,2.1376092941500247,2.1255611991509795,3.3740498241968453,,3.633514822460711,5.006903572008014,4.1080007776618,3.581000885926187,3.347540361341089,3.3438288923352957,3.3037153123877943,,3.5563798174262047,5.564994539134204,3.9242541324347258,3.011832784861326,3.4476744518615305,2.924194062128663,,,2.580229938495904,2.322109267115593,2.3343470254912972,2.496889657340944,3.0864333105273545,2.8001829381100833,3.1781533318571746,4.120351602323353,3.8764329901896417,2.798945501446724,3.4936712221242487,2.9317764807492495
tt_15.0h,2.881856373976916,,,2.1061314423568547,3.1099332561716437,3.890810734592378,3.890810734592378,3.2130656503140926,3.0333055993542075,,2.6299111540429294,2.5847512586042285,4.91643441002816,3.029105244204402,1.8610132774338126,2.4071996244601905,4.063495121896267,3.0928093874827027,3.0928093874827027,3.474184008780867,3.4987653428688645,3.8649177635088563,3.849614511243999,2.885322215501219,1.8171723685227334,4.20277983834967,3.233998811338097,,,4.086588487960398,3.4734907019883394,2.5223604957573116,3.3328291261568666,3.044956110883504,,4.178151662927121,4.178151662927121,3.380072366911918,2.367153008002788,4.585613967850804,2.9175715688616037,2.9175715688616037,4.620245061814785,3.4685742468573153,,2.276869389694184,2.5149227255024016,4.081536331679672,2.6107576228678226,2.702326445840299,2.2433148436248302,2.9838188006542623,2.2237689369358122,3.8325333800166845,4.464598017279059,5.419474143534899,4.12392824748531,4.284568295814097,3.071428084280342,5.358541616238654,4.814721343573183,3.861018427181989,3.522308934945613,4.358522136230022,4.542696950957179,2.134229773655534,2.125543382950127,3.3703166232444346,,3.633310114964843,5.006879755295813,4.115133436862379,3.578272783663124,3.3447350142523646,3.3408008026890457,3.2997358734719455,,3.5543283615261316,5.565266706980765,3.920836193021387,3.008565664757043,3.4476744518615305,2.9193297401070595,,,2.575841071549803,2.3178305197507143,2.329002682119608,2.4968828558921814,3.0918334051966667,2.7960979910567403,3.175134304910898,4.115978532470763,3.873333389405161,2.7955626738257706,3.491720355115831,2.9284211760386825
tt_15.1h,2.8774715587496758,,,2.1061314423568547,3.108255420345813,3.890810734592378,3.890810734592378,3.2033118060790002,3.0372572522610426,,2.6275453716516495,2.581454999279231,4.915606772061437,3.0249184747226536,1.8562070573680103,2.4029057663865387,4.063495121896267,3.0903693791478872,3.0903693791478872,3.470557585824281,3.4963655546307564,3.863096795976162,3.8474125149659812,2.885322215501219,1.8157206904143095,4.192499996628612,3.231185378972441,,,4.084758028388023,3.471263892017305,2.5223062173463404,3.3278509378433228,3.044956110883504,,4.1842720890417695,4.1842720890417695,3.376912404317409,2.363023199606687,4.591406668070704,2.92135503096506,2.92135503096506,4.62836041720584,3.467037981841713,,2.274137382861227,2.511336592491716,4.081170715391636,2.606348946224898,2.7105788635089993,2.2501433175057173,2.9823909336701035,2.2233791267499328,3.8171743010170758,4.46521913446486,5.419698641169816,4.127293647732586,4.28353950753808,3.071463568136096,5.358306983951479,4.814714743755758,3.8588412292301655,3.519533366430551,4.362047780305147,4.522757646162063,2.1309153898619115,2.1303771445527673,3.3666268759407103,,3.6331125027500093,5.006858197040856,4.115133436862379,3.575578632298857,3.341964950785041,3.337805604096502,3.2958225402981043,,3.5523053519427776,5.565536697395146,3.9174563246779144,3.0135038439184427,3.445421088952571,2.914509542286396,,,2.5715122749097645,2.3136319927871227,2.32368079200387,2.4968763552606106,3.084746246226132,2.7920630564913154,3.172166011761874,4.1116641676053405,3.8702823435887694,2.792230785358697,3.4898090925998986,2.9250986664555967
tt_15.200000000000001h,2.8731287983246148,,,2.1012184200808406,3.106609837152064,3.8838472706265748,3.8838472706265748,3.2120041893795133,3.0372572522610426,,2.625176959205419,2.5782067766413093,4.9147933810018,3.0207939269021153,1.8562070573680103,2.3986740042455494,4.05814059311524,3.0879434691742063,3.0879434691742063,3.4669671948067844,3.4940046183764935,3.861304508522153,3.845246964599937,2.880022707860917,1.8143098163418472,4.197681547142565,3.2284048348665237,,,4.082954321056604,3.4690618505701423,2.5222552521154284,3.322930228430778,3.039067712146789,,4.1701901173219085,4.1701901173219085,3.3813677984289825,2.3589675123803318,4.596753356978297,2.92135503096506,2.92135503096506,4.62836041720584,3.467819971498102,,2.271470133215189,2.507806239183992,4.080817230045795,2.6022049454040825,2.707453133072704,2.247281459160149,2.98096238495782,2.223000617697835,3.8171743010170758,4.465844206977636,5.4199186051264405,4.127293647732586,4.2825447684153914,3.071495541371405,5.358076284639537,4.814714743755758,3.856695140246302,3.5167891085147858,4.365621494594961,4.528759864158928,2.127645476721227,2.1303605963476,3.362964931409806,,3.6329217683523893,5.006838827393949,4.094561476260424,3.575578632298857,3.3392291320487857,3.3318959679454565,3.291953684296459,,3.550311923958361,5.565804452635348,3.9141145045869052,3.010270699393004,3.443218234926462,2.9097502012737095,,,2.5672511979937553,2.3094445993192494,2.3184451209381223,2.4968701461330056,3.084746246226132,2.7880817060358822,3.1692205504514277,4.107407244853675,3.867279512807727,2.788950181566179,3.495808793697506,2.9218225507065654
tt_15.3h,2.8764013391919434,,,2.096298912540078,3.107691562268883,3.8769931085407734,3.8769931085407734,3.202426042407751,3.023788477294147,,2.622870637103915,2.5749740195460618,4.913994073867798,3.0167213026434183,1.8514428222551942,2.3945216578431427,4.052851782180369,3.0855460027232766,3.0855460027232766,3.4634104650467634,3.491654136683792,3.859540550969541,3.8431108011864126,2.874813331756741,1.8129027555696666,4.197681547142565,3.225657961796969,,,4.081177031621337,3.4668860477395356,2.522207431960851,3.3180598989129066,3.033267683815211,,4.1701901173219085,4.1701901173219085,3.3782421299256384,2.3549725166521966,4.601700666826218,2.9158989270217717,2.9158989270217717,4.627189194783568,3.467819971498102,,2.268859321717173,2.504307918716222,4.080475506838411,2.6099378471262753,2.7044017245061696,2.247281459160149,2.9795340662822127,2.2226283908821642,3.8147490224801004,4.4664726331830025,5.420134108979255,4.120623933151364,4.281566615216434,3.0715243383310735,5.357849469408393,4.814726068172604,3.8545797988772392,3.5140761472284794,4.369277244433761,4.530923435930163,2.1244044676423073,2.130345420911908,3.359353714156896,,3.6327376984991133,5.006821576505899,4.122237997595221,3.5729318521916866,3.336527291685343,3.329005223698914,3.2881282586604357,,3.5483457292430103,5.566069912631065,3.910815814975649,3.0070716668851674,3.450107912532985,2.913384695071727,,,2.56304969266057,2.3053065058775246,2.3132996349595487,2.4968642201274633,3.0777538707479835,2.784160833340138,3.1634288378991187,4.096262190490961,3.864344039466232,2.7857357282191515,3.49394597671926,2.918593508657068
tt_15.4h,2.872109282296151,,,2.0914233289659023,3.107691562268883,3.881184457335621,3.881184457335621,3.202426042407751,3.011616461444646,,2.6205656304955482,2.5717733688652515,4.913208657875657,3.0127013376913965,1.8468490089289844,2.390403213445097,4.047627929598093,3.083174262661487,3.083174262661487,3.459907335229218,3.4934568437747657,3.857804466970265,3.8410039306618273,2.87984338356182,1.811493297573179,4.18675620900467,3.2229452175088227,,,4.0794258886016905,3.464736928232014,2.5221625925041735,3.305776827968657,3.027532452251762,,4.176485189702362,4.176485189702362,3.3751545608974993,2.3510136120021343,4.5923243327997625,2.910500954836607,2.910500954836607,4.626041499897838,3.466307224240154,,2.266279430128634,2.5008460846729577,4.080145182553679,2.6099378471262753,2.7044017245061696,2.244484828785062,2.978124722838402,2.2222677399404347,3.8123146342113614,4.467104475479573,5.420345221180469,4.123969134874642,4.2806047718040645,3.0715502626262605,5.3576264888979495,4.814754907507449,3.8524948400445282,3.5113938846625388,4.372997347265482,4.530923435930163,2.121191547252238,2.130331519525498,3.355778632219881,,3.6325600864365697,5.010392883326858,4.101677322760224,3.570307196583599,3.333858496043831,3.326143670361489,3.2843292551115155,,3.546409302391112,5.566333021502942,3.907549493946135,3.0039164880290627,3.447944027837366,2.9086792431771755,,,2.558866547420621,2.3012412572279572,2.3081668904051185,2.4968585674650967,3.070861143991351,2.780290794093162,3.160579301882535,4.092061495408416,3.8614348783157766,2.7910371855832636,3.4921040078625083,2.915410967543721
tt_15.5h,2.8678628895431757,,,2.0866772565059364,3.10606125369668,3.8744197455234826,3.8744197455234826,3.1930244895629585,3.011616461444646,,2.618300154339522,2.568621903192252,4.912436841521412,3.0087158251553774,1.8422882012091577,2.386319418437779,4.036151847802103,3.080828072503209,3.080828072503209,3.456420919392258,3.4911467446945608,3.856095999944955,3.844809008296579,2.8747029807418585,1.8101194519549608,4.176652839872986,3.220249283593148,,,4.0777005846612155,3.46261265873909,2.5287423809058964,3.300979863386601,3.032464001327753,,4.182848069816828,4.182848069816828,3.372104726266116,2.3470882610417902,4.5923243327997625,2.89817195571959,2.89817195571959,4.63409582991153,3.467100732959807,,2.263744818046689,2.497432447504252,4.088122163899243,2.6059308485127985,2.701397736556828,2.2417521253228188,2.9766988730989397,2.2219148818403482,3.813040154054761,4.467739646323025,5.42055200971663,4.123969134874642,4.283470567781478,3.0758719430305064,5.361209562513977,4.814799877814949,3.8504398786462843,3.5148292374797165,4.3767819670028985,4.5330838318914175,2.118039791006595,2.130331519525498,3.355778632219881,,3.632388729136437,5.010377768427134,4.108744357246906,3.5677138781175017,3.3312149825505912,3.3233115607872605,3.288399518467486,,3.5445017418824136,5.566593725699931,3.904319457244128,3.0008076489903033,3.447944027837366,2.9040304413065314,,,2.5547479675151408,2.2972487290389836,2.3031236324459314,2.4968531779013574,3.064057723619044,2.7764684627763927,3.1577637628652155,4.092061495408416,3.8647552891634405,2.7878503277897835,3.4921040078625083,2.912285143509507
tt_15.6h,2.8678628895431757,,,2.081998244393617,3.107158132363111,3.8744197455234826,3.8744197455234826,3.1855422956869006,2.998357655480504,,2.616046806331724,2.5655215913429856,4.911658358760178,3.0047899880446494,1.83770656818524,2.3906444245949388,4.030992110259831,3.0785070806741714,3.0785070806741714,3.452972608152777,3.488849241286516,3.8544146600179374,3.842726102564484,2.8747029807418585,1.8087515644729137,4.176652839872986,3.2176033509895205,,,4.07600081153214,3.4584474288858473,2.5286988522857428,3.2962150359526277,3.026805079076439,,4.185052661690861,4.185052661690861,3.369090988766402,2.343232905957848,4.596704985480756,2.8928577383048832,2.8928577383048832,4.632956621237099,3.467100732959807,,2.2612064322456717,2.4940735097043216,4.087797809392214,2.6137990378774703,2.698453979101032,2.2485450790263712,2.9752794676460326,2.221571897622198,3.813040154054761,4.468377996236086,5.420754544902593,4.1174039538018405,4.282527235336602,3.0758946877904236,5.360989865381271,4.814839764032513,3.8484001024626195,3.5121783926151693,4.380614353343844,4.5330838318914175,2.114954408723861,2.1303187990561128,3.3522442458197474,,3.6322234296239913,5.010363038163632,4.108744357246906,3.565151648595929,3.3286147261969745,3.320514366030693,3.284645882435143,,3.5407511782832444,5.566851972602308,3.9011255581863225,2.997743191663176,3.445829558186233,2.9040304413065314,,,2.5506956563331187,2.293264030944556,2.307175365742296,2.496848042588681,3.0694442368112504,2.772696928586811,3.1549983145669103,4.087939642369747,3.861915605608374,2.784728621598333,3.490299324505031,2.9091892316937447
tt_15.700000000000001h,2.8636603308841586,,,2.0773195633664727,3.105556618887931,3.8677213662303984,3.8677213662303984,3.1763069182634354,3.0023189252242446,,2.6138178687542677,2.5695589017122984,4.910908218473196,3.000913697760552,1.8332279226742685,2.3866101657040417,4.025896875187755,3.076212063897401,3.076212063897401,3.449561320245266,3.4865824948064983,3.8527601682581007,3.8406716068275273,2.86963561642915,1.8074051113799214,4.181813081260771,3.214988090097904,,,4.074325688648969,3.4564002654515207,2.5286580799147487,3.2915051369927824,3.0212352382950485,,4.191597605589777,4.191597605589777,3.3661115039139986,2.331330623012036,4.600744834635407,2.8928577383048832,2.8928577383048832,4.632956621237099,3.465612533967942,,2.2587089794687927,2.4907618104480207,4.087484278250486,2.6137990378774703,2.695569927804172,2.245852936990559,2.9738692506216466,2.222753285896033,3.8106082561425865,4.469019421376288,5.42579337535426,4.104661023709923,4.281599628739059,3.075929282233119,5.36077461251989,4.814874678850174,3.8464040402323008,3.5095437220297754,4.384529026225209,4.539070945233107,2.1119147376157343,2.1303071710281074,3.348736853338778,,3.632063995115459,5.0103486850857735,4.099700899794698,3.562619772274047,3.3260475299321115,3.317742283921689,3.2809565565548837,,3.5389294675551355,5.567107713315636,3.8979678764007986,2.997743191663176,3.443762438837439,2.8994394363835454,,,2.5466984803788364,2.2813480542972684,2.302192194852978,2.496843152679503,3.062731174752116,2.768981894943863,3.152251459658146,4.0838540606200695,3.859120123554021,2.781641120556742,3.4885311601683497,2.906136929988861
tt_15.8h,2.8595154411159456,,,2.072733093518764,3.105556618887931,3.8719198261387646,3.8719198261387646,3.1763069182634354,2.9892659578472376,,2.6116054677404463,2.566490938887,4.899328031111509,3.005643283482641,1.8361767902970314,2.382635107729584,4.025896875187755,3.063963769003749,3.063963769003749,3.4462033812887967,3.484332383610308,3.851132137235254,3.8406716068275273,2.8746541193686426,1.806105448398739,4.171893815044314,3.2124038701877,,,4.0726761519908905,3.4543757205829024,2.5286199185065925,3.2868442153558135,3.0212352382950485,,4.191597605589777,4.191597605589777,3.363180093932897,2.3275214480236173,4.607045422308147,2.8876032885164022,2.8876032885164022,4.631840022280812,3.4503154288977385,,2.2562635829672217,2.487476042471826,4.087181233335286,2.621858899947256,2.6927424231544137,2.245852936990559,2.9724583569914103,2.2224265281111,3.808171243406832,4.469663766678423,5.4259921396151185,4.098178297281265,4.2806874839589,3.075947661884129,5.360563727561384,4.814904731698334,3.844436847604811,3.5069532254710793,4.388507994823158,4.541242936160415,2.1088933716528118,2.1302965534850955,3.3452818715013564,,3.6319102374836802,5.0103347026742995,4.079664083663374,3.5601183427497745,3.3210092838853598,3.314989810809493,3.2773096142336726,,3.5371308755129576,5.567360901739448,3.8948514428921044,2.9947300548665226,3.450607289560139,2.8948774179443717,,,2.54271671641618,2.2774138040840626,2.2972964299842715,2.496909769717604,3.056112944148481,2.7653160435147583,3.1495355777442455,4.079824407119304,3.8563690348528326,2.7785990363918245,3.486798790283501,2.903128577861935
tt_15.9h,2.8554089865647256,,,2.0682515646331012,3.103967072442174,3.8653063741512597,3.8653063741512597,3.184865575749427,2.9892659578472376,,2.609410331584513,2.563461620360613,4.898586634080857,3.0018125507049263,1.8318034410476685,2.378737444989383,4.020863454788923,3.061695477925241,3.061695477925241,3.4333191090263426,3.484332383610308,3.849530312232673,3.8386443736962974,2.869654028210789,1.8048188867978752,4.171893815044314,3.2098513734526932,,,4.071051188278943,3.452375211752951,2.528584225103259,3.2868442153558135,3.015736556611955,,4.198215316049755,4.198215316049755,3.3602718533948064,2.3237810414284468,4.6106040622107685,2.8913807766512036,2.8913807766512036,4.630745532456785,3.4488493618555367,,2.251502483151853,2.4842273383401334,4.087181233335286,2.621858899947256,2.7008649865165353,2.2432215600274503,2.9710588906891644,2.222109743859619,3.808875108137727,4.470310566946864,5.426186792552471,4.098178297281265,4.27979052439332,3.0759641393087804,5.360357131808996,4.814930030610412,3.8424982191063464,3.5043924800120294,4.39255137136206,4.541242936160415,2.1059087715111673,2.1302868695929646,3.341862206812948,,3.6317619727924466,5.01032108347863,4.079664083663374,3.557659992016852,3.3185366201214492,3.312290200497955,3.2737037455663085,,3.535360835492611,5.567611490376294,3.8917656410485506,2.9917492610402405,3.448576324619353,2.89037866005674,,,2.53879606584087,2.273524532094598,2.2924050064757466,2.4969053408131003,3.056112944148481,2.7616959759034216,3.1468494115397334,4.084767101332545,3.853661945555359,2.7785990363918245,3.47668564459309,2.9001636961475015
tt_16.0h,2.851347761694342,,,2.0637669540010393,3.0889918082393706,3.8587958267889917,3.8587958267889917,3.175792060326785,2.9932267921976745,,2.607257717754692,2.5604599807411432,4.897855882998556,2.998031440190971,1.8275251751765609,2.3748739790171385,4.025486548431218,3.059468420688063,3.059468420688063,3.4300012830644846,3.4821115168742836,3.8479501544497907,3.836644313763827,2.864717736374587,1.8035505055449903,4.1770355380140245,3.2073310716077685,,,4.069450472481549,3.450399475172162,2.528550869319588,3.2822488914243877,3.0102997766807675,,4.200612012762576,4.200612012762576,3.357398495543748,2.3200619872659445,4.6106040622107685,2.886186083778739,2.886186083778739,4.638770019635558,3.4488493618555367,,2.2491684020496905,2.4810259607620537,4.08688835054636,2.6179159283638,2.698074921965599,2.2338980054482818,2.9696678332984447,2.221801250241697,3.806442068889737,4.470959582831711,5.42637739982456,4.101531330496073,4.278908513486385,3.0759789030998945,5.360154751688242,4.814950680360198,3.8405878208577633,3.50186225771904,4.396642391569912,4.527328881435096,2.109467862173915,2.1351093533448875,3.338476834818721,,3.6316190217621624,5.010307820979506,4.086708391550928,3.5552214016206563,3.3160869595594704,3.3096129526384175,3.2701383093371987,,3.533620490692556,5.567859436850995,3.8959699259139597,2.988810305017978,3.4465910703875124,2.8940081018954515,,,2.5349378418177366,2.2697020559571683,2.2876012376509607,2.496901132632047,3.0495807020924985,2.7581226876936853,3.144192506093532,4.080790433567017,3.850998569279909,2.7756034499034286,3.4749807147309184,2.897253742441535
tt_16.1h,2.8546405392698944,,,2.0593225210905075,3.087432519067079,3.8587958267889917,3.8587958267889917,3.166912215296179,2.9803513414226472,,2.6051202206872404,2.557492314837873,4.897135617677122,2.994285089895129,1.8231961061246693,2.3710380834527314,4.020514311734587,3.0572583503089845,3.0572583503089845,3.426702172961086,3.4799111341126263,3.846400315873325,3.8346706447191536,2.864717736374587,1.8023490435443819,4.167273593600839,3.2048430368304253,,,4.067873724736273,3.4484467175789177,2.5285197221674025,3.277687208261341,2.9991299053654075,,4.207420282997191,4.207420282997191,3.354560673702508,2.3163851932622492,4.613875097595155,2.881038202904165,2.881038202904165,4.637679639738053,3.449669328518212,,2.2468633535318077,2.4778774147853255,4.086605316027999,2.609993349760771,2.6953416746109724,2.2313058930449188,2.9722482501529157,2.2215009802021086,3.806442068889737,4.4722640248946846,5.426564029417932,4.095143774989992,4.278041213285178,3.0759789030998945,5.3599565154872835,4.8019509869627655,3.8387053525075316,3.4993623634800315,4.400815644767135,4.533321892376989,2.1065312204882503,2.1351004117168486,3.3351291697472334,,3.6314812088385224,5.0102949077263474,4.086708391550928,3.552812661509961,3.3136781584471464,3.306968373246491,3.2665989589877427,,3.53190236678347,5.568104701582342,3.8929188274778426,2.9859125083312392,3.4465910703875124,2.8895625732839108,,,2.5229342854581773,2.2659579063765705,2.282881662249565,2.4968971367925406,3.0388483558781445,2.7545991097576916,3.141566939651966,4.076867783907801,3.8483979855664074,2.7726551848463714,3.473310139030218,2.8943708795122802
tt_16.200000000000003h,2.850628657732159,,,2.0634191022254527,3.087432519067079,3.846876037772745,3.846876037772745,3.166912215296179,2.9803513414226472,,2.603016014676541,2.554557288531214,4.896425796672702,2.9905937858857214,1.818927296437323,2.3672536169178784,4.015602307394147,3.0550732756964862,3.0550732756964862,3.4234383702278137,3.47775139240548,3.84487590380013,3.8384762182831764,2.859867033082992,1.8011723905801773,4.167273593600839,3.202370245475322,,,4.06632067495957,3.446518637239933,2.528490661177784,3.273177057504654,2.993766190484166,,4.207420282997191,4.207420282997191,3.3517564507201314,2.312757895793766,4.6197915486991405,2.881038202904165,2.881038202904165,4.6366378935053945,3.4482260360382497,,2.244574312120676,2.4747733622789383,4.08633182104677,2.609993349760771,2.6926636728458107,2.228773334994912,2.970862498972565,2.2212095074355602,3.8071185261942446,4.472919165156782,5.42674675071612,4.095143774989992,4.277188389096409,3.0759921236895025,5.359762353822589,4.801962791476399,3.8368504983372986,3.4968921788968146,4.405052957590669,4.529495468363166,2.103645669296384,2.1350922556594014,3.3318062615580857,,3.631348364520818,5.010282337665558,4.093704835046083,3.556385488715023,3.3113005561754107,3.3043527817353606,3.2665989589877427,,3.530214485246688,5.568347243126482,3.8899018159136176,2.983056867495179,3.453403187915683,2.885172253474593,,,2.519121847115457,2.262222981080413,2.278176831547171,2.4968933458440006,3.0324013950303197,2.7511298237368464,3.138988235965371,4.076867783907801,3.845819474197924,2.769766769371927,3.471673200838268,2.891528251580894
tt_16.3h,2.846659585367888,,,2.0590359568595886,3.085892040282488,3.84042732976377,3.84042732976377,3.175372704397887,2.967689377255738,,2.6009260676801205,2.5516618359833956,4.8957262532785535,2.9869476188905537,1.8148213541135192,2.363550044130534,4.010750058572739,3.0529124815948308,3.0529124815948308,3.420211282093078,3.4796395963057876,3.8433764739893377,3.8365244544111192,2.848760648164898,1.8000061865895987,4.17241791728884,3.1999432677403092,,,4.064791054930538,3.4446191540919244,2.5284635690040886,3.268731447868049,2.988486952148378,,4.209942772518843,4.209942772518843,3.3489960143342614,2.3092000037431717,4.622706862166524,2.8848291067406535,2.8848291067406535,4.6366378935053945,3.4467965746298432,,2.2423158450983465,2.471693011932075,4.078183104749769,2.6183644286356866,2.690039054490626,2.228773334994912,2.9694838635623455,2.220923237502575,3.8046878408640623,4.473575237672776,5.42674675071612,4.098485897760838,4.276349785272032,3.0760039556771517,5.359572192188352,4.801970204338431,3.8350229137577116,3.4944370836019516,4.409354551229626,4.535504196770489,2.1008069664239883,2.1350848246365786,3.328531610313803,,3.6312203193083405,5.010270103812218,4.074189578648657,3.554009639658034,3.308953767642379,3.3017619238235056,3.2631192333064973,,3.5285493889823556,5.568587027490139,3.886918461881578,2.9802390886470675,3.4514523837715387,2.8808142635971308,,,2.5153687545098364,2.258520292583853,2.2735243681818247,2.4968897509388626,3.026044940110296,2.7477041967213154,3.136427399236709,4.073019209317863,3.845819474197924,2.77502708369866,3.471673200838268,2.8887262395583093
tt_16.400000000000002h,2.8427433385513723,,,2.0547680240124464,3.0870468537323177,3.8340577157214284,3.8340577157214284,3.16664611781016,2.971662826836109,,2.5988646210171282,2.5488161901012063,4.895019379910082,2.9833487276919186,1.8107560058124363,2.3598895585164428,4.010750058572739,3.0507746362127364,3.0507746362127364,3.4170183171518147,3.477518712170422,3.841901821549982,3.8345980956219137,2.84397582616657,1.7988928309641778,4.162827576044947,3.1975446580909193,,,4.06328549515456,3.4427377083338797,2.5284383287653327,3.2725434424355626,2.983275923412293,,4.216906022746116,4.216906022746116,3.346256663557142,2.3056789888069034,4.6253866530023515,2.8797470605932176,2.8797470605932176,4.628509070258588,3.4467965746298432,,2.2401032922789454,2.4656458240933716,4.07791464868933,2.614486671052873,2.6874792291782796,2.2262996127828956,2.9681069678626955,2.2206465266644955,3.802258170209825,4.474229169078171,5.426925630774349,4.092191425152123,4.275525160133839,3.076014538295567,5.359572192188352,4.8019733261317015,3.8332222644239664,3.4944370836019516,4.41370363580063,4.535504196770489,2.0980271049775183,2.135078060440719,3.3252901476807892,,3.631096911150962,5.010270103812218,4.074189578648657,3.551663135178387,3.3066362398676574,3.299191715195775,3.2596791707910597,,3.5269070556387305,5.568823572713882,3.8839687719009817,2.9689863063395023,3.4495454649440944,2.8765116673894227,,,2.5116274328902364,2.254880362190306,2.268967761192471,2.496886345092207,3.019771617371589,2.744320180732757,3.1338958549313247,4.077927990350872,3.8432832108810544,2.7721624593250453,3.4700692375190556,2.8859651489183307
tt_16.500000000000004h,2.838863124139607,,,2.0505691315047443,3.0855351858772337,3.8340577157214284,3.8340577157214284,3.158073589671403,2.959188433829695,,2.5968126701191068,2.5460079750046134,4.894340160768479,2.979796560946852,1.8107560058124363,2.3562465007416904,4.005958140362054,3.0486591886729,3.0486591886729,3.413875797763467,3.475402982439846,3.8404517178423703,3.8326917649246752,2.839256431441754,1.7978135086596012,4.161432434339076,3.195176085922867,,,4.060354370623827,3.440881790127605,2.5284148124046624,3.2681471123360097,2.978123906534165,,4.223991974256933,4.223991974256933,3.34355093119666,2.3021889720112085,4.6253866530023515,2.8747485843487084,2.8747485843487084,4.62749043200165,3.4476398415863514,,2.2379235452972353,2.4626944451592863,4.077655489556491,2.614486671052873,2.6849567485041916,2.2330529699102044,2.9667441067285836,2.2203792156651616,3.802258170209825,4.4748806790448725,5.427100735716522,4.092191425152123,4.274714287836105,3.0642301496118307,5.3593859588727355,4.801972254179418,3.831433905288577,3.492024111095816,4.418134671635926,4.537684259004891,2.0952824782580137,2.135071910917759,3.3220815253444016,,3.6309780688025057,5.010258199647069,4.081169493496418,3.549345651641488,3.304348334670067,3.296665804926306,3.2562778759747744,,3.5252731358632445,5.569055370986462,3.881057174410671,2.9662018194794655,3.4476815559901297,2.8765116673894227,,,2.5079359146766365,2.251309894490987,2.2644658843055367,2.4968831203877926,3.0135811106301844,2.740981312468648,3.131392909679562,4.074129638262093,3.8407895592972636,2.76935718068853,3.4760405272245407,2.883244517724961
tt_16.6h,2.8350275247357786,,,2.046351165510714,3.084033139515668,3.8382343160919845,3.8382343160919845,3.175045905634761,2.959188433829695,,2.594787020701915,2.5432103285565972,4.893670921213925,2.9762723660096526,1.8066521384753287,2.3526477199047804,4.010574879124761,3.046566214878112,3.046566214878112,3.4107506931759417,3.4733118945732713,3.839025334920734,3.83081658417359,2.839256431441754,1.7967263390310109,4.151830289047211,3.192837671842426,,,4.058928381185979,3.4390438538976014,2.528392919804901,3.2637793077155948,2.978123906534165,,4.231161031872034,4.231161031872034,3.3408781173639,2.298733288887888,4.631080678198487,2.8698047609068453,2.8698047609068453,4.6264996523968875,3.446220028679818,,2.2358101094141603,2.4597856858745217,4.077405335381627,2.622981254942715,2.6849567485041916,2.230617482215166,2.965386758558452,2.220120893791318,3.7868049680255353,4.475529752671719,5.432130040135235,4.095515241846442,4.273916946258396,3.0642393343150616,5.359203585423529,4.80196708580479,3.829686158336699,3.4896392500959337,4.422628171741962,4.543710395228118,2.09255951596424,2.135066325776279,3.3189086667262018,,3.6308639249764383,5.010246618650854,4.062102553900331,3.547056789044291,3.302089053671807,3.2941690031439066,3.252897925209254,,3.523677219171077,5.569282487500459,3.8781757056713104,2.9634523717686534,3.4476815559901297,2.8722597206942737,,,2.504301190841943,2.247783405240625,2.259974669199437,2.4968800698406994,3.0135811106301844,2.7376921796239913,3.1289186808280647,4.070362745784223,3.838338038418442,2.7665821886621416,3.4744609561748803,2.877929089590907
tt_16.700000000000003h,2.8312335899099708,,,2.0422041034325957,3.086705598048866,3.831977164838463,3.831977164838463,3.1664687218144536,2.9470543079078197,,2.5927735096774995,2.5404497175477445,4.89301159279421,2.972802471369505,1.809710282832384,2.349114239681512,4.005840565543622,3.0444980189204216,3.0444980189204216,3.4076585471630096,3.471239564474672,3.837621290702373,3.8289680620655417,2.8442431925795972,1.7956216521561146,4.142435633111745,3.1905291294679046,,,4.057527934666723,3.437230145558715,2.5283725545741618,3.2594624534249306,2.9830667837522924,,4.210620783269405,4.210620783269405,3.338238268624991,2.295341657474637,4.633470719214529,2.8698047609068453,2.8698047609068453,4.625535971019417,3.446220028679818,,2.233709952328354,2.456906197126955,4.077163900248706,2.6192201375961304,2.682484698947519,2.2282382524572313,2.9640253046527505,2.2198692709207535,3.784368457272649,4.476176374126226,5.4323018360883,4.0893303994089365,4.2731329132802784,3.064247536472976,5.362779792863876,4.801957916002721,3.827964417170733,3.4931146795861423,4.427180407103151,4.5398628558032215,2.0898646619170904,2.1350612589158118,3.315757996868342,,3.6307543190196157,5.010235354304314,4.072040185332298,3.544796485453844,3.2998504578135908,3.2917012739926577,3.2569804759696126,,3.5221052914857864,5.5695049851201475,3.875326538924128,2.960753138177097,3.4383422266691923,2.875881977379322,,,2.50072750961408,2.244276098906994,2.259974669199437,2.496877185534686,3.0189358619973063,2.7344484059140086,3.1264734412543476,4.066646825056523,3.841880959458649,2.76384842582047,3.4729129443876445,2.875321441795677
tt_16.8h,2.8312335899099708,,,2.038168950472027,3.085222037974745,3.8257857873104513,3.8257857873104513,3.158041499555111,2.9347485937178135,,2.5908075268380344,2.5377285457216203,4.89236207306385,2.9693767838180065,1.8056640443392098,2.3456401834264398,4.001161984167993,3.0424740673042834,3.0424740673042834,3.4046012316830456,3.469194089528173,3.83623916329816,3.8289680620655417,2.839582887478173,1.7945667821913958,4.156959036830813,3.1882334682159126,,,4.056153968442231,3.4354383535683155,2.528353624045849,3.2551910737529397,2.9779860451817513,,4.217871606815606,4.217871606815606,3.3356297751888633,2.2920179748907685,4.635679438244551,2.8735847766511142,2.8735847766511142,4.625535971019417,3.4470891724340618,,2.2316474434919655,2.454058957286179,4.076930903829634,2.631639418192208,2.674334594514221,2.2282382524572313,2.962687877006829,2.2196262613870203,3.7819169727154076,4.476820436306298,5.432469980791211,4.083199892193079,4.272361951414496,3.064254855271429,5.36260330863297,4.801944838371128,3.8331523439846933,3.490761870983988,4.4158083107322454,4.545904451049864,2.087224891409278,2.1350612589158118,3.3035545772872865,,3.630649095401168,4.997706207446754,4.052982515655458,3.5425764601677656,3.2976506780833006,3.2892567748203874,3.2536587305366993,,3.520556688308716,5.569722923915833,3.8725091572850943,2.9580809185281396,3.436510591302067,2.871681763790548,,,2.497189128305763,2.2408177042379975,2.2555640833452344,2.496874460950494,3.012825638987124,2.7312472839839756,3.1240736013278365,4.062981015071273,3.8394921459257603,2.7611559382639825,3.4713958934880793,2.8727517970837653
tt_16.900000000000002h,2.8184453519061208,,,2.0341878361068666,3.0837492919526994,3.8196779279969633,3.8196779279969633,3.149791067931801,2.922641720622778,,2.5888539240695536,2.535042980220169,4.891722237691283,2.965995863545686,1.8017061208374798,2.342186042573303,3.996539677493274,3.040462723467499,3.040462723467499,3.4015774843282998,3.4671694156713784,3.8348786258138716,3.8166682785376906,2.8349859132431448,1.7935499167069793,4.147532494738698,3.185983599629253,,,4.054805618710816,3.4336667568422854,2.5283448989503086,3.2509808829054236,2.9729875745251775,,4.225267607253045,4.225267607253045,3.3330627768300474,2.288713299203664,4.637718793004751,2.8687017410993576,2.8687017410993576,4.633437582291663,3.44569325260818,,2.22957322280854,2.4512431886978447,4.076706076040864,2.6278277463279665,2.671904698945582,2.23498454131186,2.9613403123803437,2.219391922466457,3.7819169727154076,4.477451936341822,5.432634535711259,4.07651349902153,4.2716038366779685,3.0642613815143704,5.362428612541407,4.801927945110947,3.8314395886845887,3.488436648622155,4.420478301122785,4.525956228841096,2.0846281284466386,2.139881028793752,3.3004350434057415,,3.630548101849854,4.997695382218808,4.052982515655458,3.5403754035942256,3.2954796166159213,3.286842269357294,3.250360911246389,,3.5190286161378026,5.569936370011419,3.869723624549806,2.9554423354566097,3.4347202917560935,2.867534779943526,,,2.493663055356592,2.2373981839045882,2.2512416783720255,2.496871889103204,3.0068019828759134,2.7280860552564263,3.1216915831901133,4.071562463883311,3.8371450547128916,2.758505240082741,3.469911042135209,2.8702202825807035
tt_17.000000000000004h,2.814698382280767,,,2.030183672439307,3.0822940338402987,3.8299720361828804,3.8299720361828804,3.1502731405198574,2.9387290589511395,,2.591416356153786,2.5324046327732503,4.891722237691283,2.9626466049812734,1.7978991535492241,2.3387639950960875,3.9919743202626705,3.0384763688780367,3.0384763688780367,3.398581265937537,3.4651708086021245,3.8335396284237504,3.8148423405364156,2.8349859132431448,1.7925203158520162,4.138285084161907,3.183760419022292,,,4.053482662886381,3.4319217023439705,2.5283285779878497,3.2467986308038235,2.9680545199662447,,4.2327711414545774,4.2327711414545774,3.330514758359641,2.285433475859463,4.637718793004751,2.863867599517107,2.863867599517107,4.632494927849621,3.4443213338963687,,2.2275499156676233,2.448470436502248,4.076489159371704,2.6278277463279665,2.6695101386867464,2.2326423060148954,2.9599903211928904,2.2191660734824836,3.7825525454245508,4.478090409189463,5.4327955651097,4.070417533162981,4.270858353935182,3.064267196226865,5.36225757189095,4.801907326094806,3.8297658641822636,3.486139737069607,4.425206519663334,4.531993533484638,2.082085659261793,2.1398763596080244,3.297360997647047,,3.6304511916823685,4.997684858739376,4.059919728431851,3.5382029013708234,3.2933376957662404,3.2844375767745078,3.247119371779263,,3.5175245674327016,5.570145384408534,3.866970099043101,2.9528457140550017,3.4329704879783094,2.863412869628519,,,2.490196878556162,2.234058469068259,2.2391691501252353,2.496869463007897,3.0008522723801434,2.724967454560101,3.119338359683752,4.067894606851041,3.834839419927448,2.7558960765600204,3.4684577849693596,2.867726427037269
tt_17.1h,2.8110025264322758,,,2.0262499186210334,3.084952956996858,3.823872680775821,3.823872680775821,3.1419876283034682,2.9266219483688474,,2.5894913766533136,2.5298014120198786,4.896221421658993,2.9593464606441557,1.794094133656472,2.3354018605314195,4.0011528129689395,3.0365132498554885,3.0365132498554885,3.3956370730884373,3.453054693993181,3.8322173496708274,3.8130421666428447,2.8399591129273176,1.7914900579489768,4.152629450429231,3.181563586462289,,,4.052184926811606,3.430193231906742,2.528313443530351,3.242665184661746,2.9631912605836987,,4.228259377647191,4.228259377647191,3.3279981650412083,2.2821902288123965,4.627068721689284,2.8591116331517696,2.8591116331517696,4.631577950436622,3.4304719804786146,,2.2255360553972423,2.445751000661403,4.084649417549372,2.62051068386063,2.667163532692939,2.2303542206063867,2.9586549745872617,2.218948506284505,3.7801108080893755,4.478725748602301,5.43295313231647,4.0643754047341645,4.2701256005093455,3.0642723734490573,5.362090123351663,4.80188306979835,3.8281165389344096,3.4838713696226478,4.429976174142212,4.538013661745936,2.0795780173502862,2.139872132334858,3.294316444080323,,3.6303582224063575,4.997674631420523,4.04133252799511,3.5360581814311445,3.291222669649869,3.2820821357890964,3.2439151634462178,,3.5160425980575383,5.570550370030105,3.864253014791757,2.9502823734655976,3.431260336190462,2.859347991645336,,,2.486785319633782,2.2307352530770004,2.2349015926010907,2.4968671766109765,2.994984666351229,2.721894168294966,3.117012090049684,4.064276153687388,3.8325943676754832,2.7533429213799536,3.4670355333946645,2.865281375590712
tt_17.200000000000003h,2.8073395201936364,,,2.022422813344747,3.0835084677673876,3.8178553548641503,3.8178553548641503,3.1338750813156366,2.9146848004311323,,2.5875886133871973,2.5272073736414313,4.895572076085955,2.9560869447886944,1.79026646213606,2.3321056608110666,3.9965855623595417,3.0345733258873224,3.0345733258873224,3.401841849088669,3.4510681335814297,3.8309206874109805,3.811266877222806,2.8354189917445183,1.7905131410807371,4.14339389745146,3.1793938097544014,,,4.050912216771394,3.42849461780861,2.528299420606345,3.238573801703751,2.9583846176974475,,4.235889664385468,4.235889664385468,3.3255122522823513,2.2790212128311396,4.6288784383796155,2.851558786816895,2.851558786816895,4.630685973446816,3.4290992873720825,,2.223577792290598,2.443069121800363,4.084428807720542,2.6168110123835504,2.664863671641797,2.228119319304824,2.9573268219828606,2.2187390183098614,3.7776739420369267,4.479357885662466,5.433107296470553,4.073704622685909,4.2737614517100155,3.064276978839189,5.361926201730967,4.801855262834579,3.8264913256280124,3.4816306973807514,4.434821660164744,4.534187433775514,2.077076893299818,2.1398683092556894,3.2913068872876465,,3.6302690557204187,4.997664693277329,4.066852402873337,3.5339414975605905,3.2891356581822038,3.2797539895400405,3.2407474471256137,,3.514582215808332,5.570746464189142,3.8615636182948947,2.947753893211484,3.4396900762803853,2.8553338716737926,,,2.48343304451555,2.2274445123039186,2.2306426372379065,2.480832217261195,2.989198725204915,2.7188701587729156,3.114712149836123,4.0607062368653715,3.8303695269860327,2.7611320833675563,3.4744054172188044,2.8628579289652407
tt_17.3h,2.803717410657555,,,2.0186590175144374,3.082080208696425,3.81193873193115,3.81193873193115,3.1259015472605824,2.9305984638631344,,2.585712899453938,2.5246477983891964,4.8949497747235,2.952867911197245,1.7865072609856725,2.3288377574644983,3.9920744569972157,3.0326557271182537,3.0326557271182537,3.3988798991777003,3.4491056874394417,3.829644707031548,3.809516343753785,2.8309353683143854,1.789582109078765,4.134311095345765,3.1772517571225762,,,4.049664374440908,3.4268132452853024,2.528286438435316,3.242411643732339,2.968139666132629,,4.24363565351814,4.24363565351814,3.3230576659552753,2.2759182844311,4.630545523483306,2.8467860822565854,2.8467860822565854,4.639451086055487,3.4277489497326314,,2.2216474609449506,2.4404008756391704,4.084215943235904,2.6294643664732575,2.6626105145551264,2.234840791672468,2.955999372061342,2.218537411186844,3.7752434494905174,4.4799867598339915,5.433258118107915,4.067678171675652,4.273031427524984,3.0642810720019042,5.361765742767602,4.801823990419507,3.824889943934977,3.479418036993593,4.4397252020426095,4.540224799420685,2.074605985544622,2.139864856377244,3.2883330769836903,,3.63018355704844,4.9976550387218595,4.048253259155899,3.5318514816462994,3.2870745812542737,3.277450458612293,3.2376155741512775,,3.5131453778594732,5.570938375778496,3.8589045298285782,2.945272789336741,3.4379706401377916,2.8513707579113543,,,2.4800995881669223,2.22420462872833,2.2264195405878127,2.480832217261195,3.000319682992995,2.7158853244036436,3.1124390666373074,4.057204827666283,3.8281850274652243,2.7585573215037584,3.4729771753773093,2.86046887235716
tt_17.400000000000002h,2.8001331612467766,,,2.014872553758323,3.0806609191931784,3.816145507618785,3.816145507618785,3.142117777839303,2.918651085346937,,2.5838512126356363,2.528714570682496,4.894336911384016,2.9575740047730505,1.7828927221708,2.325593222863972,3.987616325262934,3.0307601615786552,3.0307601615786552,3.395970565266907,3.447166389785707,3.8283890392631292,3.8077899552881718,2.82652510330081,1.7877438748255372,4.148481318261474,3.1751372450962663,,,4.048441218212247,3.4251504968851805,2.5282744294963777,3.242411643732339,2.9633410768583417,,4.25153583753854,4.25153583753854,3.3206328651867807,2.2728091473691165,4.632079861592501,2.8420888422988355,2.8420888422988355,4.638553923461586,3.4264113940298557,,2.219773514661938,2.4377826671116054,4.084010578226298,2.62571106152609,2.6604026914574206,2.234840791672468,2.954688453581184,2.2183410529978573,3.778299409430474,4.480612291954458,5.422227213624865,4.061722320504487,4.272314818110317,3.0642847064882517,5.36160868499428,4.8017905107699335,3.8233121167868376,3.477217889390886,4.444687928073108,4.536386527586728,2.0721771493554115,2.1398617406375706,3.2853934969753027,,3.6301015969365835,4.997645400464535,4.030075811315328,3.5297859236598015,3.2850321461446583,3.2751742992550135,3.234505402855575,,3.5117299649864435,5.571126165799797,3.856274440418929,2.9428089833818376,3.4362901994027197,2.8388854479417205,,,2.4767825081944466,2.2210018769837916,2.2222737865522504,2.480830187443644,2.994528591632843,2.7211623853072524,3.1101927147246897,4.053730436600745,3.826040878891945,2.7560231098905206,3.4715793882496655,2.8581145498901606
tt_17.500000000000004h,2.796602429356426,,,2.0111303483136,3.0672030043788254,3.816145507618785,3.816145507618785,3.1341398139484227,2.9068955634720623,,2.5820136475376785,2.526184214744717,4.893733419012278,2.954395489767194,1.779343028087169,2.322391601279378,3.9832111136056483,3.028887966647744,3.028887966647744,3.3930749287828803,3.44526482000947,3.8271535034291446,3.8060872312635183,2.835900334175676,1.786847562994808,4.139410139527172,3.173050294164568,,,4.047242593485862,3.4235118497163057,2.5282633304595947,3.2383650997653604,2.9585920004174113,,4.2469250140711665,4.2469250140711665,3.3182355775497854,2.269738430157304,4.635831988416612,2.8374424227513373,2.8374424227513373,4.6376618524082005,3.4286423069424927,,2.217922767624259,2.4351738183759153,4.0838124724105,2.622120636049658,2.658239987678826,2.2326405411586165,2.953386038541794,2.218151804059744,3.775875747203827,4.481234444305301,5.422227213624865,4.070946299936622,4.271611406467855,3.0686124972999096,5.361454965546727,4.804839756339788,3.821757515426725,3.4750580163672566,4.4496916574425995,4.542461427394301,2.059619663283229,2.139858932700008,3.2824733960442245,,3.6300230491906404,4.997634906321764,4.055168871302158,3.527744023129344,3.283025600016117,3.2729206127114594,3.231450001709163,,3.5103183882310987,5.57443666132167,3.8443724787794054,2.9403860941529274,3.4346479838714004,2.8388854479417205,,,2.473529024515301,2.217878346797079,2.2182259960100055,2.480828278698027,2.988816815894097,2.7182144350372255,3.1079897144809365,4.04598088003695,3.823937200009823,2.75354375410825,3.470211503095925,2.847277153749019
tt_17.6h,2.7931057810783386,,,1.9991215514019132,3.0658011604100466,3.8102986407466233,3.8102986407466233,3.1262971968390048,2.910883571021259,,2.5801868261769414,2.523682501167059,4.893139366991818,2.954395489767194,1.7662506182678044,2.3192496486008167,3.9788584928028286,3.0270555056631565,3.0270555056631565,3.390209461096674,3.44336909474805,3.8259377633221447,3.8098953710868955,2.831472108606249,1.7860066937282681,4.12838370911777,3.1709741754457355,,,4.046068367082626,3.4218882266432047,2.528253080789,3.234377016313374,2.9539109864272177,,4.254940452519804,4.254940452519804,3.3158791647292674,2.2667165179736912,4.637305750045925,2.8412307663820684,2.8412307663820684,4.636812717653811,3.427315200679004,,2.216093179769814,2.432620066218078,4.08362139062956,2.634781894274056,2.666057619266212,2.2304914575070143,2.9520837222225964,2.217969831544906,3.7734592533670366,4.481853036675602,5.42237514955923,4.06500560650602,4.270920987706631,3.0686156135052443,5.361304524354637,4.804809515830129,3.820225898642093,3.472923967987299,4.4547706712037325,4.5446827644482255,2.057217908091843,2.1398564050905406,3.2795969592407346,,3.629947791341692,4.997623597737402,4.036999884992838,3.5257388027384877,3.281046649441123,3.2706939899362624,3.2284302469342947,,3.508947641123086,5.574620062019676,3.841771121136844,2.9379917229525745,3.4413246898911893,2.8349699578247964,,,2.470328163355589,2.214771543163806,2.2141650654375553,2.4808264849707484,2.983173405751586,2.7153061907738447,3.1058020144701004,4.04250399582088,3.82186945900321,2.7510900325141847,3.468873011879623,2.8449520277790725
tt_17.700000000000003h,2.7896428517997265,,,1.9954229877330363,3.064407848753035,3.8045309972949326,3.8045309972949326,3.1344787958078086,2.910883571021259,,2.57838282128796,2.5212214356288314,4.892554654274136,2.951256069354713,1.7662506182678044,2.3161397674120963,3.967360828537494,3.025236763060093,3.025236763060093,3.387378619518131,3.4414948718622327,3.8247416093945503,3.8098953710868955,2.827117007691413,1.7852048752829432,4.12838370911777,3.1689403080381453,,,4.0449183117598295,3.4202870754525065,2.528243623673916,3.230413976125419,2.9492890620604157,,4.263077785726637,4.263077785726637,3.3135388726368546,2.2637390717864037,4.638682192657143,2.8412307663820684,2.8412307663820684,4.635986652225256,3.4259998654015362,,2.2142714844085276,2.430114559363574,4.083437103778124,2.6311219348572195,2.666057619266212,2.228392750956118,2.950799699407071,2.217795165255666,3.774070531129837,4.4824678101576865,5.422519861254841,4.059134996961802,4.270243352744728,3.0686156135052443,5.361157301347703,4.804809515830129,3.8187169316224754,3.4708159686997533,4.459908409975469,4.5446827644482255,2.054872466251254,2.1398541326634586,3.276751493103802,,3.629875705111772,4.997611515689641,4.027774274349213,3.5132397608831525,3.2790943193249404,3.268475731369108,3.2254448202438653,,3.5075975959189236,5.574799458030611,3.8391981082968414,2.935635779518634,3.4413246898911893,2.8310756972059608,,,2.467183355707675,2.2116874009370804,2.2101446827873588,2.480824800208211,2.9776104083284736,2.7124338219873607,3.1036409162916243,4.039094513747841,3.819823612459004,2.7486739424057305,3.4675632282160223,2.8426604056730866
tt_17.8h,2.7929851324297488,,,1.9918209752067924,3.0656653312034905,3.7926477110013366,3.7926477110013366,3.1344787958078086,2.899270505644381,,2.57660277467221,2.5212214356288314,4.8919791877269745,2.948160155210644,1.762737404089421,2.3130881087854505,3.967360828537494,3.0234400620684028,3.0234400620684028,3.3845783406868577,3.4396411632187665,3.823564790189266,3.808213212992996,2.8228197852149606,1.7844343492761254,4.119449852500111,3.166930591221899,,,4.043792319949716,3.4187076492235065,2.5282349050976336,3.2264966424554586,2.954229629598558,,4.271379680372775,4.271379680372775,3.3112284555099905,2.2608090019784868,4.639925474300981,2.836640744935721,2.836640744935721,4.643803185317665,3.4269180786795914,,2.212467534467578,2.427633438259363,4.083259391132742,2.640284393914044,2.663919910788536,2.2189868479035795,2.949525003321469,2.2176276142708957,3.774070531129837,4.483078672550619,5.422661405056715,4.062398485373706,4.269578299485147,3.0686183739453554,5.3610132383182645,4.804781065322459,3.817230293992907,3.4687325078994036,4.465087789110839,4.550739667844027,2.054872466251254,2.128575177397579,3.273937283549458,,3.6298066745512187,4.997598699294031,4.027774274349213,3.511247039306909,3.2771682841703296,3.2663051933050156,3.2295162938535213,,3.5062685520388186,5.5749749089591205,3.8391981082968414,2.940404886379838,3.4397111805155873,2.82723647961393,,,2.4640520298853517,2.208628070075065,2.206201057881117,2.480823219753802,2.972120582126081,2.709600775036961,3.1015048818662763,4.035710507072508,3.8177993949502707,2.7462943377904594,3.4662818191573024,2.8404022194445133
tt_17.900000000000002h,2.7895644563250244,,,1.9883154453709722,3.0656653312034905,3.7926477110013366,3.7926477110013366,3.126763372682035,2.8871614816598594,,2.574844959191978,2.5187937282025814,4.891412869095802,2.9450861546210945,1.7591815027408302,2.3100667730905116,3.9630593420006335,3.02166708977893,3.02166708977893,3.381823383271694,3.4378108349628747,3.82240700814873,3.806553780566901,2.8116505625657737,1.7836408871226013,4.124539379030466,3.1649458510801196,,,4.04269024822861,3.4171450003050268,2.5282268752343953,3.222618781030178,2.9496625526808202,,4.2751094228588045,4.2751094228588045,3.3089463762007654,2.257931168191135,4.645036725793034,2.832094816491008,2.832094816491008,4.643803185317665,3.4269180786795914,,2.210700610652566,2.4252071897499263,4.091186339966953,2.640284393914044,2.6618259539827704,2.2189868479035795,2.948243545833975,2.217466989066452,3.7716695037670434,4.483685518614948,5.422799840569496,4.062398485373706,4.2689256286248565,3.0686208163388073,5.364585129078478,4.804754366632551,3.8157515390776098,3.4722501575015485,4.4703424028120935,4.5308052664622664,2.052565462887287,2.1285730986855924,3.271156892180443,,3.6297405883669853,4.997585187666118,4.010019581299275,3.5092910691164434,3.275267702061683,3.2641586349345744,3.226567798294127,,3.5049613043665886,5.575146475341171,3.836653523147106,2.9380699153989553,3.4381345422007143,2.8234447985887527,,,2.4609385579824448,2.2056324440054595,2.20235524373129,2.4808217380195856,2.9774346174672246,2.706808744929731,3.099392946343869,4.032371744979173,3.8215356185100973,2.7439517797902226,3.4722058922052383,2.8381773997098207
tt_18.000000000000004h,2.7895644563250244,,,1.9848152515478432,3.064298228826374,3.7869675583206117,3.7869675583206117,3.119207144714892,2.8871614816598594,,2.5731124146841466,2.5164078501984477,4.8908555819652975,2.9420639974996448,1.7556701619178057,2.307071355637163,3.9588103904388845,3.01991452742368,3.01991452742368,3.3790838001295924,3.4399031423963606,3.827529462520033,3.804917057044804,2.8116505625657737,1.7828797069378197,4.124539379030466,3.1629861290566623,,,4.041611342225224,3.4156056311912835,2.5282194851897657,3.2187974634580314,2.9496625526808202,,4.2751094228588045,4.2751094228588045,3.3066932037472725,2.2550765979103744,4.645036725793034,2.8276252374053,2.8276252374053,4.642994550522417,3.4256262448616326,,2.2089497768320143,2.4227647138759494,4.091011868324131,2.6367115434259176,2.6597749684005976,2.2169208331033587,2.94698815792799,2.2173131029121578,3.769273618236184,4.484288293868303,5.422935223206878,4.056628635618836,4.268285123631358,3.0686229770071805,5.364444304723293,4.804729385301471,3.8143086917698383,3.470193427056074,4.475655539426953,4.536880176514387,2.050314665772021,2.1285712337121367,3.268395994324237,,3.629677338525653,4.997571018524468,4.034649315755814,3.507347460370511,3.273392153903842,3.262037420645356,3.22365284524858,,3.5036743977107108,5.575314218644053,3.834137528669089,2.93577432166785,3.4365940666757524,2.8197019421495497,,,2.457878651097417,2.202723772265017,2.1984955044463277,2.4808203503489494,2.9774346174672246,2.704062970355153,3.097304295282811,4.037257113493979,3.819536615628749,2.741646791808307,3.4722058922052383,2.835984840989113
tt_18.1h,2.7861853409558535,,,1.9848152515478432,3.062945591751486,3.781383646186441,3.781383646186441,3.1272988729178905,2.875741584226489,,2.571403904352337,2.514054519124329,4.890307222492993,2.9390803133137524,1.752276562154293,2.304095664527267,3.954610612243414,3.0181843084283173,3.0181843084283173,3.376375047955662,3.438107657711953,3.8263867902569473,3.8033022242598236,2.8074071160517633,1.7821533810347319,4.11576054058969,3.1610517632216215,,,4.040556664578617,3.4140854845754802,2.528212691191584,3.215000349096954,2.9451433583162725,,4.28366265213117,4.28366265213117,3.3044681032188237,2.2522223102860153,4.646129148080945,2.8314116885885596,2.8314116885885596,4.6422078078612685,3.426557536236942,,2.2072484460659325,2.4203810677863657,4.090843631885946,2.633491614833474,2.657766387797892,2.214903526008129,2.9457317609339952,2.2170229298062623,3.753765555098653,4.484886884689331,5.423067610245198,4.04375033499673,4.267656589392573,3.0686248862184584,5.364306521601975,4.804706085007638,3.812887221109122,3.4681618721224368,4.481010391842574,4.539130446501076,2.048103043343872,2.1285712337121367,3.265678581316024,,3.6296168211847544,4.997556229121983,4.016901693772525,3.5054273824207485,3.2715411838144064,3.259938968345523,3.220754769165069,,3.502407042775303,5.575478197075427,3.831654765177518,2.93350764317438,3.443230308126658,2.8159805722534657,,,2.461977183353156,2.1998319658450782,2.1946675409562886,2.4808190506882966,2.972014499362558,2.701353288255632,3.0952400262467563,4.033960875123739,3.8175590028986335,2.7307363762520254,3.4709464046172798,2.8338362835347652
tt_18.200000000000003h,2.782843195833266,,,1.9812946515157819,3.0642277589067817,3.7758572841994464,3.7758572841994464,3.1272988729178905,2.86447561532259,,2.5697195869870484,2.5117103750817478,4.889767692424357,2.9361284035257995,1.7490000072866678,2.3011915972456336,3.9592110738158226,3.0164746032096446,3.0164746032096446,3.3736955798231065,3.4363326891325414,3.8252627654001117,3.8017093711532652,2.80322061246261,1.7814580043777823,4.1208193358033895,3.164781885687262,,,4.03952259151265,3.412588282022625,2.528200721833855,3.211248489562422,2.9406924569047987,,4.271527009084821,4.271527009084821,3.302268070168793,2.2494275514036417,4.647129161749035,2.8314116885885596,2.8314116885885596,4.633856409229338,3.426557536236942,,2.2055733129382133,2.4245003759860992,4.090843631885946,2.6298534153029323,2.6558121647685766,2.2215970931574702,2.944468399975449,2.216886434238404,3.753765555098653,4.485480949282646,5.423197056166828,4.04375033499673,4.267027133144438,3.068626570980996,5.364171723369509,4.804684431292117,3.811486950609833,3.4661543099209666,4.491929281037301,4.539130446501076,2.045891935005784,2.1285695624537766,3.2629874888807535,,3.629558934830129,5.001102413982153,4.023759683128446,3.5054273824207485,3.269715002272278,3.2578645767644048,3.217911571264267,,3.5011580768041313,5.575637606438249,3.8291958905756474,2.9312738166190684,3.441715766210109,2.819619783665985,,,2.4589564176276326,2.196927226614207,2.1909185028634965,2.480817835777998,2.966662102844566,2.6986790355294943,3.093202116433531,4.033960875123739,3.815621725283563,2.7284620297141373,3.4697142587974668,2.831704937852919
tt_18.3h,2.779547309037298,,,1.9778574234806001,3.0642277589067817,3.7801051596179605,3.7801051596179605,3.1198638966307044,2.8684566877782345,,2.5680504660122097,2.509395005647093,4.889236892107874,2.93322337185964,1.7456980762071908,2.2983536436222494,3.9550602920353413,3.014785469509661,3.014785469509661,3.371047453954816,3.4363326891325414,3.8241570852696896,3.8055221904069185,2.808145485352725,1.780789646320045,4.1208193358033895,3.162873391993344,,,4.038504937198013,3.411109684035182,2.528195465914905,3.21509200707078,2.9362941556610167,,4.280365084763616,4.280365084763616,3.3001070329919457,2.2467000470496714,4.6521425801329315,2.8269969117827713,2.8269969117827713,4.6330888122320175,3.425289260689169,,2.203944092616439,2.4221352683380246,4.09068142529577,2.639225147664547,2.653885674662888,2.2196110845543444,2.943214411381632,2.2167561734095216,3.751369926147163,4.486069947481155,5.428260363638401,4.038061382714659,4.266422064974904,3.068628055974841,5.364039853680879,4.804664388298988,3.81010750355199,3.464171602856368,4.497459734790027,4.545209698844701,2.043724832125008,2.128568065818399,3.260326468385756,,3.6295035807415843,5.001086212694645,4.023759683128446,3.503530100453645,3.2679048008285463,3.255813014693558,3.217911571264267,,3.4999266155064106,5.575791323091835,3.8267640811391175,2.9290795736014843,3.441715766210109,2.815942080691457,,,2.4559810059145093,2.194070639554411,2.187245388980955,2.4808167000301182,2.9613850377500057,2.6986790355294943,3.091205768287182,4.0307085402309895,3.815621725283563,2.7262241817079484,3.4685088749974966,2.829601630102843
tt_18.400000000000002h,2.776280592661351,,,1.9745151815004647,3.0629018270410597,3.7801051596179605,3.7801051596179605,3.111796263605356,2.8684566877782345,,2.566404094453901,2.5071059544570744,4.893698082771152,2.930344126187265,1.7423730343580246,2.2955287233926356,3.950958209577948,3.0131183373741806,3.0131183373741806,3.3684268230572343,3.4345813603140414,3.823069576639682,3.8039471744559705,2.808145485352725,1.780109389219433,4.112211251165718,3.160989984869957,,,4.037503512576222,3.4096475848928094,2.5281906481832266,3.211382031906396,2.925122808199376,,4.280365084763616,4.280365084763616,3.29795976029709,2.244000378996134,4.653016337193549,2.8226294303312898,2.8226294303312898,4.6330888122320175,3.41012816503644,,2.202348878607154,2.4198107877746224,4.0905250776559114,2.639225147664547,2.6615708037279546,2.2196110845543444,2.94198049698025,2.216631959192455,3.7489716107957065,4.48665368789807,5.428387294989079,4.0412852563895285,4.265828392934054,3.0686293626204133,5.364039853680879,4.804645921569318,3.8087486438453197,3.464171602856368,4.503050534520298,4.5474316156469285,2.0415691998787224,2.128566726576537,3.2576944739557803,,3.6294506485573947,5.001069486606866,4.030572913121432,3.501655607484281,3.266128607094288,3.253785681910813,3.21510210307315,,3.4987124246545136,5.575939518399537,3.8243588409386575,2.9290795736014843,3.4402348836883903,2.812313734088093,,,2.4530603396706283,2.1912731975317,2.19126930879429,2.4808156401850283,2.9505783831700683,2.696039075963199,3.0892243878915906,4.027499402407557,3.8136853193864226,2.7240216955542564,3.467329795937985,2.8275284888222814
tt_18.500000000000004h,2.773049200884998,,,1.9712542556226254,3.0641963514499366,3.774664887227118,3.774664887227118,3.1044799061492085,2.857358142733574,,2.5647695772349834,2.5048542912118137,4.893174835946411,2.9275028500705957,1.7455382202751935,2.292715568561107,3.950958209577948,3.011471912264824,3.011471912264824,3.371706760954112,3.4328519720584154,3.821999983396381,3.8023931747302413,2.804011584725231,1.7794154179282486,4.11726056644693,3.1591305201873183,,,4.036518210545182,3.4082040819339454,2.5281862360425293,3.207711677066982,2.920777428895235,,4.28938349429518,4.28938349429518,3.2958399332128465,2.241340436041355,4.653016337193549,2.826426537707448,2.826426537707448,4.632344545796514,3.4088836568407714,,2.200763099361211,2.41752290725708,4.090376466047019,2.635671810247004,2.659666488878429,2.2176720234565437,2.9395193411037326,2.216513428837061,3.749554425943643,4.487232099287212,5.428511389531195,4.035663854330778,4.265245928894728,3.068630511406809,5.363910857588053,4.80462899710983,3.807410127017647,3.462199244648218,4.508663042914122,4.5474316156469285,2.039465732406825,2.1285655298270285,3.255094133783132,,3.629400024190545,5.001052269246429,4.01323018129915,3.499803197104484,3.2643776005133986,3.2517686816863716,3.2123258002102375,,3.4975160704925656,5.576082358602434,3.821980180218816,2.926905451808125,3.438786999322474,2.812313734088093,,,2.450178954284638,2.188518086913973,2.187642205040902,2.480814650654793,2.9453682005405426,2.6934345453046262,3.0872675394639373,4.024353495333344,3.8117697746492922,2.7240216955542564,3.457138399593532,2.825488034170121
tt_18.6h,2.7764086574316025,,,1.9679673705250025,3.0628970353864133,3.7692992286756635,3.7692992286756635,3.1044799061492085,2.8613673765212297,,2.5631534033454955,2.502634286880493,4.892660142853856,2.9247031956911087,1.7422641343437135,2.2899474957957864,3.9469045866280794,3.0098685207776725,3.0098685207776725,3.3691165247000754,3.4311449667438865,3.8209481574594975,3.8023931747302413,2.799926409032196,1.778745808172971,4.11726056644693,3.1572973714210093,,,4.035548779647797,3.406780703458935,2.5281821987591684,3.2040957217104733,2.9164876150898635,,4.293696155771613,4.293696155771613,3.2937466390430927,2.2387005407363176,4.653814161196351,2.8221121355891228,2.8221121355891228,4.631622970569879,3.4088836568407714,,2.1991997668519616,2.4152680351398885,4.09023141534999,2.645007252227515,2.6578015224076807,2.215778922662139,2.9383093076758087,2.216400186996907,3.747166674118489,4.487805161625147,5.428632701747119,4.035663854330778,4.26467448240146,3.0729688103310764,5.363784681074321,4.804613582789898,3.806091571226716,3.4602621435187757,4.514279918279499,4.549628502223641,2.037397739943117,2.1285644620656967,3.252510958816856,,3.6293516200967133,5.001034593675286,4.01323018129915,3.4979730253107846,3.262650362215936,3.2497948836535215,3.209581505972892,,3.4963374198414385,5.576220005750656,3.819628140423447,2.924762254115194,3.4292757976800203,2.8087282525375485,,,2.4473002469167113,2.1858341060578823,2.1840430186130106,2.480813728645444,2.940225573256612,2.690868587233126,3.085335601121187,4.029204041231424,3.809875280596316,2.721855940297246,3.455979540012777,2.8234801162034273
tt_18.700000000000003h,2.7732183602638543,,,1.9646773943677545,3.0628970353864133,3.7735683140344918,3.7735683140344918,3.0972821139730513,2.850414909888059,,2.561556182336062,2.5004546148702502,4.892153910826892,2.921938518062234,1.739043403416872,2.28721334785223,3.9429001258686185,3.0082717994228005,3.0082717994228005,3.366554676555097,3.429474947974086,3.8199138632044196,3.800859669689089,2.8048466513864696,1.7781052952632308,4.106205404736102,3.1554728811606765,,,4.034595132805407,3.4053727737627923,2.5281785083934665,3.2004994968883693,2.9164876150898635,,4.303016785997897,4.303016785997897,3.2916805231943727,2.2360718338750303,4.654578048270196,2.8221121355891228,2.8221121355891228,4.639357826206833,3.407647571526468,,2.1976385433226824,2.4130666269920766,4.098150517325848,2.645007252227515,2.6559876422397792,2.2224397002719343,2.9371173945255578,2.2162924795411527,3.747166674118489,4.4883727533742785,5.428751282859594,4.038880248554051,4.264113866258413,3.0729697761125863,5.363661271519959,4.80459964601323,3.804792738519609,3.458348679356277,4.5199350053444505,4.549628502223641,2.0353823588229716,2.133379333652556,3.2499688751995564,,3.629305351525545,5.001016492024064,4.003943238873035,3.496165234129876,3.260947651229799,3.2478444734588265,3.206868315115571,,3.4940133299678564,5.576352619100362,3.8173026433214545,2.9226497006602585,3.4278512289747596,2.8051890805363655,,,2.44446122366935,2.183160203974694,2.180452130269259,2.48088446771726,2.935147079639137,2.688345051370561,3.0834273863583803,4.026077687274665,3.8080017622560263,2.7197396350093186,3.454846073873341,2.8215049426071346
tt_18.8h,2.7700676661916077,,,1.9614662011153996,3.061611237935722,3.768307071644813,3.768307071644813,3.1052612606436014,2.850414909888059,,2.5599873564206064,2.4983033812604845,4.891656037885696,2.9192071738652885,1.7359613636508584,2.291509339120239,3.947492379695177,3.0066963573917747,3.0066963573917747,3.364038492552936,3.4316214635036886,3.8188968640752137,3.799342834856361,2.8008123910985887,1.7774930903688073,4.097733607050031,3.1536892456933856,,,4.033657183870673,3.403983968310058,2.5281751374714077,3.2004994968883693,2.912242682185024,,4.303016785997897,4.303016785997897,3.289640526752919,2.2334996978752315,4.643398752901703,2.817831652238965,2.817831652238965,4.638656223658472,3.408616855274886,,2.1961027067154646,2.410882553551346,4.0980082377791405,2.654389341827482,2.6541987382806838,2.220585767645389,2.935914807487279,2.2161901271902025,3.7447830634191632,4.488934813532978,5.428751282859594,4.033349980600178,4.2635638997890055,3.072970621753484,5.363540577236563,4.807641881983727,3.803513935301453,3.4564584735780954,4.525594557169825,4.535696346778423,2.033406284637749,2.1333783618174493,3.2474518748931587,,3.6207962348125875,5.000997995957732,4.003943238873035,3.4943908881396055,3.259268199559301,3.2459177621640265,3.204171385616064,,3.4928861730732024,5.5764803532511,3.815008739940822,2.9205687628127635,3.4278512289747596,2.8016784945502877,,,2.4416631627827883,2.1804836583323777,2.176924434956163,2.4808836672455072,2.935147079639137,2.68585472041741,3.0815420621074736,4.023013570345938,3.806148990057409,2.717643820680678,3.453737556003034,2.8195615294389427
tt_18.900000000000002h,2.7669540839269757,,,1.9583489336073399,3.046826856676489,3.768307071644813,3.768307071644813,3.0981759731657803,2.854411704465747,,2.5584391029551625,2.496170594356954,4.891166424844414,2.9165184148587286,1.732978765387088,2.28880697209388,3.9435340496711433,3.0051415879279375,3.0051415879279375,3.361531394533813,3.429985632188618,3.8178969686850905,3.797856729477644,2.8008123910985887,1.7769076027907431,4.097733607050031,3.1519282339140773,,,4.032734830863774,3.4026151476427913,2.528172061778605,3.1969455634243786,2.908061687834561,,4.312487267423421,4.312487267423421,3.287625856231898,2.2309722946956754,4.644068809691817,2.80554525135085,2.80554525135085,4.637956835795194,3.4074043538421392,,2.1945982510223985,2.4087349763140082,4.097871221601963,2.650857732165605,2.6541987382806838,2.220585767645389,2.9347297828644514,2.2160929515957832,3.7453451952897012,4.489491325803101,5.428867183625698,4.033349980600178,4.266509486827999,3.072971359360963,5.363422545604408,4.80763064045459,3.802255584858358,3.454590900335461,4.531293538399041,4.541697007138282,2.03146254690364,2.1333774966187775,3.2513364162296057,,3.6207506954669952,5.000979136209935,4.010716292075813,3.4926290418952703,3.2576112528331578,3.244012577459216,3.2015273524448276,,3.4917756118811667,5.576603358145803,3.8127363002859056,2.9185176542960107,3.426458502188325,2.8053083578124642,,,2.438916016370058,2.1778477346524596,2.1734679960645735,2.480882922653109,2.930139039643109,2.6834010630846024,3.079681740142405,4.023013570345938,3.804316625930369,2.7155796298757195,3.453737556003034,2.8176617030985653
tt_19.000000000000004h,2.7638826444745064,,,1.95532240672037,3.0455678277648985,3.763089115731418,3.763089115731418,3.0981759731657803,2.843624099623412,,2.5569127588532865,2.494052362628281,4.89068497158587,2.9050924465991557,1.732978765387088,2.286160457879305,3.939621155615896,3.003604499157518,3.003604499157518,3.359053581021726,3.428354667034,3.816913954913616,3.8016858198679984,2.7968469904735684,1.7763417502865195,4.102773393504322,3.150189540348947,,,4.037274150643498,3.4012625720351934,2.528169258031994,3.1934324027970433,2.9129836466163397,,4.317212102934718,4.317212102934718,3.285633826162666,2.2284952253103256,4.644068809691817,2.8013177127577364,2.8013177127577364,4.637956835795194,3.4074043538421392,,2.1931085963733494,2.4065913166850805,4.097739293240011,2.650857732165605,2.6524468595162034,2.2187652168795466,2.933563254773617,2.216000777669251,3.742973673623055,4.490042152348906,5.428980455733836,4.0365593996830285,4.265971718356013,3.072972002439201,5.363307126797736,4.807620800100267,3.8010174469091,3.452746355906129,4.537013395689428,4.541697007138282,2.034957776311785,2.1333767268806696,3.248849737457931,,3.620707178954035,5.000959941651672,3.993783256970346,3.490888873580843,3.255976927932352,3.240268487483263,3.189516928512603,,3.490681099705398,5.576721781864762,3.8169203251600266,2.916496640071273,3.433018136303872,2.8018423467874527,,,2.436219504568726,2.175268664956093,2.170072359032929,2.480882231146097,2.935418995562941,2.6809772136621177,3.0778449955396354,4.01997013669461,3.802504727151245,2.7207345427013934,3.4526535058394074,2.8157794275321066
tt_19.1h,2.760841100476682,,,1.9592841006815434,3.0455678277648985,3.767358095385134,3.767358095385134,3.106102975551039,2.843624099623412,,2.5554087767377496,2.491960941813886,4.890211587771773,2.902429463341832,1.7299614315852523,2.2835621652193367,3.9357536919414997,3.00208845641464,3.00208845641464,3.35660203313455,3.426744476426393,3.815943393856287,3.8002199926413596,2.8017406151629984,1.7757753445766866,4.094443254638463,3.1484744702465832,,,4.036368146538734,3.3999287211336195,2.5281667043454945,3.189953194465488,2.908854179084301,,4.327006298583001,4.327006298583001,3.283678465988487,2.2260639164596796,4.6446908242069185,2.797166380099952,2.797166380099952,4.645657827612013,3.408386522438377,,2.191656737588346,2.404492873698473,4.097612283192575,2.644102890510112,2.650731847155839,2.2254236042499542,2.932400296907872,2.2159134331159294,3.742973673623055,4.490587153937668,5.4290911494754255,4.031119519844651,4.265444709919393,3.072972561698407,5.350772119127214,4.807612330652773,3.799785310868174,3.4401900921948254,4.542737646959722,4.543832776602358,2.03304772824049,2.133376043755561,3.2463886700570583,,3.620665607973933,5.000959941651672,3.993783256970346,3.489170857705176,3.254365423694253,3.23842965811491,3.186885684262961,,3.489603181835264,5.5768357664346695,3.8146770810708404,2.91451205778867,3.4316479451954365,2.798419736325741,,,2.4335481682792306,2.1727296989411116,2.1666616573929787,2.4808815894648433,2.930473703891039,2.678587993606925,3.0742637389339507,4.024828256107867,3.7901725475676358,2.7187010645866394,3.451593487057835,2.8139257533475757
tt_19.200000000000003h,2.760841100476682,,,1.9562788717448711,3.0443178066052496,3.7622015234082937,3.7622015234082937,3.0991274239495397,2.831535516772419,,2.553929345216602,2.496025202795863,4.889746170025319,2.8998069153167307,1.7269314168952405,2.2810107674449682,3.9357536919414997,3.0005911993794143,3.0005911993794143,3.3541763951070607,3.425153559539467,3.814993799198419,3.798784934915602,2.7978215347975492,1.775216809939593,4.094443254638463,3.146781883202493,,,4.03547750134021,3.4029654092155397,2.528164380695671,3.186525868717581,2.904773916117847,,4.337001354899257,4.337001354899257,3.2817354006692767,2.2236215551383793,4.649587776511908,2.797166380099952,2.797166380099952,4.644996635615826,3.4071974316611886,,2.190241129603237,2.4024121104739606,4.097490024752915,2.644102890510112,2.6490526641719043,2.22362906858325,2.931231746915728,2.2158307475037873,3.743508157785982,4.491126241628081,5.434197415597737,4.031119519844651,4.264929028227925,3.0729730469174683,5.350659372285008,4.807605201378465,3.7887965869158506,3.4383712289854884,4.548500774428248,4.543832776602358,2.0311617590487003,2.133375437464565,3.2439565449021757,,3.6206259061582386,5.000940442085266,4.0005396544002,3.492800329811871,3.252768113743514,3.236596457194537,3.1843051435425878,,3.488541548140347,5.576945452950895,3.812454476952553,2.919214978814125,3.4303084993734956,2.7950347303412855,,,2.4308832520619035,2.170266087166965,2.163283788599074,2.480880994349718,2.9255937272682786,2.6762357465922832,3.0725050047039986,4.021823218092322,3.788384505081922,2.716699288226664,3.4574899412691593,2.8121017664670944
tt_19.300000000000004h,2.7578321364708245,,,1.953295928426087,3.045667486730963,3.7571055637672544,3.7571055637672544,3.0922772055491805,2.820871836040169,,2.5524626984260976,2.493966911919415,4.889288634993136,2.8972055446356535,1.730117138940841,2.278478493448347,3.9403407950885594,2.999111840967089,2.999111840967089,3.3517758487723768,3.4235829608514905,3.8140604542568326,3.7973743355832994,2.793953694868833,1.7746783746406436,4.099473827984184,3.1451133410446346,,,4.034601916093379,3.4016522192396224,2.5281622684560716,3.1742611262016,2.9007460861466825,,4.337001354899257,4.337001354899257,3.279817719012499,2.2212207289412618,4.650148346088827,2.793060250580311,2.793060250580311,4.644355745520443,3.4071974316611886,,2.188852838706225,2.400381177198142,4.097372358199209,2.6534954351373017,2.6566194258630276,2.2218886772170663,2.9300930062308908,2.2157525536604226,3.741145954001695,4.491659398190677,5.434305945876986,4.018218141514808,4.264424492139369,3.0729730469174683,5.350549136288464,4.807599381543696,3.7875959682278335,3.436573532409966,4.554285201244056,4.545943635515869,2.029275479260832,2.1333749005571008,3.241552548017353,,3.6205880008637905,5.000920664984733,3.9839542252011597,3.4911048994399607,3.251201137434691,3.2348074461333454,3.1817559585906565,,3.487495733425021,5.577050977386534,3.8102567587047815,2.917245445307344,3.4289997396990657,2.7916935686953366,,,2.428253094200045,2.1678132712841034,2.1599815068766475,2.4808804425410926,2.9207742786966264,2.6739175184629858,3.0707669225521386,4.018858072347939,3.786616813391447,2.7147289384156466,3.4564481382258236,2.8103070822544396
tt_19.400000000000002h,2.7548581385053694,,,1.950270307250321,3.04444448184222,3.7571055637672544,3.7571055637672544,3.0922772055491805,2.810380530077964,,2.551015455275774,2.4919293303973973,4.889288634993136,2.894642243627459,1.7271446427330375,2.275948114693165,3.9365175822749734,2.9976527672261,2.9976527672261,3.349417347460985,3.422033981885761,3.813143183477223,3.795988090801984,2.793953694868833,1.7741635255515575,4.091280467342585,3.1434676903299987,,,4.033741414081305,3.400356481783092,2.528160349931568,3.1708726161159575,2.9007460861466825,,4.34215650241822,4.34215650241822,3.2779242885299027,2.2188413771800697,4.650667909998447,2.7968598823063076,2.7968598823063076,4.643734597135335,3.4081924208439887,,2.18750369688496,2.3983747670426965,4.097372358199209,2.649988024495542,2.6549595333635807,2.2201805217191577,2.928957308642566,2.2156786867417395,3.7388028097338974,4.4921865672804415,5.434411993250251,4.012866537086666,4.263930926565081,3.072973466478288,5.350441362708807,4.807597732637078,3.786414838396013,3.4348004972562194,4.560073782224208,4.551862142980099,2.027434988413006,2.1333749005571008,3.239179149735719,,3.620551821310073,5.00090013910085,4.007293862756342,3.4894297532737255,3.249657570850104,3.2330393795855343,3.1792367505840957,,3.4864659919403493,5.577152471989393,3.8080834886059165,2.91530559072271,3.4289997396990657,2.7883955626748502,,,2.425664252601564,2.165353504475206,2.156756727024913,2.4808799321763217,2.916018697898835,2.67164388904348,3.069052716717124,4.015932267997414,3.7848689798265696,2.7127902153879404,3.4554295553825796,2.808542254380882
tt_19.500000000000004h,2.758237188216299,,,1.9473038678988814,3.043249466922134,3.7452592770569026,3.7452592770569026,3.1001433050259948,2.8248987938277423,,2.549586882814765,2.4899232895113528,4.888838630635291,2.892115344759077,1.72420962061733,2.2734640990383923,3.9327389006502926,2.996213034261018,2.996213034261018,3.3470699125900865,3.422033981885761,3.812241737730801,3.7946257293224335,2.7827291870489717,1.7736711353063583,4.091280467342585,3.141845728736371,,,4.032895955722779,3.399079711176455,2.5281586097553372,3.1675037033855915,2.8967598313465714,,4.352550523355603,4.352550523355603,3.276055340655148,2.2165036480873823,4.650667909998447,2.792802970390767,2.792802970390767,4.643734597135335,3.4070268496870995,,2.1861814581789076,2.3964174138382077,4.097259128000587,2.649988024495542,2.6533341193571687,2.2201805217191577,2.9278149218298495,2.21560898469761,3.7388028097338974,4.492707641329616,5.43451560754329,4.007600533310324,4.263448158279061,3.0729738282971084,5.350336004048586,4.80760432081297,3.7852529026567936,3.4330495353788137,4.565901470836252,4.54803019342944,2.0256041777320206,2.1333744251169264,3.2368204868398607,,3.620517300441861,5.000878204125911,3.9907143088057637,3.48777460725978,3.2481369199231267,3.2312939702533185,3.1767472247593105,,3.485452658031136,5.57725006621331,3.8059346955269575,2.9133994709700346,3.4355192077346146,2.7883955626748502,,,2.423123522195965,2.162933385465294,2.156756727024913,2.480879459530115,2.916018697898835,2.6693977187387645,3.0673596542328596,4.013045175932348,3.783160191960633,2.7108832243829966,3.4544337671250105,2.8068070467561483
tt_19.6h,2.755301564000547,,,1.944393320940435,3.045805055182427,3.7402228168211877,3.7402228168211877,3.093396967276931,2.814404289238155,,2.548169668763876,2.4879489564336836,4.888395722489804,2.8896202007308602,1.7213296666741371,2.27101545734331,3.9290054771117866,2.9948098305612803,2.9948098305612803,3.344749663490802,3.4205045620910823,3.8113559470511973,3.7946257293224335,2.778909117449075,1.7732032192870975,4.096301832702011,3.140230756253004,,,4.032065462786704,3.3978236629627645,2.528157032560557,3.1641752389259636,2.9016864290460944,,4.363143285736442,4.363143285736442,3.2742108604870737,2.22069090930745,4.655562745872885,2.7887883274815977,2.7887883274815977,4.65138248167932,3.4058730006217957,,2.184869844466448,2.394476250745356,4.089069635607302,2.65935160825029,2.6517432597465813,2.2107154950499535,2.9266825411468744,2.215543287806213,3.723225249443203,4.493212645407766,5.434616835322231,4.016061963047832,4.262976014520973,3.0773360216990113,5.350233088247478,4.807618950493634,3.784096086397767,3.431320186238736,4.571749968454242,4.553937974385917,2.0238168709911406,2.138187408912927,3.2345044277608395,,3.620484371203929,5.0043906616047025,3.9907143088057637,3.4861394059844315,3.246637795586139,3.2295691184699535,3.1742861536331475,,3.484455468133092,5.577343886252493,3.803810483776033,2.9115125108510256,3.4342312896624207,2.792014100123197,,,2.420628328807652,2.1605396205559373,2.1535745058208704,2.480879023205489,2.9212826248258352,2.6671874378807843,3.06568666966632,4.013045175932348,3.7814543931744993,2.709008205216378,3.453460359480232,2.8051014663651586
tt_19.700000000000003h,2.7523942296393216,,,1.9415838276036084,3.044607404153794,3.7352633834816515,3.7352633834816515,3.0867851390503347,2.8040276747196913,,2.5467710476368666,2.486006996128708,4.892840072512627,2.8871594835072756,1.7185761528089643,2.2686227532103658,3.9253149167634547,2.9934164518490434,2.9934164518490434,3.344749663490802,3.4227505465969443,3.8104855902493,3.782378908712417,2.775138494092971,1.772757200524211,4.088220555800945,3.138654359616339,,,4.031249446328729,3.396582226268947,2.528155604377389,3.1608844832517207,2.8977453438565135,,4.363143285736442,4.363143285736442,3.2723898785188794,2.2183854724280536,4.656029639299959,2.7887883274815977,2.7887883274815977,4.6507787713781,3.4058730006217957,,2.183577869553119,2.3925639619119465,4.088958524167538,2.6559351147152483,2.650186172220856,2.2090314612723887,2.9255688725970685,2.2154814400710166,3.7209047582000494,4.4937213668599725,5.434715722687542,4.01079742051661,4.26251432672143,3.077336314599961,5.350132673513144,4.807641427963972,3.78297212254256,3.4295982657931745,4.577603000216186,4.553937974385917,2.0220644949004054,2.1381869800388813,3.232212292496115,,3.6204529707320035,5.004365699365735,3.981327018234879,3.4845241555012763,3.2451605768874288,3.2278638533316553,3.1718389773741364,,3.4834739584475756,5.577434054110199,3.8017108934000134,2.909649157896638,3.4329725322313607,2.788756489753723,,,2.4181698714382946,2.1647438844665885,2.1503713303245604,2.4808786204084754,2.9165862509980798,2.6650035120546818,3.0640378105454147,4.001785845961422,3.7797757140360773,2.707164244260639,3.452508913818747,2.803424573969096
tt_19.800000000000004h,2.749537428840995,,,1.9388483515940607,3.043434413149953,3.7352633834816515,3.7352633834816515,3.0851165279746056,2.8040276747196913,,2.545389008708298,2.48410021699965,4.892402726225555,2.884734885301441,1.7159355655312538,2.266284139826894,3.921666738577187,2.9972650250419974,2.9972650250419974,3.342457816004753,3.4212537300772965,3.809630477335304,3.781042872928083,2.7714159837923944,1.7723322082310915,4.0852180742658675,3.137100240215659,,,4.030448222067207,3.3953581717796624,2.5281543130986392,3.1576253599487245,2.8938646116293967,,4.352754610590637,4.352754610590637,3.270590642467141,2.216112066525966,4.656461640261114,2.792597376741469,2.792597376741469,4.650193750858307,3.390788238029927,,2.1822926769964397,2.3906609639525414,4.088851614389569,2.668757434003055,2.6486622313968837,2.2073884629644454,2.924470457714051,2.2154232878237963,3.7185854827985168,4.494223813991994,5.434812316671014,4.005616879090667,4.262062925379723,3.0773365646600723,5.350034706760198,4.807671560905874,3.7818665732629597,3.4279102771542966,4.5834941626526415,4.539885620120913,2.020348041318357,2.1381866009905934,3.229943835642189,,3.620423037558794,5.004339543171227,3.9651022502221167,3.482927292585373,3.2422698559239507,3.226179954595864,3.169441621284932,,3.482508294750005,5.577520688995719,3.799640439450741,2.9078158885240555,3.431742367334664,2.785526007413864,,,2.415723131969571,2.1623881333507597,2.154448026791215,2.480878248345107,2.9119564704596996,2.654074924066663,3.0624076668173075,3.998935132753104,3.7781246164813638,2.705366348847747,3.4593465821817517,2.801788388285786
tt_19.900000000000002h,2.746716574765742,,,1.9360629594884813,3.0422617997974157,3.739491850603372,3.739491850603372,3.0784730026498437,2.8080604313872755,,2.5480895629152656,2.4822211135178804,4.891972339712083,2.8823284478858113,1.713188024237752,2.26396112376824,3.9137878217734396,2.995884648989886,2.995884648989886,3.3457484911195934,3.419776867609471,3.8087904076091945,3.779730662237853,2.780005698092282,1.7719283355399966,4.077149617951363,3.1355661773122847,,,4.029661698266864,3.3941514855250716,2.5281531461514533,3.1544149704277515,2.8900267174467444,,4.363773850724101,4.363773850724101,3.267068352550268,2.2139018205925822,4.65686108218506,2.7886313651688397,2.7886313651688397,4.649626901373267,3.3896582876332104,,2.1797720482572913,2.388793423771858,4.08874876331538,2.6652764789760113,2.647171152755618,2.2057967339642346,2.9233671627007425,2.2153686811216176,3.716273884754628,4.494719837792218,5.434906662907451,4.013985938858241,4.261621645651758,3.0773367774672806,5.349939135834575,4.80770915793255,3.7807792713865638,3.42624122928828,4.58940684935078,4.545766110531986,2.0186755871400237,2.1381862675771117,3.2277027275413275,,3.620394512079656,5.004312268923968,3.9880422251299024,3.4813501345925033,3.240855442825705,3.224514646921307,3.167073842138052,,3.4815578358247876,5.577603906858712,3.797590264119208,2.90600767172873,3.439462016802281,2.782335744705051,,,2.4132788544520736,2.1600686735473573,2.1513162492774427,2.4808779056183994,2.90738378604874,2.6519284015521407,3.060802736785263,3.996122092474252,3.7765009831637144,2.7122901608236134,3.458389933221042,2.8001674925908446
