Angular_Width,35.0,30.0,43.0,60.0,30.0,46.0,46.0,56.0,50.0,38.0,72.0,69.0,36.0,55.0,60.0,50.0,31.0,30.0,30.0,47.0,27.0,31.0,30.0,32.0,66.0,35.0,58.0,30.0,30.0,35.0,40.0,40.0,25.0,63.0,29.0,45.0,45.0,39.0,45.0,27.0,22.0,22.0,50.0,29.0,37.0,47.0,45.0,40.0,41.0,38.0,43.0,50.0,58.0,45.0,45.0,37.0,35.0,26.0,29.0,22.0,19.0,24.0,27.0,17.0,30.0,41.0,50.0,27.0,11.0,35.0,38.0,45.0,31.0,45.0,61.0,35.0,35.0,46.0,30.0,41.0,49.0,32.0,58.0,39.0,45.0,43.0,44.0,45.0,45.0,45.0,40.0,45.0,42.0,45.0,19.0,29.0,45.0
Velocity,920.0,950.0,830.0,1950.0,650.0,600.0,600.0,720.0,1507.0,1150.0,930.0,1020.0,301.0,815.0,2250.0,1364.0,535.0,730.0,730.0,650.0,570.0,447.0,450.0,825.0,1485.0,520.0,675.0,300.0,300.0,440.0,600.0,610.0,790.0,851.0,396.0,202.0,202.0,676.0,1400.0,236.0,917.0,917.0,296.0,576.0,354.0,1250.0,1155.0,329.0,567.0,744.0,861.0,780.0,850.0,483.0,350.0,243.0,487.0,375.0,386.0,260.0,309.0,471.0,594.0,262.0,232.0,1383.0,680.0,717.0,275.0,393.0,287.0,649.0,561.0,628.0,677.0,702.0,422.0,553.0,247.0,539.0,767.0,452.0,920.0,750.0,749.0,1204.0,1494.0,1651.0,635.0,901.0,934.0,729.0,466.0,523.0,786.0,467.0,782.0
Observed,470.0,510.0,500.0,540.0,470.0,390.0,430.0,390.0,580.0,370.0,450.0,450.0,370.0,440.0,680.0,440.0,410.0,500.0,420.0,390.0,380.0,390.0,430.0,360.0,520.0,520.0,410.0,430.0,430.0,350.0,430.0,400.0,480.0,490.0,490.0,510.0,540.0,360.0,600.0,390.0,380.0,380.0,390.0,370.0,460.0,610.0,550.0,490.0,500.0,510.0,430.0,500.0,440.0,370.0,420.0,390.0,360.0,360.0,410.0,330.0,410.0,470.0,450.0,380.0,330.0,440.0,510.0,410.0,340.0,380.0,390.0,480.0,370.0,460.0,410.0,380.0,460.0,520.0,380.0,440.0,490.0,380.0,650.0,490.0,450.0,520.0,550.0,480.0,450.0,380.0,500.0,490.0,430.0,510.0,440.0,370.0,460.0
Spheroidal,469.7260688971001,,,628.3577753429056,742.7485957814677,413.4791220998189,413.4791220998189,517.9421528894843,417.723459288883,,999.2043503648779,868.5222355857796,728.5311873426167,581.3916795015182,709.3492037875928,567.6862325056078,370.78475927345573,471.5896183346503,471.5896183346503,491.00155771029085,602.9949742894856,403.84143325435696,394.7814031114054,466.8529154717816,1101.0622927329832,368.7775917454164,622.9879705123475,,,512.8439252783367,486.4595512206942,670.3936285084656,707.2291697992727,645.9367259049297,,511.4085454301401,511.4085454301401,469.4578241222645,524.468062397005,632.9309843953847,428.3184101131613,428.3184101131613,740.923374756562,743.7055055087708,,637.6785465479281,564.4654788178368,404.6565508264351,622.0250165526724,691.8972242169486,668.9499907240181,737.9262975004683,899.715729323974,681.6823683044684,738.490691602967,498.1038723741189,731.5053811690534,410.3886584431648,530.0330643278525,327.0051766189099,443.4869150745056,388.70397779815136,743.8524282324702,518.5326772829494,634.5408352910868,581.4641774379962,783.383311848351,597.5878655097138,,452.7819437572128,361.09098644455776,365.378200055387,422.02561998269135,506.3460037719544,640.4917804759143,445.7224645278263,,613.4276006636464,305.6056734458266,432.0512767265834,562.3114509748448,446.8095424417045,591.9770729479508,,,731.3648295052486,521.5364659863917,557.9837228362483,743.4152692675507,470.23502752747913,500.8154487980857,527.3639354524249,401.555589244993,470.84718325160776,431.03288743919654,440.58636530878215,539.9801307493428
v_0.1h,,,,,,,,,,,,,,,,446.3864488752436,,329.8722916164313,329.8722916164313,,,336.1642094420433,,,640.5479982260985,,345.9082280530091,,,512.7601245139645,369.66513264858276,515.4896478113668,,,,,,374.3613423990001,321.50054703399695,,,,,,,347.18380589169374,354.54279535693706,,,,,729.3315485703628,709.2483806732738,,738.490691602967,,,,,,,,,519.3958611064705,,,,,,381.0029604369462,,,,362.0980704394862,357.95036140301085,,,610.8414905192427,305.61621582071876,,,,,,,,557.1115298376652,,,,,351.27519951888985,,,,,363.83324017328766
v_0.2h,370.2101788760272,,,423.9651015913989,742.7485957814677,555.4682078477323,555.4682078477323,366.19526012588284,312.2542302551577,,555.1331374904298,321.83806039629735,732.434153529458,530.2348730478373,701.2124869484214,446.39186721576584,325.06069183548595,333.754642906901,333.754642906901,463.0495488642082,583.7941168100507,336.1733991056122,335.21467653465913,380.174027185262,642.7933894406888,368.09804410190617,347.46976109384326,,,512.7617021737168,369.6663079103219,517.8170815432097,707.2291680979394,645.936725904857,,487.69732803717426,487.69732803717426,372.61086027977643,323.43154759792395,655.415030376545,363.944274060871,363.944274060871,399.5872213824429,743.7055055087695,,347.23448995271593,358.1515866866236,407.9909374767265,654.2051473114645,690.0401590411949,462.8531463577605,729.3315485703628,709.5338688071024,679.6442741692283,738.490691602967,498.49817693081894,731.5053811685647,449.18171411733323,716.9485695500465,325.3476414403015,443.4869039095031,340.5086981537058,743.8524282324702,519.4029288809495,634.5408352910868,429.6786651302241,691.5961511225253,597.348674782754,,382.21448171491363,361.0769961763833,312.1211666937299,373.49359402871625,362.0980839977517,358.2252922056456,329.1100101000334,,610.9200685524714,305.6162149207507,420.95437660595115,335.8181694711151,384.6821974396361,392.45406428967823,,,731.3648295052486,557.1115298380979,557.9835151084151,740.7136345828478,336.0968787439084,317.82926210047117,351.32976951132844,390.799801726687,391.12483855552983,343.6107718716803,615.0276273363027,364.1096114712448
v_0.30000000000000004h,372.3383606010473,,,423.9651061275037,742.7485957814677,555.4682079295292,555.4682079295292,366.389226616914,316.8916422305369,,556.2227401961998,326.40724212582444,732.4341535302968,530.2609276070966,702.2966154395118,446.3956897178957,325.0606918480102,337.7580926989603,337.7580926989603,463.1993490787891,584.3096689730892,336.1821307957604,335.214677752063,380.199874764543,645.0094845313748,368.0984560978807,349.031993477629,,,512.7631898563958,369.66742210267734,521.7157859746528,707.2291681859406,645.9367259048585,,487.30009133376524,487.30009133376524,367.9306741273748,326.1944685447592,653.0704747062767,369.458272489685,369.458272489685,399.58722074565384,743.7055055087695,,349.81021565230304,361.736209972695,406.7114465410628,,690.0978368778196,472.62134339348376,729.3315485703628,709.7995540283968,679.7046614002677,738.490691602967,498.49794314694304,731.5053811685723,448.75570541733043,713.4555616220183,325.3476414398457,443.4869039939205,340.5087328884369,743.8524282324702,519.4100492777309,,432.80732100861866,691.6024952318802,597.3731961388701,,383.43963981548427,361.07699958792466,,361.7969427229967,362.098096352509,358.4712092908229,330.67689227501023,,610.9912762352154,305.6162139796355,420.95437660642483,335.81816948042336,386.8402829156978,393.2420236735532,,,731.3648295052486,557.1115298384043,557.9835560004565,740.7146099721436,336.1006772072185,316.5342388421377,351.3790185338391,390.8072301986158,391.6738124815877,348.01641098382635,615.0276326907126,364.3407127032728
v_0.4h,374.44733636713687,,,423.96510890476713,742.7485957814677,555.4682080049116,555.4682080049116,366.3973920995895,312.17783053245654,,557.3582793535819,331.2058959189294,732.43415353115,530.2826726874808,703.1991292078284,446.39843868479204,325.060691859788,341.8499418368691,341.8499418368691,463.3449961333002,584.8503875790491,336.1904416459937,335.21467895758576,380.22202565540556,646.9489114702169,368.0984560978807,350.5948858901815,,,512.7645942432714,369.6684835703224,524.1293561813065,707.2291682614854,645.9367259048596,,487.296420553586,487.296420553586,359.702966811516,329.3790163291396,650.4399953286412,374.5502566253405,374.5502566253405,399.58722013169375,743.7055055087695,,359.58802578780586,365.2868635529683,406.6449264317055,654.2104538735791,690.1572647655522,484.4518175982609,729.3315485703628,710.1117223390769,679.7043585409975,738.490691602967,498.4977043286798,731.5053811685648,448.7557054173367,709.9957519370545,325.3476414393603,443.4869040784955,340.5087663744756,743.8524282324702,519.4172217436577,634.5408352910868,435.8693052345126,691.6089939509061,597.3938833785405,,384.6782775987447,361.0770030266148,312.1212493685004,358.16370578874637,362.09810767151606,358.7113144085464,332.2715907955424,,611.0727785144358,305.6162129956506,420.9543766068691,335.80399353558937,388.1605510744528,394.0175835560459,,,731.3648295052486,557.1115298386271,557.9835817584685,740.715615103647,336.10379735928603,314.3695562142355,351.4263434943488,390.81424744774046,392.2032657019927,353.1007114607911,615.0276380383325,364.55867651904157
v_0.5h,376.5388008599816,,,423.9651106679518,742.7485957814677,555.4682079355267,555.4682079355267,366.3973920995895,316.87807557465544,,558.3858685683672,336.1080559362758,732.4341535320175,530.3009430021007,704.0897730609003,446.40046355212115,325.02346650374653,345.4690263823482,345.4690263823482,463.47293215371,585.3344475246207,336.19836598050875,335.2146801544583,380.2018255588164,649.037252497312,368.11367554517017,352.15841508665176,,,512.7659214983165,369.66949995048714,528.1641606690193,707.2291683268589,645.9367259048604,,487.296420553586,487.296420553586,345.15276220400364,332.78161320599935,653.0026622391899,374.531530717153,374.531530717153,454.31818064588833,743.7055055087695,,368.9160262299156,368.7992464814969,406.58092773018666,654.2069392157354,690.2396429270414,482.7215414695466,729.3315485703628,710.4864786757037,679.7043585409975,738.490691602967,498.49746050038596,731.5053811685727,447.8120857056953,706.5712469743836,325.3476414388444,443.48690416326633,340.5087987433494,743.8524282324702,519.4244457216784,634.5408352910868,438.85978773984255,691.6156634409152,597.4114003807192,,385.93021121172745,361.0770064933413,312.1213342360566,358.1637117375116,362.09811810150813,358.92242406618175,333.88433377618117,,611.1671946377517,305.61621196700355,420.9543766072868,335.49681103634174,387.2963641305526,394.77545444437226,,,731.3648295052486,557.1115298387947,557.9835983924144,740.7166517555405,336.106384330085,313.4556776134911,351.4713932735966,390.82088901419786,392.7307967910172,357.6724059054385,615.027643394016,364.7461238961704
v_0.6h,378.61369491852304,,,423.96511184833736,742.7485957814677,555.4682080135419,555.4682080135419,366.5679155062802,321.3728741981139,,559.515838977382,340.3870393136274,732.4341535329007,530.316408227908,704.8173721041161,446.40199993367867,325.0234665063069,349.10334059009784,349.10334059009784,463.5855633406545,585.7678453313836,336.2059355543514,335.2146813458449,380.2247140228444,651.0201523294542,368.11448648531973,353.7225525468454,,,512.7671773135418,369.67047824876227,530.6547112115069,707.2291683839353,645.9367259048605,,486.9008182290122,486.9008182290122,335.5441598745138,336.30046879563145,650.3418490715511,374.531530717153,374.531530717153,454.31818064588833,743.7055055087696,,376.83249588210435,372.27284860785204,405.31911829651796,652.0955723517143,690.3105866658572,482.7215414695466,729.3315485703628,710.8356361816593,679.7598977781149,738.490691602967,498.4972116915609,731.50538116858,446.2406003616992,703.1842969240214,325.34764143829585,443.4869042482686,340.50883011817047,743.8524282324702,519.4317206510752,634.5408352910868,441.8253552847005,691.6225202187854,597.4262903787896,,387.19522932662744,361.0770099889732,312.1213342360566,358.163717404187,362.0981277710785,359.1274609291078,335.5130256942555,,611.2530357329806,305.6162108918302,420.95437660768164,334.8498953810231,387.2963641305526,395.5216219202123,,,731.3648295052486,557.1115298389269,557.9836094756197,740.7177217908717,336.10673175539466,316.41782601535016,351.52471136800494,390.82150267664736,393.26030619979497,362.2512883321168,615.0276487725275,364.90667238407883
v_0.7000000000000001h,380.6718360050192,,,423.9651127081145,742.7485957814677,555.4682080857897,555.4682080857897,366.7156378933467,321.3572039078627,,560.4974448242816,344.6238671541237,732.4341535338007,530.3296072879377,705.4449621341828,446.40320704190435,325.0234665063069,352.7194793584023,352.7194793584023,463.6849577797467,586.1875659822416,336.2131797705568,335.24106166856785,380.24447909871583,652.8909895030267,368.11448648531973,355.2872526179164,,,512.7683669498753,369.6714249066325,534.8046934646442,707.2291684342597,645.9367259048613,,486.4829601499722,486.4829601499722,330.6188468691371,339.89357437969494,647.6408975151903,378.5756981512699,378.5756981512699,454.31818010915265,743.7055055087696,,383.9594774081553,375.7085595888355,405.260990304459,652.0974127207459,690.3720875306701,493.05840514370504,729.3315485703628,711.1618278455621,679.8111260027317,738.490691602967,498.496957936997,731.505381168573,446.24060036171255,699.8370988516222,325.3476414377127,443.4869043335397,340.5088606143389,743.8524282324702,519.4390459676846,634.5408352910868,444.7559131475112,691.6295811999876,597.4389991218005,,388.4730923549616,361.07701351435895,312.5178080675397,358.16372282785386,362.09813679311276,359.30701003569516,337.15772997112305,,611.3311896663068,305.61620976819125,420.954376608056,333.97084913086627,389.5083586057991,396.26629329581743,,,731.3648295052486,557.1115298390372,557.983617165388,740.7188271607446,336.108951880469,319.25106339974286,353.1304674325708,390.82150267664736,393.76841160497537,366.24861335596444,615.0276501683367,365.0614230277426
v_0.8h,382.7169729448611,,,423.9651134061685,742.7485957814677,555.4682081530487,555.4682081530487,366.72978285212207,321.3572039078627,,561.6184769850902,348.75429677765226,732.4341535347172,530.3409749619786,706.1393573195188,446.4041924155722,324.818172546078,356.27261675577324,356.27261675577324,463.7728957215782,586.7293204809183,336.22012646849566,335.24104326045267,380.26170871433345,654.9757366005279,368.1290909942462,356.85245136878683,,,512.7694952740126,369.6723458618821,537.3593790091892,707.2291684791061,645.9367259048613,,486.4749235973915,486.4749235973915,330.73259485037306,343.54582517944124,644.7982988564737,381.79815266715553,381.79815266715553,454.3181796127674,743.7055055087696,,390.79873932604556,379.1069629132676,405.20561930950123,652.1080053397494,690.4257792467595,503.56473332590207,729.3315485703628,711.4674639028466,679.8106283972076,738.490691602967,498.4966992769271,731.5053811685805,443.9210452788137,696.5317149308007,325.34764143709356,443.48690441911543,340.5088903401761,743.8524282324702,519.4464211041153,634.5408352910868,447.67384917504586,691.6368637287085,597.4498933632806,,389.76353163286086,361.0770170703261,312.12413000682886,358.16372804421525,362.09814526686466,359.4826484010866,338.81429546080057,,611.4024497273963,305.6162085940696,420.95437660841293,333.1851660526417,390.8598606819931,396.30196988712254,,,731.3648295052486,556.3687480368299,557.9836227665488,740.7199699075452,336.108951880469,322.0350411011065,354.7347935772209,390.8279332191663,394.2970824144411,370.1983878561575,615.0276558646246,365.1940549398764
v_0.9h,382.78723864202914,,,423.9651140235857,742.7485957814677,555.4682081668142,555.4682081668142,366.72978285212207,325.8130058673857,,562.565306170659,352.5547095278749,732.4341535356517,530.3508628307491,706.136017420459,446.405028923347,324.57579628618714,359.2914319051152,359.2914319051152,463.85091233138627,586.7226424627225,336.2277313281898,336.45544197767464,380.2656185748711,656.8213432472091,368.13028896914966,358.41807360575035,,,512.7705667915972,369.67324660255747,541.5968745358554,707.2291685195274,645.936725904862,,486.4749235973915,486.4749235973915,330.8339989829677,347.2434017325722,644.6396840818321,381.70736091514385,381.70736091514385,454.31817916380817,743.7055055087699,,396.67665652492997,382.46800923071316,404.0318265354221,652.1080053397494,690.4373360017913,501.7796480442214,729.3315485703628,711.7547560366397,679.8106283972076,738.490691602967,498.49667721556597,731.5053811685877,440.73036984210154,693.2700368623993,325.3476414364359,443.48690450503256,340.50891939750676,743.8524282324702,519.4538454899657,634.5408352910868,450.6120261499189,691.6399693460364,597.4592757104285,,391.06624857365,361.07702065768115,312.12413000682886,358.1637330859616,362.09815327974707,359.6387022169755,340.48363880640125,,611.467525344754,305.61620736736774,420.9543766087548,332.38908627245644,393.1360403859169,397.06404132234104,,,731.3648295052486,552.6432602341782,557.9836270628514,740.7211521682198,336.11083443607987,324.86324839589764,356.337661830651,390.83404361362784,394.79387531011366,373.59663263459726,615.0276558646246,365.3085083173152
v_1.0h,384.8423395395338,,,423.96511459878747,742.7485957814677,555.4682081668142,555.4682081668142,366.8606775537733,325.79755591949703,,563.6725480883899,356.2362932178426,732.4341535366052,530.3595558888001,706.6911113811585,446.405766371212,324.04767710036924,362.2322158497387,362.2322158497387,463.92033386916916,587.2084528263282,336.2350495904366,336.45544197767464,380.2656185748711,658.9100644002244,368.13028896914966,359.98404352472437,,,512.7715856770933,369.67413221501187,544.1986830773918,707.229168534654,645.9367259048624,,486.0311450079849,486.0311450079849,330.92489511595204,350.96881306301543,644.6396840818321,384.5189292996018,384.5189292996018,520.9226737756352,743.7055055087699,,401.763295119732,385.7915013769843,403.9826378531733,652.1205090841296,690.4853029087128,510.5728374263468,729.3315485703628,712.0394405722124,679.8578459824984,738.490691602967,498.4964106679641,731.5053811685883,440.7303698421296,690.0537705217367,325.347641435738,443.4869045913274,340.5089478821864,743.8524282324702,519.461318552032,634.5408352910868,453.5649457511157,691.6479644996593,597.467396574363,,392.38091378494084,361.07702427720443,312.1242987613216,358.16373798309326,362.0981609088689,359.784346183113,342.16232348867817,,611.5270514459751,305.61620608590414,420.954376609084,333.25624948877476,392.24199597067,397.06404132234104,,,731.3648295052486,545.5545441666005,557.9836305333159,740.7223761775858,336.11245219991116,327.7376639501948,357.95145456825736,390.8398621090699,395.3144277399107,373.5201268168669,615.0276616152739,365.4090568741278
v_1.1h,386.87875300819223,,,423.96511515415773,742.7485957814677,555.4682082319495,555.4682082319495,366.87726903710467,325.79755591949703,,564.5928186106544,359.745453324736,732.4341535375783,530.3672857323154,707.1755287891032,446.4064390542086,323.5850314124325,365.05574410538827,365.05574410538827,463.9823081610493,587.6442769934064,336.24210616141187,337.3746709340739,380.28124562892947,660.9096650806823,368.1315127868675,361.5502946600327,,,512.7725558006855,369.67500742658507,546.8149635700782,707.229168572592,645.936725904863,,485.5624671446467,485.5624671446467,331.01032205596556,354.7119344955812,641.5694454871154,384.5189292996018,384.5189292996018,520.9226737756352,743.70550550877,,406.3925644814682,389.0774279274571,402.75213772235963,649.9711703877771,690.5277958768936,510.5728374263468,729.3315485703628,712.4522687549774,679.901465878824,738.490691602967,498.4961393587543,731.5053811685883,436.55448685992775,689.9042865550034,325.34764143499746,443.48690467803624,340.5089758845802,743.8524282324702,519.4688397145188,634.5408352910868,456.5302129389125,691.6562269665468,597.4744637770814,,393.7071661486136,361.0770279296523,312.1242987613216,358.1637427632123,362.0981682223644,359.9218725226543,343.84716038294175,,611.5815966335578,305.61620474740965,420.8275621659488,336.4378279862723,394.54016720481604,397.846515775526,,,731.3648295052486,535.8596255286228,557.9836334825486,740.7236442716892,336.11386277869775,330.64160623354496,359.56802913087205,390.8408687079472,395.8088516480658,376.85529409113906,615.0276674357692,365.5083922364547
v_1.2000000000000002h,386.87875300819223,,,423.9651157036955,742.7485957814677,555.4682082932675,555.4682082932675,367.00306155700997,330.2014677578309,,565.6804998421694,363.23953055869947,732.4341535385723,530.3742409938135,707.6334788745489,446.4070706065625,323.5850314405595,367.71115148933535,367.71115148933535,464.0378301907927,588.0352741822303,336.24892418372747,338.515683120033,385.17757126763047,662.8833724929603,368.14590589952616,363.1167763899851,,,512.7734807525285,369.67587664354136,551.1159216634377,707.2291686076211,645.9367259048632,,485.5492597063254,485.5492597063254,331.09229989174884,358.4601939457473,638.548968508079,387.39441705801096,387.39441705801096,520.9226734860488,743.70550550877,,411.09493760711297,392.32579372013885,402.75213772235963,649.988690750679,690.5277958768936,519.3485580323016,729.3315485703628,712.8398936451978,679.90085410093,738.490691602967,498.49586335095836,731.5053811685956,431.3051884890423,686.7106240053256,325.34764143464776,443.48690476519573,340.5090034900053,743.8524282324702,519.4764083992475,634.5408352910868,459.51203386865916,691.6647762237878,597.4806502606945,,395.04461186340353,361.0770316157534,315.0707878807372,358.1637474517769,362.09817528054026,360.04479143150695,343.8883213471434,,611.6316703404716,305.61620334952505,420.3613812423055,339.2851459929047,394.54016720481604,398.65973727687754,,,731.3648295052486,527.9651463628875,557.983636107594,740.7249588912006,336.1143877594388,333.56959231194776,361.18308707937405,390.8465356685863,395.82831396623595,380.1230832376566,615.0276733416633,365.59618945996095
v_1.3000000000000003h,388.9012637269637,,,423.96511625577136,742.7485957814677,555.4682083118478,555.4682083118478,367.00306155700997,330.1877745010637,,566.5811540525606,366.84527739453534,732.4341535395876,530.3805755803253,707.6334788745489,446.40767725013126,323.0356383617732,370.01186207354584,370.01186207354584,464.0877636046015,588.0352741822303,336.255525173186,339.4003086856583,384.1819376305257,665.0470617888752,368.14590589952616,364.6834561711199,,,512.7743638646556,369.67674398488765,553.7488426993326,707.2291686403604,645.9367259048636,,485.1243418736644,485.1243418736644,331.16712898570603,362.21275462522397,638.3451450065571,387.29924684427056,387.29924684427056,520.9226732592633,743.70550550877,,415.92316657464795,395.53615113065445,402.7091322362699,650.0045154715458,690.565752320815,526.349804092291,729.3315485703628,713.2050097335417,679.90085410093,738.490691602967,498.49586335095836,731.5053811685964,431.30518848909935,683.564020165227,325.34764143381517,443.48690485284163,340.50903077912693,743.8524282324702,519.4840240258567,634.5408352910868,462.5117233766761,691.6647762237878,597.486100273966,,398.57356825426456,361.07703533620753,315.07881848291265,358.1637520723328,362.0981821368666,360.16215503373616,345.57727534516073,,611.6777291156225,305.61620188979543,419.5260581395161,342.1201300357758,395.9405276522947,399.51353566171,,,731.3648295052486,520.4779328436259,557.9836385350144,740.7263225848426,336.11566591813994,336.5164423500426,362.7966567316857,390.8519551952237,396.3337769030901,383.29734655815884,615.0276793486224,365.6745306926924
v_1.4000000000000001h,390.93253101318186,,,423.96511681539874,742.7485957814677,555.468208371901,555.468208371901,367.12078036546063,334.54701409655286,,567.643154613782,370.5181174587939,732.4341535399714,530.3864151949396,707.9407395356884,446.40827005839657,323.0356383617732,372.2571981466369,372.2571981466369,464.0966248914503,588.489634943749,336.2619291429674,340.4371480693167,390.51096524648204,666.9370832280428,368.1475135168095,366.25031815581286,,,512.775208230828,369.6776133127007,556.3838788382499,707.229168671327,645.9367259048639,,485.1243418736644,485.1243418736644,331.23589961541893,365.9668594657151,635.1643023708216,390.22308652925483,390.22308652925483,587.7099838103151,743.70550550877,,420.8100337718903,398.70705981171267,402.66912087524247,650.0045154715458,690.5999491560631,524.5636314124231,729.3315485703628,713.5500951767502,679.9411437981006,738.490691602967,498.4955827137906,731.5053811685964,424.94113494917195,680.4656963652093,325.347641432933,443.48690487108615,340.50905782832837,743.8524282324702,519.4916860120052,634.5408352910868,465.5270833766761,691.6750934557423,597.4909343533437,,399.93425929619775,361.0770360219968,315.07881848291265,358.16375664671756,362.09818883883503,360.2733761429165,347.2797783460907,,611.7201821701796,305.6162003656696,418.96168237094906,341.7292237526593,395.95778046358345,400.4310790234954,,,731.3648295052486,513.854952336692,557.9836408452029,740.7277380128455,336.11681573568853,339.477509770757,364.4088241533595,390.8519551952237,396.8281523454483,383.29734655815884,615.027682315262,365.74513588162114
v_1.5000000000000002h,392.93218049165654,,,423.96511738186456,742.7485957814677,555.468208371901,555.468208371901,367.1440489212291,334.54701409655286,,568.5306179951826,374.22655618102084,732.4341535410454,530.3918625394832,708.2665440149569,446.4088565523207,322.0576494125074,374.3375416303878,374.3375416303878,464.1421623660012,588.9818531006736,336.268154716704,340.2563893419102,390.51096524648204,669.2693018822829,368.16137750912935,367.81735986928334,,,512.7760167245885,369.67848825949187,559.0171750625935,707.229168671327,645.9367259048639,,484.7140086650105,484.7140086650105,331.2995454295172,369.7169539650092,635.1643023708216,393.1878126277607,393.1878126277607,587.7099837534981,743.70550550877,,425.6812387831286,401.8355287756463,402.6321552175021,650.0326409080035,690.6310315092875,531.4856284236213,729.3315485703628,713.8774284287747,679.97842002931,738.490691602967,498.49529752280966,731.505381168603,417.4896936955246,677.4166843394038,325.34764143199794,443.4869049608554,340.50908471004317,743.8524282324702,519.4993937735735,634.5408352910868,465.7616625958861,693.1851754481161,597.4952533585458,,401.3039395781174,361.0770398359742,315.0863051329517,358.1637593906391,362.0981954287062,360.3744323204176,348.9784826961307,,611.7593962952899,305.6161987744942,418.9616823724621,344.546769303832,397.37023922724,400.51697215564974,,,731.3648295052486,507.82014229327035,557.9836429648262,740.72829259384,336.11681573568853,342.4487917425582,366.0197226205074,390.857149922821,397.3186172388987,386.09304249707225,615.0276887522181,365.8094253859175
v_1.6h,394.95571389088855,,,423.96511796627,742.7485957814677,555.4682084291085,555.4682084291085,367.2498559532758,334.53591363383424,,569.5606600548105,377.96570438618727,732.4341535421436,530.3953561191282,708.4587739519469,446.4094418465132,321.3123694586864,376.46644287889285,376.46644287889285,464.1834892164781,589.4240719631263,336.2742192317385,341.2468723231488,396.6889749097628,671.3276020238355,368.16137750912935,369.38459019840593,,,512.7767920157339,369.6793722531019,561.644567536171,707.2291687009506,645.9367259048643,,484.6986627832151,484.6986627832151,331.35886563092345,373.45335929955235,631.8842377874785,393.1878126277607,393.1878126277607,587.7099837629615,743.7055055087701,,430.53759828294983,404.95649773498394,402.59827906778946,647.8796020379484,690.6595357711684,531.4856284236213,729.3315485703628,714.1891038296973,679.9777538065572,738.490691602967,498.49500786006365,731.505381168604,417.48969369563457,674.4178294360855,325.34764143100773,443.4869050511991,340.50911149306404,743.8524282324702,519.5071467248608,634.5408352910868,468.84521925668696,694.1911304420404,597.4991417672096,,402.68203542494786,361.07704368571603,318.17932052710336,358.163764114948,362.09820194416125,360.4672195224882,350.6865850509946,,611.7957002439846,305.61619711350943,417.5260339698201,347.33116360268366,399.7357295048775,401.5103675275985,,,731.3648295052486,500.9878988076049,557.9836452229621,740.7298223370432,336.1178668669616,345.4269503506091,367.63852682250763,390.86214075768953,397.809080579766,389.06629818859903,615.0276953282249,365.8685715780007
v_1.7000000000000002h,395.06588009083373,,,423.965118563419,742.7485957814677,555.4682084523052,555.4682084523052,367.2498559532758,338.8655930811048,,570.4411006850657,381.71730806890594,732.4341535432669,530.4005756166428,708.6298793152015,446.41002912390593,321.69367484923873,378.63695450078814,378.63695450078814,464.2211764792948,589.8213828956012,336.2801395720352,342.057179791349,395.72402259961,673.6020472681333,368.163358605706,370.94921049902666,,,512.77753565612,369.68026796795584,564.2589638423657,707.2291687295915,645.9367259048646,,484.2620643481164,484.2620643481164,331.8881943491306,377.1746972024938,628.6503793014793,396.1798300389008,396.1798300389008,587.7099837629615,743.7055055087701,,435.3339345037657,408.0460742129946,401.45838415501174,647.8796020379484,690.6742057904336,538.2363914445364,729.3315485703628,714.616164054438,680.0130832943549,738.490691602967,498.49471381424024,731.505381168604,409.06406149501834,674.4178294360855,325.83111125909295,443.4869051421536,340.5091382428284,743.8524282324702,519.5145679936734,634.5408352910868,471.94790807344964,695.2039622660373,597.5026703842348,,402.9117009918913,361.0770475717913,318.17932052710336,358.16376883196943,362.09820841872875,360.56150957636885,352.39141682445614,,611.8293491053832,305.6161954013299,415.6688888649797,350.06925088602026,399.7357295048775,402.5885156499154,,,731.3648295052486,490.2590186162382,557.9836474450993,740.7314124907541,337.2830411352404,348.409284506275,369.2598870109228,390.86359865393416,398.28595851653677,391.74293836230106,615.0277020603328,365.92584248518705
v_1.8000000000000003h,397.06162432243485,,,423.96511917450783,742.7485957814677,555.4682085089892,555.4682085089892,367.274975801371,338.8655930811048,,571.4326400277187,381.4884903527489,732.4341535444165,530.4055492252165,708.6329794125795,446.4106207117092,320.9149176681824,380.8239146985522,380.8239146985522,464.255720429625,589.8121955320812,336.28593090056734,342.84601701449606,400.8524497949365,675.837310884485,368.17674207165675,372.5103851258261,,,512.7782498269054,369.68117836751287,565.2547850148414,707.2291687575514,645.9367259048647,,484.2620643481164,484.2620643481164,333.76900450730784,380.90852859217694,628.4437610451374,396.08738001434443,396.08738001434443,587.7099838460636,743.7055055087702,,440.0312633930775,411.089012457217,401.43091154037177,647.9005693962363,690.7008541260396,536.5027225777517,729.3315485703628,715.0626250279388,680.0130832943549,738.490691602967,498.4946723446548,731.5053811686106,409.0640614951119,671.4697939549748,325.831111258173,443.48690523346187,340.509165027458,743.8524282324702,519.5215486547415,634.5408352910868,475.0560600437711,695.2304309920727,597.5058985526111,,404.3000481236153,361.07705151881134,318.1853961526649,358.1637735598982,362.09821488255676,360.64875996683344,354.10460997365624,,611.8606061866654,305.6161936431765,414.5798904699352,352.5951778606366,401.1739848369241,403.7450855848312,,,731.3648295052486,470.4756379608354,557.9836496506895,740.7330673496439,337.2522721272052,351.39302708279206,370.88289333486983,390.868501396259,398.7717491307787,394.36584947734394,615.0277020603328,365.98401425160165
v_1.9000000000000001h,399.0761824950114,,,423.96511980036615,742.7485957814677,555.4682085089892,555.4682085089892,367.37059030458545,343.16640782127297,,572.3118366544817,385.2431757352593,732.4341535455936,530.4103338884834,708.7551460601295,446.41121829776984,320.0768787687422,383.03451985356514,383.03451985356514,464.28755447784613,590.1698135390187,336.29160713008116,342.84601701449606,400.8524497949365,678.0650379401925,368.17674207165675,374.0680489419703,,,512.7789368282354,369.6821064534814,567.852082996813,707.2291687850827,645.936725904865,,484.24394444034607,484.24394444034607,335.65337080133816,384.60578945130266,624.2891471550752,399.0902334921098,399.0902334921098,642.384446924857,743.7055055087702,,444.68183595195734,414.1159535884569,401.4063872310611,647.9438932815522,690.7257022446096,541.6543889644252,729.3315485703628,715.4863764038025,680.0117443992236,738.490691602967,498.4943712016568,731.5053811686118,409.0640614952708,668.5738790553021,325.8311112572104,443.486905325069,340.5091919076868,743.8524282324702,519.5280893249084,634.5408352910868,478.18890491289216,696.2526423404767,597.5088760764658,,405.6945785863408,361.07705553548954,318.1853961526649,358.16377831598885,362.0982213627733,360.7300409354553,355.8071192675632,,611.8897187757242,305.61619183829134,412.08246200444205,355.23666772129735,400.2425817599681,404.98426423172964,,,731.3648295052486,449.8029119136341,557.9836518515746,740.7347906275015,340.0001930519041,354.376270599571,372.507552406964,390.87323352731283,399.23656490607607,394.09107166498546,615.027708965872,366.0390540158175
v_2.0h,401.0725730955992,,,423.9651204416307,742.7485957814677,555.468208563639,555.468208563639,367.4562567986928,343.16482332661957,,573.2580106571708,388.9951333155823,732.4341535467997,530.4149762423647,708.8263108009515,446.4118230852369,319.19117355896736,385.25583710432824,385.25583710432824,464.31705679665595,590.6249351158393,336.29718123220243,343.6207075613474,405.6651706345229,680.4722912168064,368.1790872583897,375.6220804808118,,,512.7795987917972,369.6830551027949,570.4242254959341,707.2291688079271,645.9367259048652,,483.77934846581127,483.77934846581127,337.5390889342628,388.3203926850989,624.2891471550752,402.10711636472723,402.10711636472723,642.3844470847392,743.7055055087702,,449.22688479917343,417.1322088087718,400.21610247734276,647.9438932815522,690.7490654265846,546.7109663827164,729.3315485703628,715.8900160414754,680.0701268528239,738.490691602967,498.49406554123465,731.5053811686182,400.2609946097978,666.3292495557429,325.8311112562033,443.4869054170078,340.5092189398472,743.8524282324702,519.5341905062048,634.5408352910868,481.38520947679336,698.331825838098,597.5116447485906,,407.09458035491343,361.07705962369107,317.703952633818,358.163783116575,362.0982278838344,360.80626709025955,357.52585537309363,,611.9169074854183,305.6161899859203,410.6769582505474,357.7171972133563,402.6334471778826,404.98426423172964,,,731.3648295052486,409.17316229471936,557.9836540548893,740.7365858573149,342.7555667605608,357.35759449630496,374.13387481096845,390.8778115002279,399.71706453261424,396.623495021813,615.0277134619236,366.0915798260782
v_2.1h,403.0592244202049,,,423.9651210988366,742.7485957814677,555.4682085913565,555.4682085913565,367.4562567986928,347.440064324912,,574.1420215708307,392.73531912762536,732.4341535480349,530.419514270184,708.8688487659804,446.41243596280304,319.19117355896736,387.47393343347755,387.47393343347755,464.3507833856712,591.0782823833355,336.3026653043811,344.35208942278115,404.8154364833844,682.6717562472656,368.1920360417503,377.17228873938495,,,512.7802376938224,369.68402708556437,572.9655398831684,707.2291688360381,645.9367259048654,,483.2881542344054,483.2881542344054,339.4242113598466,392.0135599452388,620.4281884090955,402.10711636472723,402.10711636472723,642.3844472954116,743.7055055087703,,453.6604041850651,420.0888557730472,400.19746170143753,645.7707490799052,690.7712060512744,546.7109663827164,729.3315485703628,716.2759318640531,680.1242549899814,738.490691602967,498.4937554518993,731.5053811686182,400.33589905355603,665.3782602368253,325.8311112562033,443.48690550930786,340.50924617788814,743.8524282324702,519.5398525837799,634.5408352910868,484.5481642410904,699.3524553320649,597.5132581951833,,408.4993001159142,361.0770637853103,321.3724902360596,358.1637879771145,362.09823446786885,360.88366971474005,357.52585537309363,,611.9423691208711,305.6161880853148,409.1702687995631,360.18111120653515,404.0863594657422,406.31008929290766,,,731.3648295052486,398.57236672100424,557.9836562648828,740.738456717867,345.5162834041176,360.3357509548781,375.7618640263562,390.8778115002279,399.71706453261424,399.1952116200451,614.8842834310673,366.14210004307665
v_2.2h,405.06532555016827,,,423.9651217724708,742.7485957814677,555.4682086461185,555.4682086461185,367.48424061699455,347.440064324912,,575.0359692576033,396.4576294538817,732.4341535493019,530.4239788865544,708.8953394352002,446.4130576180425,318.2707432964698,389.6905643223928,389.6905643223928,464.383564052282,591.4864091072097,336.3080706319207,344.3094558966304,408.7207786571492,685.2443758671354,368.1814804201744,378.7183999017253,,,512.7808553670341,370.41903037562525,573.9727670745979,707.2291688641105,645.9367259048654,,483.2881542344054,483.2881542344054,341.3070530849779,395.6824148017286,619.1868736199965,402.0131217849697,402.0131217849697,642.3844472954116,743.7055055087703,,458.04715999247156,423.08181963711263,400.1817381366001,645.7707490799052,690.7923420279852,551.6316760055952,729.3315485703628,716.6463181661269,680.1242549899814,738.490691602967,498.49344102867803,731.5053811686196,400.4105140318294,662.5581176587866,325.83111125514955,443.48690560199964,340.5092736735607,743.8524282324702,519.5450758238158,634.5408352910868,487.8023650429295,700.377913383514,597.5158694160584,,408.7425933567605,361.07706802226886,321.3724902360596,358.16379291229856,362.0982411349842,360.95888436213687,359.2355165404803,,611.9662792347751,305.6161861357336,405.8684490712828,362.62166112558356,405.54535031564956,406.44850263322786,,,731.3648295052486,402.79242799587706,557.9836584840538,740.7404070376964,345.5162834041176,363.3095191226434,377.3915053260325,390.87957693696615,400.17110853839665,401.82528796493614,613.8145679397742,366.19103244791387
v_2.3000000000000003h,407.05094254861126,,,424.0536145370889,742.7485957814677,555.4682086995141,555.4682086995141,367.56260103982436,347.4405075547827,,575.9309268757503,400.1663233852381,732.4341535506005,530.4283952375748,708.9145959780548,446.4136886123169,318.7344513631938,391.9158645200127,391.9158645200127,464.4144285143332,591.8538487143214,336.3134077455152,345.0493994770035,412.2959685842288,687.4322175439505,368.1947367887977,380.26004388774066,,,512.7814535116315,371.7306608306574,576.4745593614921,707.2291688923007,645.9367259048656,,483.2641775271169,483.2641775271169,343.18619020771195,399.35492257854173,615.1819561811941,405.0302893555802,405.0302893555802,679.956338151855,743.7055055087703,,462.2850661207169,425.9970496629295,400.1817381366001,645.7967320349783,690.8126541353571,550.0090488822881,729.3315485703628,717.0872246376604,680.1229155419992,738.490691602967,498.49312237325273,731.5053811686257,400.4848536606495,660.3199479640774,325.83111125404787,443.48690569511314,340.5093014765984,743.8524282324702,519.5498603714567,634.5408352910868,491.01600510715656,702.3455799669899,597.5183348840876,,410.15339577885277,361.0770723365192,321.37394119469354,358.1637979361484,362.0982479035349,361.030673014847,360.93886795780185,,611.9887944058179,305.6161841364419,404.0829544814405,365.09605953454803,405.54535031564956,407.85498099215954,,,731.3648295052486,407.0023488774299,557.9836607138518,740.7424407990172,345.4777271268099,366.27755718728963,379.0227547039246,390.8841030472732,400.6456723324836,404.48130339322,611.2550247877612,366.23872008134555
v_2.4000000000000004h,407.05094254861126,,,428.6648683785276,742.7485957814677,555.4682086995141,555.4682086995141,368.9653733401861,351.68342408167916,,576.7655752005011,403.86822451268034,732.4341535519328,530.4327837675833,708.9354379980019,446.4143294299963,317.8018012817306,394.12964418882757,394.12964418882757,464.44366159200035,592.1846941450844,336.318686474659,345.7967156759661,412.2959685842288,690.1621765288064,368.20729417957074,381.7967405840482,,,512.7820337054011,373.0266201078101,578.9314251495645,707.2291689207408,645.9367259048657,,482.83802217807647,482.83802217807647,345.06582764689426,403.02838973214824,610.0494655595103,408.03732281687036,408.03732281687036,642.3844480970054,743.7055055087703,,466.51526282984815,428.9600710001075,400.1689386677643,645.8548045584407,690.8126541353571,554.8145222280345,729.3315485703628,717.6130234500637,680.1731581358616,738.490691602967,498.4927995940939,731.5053811686257,400.55893169195497,657.5469819506255,325.8311112532903,443.486905788677,340.509323342809,743.8524282324702,519.5542062487086,634.5408352910868,494.3190102939087,703.3632758103562,597.5206795058283,,411.5670386984621,361.07707673004086,324.6320090707464,358.16380306210624,362.03831399933944,361.09957975884595,360.99512077841547,,612.0100542710982,305.616182086714,402.21546956810175,367.62479775882156,405.55109938064487,409.330686798365,,,731.3648295052486,411.1789075772122,557.9836629550979,740.7445621416203,348.2405362049324,369.23825212113735,380.6555278356164,390.88850221620356,400.6916101618945,407.17488392611256,597.8209116016548,366.2854443633927
v_2.5000000000000004h,409.0201669561224,,,433.2875643303021,742.7485957814677,555.4682087316991,555.4682087316991,367.59177675908444,355.8845317719056,,577.677737420035,407.5394826483089,732.4341535519328,530.4371610936078,708.9508094383053,446.4149805106558,316.8552936281831,396.3294085066241,396.3294085066241,464.44366159200035,592.1846941450844,336.3239159972611,346.5506145148593,411.6152442602355,692.4703017815198,368.19749192341976,383.3278855843251,,,512.782597413026,374.3351138126765,579.9423190921423,707.2291689495429,645.936725904866,,482.40614498371696,482.40614498371696,346.94516879289046,406.68762981527306,610.0494655595103,411.02393144189637,411.02393144189637,642.3844484777221,743.7055055087703,,470.59961803841895,431.8579964016366,399.0607094735323,645.8548045584407,690.8322921491542,559.3972928109071,729.3315485703628,718.1150876507525,680.2198100873433,738.490691602967,498.4927995940939,731.5053811686272,400.63276148608026,654.8263200673919,325.8311112520858,443.48690588272035,340.50935239664983,743.8524282324702,519.5581133523376,634.5408352910868,497.56205088114376,704.3853680479104,597.5229241760444,,411.81693799919316,361.07708120484375,320.8726525236955,358.1638083031195,361.8828459744289,361.1660686354025,362.7045150370012,,612.0301833397328,305.6161799858351,400.27268640552114,370.1789079383818,407.0123615202541,410.8706647220149,,,731.3648295052486,415.3120687934597,557.9836652082431,740.746775366709,351.00563645396403,369.12507424001984,382.28968903531967,390.8927882236214,401.13720747342927,409.88178596882034,584.0865596824383,366.33143595152325
v_2.6h,409.1702289799646,,,437.89801829705993,742.7485957814677,555.4682087857744,555.4682087857744,368.05973736862506,351.6840791124039,,578.4457582222276,411.1714288216309,732.4341535532998,530.4415407213623,708.9508094383053,446.4156422701028,317.3340670625514,398.512767138744,398.512767138744,464.4715122709715,592.1755005539909,336.3291048857367,347.31028698944294,414.87021074655235,695.231669000903,368.2103413990219,384.86603542280886,,,512.7831459946635,375.63291555052047,582.341056118825,707.2291689788049,645.9367259048663,,481.9495660924265,481.9495660924265,348.8187342684038,410.3355650547105,609.690794778006,407.9501344406126,407.9501344406126,642.3844489252469,743.7055055087703,,474.66324244653003,434.7722272719036,399.0537659005855,643.6627060415867,690.8483135232622,562.9379818903385,729.3315485703628,718.5961976226108,680.2198100873433,738.490691602967,498.4924728065983,731.5053811686332,400.7089846749039,652.157848020102,325.8311112508255,443.48690588272035,340.50938185884166,743.8524282324702,519.5615814517508,634.5408352910868,500.9174301897366,704.3853680479104,597.5250864210429,,413.23413353863543,361.0770857629664,324.6271985922174,358.163813671716,361.623939480602,361.23486552580323,364.4176784397219,,612.0492926117377,305.6161778331003,396.190988282922,372.75310476972555,408.47746309348537,412.4678289454765,,,731.3648295052486,419.40949795255017,557.9836674735183,740.7490849406882,353.77179341665243,372.07058973683314,383.92504014192633,390.8969738426916,401.61061474893586,412.5981801042131,584.0865596824383,366.786381144115
v_2.7h,411.1653124805457,,,442.4693980070585,742.7485957814677,555.4682088390734,555.4682088390734,371.94100738773597,355.88854329363545,,579.3816058535648,414.8120648543149,732.4341535541573,530.4459336307355,708.9589598722064,446.4163151141389,318.5543552090493,400.6773833951188,400.6773833951188,464.48760387016733,592.6007894274096,336.33426114985383,348.07490968050627,417.5634225774012,697.6665303178215,368.2225455023855,386.4060969035996,,,512.783680713857,376.91191736400793,583.3562454991184,707.2291690086108,645.9367259048665,,482.3825337275698,482.3825337275698,350.68583268858,413.9733345766818,604.4701516505389,410.9490800713609,410.9490800713609,642.3844494450644,743.7055055087703,,478.6389278148987,437.67182861826734,399.0497318634419,643.7354503590126,690.8675023411892,557.8966040979751,729.3315485703628,719.0589076500203,680.2185253310198,738.490691602967,498.4924136754829,731.5053811686332,400.79375142122683,649.5412910618697,325.8311112495081,443.4869059163609,341.1299004503147,743.8524282324702,519.5646101868526,634.5408352910868,504.2442471185233,704.3272000193955,597.5271809386438,,414.65206278194245,361.07709040647705,320.8741913890613,358.64853676516356,361.25377981149455,361.3034783946166,366.12372735087115,,612.0674810234837,305.61617562781703,394.06814976684836,372.75310476972555,409.9454215625883,414.1126214224766,,,731.3648295052486,423.4765477721861,557.9836697510264,740.7514954988684,356.53776140155327,375.0180557921891,385.5613092436112,390.8969738426916,402.04779484664306,412.5981801042131,597.8211993805849,369.17843063332293
v_2.8000000000000003h,413.1648489521527,,,447.0176629711878,742.7485957814677,555.4682088918685,555.4682088918685,376.67113375072387,360.04687975763574,,580.1538466668508,418.40373494927053,732.4341535556086,530.4503487539098,708.9714636473676,446.4169994476464,317.3094400426341,402.84220316573465,402.84220316573465,464.5146628057005,593.0236473219956,336.72670447390504,348.07490968050627,420.18258360155085,700.4564887387411,368.2134472566034,387.9413562359747,,,512.7842027448263,378.20760687664864,585.6855139630759,707.2291690390347,645.9367259048666,,481.9232261831881,481.9232261831881,352.5459585782752,417.60010483611353,599.2647719234358,413.9233604380925,413.9233604380925,679.9563391727929,743.7055055087703,,482.5027814907733,440.52147601446893,399.04859931065204,643.6989639456808,690.8862310779749,561.4809279499582,729.3315485703628,719.5055633610925,680.2619170532126,738.490691602967,498.4920808311292,731.5053811686349,400.87824935252195,646.9762166077446,325.8311112481301,443.48690601225184,342.01728661214867,743.8524282324702,519.567199065876,634.5408352910868,507.5442048972027,705.352023107077,597.529220051617,,414.9073136430065,361.0770875347283,324.1071604988101,359.81104607937755,360.76484405133914,361.66296007662237,367.82335985875267,,612.0848367386579,305.61617336930783,391.90193940289805,372.46909167802255,407.5233226239869,415.8102010811297,,,731.3648295052486,427.5159644370094,557.9836697510264,740.7540118490954,359.30217498178155,377.954239074236,387.19813913436616,390.89910566773153,402.5147673188287,412.29021973353986,584.0870651349009,371.5507865481158
v_2.9000000000000004h,415.1540741676714,,,451.5888078531838,742.7485957814677,555.4682088758076,555.4682088758076,371.8239479780975,355.886659716525,,580.1474467531121,421.97219413635383,732.4341535570986,530.454793365215,708.98229378785,446.417695680711,318.53074305662665,404.9913452911645,404.9913452911645,464.54074370649795,593.4049729471252,337.58808163220823,348.0388758356354,417.1345141152508,705.8380310469399,368.2259303069611,389.47086710260083,,,512.7847131791992,379.48769221826706,586.7026111056242,707.2291690379693,645.9367259048666,,481.43771958858406,481.43771958858406,354.3987712976525,421.2128136697433,595.2707652799569,416.8687754199694,416.8687754199694,679.9563394994708,743.7055055087703,,486.40392842793227,443.4180477353559,399.0503560734294,643.7837383278941,690.9045856381883,565.7620729594462,729.3315485703628,719.9654272978787,680.3022685753128,738.490691602967,498.4917443513814,731.5053811686407,400.9624915278553,644.7203700539683,325.8311112466893,443.4869061086852,342.9186430733829,743.8524282324702,519.5693474631876,634.5408352910868,510.9656947044927,707.0893652389376,597.5312140885837,,416.3259701966963,361.07709228487363,327.4087038755195,360.9742133220571,360.1501428445188,363.211469880011,369.5191528020981,,612.1014383014983,305.6161710569088,389.7010699167831,375.05780314431087,408.9872765305948,415.9766969602986,,,731.3648295052486,431.5275283620816,557.9836720406182,740.7530961875308,356.48088274059876,380.8754513705663,388.83507538862955,390.9032806388967,402.94476309822494,415.01630687218557,563.468930763491,373.9415238703374
v_3.0000000000000004h,417.135691243098,,,451.6393171388728,742.7485957814677,555.4682089303233,555.4682089303233,375.7257941028127,360.04538672083845,,581.0272540126338,425.51593565832195,732.4341535586291,530.4592733985392,708.9922346097591,446.41840423289716,319.75401083024195,407.11893192465806,407.11893192465806,464.56601508777277,593.7488943942457,338.4300863496229,348.81020890269855,419.7516802298041,708.466585739911,368.237820219634,390.99350119587336,,,512.7852130322221,380.7504248685094,588.9502322297297,707.2291690692803,645.9367259048669,,480.93966158184907,480.93966158184907,356.244073127103,424.8182194659286,598.8366387271609,419.7826929525204,419.7826929525204,679.9563398722137,743.7055055087703,,490.21822950766307,446.29141138242767,399.05498613005057,643.8804590120443,690.9226366328396,569.2002931300369,729.3315485703628,720.5907186111489,680.3398166940583,738.490691602967,498.49140438020476,731.5053811686467,401.0464904390365,642.2007562947534,325.8311112451826,443.4869062056872,343.83258587014376,743.8524282324702,519.5710546170613,634.5408352910868,507.8494572439579,708.0966057554691,597.5331717040698,,416.5845555020592,361.0770971243593,324.1027994988591,361.03816814213064,359.40349999094457,364.76358546849383,371.2250330434878,,612.1194315139751,305.6161686899735,391.90193981581837,377.65487457999245,410.45342538708354,415.9766969602986,,,731.3648295052486,435.50759635766883,557.9836743427015,740.7557257084109,359.24175624139235,383.7769398367788,390.4715539468232,390.9073761023358,403.4049778044707,417.74446838150465,535.0072125846057,376.3129299079372
v_3.1h,419.1121383004187,,,451.6393171388728,742.7485957814677,555.4682089845682,555.4682089845682,379.6600052653868,364.1510704533942,,581.8362233781133,429.0221182406753,732.434153560201,530.4637937053703,709.0017303379203,446.4191255363916,320.97886745709394,409.2229569561217,409.2229569561217,464.59062486149327,594.0591401818112,339.2510478704447,349.5852012492893,422.4389493455423,711.3753955774629,368.2293794960546,392.50792972887933,,,512.785703248493,382.03171262259684,589.9665499344924,707.2291691012941,645.9367259048673,,481.40887299564105,481.40887299564105,358.0897414087356,428.44993693990693,593.6306294290517,416.80976337135866,416.80976337135866,679.9563402945485,743.7055055087703,,493.95625856916905,449.13039485447723,399.06246986764734,641.5927640405238,690.9404419410989,572.5970564497277,729.3315485703628,721.1904391502542,680.3010738947111,738.490691602967,498.4910610691321,731.5053811686428,401.130257986889,641.6926707160358,325.8311112436073,443.4869063032849,344.75766520058767,743.8524282324702,519.5723196274115,634.5408352910868,511.23382873457456,709.107596702825,597.5351001474796,,418.0022338873768,361.07710205534465,327.39720186941344,361.03816814213064,360.3332309442273,366.32024566371007,372.9253986801562,,612.143090758653,305.6161662678745,389.70107045970747,380.25621810543157,411.92068827339585,417.72276957292524,,,731.3648295052486,439.44847493375545,557.9836766569474,740.758471161456,362.0036764270618,386.6952966342391,392.1068881391328,390.91140247143613,403.8288022769858,420.4721739575426,499.53110826444777,378.68766858703935
v_3.2h,421.0855866073058,,,456.18089532035094,742.7485957814677,555.4682090387744,555.4682090387744,378.7049468501088,364.1575741918811,,582.6433056087175,432.5025315281528,732.4341535618161,530.4683000298795,709.0110336804654,446.4198600294992,322.2049345192833,411.3011892005486,411.3011892005486,464.6147030252399,594.4295484249329,340.05821316221255,350.36309834906154,425.20669323700173,714.0631289230759,368.24153666782627,394.0238285109273,,,512.7861847072626,383.2889654030319,592.1196129513612,707.2291691340716,645.9367259048673,,480.9140704706601,480.9140704706601,359.92886614132055,432.064438061558,589.6669222295711,419.738522836609,419.738522836609,679.956340867668,743.7055055087703,,497.63088913963804,451.95254369450737,399.0727843402568,641.7000737143699,690.9580488519164,567.8708157039929,729.3315485703628,721.7675977323254,680.3386833096808,738.490691602967,498.49071457738575,731.5053811686487,401.2138054591154,639.191091205523,326.38214923279185,443.48690640150323,345.6923766559524,743.8524282324702,519.5731414534923,634.5408352910868,514.6463968242132,710.1220945209992,597.5370054891519,,418.2637259298292,361.07710708001747,326.8673887000793,362.19920319733654,361.9413339425846,367.8987274362737,374.62077533410996,,612.1877532484906,305.6161637900016,387.47430416114616,382.8582401923863,413.38792390493774,419.48602574850105,,,731.3648295052486,443.33985073141633,557.9836789833099,740.7613378927127,364.7632261634322,389.59088505168774,393.75923660317005,390.9153694162536,404.282267313047,423.19725776206775,460.22670902624986,381.06017015459145
v_3.3000000000000003h,423.08232227476003,,,460.7223820700269,742.7485957814677,555.4682090260086,555.4682090260086,378.7049468501088,364.1575741918811,,583.48687204444,435.9580953258652,732.4341535634761,530.4729241474281,709.0202892902402,446.4206081972552,323.4318286899443,413.3639084205995,413.3639084205995,464.6383640035487,594.8269285799588,340.87618821711146,351.1531789561379,424.7433120476165,717.0651673499052,368.2453229266537,395.555099733668,,,512.7866582273233,384.5445540445706,593.1321316992784,707.2291691676672,645.9367259048676,,480.48522064627366,480.48522064627366,361.75999277474654,435.6493347109982,584.5580728186197,422.6348333577914,422.6348333577914,679.956340867668,743.7055055087703,,501.3453374395413,454.8257596518714,399.14613532310955,641.6543239791763,690.9754958532413,571.7371354405979,729.3315485703628,722.3249575980886,680.3737121068796,738.490691602967,498.4903650719964,731.5053811686545,401.2971435098363,639.191091205523,326.3821492313504,443.48690650036804,346.63517324078214,743.8524282324702,519.57351891155,634.5408352910868,518.0390763404694,711.6030475683087,597.5388928103504,,419.6786293507128,361.077112200595,326.8673887000793,363.3582509227245,363.54496448482547,369.47820919554607,376.31164725559813,,612.2089074465781,305.6161612557688,385.23033106936066,385.45785637567866,413.3668694350492,421.3151292886417,,,731.3648295052486,447.27753657691693,557.9836813217258,740.7643314341057,367.51841713377655,392.4656831150901,395.41285864204826,390.9178434293961,404.70109174552056,425.91788713012335,499.5330992588746,383.4153353545072
v_3.4000000000000004h,423.23353380127236,,,465.2660558113289,742.7485957814677,555.4682090819663,555.4682090819663,382.6442762208046,368.2309727957256,,584.2140652259832,439.3468367182661,732.4341535651829,530.4775960442537,709.0295808810677,447.50860309212015,323.40107414953195,415.4264821895436,415.4264821895436,464.66170868707235,595.185900990301,341.7039942341115,351.94554728786954,424.7433120476165,719.7797658116267,368.2453229266537,397.07779567010607,,,512.7871245715396,385.8015915465573,595.1771739393871,707.2291692021308,645.9367259048678,,480.0315074682616,480.0315074682616,363.5831034596708,439.22790538354417,580.6646417321315,425.516779231394,425.516779231394,679.9563414001398,743.7055055087703,,505.0139531405137,457.67522742191386,399.1620336570585,641.7734103336213,690.992044619611,575.0065806014344,729.3315485703628,722.8650550595157,680.3726320198986,738.490691602967,498.4900127279202,731.5053811686506,401.3802821408645,636.7394266017391,326.3821492298439,443.4869065999027,347.58447798560945,743.8524282324702,519.5734506724274,634.5408352910868,521.4198961215092,712.5907109341784,597.5407663628854,,419.94258370340606,361.0771174193237,330.1998870960855,364.5272719414076,365.1437223952283,371.05877015535617,377.99844459956284,,612.2293638674757,305.61615866461204,382.9776533694969,388.06100987763506,413.3668694350492,423.13828790193776,,,731.3648295052486,451.1592752018851,557.9836836721232,740.7674575064157,370.26668940367756,395.35559531381875,397.0663808110521,390.9178434293961,405.1477745528883,428.6325241195378,460.229227543935,385.77812063753623
v_3.5000000000000004h,425.2273656143737,,,469.8105424922877,742.7485957814677,555.4682091380946,555.4682091380946,386.60138300770546,372.2482848810784,,585.0990700439959,439.142150055768,732.4341535669382,530.4823184700547,709.038957771313,450.76263255191066,323.40107414953195,417.4619754501769,417.4619754501769,464.6848262084398,595.1744914772836,342.54061742256846,352.73935938556525,427.56250398396503,722.9014905540716,368.25719253490894,398.59003527024595,,,512.7875844510323,387.02893421743016,596.182519147087,707.2291692375096,645.936725904868,,480.4572549004145,480.4572549004145,365.39822070702513,442.84217339387425,584.0613021366127,425.4708298739761,425.4708298739761,679.9563419938935,743.7055055087703,,508.63962767752275,460.50586604053467,399.1620336570585,641.9041515218889,691.0094007087775,578.2022251745063,729.3315485703628,723.3902169774602,680.3726320198986,738.490691602967,498.48994304232826,731.5053811686565,401.4282560021371,634.3368943998358,326.3821492282684,443.4869067001314,348.5386969460229,743.8524282324702,519.5729352591171,634.5408352910868,524.8371383217786,713.581155068726,597.5426297030378,,421.3528260541174,361.0771227384777,326.8564180887367,365.69613420757844,366.7371382536217,372.64042973521026,379.6815315116775,,612.2491564551783,305.6161560159904,380.724477657584,390.6635290952729,414.8268355403507,425.02467161208114,,,731.3648295052486,454.9647611514307,557.9836860344221,740.7707220220731,370.1904104738942,398.2070871901534,398.7188477868994,390.9218323808557,405.5626748346938,431.33988194503587,460.229227543935,388.1365716241229
v_3.6h,425.2273656143737,,,474.35043294734317,742.7485957814677,555.4682091945914,555.4682091945914,385.61696690967693,368.23640127812234,,585.836899120315,442.5027393068426,732.4341535687428,530.4823184700547,709.0484054893128,454.08218301456503,324.6293560147149,419.4688237856678,419.4688237856678,464.707795486971,595.5002160184448,342.37107959961685,352.71210412976194,430.394982853064,725.6050819875826,368.2613102507143,400.08776321629017,,,512.7880381614938,388.2928369615437,597.1948233322336,707.2291692738471,645.936725904868,,480.00062004092246,480.00062004092246,367.2053880226952,446.3986486424106,578.9752171952445,425.4708298739761,425.4708298739761,679.9563426532364,743.7055055087703,,512.2288362163337,463.32198601788315,399.18067796538924,639.5848789465924,691.0094007087775,577.1205500865217,729.3315485703628,724.0758792164294,680.4053495052365,738.490691602967,498.489587029698,731.5053811686621,401.5123502513209,632.1009433012202,326.3821492269806,443.48690680107705,349.4962323868106,743.8524282324702,519.572342762942,634.5408352910868,528.3194044018405,713.364244178457,597.5444858030963,,421.61785381613134,361.07712816036013,330.1795520612116,366.8617189630607,368.3246125479156,374.2234136035921,379.7332336211167,,612.268338143301,305.61615332130367,378.4786180566277,393.25927023714087,416.2837509502554,426.9085800060731,,,731.3648295052486,458.84631354939745,557.9836884085389,740.7741310877615,370.1904104738942,401.0794291300719,400.36544273673906,390.92577802240214,405.64599094936466,434.0388780624921,421.7567204522528,390.4807396821943
v_3.7h,427.2224582420497,,,478.87515490720875,742.7485957814677,555.4682092427702,555.4682092427702,385.61696690967693,372.24367920492915,,586.6725504859972,445.8826627720107,732.4341535705998,530.4870937107952,709.0580512098728,457.3230276315596,325.85850958536935,421.44367879239604,421.44367879239604,464.7306865641739,595.5002160184448,343.21625484323283,353.5108310072471,429.9374261554686,728.8765076408522,368.2613102507143,400.22769679936914,,,512.7884863371852,389.53666949275026,599.091235117044,707.2291693111855,645.9367259048681,,479.5175869338677,479.5175869338677,369.0046513666613,449.99515446863006,573.9525314971623,428.3184101131613,428.3184101131613,702.7843255547766,743.7055055087703,,515.788284118588,466.1274519118822,399.20203467743517,641.9955547466908,691.0266476837201,577.1205500865217,729.3315485703628,724.7928604493754,680.4358710884763,738.490691602967,498.4892287323189,731.5053811686645,401.59612366813275,629.7801179362679,326.3821492252597,443.48690690276203,350.45918980243175,743.8524282324702,519.571689992216,634.5408352910868,531.7965875747407,714.3510485617895,597.546338128579,,423.019572206486,361.07713368730134,329.6417306967283,368.02244551727847,369.9054948378438,375.80760399845826,381.41336833487327,,612.2869570727172,305.61615058150596,376.2474119453724,395.8466932145536,416.8109699378632,427.0746277840447,,,731.3648295052486,462.6211917729242,557.983690794403,740.7776910068023,372.9337637283163,403.9113558969372,402.0044716759886,390.929688281903,406.09176705900666,433.72955827880656,404.77002794290433,392.8116737599381
v_3.8000000000000003h,429.2154386838281,,,483.3690626422876,742.7485957814677,555.4682092427702,555.4682092427702,389.5629939081595,376.22967787521077,,587.4533045831811,449.2134958310888,732.4341535725104,530.4919237262529,709.0580512098728,460.617236730569,327.08773031728145,423.4363181094463,423.4363181094463,464.7535986999026,595.7946608405697,344.0672405098827,353.5108310072471,429.9374261554686,731.5424453711263,368.27292851804094,401.7509711432092,,,512.7889295872036,390.7913358500916,600.0859319340934,707.2291693495662,645.9367259048684,,479.48395000041023,479.48395000041023,370.79604139187984,453.56330118185866,570.1413816720907,431.16384545001716,431.16384545001716,702.7843255547766,743.7055055087703,,519.3235823646289,468.92565020936735,399.22606807101585,639.8232118455012,691.0438060386385,580.3192492794539,729.3315485703628,725.4848916182264,680.4349219493678,738.490691602967,498.4892287323189,731.5053811686645,401.68439015603326,627.6536017375987,326.3821492234958,443.486907005242,351.4276614411825,743.8524282324702,519.5709767483386,634.5408352910868,535.2737973900703,715.3403219549225,597.5481886216363,,423.2841577857086,361.07713931772355,329.6417306967283,369.1818366313782,371.489138900655,378.9786414712264,383.08983062879616,,612.3050560792583,305.61614779709805,374.0376496207585,398.4246077561943,416.7730247305468,428.96410614969926,,,731.3648295052486,466.44442278830144,557.9836931918595,740.7814109479509,375.67344084736095,406.7663421006779,403.6341339271148,390.9335705376125,406.5042416398203,436.41641525147617,406.09956332795247,395.15827781017276
v_3.9000000000000004h,431.2068686761055,,,487.8478273893988,742.7485957814677,555.4682093016379,555.4682093016379,388.57032157741236,376.23863944046354,,588.2069806983479,452.4936536350474,732.4341535744765,530.4968101241943,709.0678351271406,463.89405137232734,327.0593169169164,425.4053663709132,425.4053663709132,464.77658454959743,596.0751391379449,344.9229408764314,354.3096982641789,432.81211750155046,734.97606890041,368.2773726722213,403.2593457844737,,,512.789368480646,392.0519469147843,601.086436369868,707.22916938887,645.9367259048686,,478.969783858626,478.969783858626,372.57955636357633,457.1361155469048,568.4089713213907,431.11800431309894,431.11800431309894,702.7843259540733,743.7055055087706,,522.8392257768974,471.74544576166164,399.2527404930804,639.8232118455012,691.0608920545983,583.5752441372907,729.3315485703628,726.1549695346772,680.4349219493678,738.490691602967,498.4888683575292,731.50538116867,401.77989737449724,625.5635390533587,326.3821492216906,443.48690710854027,352.39612620566356,743.8524282324702,519.5702028350546,634.5408352910868,538.7550802646788,715.3403219549225,597.5500388316109,,424.6752584232809,361.07714505362657,332.99097236694826,370.3549114196456,373.07115488392037,380.56475311769753,384.76267767646436,,612.3226732882998,305.6161449686577,374.0376530457942,400.9922106185862,416.7730247305468,428.96410614969926,,,731.3648295052486,470.17196182263206,557.9836956008305,740.7852979748518,378.3987826350144,409.5764498310838,406.9384465274037,390.93637427341326,406.9456810483937,439.09228663739054,407.41584889103217,397.4951244898873
v_4.0h,433.19734681362746,,,492.4123694313651,742.7485957814677,555.468209361237,555.468209361237,391.7565372979555,376.23863944046354,,589.037797861587,455.72835517803315,732.4341535760547,530.5017542696246,709.0777714114911,467.11570674395256,328.28614906352857,425.26332355590966,425.26332355590966,464.79758947150407,596.453831891412,345.7822577166755,355.115141134391,435.68163902120335,737.7923360317988,368.2773726722213,404.74990069120014,,,512.7898035497235,393.29739971354167,602.8089656134166,707.2291694294832,645.9367259048687,,478.969783858626,478.969783858626,374.3551456147736,457.12443291647776,568.4089713213907,433.9217726662786,433.9217726662786,679.9563451541609,743.7055055087706,,529.8241529050871,474.57219485353966,399.2817016210529,639.9868235648049,691.0779091231983,582.512138998725,729.3315485703628,726.8058455965833,680.4634912972417,738.490691602967,498.48849987220933,731.5053811686726,401.8750473066806,623.5083160325538,326.3821492198435,443.4869072126782,353.3630473801425,743.8524282324702,519.569368058297,634.5408352910868,542.2437122875706,716.3291306296874,597.5518900226414,,424.938868668445,361.0771508972022,332.4446385902086,371.52195873268505,376.2151620910928,382.1505756974696,386.4318521181148,,612.3398426431247,305.6161420968405,371.85552299060845,403.5620009609317,418.2189254134146,430.9115290820795,,,731.3648295052486,470.16176967238175,557.98369802124,740.7893592514467,381.11436540467304,412.41374854223614,408.58092356510065,390.9403049421157,407.35595947756144,439.09228663739054,406.6020435492058,399.8209128952345
v_4.1h,435.1868179946023,,,496.9125614413806,742.7485957814677,555.4682094147084,555.4682094147084,391.7565372979555,380.1533239657772,,589.7365206733323,458.9741850466592,732.4341535781466,530.5067573347645,709.0878697210345,470.3973949312809,328.28614906352857,427.1925004092859,427.1925004092859,464.82112114498585,596.7964295305131,346.6460335103823,355.9262979216562,435.226331849439,741.180344435286,368.28877385001005,406.2351418172205,,,512.790235292641,394.5746540975868,603.786663878597,707.22916947125,645.9367259048689,,478.5075249242875,478.5075249242875,376.12269335722743,460.64707095249145,564.6378403953033,433.9217726662786,433.9217726662786,702.784326908654,743.7055055087706,,533.2970987904505,477.39159695775544,399.37071109738747,640.1017833908184,691.0948686163321,585.8182004996852,729.3315485703628,727.4400441549011,680.4901875876536,738.490691602967,498.48812285872793,731.5053811686726,401.96985348963096,621.4782654376464,326.3821492198435,443.48690726467174,354.3381816849997,743.8524282324702,519.568472226033,634.5408352910868,545.7422405094818,717.3170657427728,597.5537432194444,,425.2034672195244,361.07715685065835,332.4446385902086,372.68089013656896,377.77515385771204,383.73542956897984,386.4318521181148,,612.3565943744592,305.61613918238464,369.70656881841876,403.249703014063,419.65810025295644,432.8583316024027,,,731.3648295052486,473.9246891937147,557.9837004530078,740.7936021611981,381.04231894538594,415.2212407178106,410.21099233608095,390.9403049421157,407.35595947756144,441.75621027816953,407.9117127226028,402.136642868037
v_4.2h,437.17487290240405,,,501.3820217867425,742.7485957814677,555.4682094771134,555.4682094771134,395.6863704729933,380.17390647164194,,590.5908421845954,462.1840640348501,732.4341535803002,530.5118203370942,709.0981377827909,473.6748831889814,329.5120378412521,429.14604359327086,429.14604359327086,464.844814000847,597.1064980513379,347.51543230847756,356.7350239284768,438.1246390481529,744.1782558569358,368.2935399659212,407.7460602128682,,,512.7910906385199,395.82267318631887,604.7691496884502,707.2291695142105,645.9367259048693,,478.47520192210516,478.47520192210516,377.88200263668415,464.250027212266,559.7510694495091,436.71523480978857,436.71523480978857,702.7843274347167,743.7055055087706,,536.7576954379728,480.2051546047451,399.40412550198187,640.1017833908184,691.1115514562306,585.8182004996852,729.3315485703628,728.122062556792,680.489379646813,738.490691602967,498.4877371758825,731.5053811686781,402.06432852179927,620.6213628348229,326.38214921795424,443.48690737113685,355.31279920696073,743.8524282324702,519.5608981075557,634.5408352910868,549.2524971322906,718.3038463359836,597.5555734739876,,426.5793053470117,361.0771602225855,332.4153352617314,373.845549450141,379.32552964120015,385.31848300823304,388.09717140764656,,612.3729554177494,305.6161362261136,367.59566576151707,405.8009638915515,418.70087969208606,434.8055705957697,,,731.3648295052486,477.67250986268385,557.9837028960546,740.7980343087314,383.74974824598854,418.01023096294944,411.825723279654,390.94422021318746,407.79175849838055,444.40723162631605,409.20624748348064,404.44330215123085
v_4.3h,437.3296648708289,,,505.9434568842687,742.7485957814677,555.4682094771134,555.4682094771134,394.6759421989808,384.0588664285299,,591.3405047914547,465.3552315429769,732.4341535825175,530.5169441698141,709.1085823314393,476.91399440622587,330.7365343828123,431.06291593231856,431.06291593231856,464.86870440426526,597.0965673248,348.3866292097206,356.7139171813961,438.1246390481529,747.4619626967348,368.2935399659212,409.23603599993385,,,512.7915150907753,397.10501204123415,606.2950242291155,707.2291695584045,645.9367259048696,,478.0180871215105,478.0180871215105,379.6327791959898,467.79128940942786,557.983325169141,436.68241800357464,436.68241800357464,702.7843280085966,743.7055055087706,,540.2050454658928,483.0139001056408,399.4397006550289,637.9257695529692,691.1284650018521,589.1804480016685,729.3315485703628,728.9764806052801,680.5144237110707,738.490691602967,498.48734268089277,731.5053811686807,402.06432852179927,618.6020949833149,326.38214921602264,443.4869074784853,356.28328421411544,743.8524282324702,519.5598773567832,634.5408352910868,552.7755972981894,719.2891983566396,597.5574373797168,,426.84228186870666,361.07716641844735,332.4153352617314,375.01686212676606,380.8750328560643,386.898734058518,389.75831507861625,,612.3889497839851,305.61613019187877,365.5270084278913,408.34111811282315,420.13193350030684,436.75529475698676,,,731.3648295052486,481.3287414495401,557.9837053502973,740.8017491001141,386.45396988910693,420.82137526321964,413.4822167397171,390.9481265858156,408.20085957121063,447.0499863968238,409.20624748348064,406.7418443524629
v_4.3999999999999995h,439.3317293327373,,,505.9233635941921,742.7485957814677,555.3297888949155,555.3297888949155,397.86754006863595,384.0588664285299,,592.1127668577082,468.4909656592506,732.434153584801,530.5221296262132,709.1192081711288,480.1229411148624,331.96448216274376,432.9372179632914,432.9372179632914,464.8928248886951,597.3786434953732,349.25856128875967,357.52369958467585,441.0078518566328,750.6800100000526,368.2983911969984,410.7010198662891,,,512.7919379198232,398.3676498144137,607.2489754030854,707.2291695584045,645.9367259048696,,478.0180871215105,478.0180871215105,381.37461498747626,471.3443253577571,554.2977955200918,439.43565397212274,439.43565397212274,702.7843280085966,743.7055055087706,,543.6370440228685,485.8183871228597,399.4773957472127,637.9257695529692,691.1453359209645,592.6001635532696,729.3315485703628,729.8022618702475,680.5144237110707,738.490691602967,498.4872375482411,731.5053811686807,402.1584840644367,616.6053638186515,326.3821492140487,443.4869075867353,357.26104427805853,743.8524282324702,519.5587948525003,634.5408352910868,553.0716266510094,720.2728547470597,597.5593045424528,,428.20270170802144,361.0771727306492,335.25518013550465,376.1770569846734,382.4322923091517,388.47498996324606,391.41481099814655,,612.4045988892514,305.61612711602754,365.527016825859,410.8718889283724,420.66835225239726,436.91374734035617,,,731.3648295052486,485.1000703452871,557.983707815654,740.8065858095916,386.45396988910693,423.60226889158946,415.12637663625685,390.9511884288427,408.63164338985797,449.68827194029063,409.8209908952861,406.5957216739444
v_4.5h,441.33635415996577,,,510.4281272118272,742.7485957814677,555.3297889937322,555.3297889937322,397.86754006863595,384.06094115015696,,592.9210846626013,468.4909656592506,732.4341535871523,530.5273774191153,709.1300248653421,483.38776449025903,331.9366739096439,434.83621442156397,434.83621442156397,464.9172046283704,597.6342432954616,350.130187711873,358.32984565232323,440.54536712138577,753.7832865541391,368.3098405333039,412.1999603920558,,,512.7923594898774,399.6435220525816,608.2066712549542,707.2291696038719,645.9367259048698,,477.53421803869554,477.53421803869554,383.10697105596756,474.92406238174846,554.2977955200918,442.16552667593993,442.16552667593993,702.7843286234876,743.7055055087706,,547.0502585533178,488.6186736909321,399.51716910958856,638.1210954688424,691.1621702041097,591.4967164805386,729.3315485703628,730.6027182430657,680.5378662906684,738.490691602967,498.4868264402146,731.5053811686862,402.25233084437195,614.6291488253246,326.38214921203286,443.48690769590365,358.23762694621297,743.8524282324702,519.557650409144,634.5408352910868,556.6064102022442,719.9749675851369,597.5611754810263,,428.46347997679214,361.077179161453,335.21431466081606,376.24205956139684,383.97921185552343,390.04584377451886,393.0660203110675,,612.4199218475669,305.61612400259486,365.52702563407735,413.40304892479617,420.66835225239726,438.8712110018293,,,731.3648295052486,488.7914602907314,557.9837102920371,740.8116359021536,389.15765426830643,426.356485581821,416.75294942579796,390.95516088188384,409.0405436763589,452.3144527185619,411.10070810027617,408.8903521925675
v_4.6h,443.342492158948,,,514.9410311843275,742.7485957814677,554.2064691147531,554.2064691147531,397.55044958072335,387.9268148554528,,593.6076126461184,471.5939768012463,732.4341535895746,530.5326881963884,709.1410360725731,486.66272618557235,333.1614868838435,436.7130670421597,436.7130670421597,464.94186985302,597.9001621558168,351.00095665300597,359.14513997643814,443.4446679254833,757.2695581220268,368.3098405333039,413.6865283308901,,,512.792780144357,400.9204542945494,610.4363230863556,707.2291696506535,645.93672590487,,477.49574095439493,477.49574095439493,384.8291594944362,478.43929180816684,549.5061604677255,442.16552667593993,442.16552667593993,702.78432930747,743.7055055087706,,550.4397638256493,491.41429549729384,399.51716910958856,638.2469144187075,691.1789724879725,594.9387000525544,729.3315485703628,732.1395729252026,680.537205217376,738.490691602967,498.486406086853,731.5053811686893,402.34587865814734,612.6714583296246,326.3821492099736,443.4869078060059,359.20774948321764,743.8524282324702,519.5564438424383,634.5408352910868,560.1513009955725,720.9867276645449,597.5630505944604,,428.7250479796634,361.077185713127,335.21431466081606,377.4161249828475,385.5140245331072,391.60964768213597,394.71112076117686,,612.4349357310928,305.6161208528937,363.5041339593114,415.9225907976497,422.0893307763858,440.8574500906618,,,731.3648295052486,492.418461682804,557.9837127793598,740.816907876465,389.0505410113661,429.1426283611646,418.3584761087109,390.959135010164,409.46709126286567,452.0145047364276,412.36123031391446,411.17779832513935
v_4.7h,445.3487141146728,,,519.4374095088847,742.7485957814677,551.7413049797774,551.7413049797774,400.72206863481784,387.9268148554528,,594.4792056496112,474.66632530684,732.43415359207,530.5380625532865,709.1522479865614,489.91663834254905,334.38413795505636,438.54002689847783,438.54002689847783,464.9668442117816,598.2307630782157,351.880318935673,359.14513997643814,446.31925284598213,760.149216358742,368.31501471878926,415.1429921896113,,,512.7932002075473,402.1909136846791,611.3618918820449,707.2291696987911,645.9367259048703,,476.9800419212463,476.9800419212463,386.5520258620532,481.99854415178294,548.8783397784628,444.8728647059827,444.8728647059827,702.7843300102703,743.7055055087707,,553.798923923659,494.2042280395932,399.55897834612824,638.2469144187075,691.1957462995032,598.3972862279089,729.3315485703628,732.8813223105034,680.5593234013645,738.490691602967,498.48597633902665,731.5053811686948,402.43913637749574,610.730506040779,326.3821492078726,443.48690791705656,360.18839056574126,743.8524282324702,519.5551749692477,634.5408352910868,563.7047120510949,721.9964758527574,597.5649301813461,,428.745003790518,361.0771923879487,334.669822592404,378.5815822056028,387.03470936838403,393.16448255448665,396.3490880580237,,612.4496558013225,305.6161176683455,361.5298556868372,418.4305340793117,422.01433034605185,442.8535923473318,,,731.3648295052486,496.1135022619114,557.9837152775341,740.8224104552086,391.7521977152861,431.91131745478776,420.0173620939163,390.9631158466553,409.87672344540374,454.61832953769436,411.5939672786935,413.4587314848995
v_4.8h,445.3487141146728,,,523.9337256664944,742.7485957814677,551.7413049797774,551.7413049797774,403.8931322486293,387.91733063803713,,595.2249345237686,477.70933993119297,732.4341535946405,530.5434988551219,709.1636668672279,493.1550114719816,334.38413795505636,440.3964652735262,440.3964652735262,464.9921490924711,598.5308651626857,352.75776837131286,359.9613724308811,446.31925284598213,763.9079313395681,368.3263020599657,416.62803573522814,,,512.7936199861338,403.4817628793276,612.2896017625768,707.2291697483256,645.9367259048704,,476.47745760466836,476.47745760466836,388.272999252141,485.5756284430261,544.1241711764492,444.86278290463855,444.86278290463855,702.7843307607696,743.7055055087707,,557.1692709761681,496.9868360100548,399.6027804599308,638.3714887418399,691.1957462995032,598.3972862279089,729.4547865624343,733.7501798865657,680.5593234013645,738.490691602967,498.4855370460189,731.5053811686948,402.5321119561391,608.8183145447179,327.00517556323337,443.48690802907055,360.0663651528491,743.8524282324702,519.5538436074393,634.5408352910868,567.2640462480923,723.0039841344037,597.5668144560989,,429.0068546362585,361.0771991881991,337.5095245349332,379.7310203907596,388.57322648506994,394.72427270217696,396.39852547006603,,612.4640957144755,305.61611445048635,359.60640193053877,420.926929052256,422.5533329012835,444.851443375266,,,731.3648295052486,499.80166409225006,557.9837177864686,740.8281525844325,394.419363972544,434.6599312234048,421.6554794367633,390.9631158466553,409.9992971445986,457.20605691854024,412.8447269462778,415.7337183872703
v_4.9h,447.3531680591907,,,528.4700285698312,742.7485957814677,551.7413052772099,551.7413052772099,403.8931322486293,391.7541090070941,,596.0153206057438,480.7235309248301,732.4341535946405,530.5490024601272,709.1752990992093,496.38264757099694,335.6040976301238,442.2285602289873,442.2285602289873,465.0178039016138,598.5308651626857,353.6323562266368,360.77284162481055,445.8647288047674,767.0482049263892,368.3263020599657,418.357987731648,,,512.7940397706321,404.74809620616327,613.2189369601344,707.2291697992727,645.9367259048707,,476.47745760466836,476.47745760466836,389.98462101358047,489.1077765432663,539.4332372284317,447.53989483215173,447.53989483215173,702.7843307607696,743.7055055087707,,560.6140269614715,499.77481636314405,399.7039869401497,638.5988045433814,691.2124942568839,597.2868601079547,729.6368415279062,734.729265847888,680.5588881311323,738.490691602967,498.4850880555259,731.5053811686976,402.6268433408494,608.8183145447179,327.0051755614028,443.4869081420587,361.04679437432577,743.8524282324702,519.5524495757422,634.5408352910868,570.8255559880505,724.0090320988055,597.5687035626053,,429.2694829375889,361.07720611616463,337.5095245349332,380.9055091466716,390.10454114953444,396.29270290687435,398.04638372827617,,612.4782677039959,305.6161112009711,359.6064189061365,423.4118208959092,423.95091487368137,444.851443375266,,,731.3648295052486,503.44599125470296,557.9837203060715,740.8341434324457,397.10567644924936,437.39134855741463,423.26804616851797,390.96710810077144,410.4317235220276,459.7760556709502,413.4774452480876,418.003205626066
v_5.0h,449.3535293566358,,,532.8729478600522,742.7485957814677,547.4927315245889,547.4927315245889,402.86961441921767,395.54259575982456,,596.8288254959668,483.70849135498645,732.4341535972895,530.5545711042627,709.1871512281357,499.603694474233,335.5726614183036,444.0001921947235,444.0001921947235,465.0178039016138,598.8034377309239,354.5037265650377,360.7568877434505,448.7148719875539,770.5407275460361,368.3317954779025,419.9625615423067,,,512.7944598366988,406.0524263761967,614.1982913418756,707.229169851737,645.9367259048711,,476.4404943333949,476.4404943333949,391.68576774099887,492.6045701020255,539.4332372284317,450.1914803004024,450.1914803004024,702.7843315615545,743.7055055087707,,564.032147687462,502.59871704992867,399.75168115998156,638.5988045433814,691.2292182348145,600.7753101066545,729.7956087245401,735.6784032279807,680.5798489765249,738.490691602967,498.4850880555259,731.5053811687034,402.7324140018422,606.9221149441471,327.0051755595366,443.486908256033,362.02169410234006,743.8524282324702,519.550992693614,634.5408352910868,574.3841599026377,725.0114069401108,597.5705975856658,,430.5928027216387,361.0772131741333,337.4577108432159,382.065793131691,391.6196545699333,397.8509494389635,399.68793693200826,,612.492182742799,305.6161079215769,357.7353986174202,425.8852150717522,423.95091487368137,446.8513420496141,,,731.3648295052486,507.05660732632737,557.9837228362483,740.8403923882206,399.75132923085357,437.2177804403372,424.89885845320254,390.970501009876,410.8430690027797,462.34915179805455,414.70675347584375,420.2675043619729
v_5.1h,449.5225471528351,,,537.488617585879,742.7485957814677,540.9585503133991,540.9585503133991,406.0253554391345,395.54259575982456,,597.5290146561181,486.6627800801759,732.4341536000192,530.5602052729055,709.1871512281357,502.8216912203698,336.7951127388458,445.8391777168273,445.8391777168273,465.0438263100024,599.0511624999165,355.38485965947643,361.5682616217318,451.56612736211713,774.0021127955903,368.3429503386973,421.4478331912223,,,512.7948804463516,407.31611764563075,615.084875274164,706.8068432590228,645.9367259048711,,475.97946178775186,475.97946178775186,391.58896335826466,496.1772119415789,535.9210715978714,450.1914803004024,450.1914803004024,702.7843324328908,743.7055055087707,,567.4127685481307,505.4212610117264,399.8012396248118,636.4200605718861,691.2458655802565,604.2188916666847,730.0475844027611,736.600988602916,680.6020265381018,738.490691602967,498.48462921365604,731.5053811687034,402.83765343444276,605.0399835098968,327.0051755576359,443.486908256033,362.9918751353055,743.8524282324702,519.5494727811066,634.5408352910868,577.9332071798513,726.0109034599741,597.572496560602,,430.85219828712405,361.0772203643908,337.4577108432159,383.21610540837986,393.1188576694243,399.3962855261954,401.3217364127128,,612.5058506878366,305.6161046142111,355.9178495427608,428.3470436113196,423.01352091843677,446.96018864317347,,,731.3648295052486,510.64228438220755,557.9837253769027,740.8469090593105,399.75132923085357,439.94835251960944,426.546390527252,390.9745784360313,411.27359123717366,464.9188419210779,415.9111484544639,422.52677456496576
v_5.2h,451.5076991003641,,,541.9850039373524,742.7485957814677,540.9585503133991,540.9585503133991,409.16936131468645,395.54598305875516,,598.4200815448695,489.583779257869,732.4341536028322,530.5659054269158,709.1992299844852,506.0396017964081,338.0145985680948,447.6161622143425,447.6161622143425,465.0702324679725,599.0447364354592,356.2617520609943,362.3791692007482,451.56612736211713,777.091462257305,368.3429503386973,422.9195263797476,,,512.7953018490797,409.9031163251987,616.0114933727226,703.9943003361464,645.9367259048713,,475.4910656411361,475.4910656411361,393.268245095526,499.74992593898355,534.1311910775736,450.18329481706223,450.18329481706223,702.7843333423483,743.7055055087707,,570.7422408261326,508.23938740502854,399.8526180817419,638.9797846314992,691.262555132217,607.7183830022311,730.2932863806803,737.5001423671208,680.6020265381018,738.490691602967,498.48416036493126,731.5053811687068,402.91624107086045,604.0917385465494,327.00517555570053,443.4869083710032,363.97126081960874,743.8524282324702,519.5478896587327,634.5408352910868,581.4641774379962,726.0109034599741,597.5744004813104,,431.11227499163584,361.0772276892223,336.9143357153549,384.38723477053657,394.6465466142054,400.9255691158229,402.9460658949445,,612.5192804098335,305.61610128090956,356.78123073172895,430.79713186185546,424.3987029503559,448.95894959533103,,,731.3648295052486,514.2612142831016,557.9837279279392,740.8537032692188,399.66065533495254,442.6655673789672,428.1632101933384,390.9786757918914,411.68731335261384,467.47120764651856,415.9111484544639,424.7810080439408
v_5.3h,453.4810604530135,,,546.3980453186925,742.7485957814677,540.9585511609863,540.9585511609863,405.61314047526037,399.3051820210688,,599.1864051302832,489.3663686599283,732.434153605361,530.571672006549,709.2115422755751,509.26581250192163,339.2305057944395,449.38321792022185,449.38321792022185,465.0965694709033,599.2714374957162,357.1335735273614,363.2005307817959,451.1358948484104,780.9531389472248,368.3487594764893,424.3553913861684,,,512.7957245770888,411.2249175685937,616.9423130845003,703.9943005914789,645.9367259048714,,475.4910656411361,475.4910656411361,394.96305040324864,503.2985122119109,529.5405141770418,452.81135527710234,452.81135527710234,702.7843343105494,743.7055055087707,,574.0164705516393,511.0492281417652,399.90577221115103,636.5529976641654,691.2792211833357,607.7183830022311,730.5082693846126,738.3787673743825,680.6015576734565,738.490691602967,498.4839929665365,731.5053811687125,403.02191136189765,602.21696798202,327.0051755537308,443.4869084869767,364.94084786769633,743.8524282324702,519.5462431473411,634.5408352910868,585.0983194747711,727.0105365789306,597.5763093069764,,431.3730282896793,361.0772351509062,339.74631239482943,385.5357609155978,396.1551446321754,402.47707553295334,404.55891129634676,,612.5324763711666,305.61609792382126,357.92256659536804,430.79713186185546,425.76823762907435,450.958033906023,,,731.3648295052486,517.9085333953783,557.9837304892561,740.860785054238,402.30250524825254,445.37167335889137,429.781264610091,390.9827970340028,412.11710095714983,467.47120764651856,415.1901773018252,427.0300086297389
v_5.4h,455.5122670418457,,,551.0182926417559,742.7485957814677,531.6449049511292,531.6449049511292,408.7230443684417,399.3051820210688,,599.9983920471062,492.3004292409116,732.4341536083568,530.5775054345169,709.2240953099586,512.5114468284239,340.4421606766039,451.16661725261775,451.16661725261775,465.12384709559484,599.4778074003191,358.0069248301115,364.01578430896774,453.94316644444524,784.1580925541298,368.3598088845451,425.84699795742057,,,512.7961506990194,412.49500325710454,617.8748847828883,696.9222646851086,645.9367259048718,,475.4471992296602,475.4471992296602,396.64899487381575,506.82947675807327,526.1217189275152,455.4131940668224,455.4131940668224,702.7843353405606,743.7055055087707,,577.4716192286191,513.8459888922473,399.9606577187893,636.8097607886921,691.2958641296585,606.6156590673742,730.4091523990529,739.2397236437017,680.6353775918699,738.490691602967,498.4835051211324,731.5053811687125,403.1272246354274,600.3541538592924,327.005175551728,443.486908555548,365.91367712576863,743.8524282324702,519.5444605803741,634.5408352910868,588.7596921289731,726.8174429255776,597.5782229675008,,432.66507492138794,361.0772427517129,336.86286395292103,386.69739640380413,397.64120766238005,404.0247964711086,406.1862404864384,,612.5454245109065,305.61609454508925,359.05116319749476,433.23516514935585,426.3109713872226,452.95651153880254,,,731.3648295052486,521.5364659863917,557.983733060754,740.868164659706,404.96507452881593,448.0695340618584,431.4309475901584,390.9827970340028,412.5339879372806,470.003717984223,416.3815072688782,429.2735370972152
v_5.5h,457.53481910982345,,,555.5561678033398,742.7485957814677,519.1952773943278,519.1952773943278,411.25794613029126,399.303653823419,,600.842745637265,495.20620878987614,732.4341536114451,530.5834061183302,709.2368964205652,515.7518915239382,340.4421606766039,452.8716661788136,452.8716661788136,465.1515417741244,599.7703981349828,358.8845946660426,364.824363073843,456.72612895914335,787.8215596146822,368.35466655438677,427.290022530019,,,512.7965803190007,413.805847520129,618.8420785969449,682.6183052110662,645.9367259048719,,474.9260135691861,474.9260135691861,398.32127743122163,510.34729089234673,526.1217189275152,457.98847652367203,457.98847652367203,715.7483215192457,743.7055055087707,,580.8706696214867,519.3756773141471,400.01723042279207,636.8097607886921,691.3124840328117,610.1075582120792,730.6071232427657,740.2219780223475,680.6672305104079,738.490691602967,498.48300679752225,731.5053811687158,403.2321843907357,598.5015612058678,327.0051755496923,443.48690867399716,366.8872213789069,743.8524282324702,519.5420860765225,634.5408352910868,592.406677982212,727.8381507641857,597.5801414579352,,432.9210137551445,361.0772427517129,339.6819708080131,387.85474654638404,399.14802839800444,405.5531474975216,407.81679519431987,,612.5581351301502,305.6160911471662,360.1857032295832,432.87892576667,427.66054223582404,454.95299883458966,,,731.3648295052486,525.1488981633917,557.9837356423334,740.8758525356843,407.59486572244225,450.7854273412711,433.0400690990468,390.9864573791336,412.9643247535667,469.6596341453478,417.02968094094666,431.51203051515955
v_5.6h,459.5442369217542,,,560.0318533903433,742.7485957814677,503.5686974723705,503.5686974723705,414.35098611701517,403.0352152546026,,601.5745905878398,498.0785600900735,732.4341536146283,530.5893744619939,709.2499532205147,518.9873860298268,340.4098653524197,454.66232718570944,454.66232718570944,465.1796662306643,600.0391792925421,359.7561110688989,364.824363073843,459.51205253251476,791.4239357696474,368.3659289117391,428.75113568233775,,,512.7970135323072,415.06750603779346,619.8083375200525,657.1745875934216,645.936725904872,,474.39629540982077,474.39629540982077,399.97773031633983,513.8570026225824,524.3236439567676,455.3804043590208,455.3804043590208,702.7843364439262,743.7055055087707,,584.1929345802579,522.1938571654995,400.0754463358644,636.9506102153684,691.3290806824255,613.5819565121975,730.7806263883401,741.3419847015779,680.6972485177777,738.490691602967,498.4824978338841,731.5053811687216,403.3367261473487,596.6575347120591,327.00517554762456,443.48690879345355,367.84959806733514,743.8524282324702,519.5391172738795,634.5408352910868,596.0265787256848,728.855715427003,597.5820652140999,,433.17682122745845,361.0772479268836,342.5035327386326,388.99818674126453,400.64742461414585,407.0598153129944,409.4346687005328,,612.5706177253851,305.6160877326544,361.3189363923511,435.3074963840831,426.19695504073934,456.94561085142493,,,731.3648295052486,528.7497599764376,557.9837356423334,740.8838600831396,410.22886962554037,453.49080886805,434.65470784630304,390.9906766531361,413.38511509328123,472.1985512075339,418.1920507691419,433.7446788015309
v_5.7h,461.5351907349321,,,564.4628539767399,742.7485957814677,531.6449078601108,531.6449078601108,410.7797490578418,406.7363699838473,,601.6762390956558,500.91044089403294,732.4341536179099,530.5954109091532,709.2632735685298,522.2174501425361,341.624971519915,456.3693101754001,456.3693101754001,465.2082336790608,600.2843138570134,360.62077560122003,364.81580672009676,456.32522043512756,794.4903137598232,368.37689851619024,430.21124799046925,,,512.7974504257011,416.3708491053735,620.773220864098,617.3628326635262,645.9367259048722,,474.87843804606433,474.87843804606433,401.6178000591984,517.3629457572811,519.8329058063769,457.9516527418073,457.9516527418073,702.7843376072113,743.7055055087707,,587.4306482007682,525.0398041461443,400.12862048423256,637.2176742582585,691.3456536472745,617.0387487816565,730.9328392679186,742.4299396084574,680.6673091932818,738.490691602967,498.4819780668204,731.505381168727,403.44043802186275,594.8366335293034,327.0051755455445,443.4869089141436,368.8256832444879,743.8524282324702,519.5355515098978,634.5408352910868,599.6045467781058,729.8699834759046,597.5839939869192,,434.4361746724133,361.0772558242271,339.14129544148545,390.1634593764259,402.1196687818848,408.6086041629759,411.03702684945046,,612.5828810742146,305.61608430431284,362.43725509676983,437.7252856496677,426.7421933003183,458.9549461638707,,,731.3648295052486,532.3419957837117,557.9837382339011,740.8922031124611,412.8650788378486,456.1867805848961,436.2939057382712,390.9949271950093,413.81733198294114,474.7190700021378,418.84719126362904,435.97041706276883
v_5.8h,463.5013593885752,,,569.0787695092263,742.7485957814677,519.1952819058038,519.1952819058038,413.8345492148738,403.02395489892893,,602.5855347947177,503.69295251932755,732.4341536212927,530.6015158167118,709.2768654099978,525.4559888263352,342.8354566233843,458.11233798286895,458.11233798286895,465.2372639244755,600.5080659832895,361.49770524726273,365.6234347663861,459.09952831574384,802.0208743667018,368.3721504000767,431.6367424274605,,,512.7978910777443,417.6211163502274,621.73628931372,657.1745897414427,645.9367259048722,,474.3542836365951,474.3542836365951,403.2861514809277,520.9171268035496,515.4010379122105,460.4927873303197,460.4927873303197,702.7843388422937,743.7055055087707,,590.8983052111805,527.8589841236186,400.18849179605587,634.7516977407706,691.3622023171318,612.494272484141,731.0665109415875,743.4893313728214,680.6975273951489,738.490691602967,498.4814473313587,731.5053811687251,403.54334801393065,593.033711543449,327.00517554357793,443.486909037526,369.7920482080746,743.8524282324702,519.5313858177259,634.5408352910868,603.1341201879357,730.8808095147097,597.585927511545,,434.6858325432076,361.0772638536955,341.9562118312739,391.2965919431023,403.6139635870175,410.1334432660531,412.6278631011647,,612.5949333110702,305.6160808650653,363.56070218483427,440.1316234133509,428.07597380522566,459.07419737082614,,,731.3648295052486,535.9275827447332,557.9837408352581,740.8912890711812,410.10363651185077,458.8741643889673,437.882912712413,390.9992123610839,414.24230236563517,477.2151774199132,419.9770344869979,438.18789801924794
v_5.9h,465.54251428783476,,,569.0052062613653,742.7485957814677,503.5687042039831,503.5687042039831,416.3730411455532,406.7260425933043,,603.414486910199,506.4470115272626,732.4341536247804,530.6076895310575,709.290736347513,528.7177511102386,344.0405124598631,459.8204067739962,459.8204067739962,465.26676618295926,600.7124880391714,362.36792473735534,366.44551364996545,461.83157305040567,805.5520536086038,368.3833268273361,433.1124247991665,,,512.7983355591028,418.9205097691373,622.6971045690351,617.3628363283854,645.9367259048726,,473.8858325092052,473.8858325092052,404.93695557780455,524.468062397005,512.118091176272,463.00271237437346,463.00271237437346,702.7843401527829,743.7055055087707,,594.27358129382,530.6411763563497,400.24992187325927,635.0178946617549,691.36218690964,615.9757428973259,731.2984458606596,744.5233695431622,680.7260228673613,738.490691602967,498.4809059633857,731.5053811687311,403.6535323082111,591.2387983073,327.0051755417375,443.48690916367303,370.7549789053083,743.8524282324702,519.5266169223239,634.5408352910868,603.4827561173671,731.8876510325391,597.5878655097138,,434.9352338090037,361.0772720167474,341.87586555046903,391.3884245796035,405.09958287505987,411.6289467612743,414.25314094656306,,612.606781994113,305.6160774180011,363.55508630666884,442.52559415177285,428.6224239873997,459.07419737082614,,,731.3648295052486,539.5075243092912,557.9837434463273,740.8999814264305,412.7248884399129,461.55348530900824,439.5126473577531,391.00353531747226,414.6771170747876,479.68246096399207,420.638483734215,440.39546062082644
v_6.0h,463.70016489743114,,,573.5429294739755,742.7485957814677,485.20616681754694,485.20616681754694,419.3876615446135,410.39670551262446,,604.2344167609905,509.26810419946565,732.4341536283754,530.613932388688,709.3048968833464,531.9851556271379,345.24372479044115,461.524282647223,461.524282647223,465.29674899251006,600.7110389293337,363.23041036465327,367.263052281484,464.5409786304904,809.4861898086136,368.3942417581272,434.5232061906589,,,512.7987839328358,420.15582367974696,623.6734738409211,617.3628400965333,645.9367259048727,,473.3892781170424,473.3892781170424,406.5670999633579,528.0112613951042,514.7062156827465,465.53130451467626,465.53130451467626,715.7483237732322,743.7055055087707,,597.5241566914389,533.3739959833189,400.31281291986625,637.613050338894,691.3787134798832,619.4211723365331,731.5087249365439,745.5350040719309,680.7529108449505,738.490691602967,498.4803570457193,731.5053811687368,403.76874274881436,589.4503215261591,327.00517554038845,443.4869092926592,371.72572747915166,743.8524282324702,519.5212412363508,634.5408352910868,603.4827561173671,732.8878359033853,597.5898076917465,,435.1843608159094,361.07728031478047,341.87586555046903,392.54692319557137,406.55205395153365,413.1576736436627,414.2894800939021,,612.6184341643861,305.6160739663849,363.55508630666884,444.90598511912435,429.9315851132669,461.08263129310944,,,731.3648295052486,543.0818160860068,557.9837460670303,740.9090324275583,415.35206205436714,464.2249520853185,441.12992761952813,391.00754274446126,414.85530413273415,482.14669111683645,419.31960875976006,442.5910942642474
v_6.1h,465.7359680336635,,,573.5429294739755,742.7485957814677,485.2061717731261,485.2061717731261,415.82224389099025,410.41755673728505,,605.1564664811365,512.0348265813101,732.4341536320824,530.620244716673,709.3193556496502,535.2560592422672,345.2132293150773,463.2310606618787,463.2310606618787,465.3272202837255,600.7110389293337,364.0981689530898,368.0727431215389,464.15813156705116,812.7922159181979,368.3898599378025,435.99707482622,,,512.799236254664,421.4549183355672,624.6535454176106,564.0832697764093,645.9367259048731,,473.3397107827381,473.3397107827381,408.1817832156094,531.5480549179658,510.31517685407846,463.0159364147669,463.0159364147669,715.7483244256796,743.7055055087707,,600.9025227238652,533.4936054708545,400.3767825498299,635.1371933740272,691.3952135667058,622.9048034777129,731.6940634659512,746.5269439013396,680.7265815522709,738.490691602967,498.48012583323884,731.5053811687349,403.88309908314096,587.6711444227097,327.00517553884225,443.4869094245604,372.68373449336946,743.8524282324702,519.515254855813,634.5408352910868,607.1873727679723,733.8899678048916,597.5917537582416,,435.43319651824146,361.0772887491249,344.2183266152996,392.54692319557137,408.0458116979482,414.6738333795812,414.2894800939021,,612.6298963981222,305.616070513659,364.66756174253163,447.27124264194794,428.48474527155713,463.0872549986825,,,731.3648295052486,546.6493805824193,557.9837486972865,740.9184539567848,417.9560981482572,466.8884342645009,442.7040752922552,391.00754274446126,414.85530413273415,484.6307243016218,420.4325379782792,444.78993429196646
v_6.2h,467.74727592351985,,,578.1419457213143,742.7485957814677,485.2061717731261,485.2061717731261,418.3568661621837,410.41755673728505,,605.96243990326,514.7321192151788,732.4341536359043,530.6266268329804,709.3341215534915,538.5274847831549,345.2132293150773,464.90458227180903,464.90458227180903,465.3581874411747,600.8994496778558,364.9664038431244,368.8820841923718,464.15813156705116,816.695323042842,368.4009760947285,437.4171602784774,,,512.7996925732315,422.6899287050389,625.6295117410067,504.76372940238645,645.9367259048731,,473.3397107827381,473.3397107827381,409.82748704908335,535.0789479658354,505.9818732037218,465.5362961160385,465.5362961160385,702.7843430138169,743.7055055087707,,604.3112786678172,536.3418259434961,400.44179375070104,635.4030981812349,691.4116863107662,626.3031636823142,732.0019934291706,747.5016746051738,680.7536436555579,738.490691602967,498.47956338462336,731.505381168741,403.9966274643695,586.6778734419678,327.00517553884225,443.4869095594541,373.6492485144079,743.8524282324702,519.5086535554735,634.5408352910868,610.8337225731517,734.9036043405995,597.5937034015094,,436.643190926802,361.0772973210388,341.336757577583,393.6789039815914,409.51064356173066,416.1533153015876,415.881176443521,,612.6411748530388,305.61606706345003,365.78153721215807,449.61942281324997,429.033334934026,465.0858122910717,,,731.3648295052486,550.2079661495475,557.9837513370144,740.9282580837405,420.53987095169424,469.543434893724,444.34875506935543,391.01197888338106,415.2842902306944,487.08119365519104,421.1006358853726,447.00698538340623
v_6.3h,469.7260688971001,,,582.7150998820043,742.7485957814677,465.0797086479044,465.0797086479044,421.3184591234173,414.076482879273,,606.898092834251,517.4048489329717,732.4341536398452,530.6330790467088,709.3492037875928,538.475758103556,346.41668349388215,466.6066972641109,466.6066972641109,465.3896573566122,601.0814023329182,365.8261757216392,369.7002306547228,466.8529154717816,820.527466631283,368.4118600050611,438.8680770982577,,,512.8001529303517,423.9736004922405,626.6009528327851,450.1563741902989,645.9367259048734,,472.8092471839151,472.8092471839151,411.44914117825834,538.6035699904719,502.7906319020783,468.02851493002476,468.02851493002476,702.7843445736818,743.7055055087707,,607.5627645788795,539.1401019507008,400.50780982917314,635.5094583942462,691.4281307577104,621.7984067433953,732.1296611347956,748.7712580355247,680.779196318787,738.490691602967,498.47956338462336,731.5053811687469,404.10935265858814,584.9058566330978,327.0051755374645,443.4869096974193,374.61183991756224,743.8524282324702,519.5014327840081,634.5408352910868,614.3955828289037,734.7523458983128,597.5956557356574,,436.88493181222026,361.077306031701,344.123107954158,394.84221948271824,410.9632831057764,417.67650275041376,417.4611095019202,,612.663203205913,305.6160636195768,366.89930438298154,451.9481353222224,430.32434118581006,467.07408712320597,,,731.3648295052486,553.7540039512706,557.9837539861314,740.9384570568116,423.14506139343024,472.1890578447024,445.92808433883044,391.01645901359234,415.7332219697359,489.49142972902473,422.17419373528696,449.21191658696864
v_6.4h,471.7310501294483,,,587.2721427549774,742.7485957814677,444.5405529563512,444.5405529563512,420.2969329849643,414.0943783493209,,607.7982941441397,520.1598623392017,732.4341536439092,530.639601599629,709.3492037875928,541.714449184938,347.61324185184657,468.2584016089946,468.2584016089946,465.4216364749885,601.328040983185,366.68345446258945,369.68420381645313,469.4983966670398,823.7731761670032,368.40781835111244,440.29451450026215,,,512.8006173612343,424.1345962332741,627.5674482081132,407.7010631224264,645.9367259048738,,472.26476138864626,472.26476138864626,413.04234364699954,542.120600963528,500.991847411115,470.48886724447385,470.48886724447385,715.7483266199586,743.7055055087707,,610.9262595234488,541.8721977985231,400.5747944471398,635.5094583942462,691.4445458771953,625.2854014444496,732.2471361983769,750.0141370347853,680.780175477768,738.490691602967,498.47899345610307,731.505381168745,404.2212980991987,583.167232811579,327.0051755362715,443.4869098385373,375.5610868828965,743.8524282324702,519.4935876589103,634.5408352910868,618.0702505008487,735.7539759999183,597.5976116834526,,437.1262612852293,361.07731488220526,343.58442288657704,395.9653184085378,412.44045631097805,419.17573324158036,419.07788348372264,,612.6739636727177,305.61606018605426,367.99638666268976,454.29639598804727,430.87310971831073,469.0470133087597,,,731.3648295052486,557.2824148336765,557.9837566445551,740.9490632937179,423.0025007269374,474.8239687157526,447.5459187316673,391.02098600296455,416.1674918297528,489.1960586896501,422.8452718678879,451.4017052432447
v_6.5h,473.77637692399855,,,591.8211593317669,742.7485957814677,444.54056207844366,444.54056207844366,420.2969329849643,414.0943783493209,,608.6317279385463,522.8299513258179,732.4341536481,530.6461949134393,709.3646118387562,544.9379769588613,348.80952685966264,469.95140305042577,469.95140305042577,465.45413083410966,601.5540794504386,367.5493285698032,370.49918314015474,469.11691819078123,827.9577078783898,368.4188983730119,441.72765785981585,,,512.8010858947125,425.39280385168854,628.528575892396,408.5804017440446,645.9367259048738,,472.217012995753,472.217012995753,414.6627341414136,545.6276686473999,500.991847411115,470.43673848675365,470.43673848675365,715.7483266199586,743.7055055087707,,614.3346808771472,544.7230224240366,401.7914265841974,635.774418544688,691.4609305784469,628.6691672101324,732.4509101253135,751.2248871769685,680.780175477768,738.490691602967,498.47841608090744,731.505381168751,404.3324859394723,583.167232811579,327.0051755352803,443.48690998289095,376.5288781008232,743.8524282324702,519.4851129611372,634.5408352910868,621.834617800156,735.7539759999183,597.5995702287454,,437.3671647189013,361.0773238735544,343.58442288657704,397.12981595594124,413.8744889574979,420.64456415378606,420.67072870715623,,612.6845615591045,305.61605676709917,369.1100170368009,456.6316611182145,430.70918687539495,471.06149725038927,,,731.3648295052486,560.7863555437493,557.9837593121997,740.9600893713214,423.0025007269374,477.47589691317296,449.14832530260355,391.02556331866583,416.6220826751296,491.6286724285914,423.87435613354376,453.57281175763
v_6.6h,475.78213888148167,,,596.3687233241068,742.7485957814677,444.54056207844366,444.54056207844366,423.19832662229976,417.723459288883,,609.6405946379523,525.4018030425007,732.4341536521199,530.6528591972053,709.3803554996312,548.1389052805298,350.0104963437476,471.5896183346503,471.5896183346503,465.48714609867983,601.761447487182,368.40614982197906,370.49918314015474,471.77449903104525,831.7529919333672,368.42604756907724,443.15694647568256,,,512.8015585534471,426.63387915906816,629.4839113097515,410.35084653904886,645.936725904874,,472.217012995753,472.217012995753,416.2731249167429,549.1479510824399,496.75695183124753,470.43673848675365,470.43673848675365,715.7483274406721,743.7055055087707,,617.5383011251314,547.5794162187614,400.7626198712104,633.262553250939,691.4772837229851,632.1553951438162,732.631704574151,752.4069102920782,680.8044708894408,738.490691602967,498.4778312964394,731.5053811687569,404.4429371032762,581.4328961148148,327.00517553450777,443.48691013056424,377.48285735876806,743.8524282324702,519.4760031294834,634.5408352910868,625.4973674343054,736.7485249811215,597.6015310443345,,437.6076282659801,361.07733300665,346.3508331132159,398.25257999874134,415.3457645152087,422.163399485539,422.2345201244556,,612.6950014592574,305.61605336713825,370.2112808046639,458.94636803218214,431.2596461029714,471.1594616478009,,,731.3648295052486,564.3982708445639,557.9837619889788,740.9732242324766,425.5736700046893,480.1312039327091,450.7270736373637,391.02993382631075,417.062296083331,494.0151298836243,423.28834866606456,455.7368290372676
v_6.7h,477.736829711868,,,600.9200101138777,742.7485957814677,424.99597582575547,424.99597582575547,425.7216985491829,421.3219123305964,,610.5289126343736,528.1363678677322,732.4341536565826,530.6595947261183,711.1562062440785,551.4048711273156,349.97182760161394,473.2678649398693,473.2678649398693,465.5206113472101,601.9518928805572,369.2535041537025,371.3047070241623,471.77449903104525,834.9881202911569,368.42604756907724,444.5773725625793,,,512.8020353541267,427.90012094331377,630.4330260121473,412.11273881802686,645.9367259048743,,471.73757617252994,471.73757617252994,419.45150746683095,552.714925590043,492.5776547713674,472.88472823928805,472.88472823928805,715.7483283079517,743.7055055087707,,620.9796084865573,550.3575063064293,400.8323701000288,633.5268057773782,691.4936006253663,631.029983796377,732.7922688701508,753.5633389583538,680.8274431687432,738.490691602967,498.47723914436864,731.5053811687615,404.55267133403436,579.7014980356304,327.00517553397276,443.48691028164455,378.4332274631299,743.8524282324702,519.4662522546832,634.5408352910868,629.0176131756788,737.7358401815396,597.6034937987494,,438.76225189476554,361.07734228228776,345.81365418539184,399.41049827154774,416.789189706145,423.63363296952775,423.8366918884515,,612.7052877347144,305.61604999081254,371.30184156738204,461.2367098312748,431.2596461029714,473.16352574927146,,,731.3648295052486,568.012921535421,557.9837646748066,740.9873049748056,428.1696604531914,482.7792928288909,452.350513035663,391.0346399263384,417.52405896867947,494.0151298836243,424.2936448950468,457.93949466784693
v_6.8h,477.9440431575011,,,605.4788679427776,742.7485957814677,424.99598783695626,424.99598783695626,425.02073814461,421.31007975953963,,611.4798191961349,530.7619298402709,732.4341536611851,530.6664017666657,714.9876423495206,554.7219155777748,351.15738586739616,474.900789492212,474.900789492212,465.55469417103774,602.1269982882804,370.1147481845855,372.10045597035315,474.3802221666541,839.3588560381899,368.4371141282848,446.0053876916576,,,512.8025163076563,429.11301714905113,631.3754861930707,412.17172004528396,645.9367259048746,,471.22910454835625,471.22910454835625,421.0452100831632,556.2827255872802,489.5187302182022,475.3411415742898,475.3411415742898,702.7843517463078,743.7055055087707,,624.3339257738324,553.1076926609799,400.90294954018293,633.6106216575644,691.5098877782192,634.5156013701641,732.9350087968138,754.6970552747737,680.8287915765247,738.490691602967,498.47663967071963,731.5053811687615,404.674340104622,577.9800462361076,327.0051755336945,443.486910392042,379.39294752714716,743.8524282324702,519.4558540732386,634.5408352910868,632.8612487032675,738.7157726706099,597.6054581568874,,438.9947010842799,361.0773517011484,345.81365418539184,400.5307174056912,418.2304358690665,425.1227706348472,425.42653299033,,612.7154245345216,305.6160466429851,372.4071143420428,463.49814790622054,432.5001550109987,473.16352574927146,,,731.3648295052486,571.611196286628,557.9837673695932,741.0018941849307,430.7519140951437,485.41764827641396,453.89705045085975,391.0346399263384,417.970829287221,496.4318007372156,424.9704770103256,460.12070785482604
v_6.9h,479.99350821682526,,,610.0478444981038,742.7485957814677,424.99600002435324,424.99600002435324,425.02073814461,421.31007975953963,,612.4788699195608,533.3059384658084,732.434153665932,530.6732805766396,718.8212300579742,558.0198787776376,351.15738586739616,476.5572995526482,476.5572995526482,465.5893115993736,602.1321073726465,370.9686438226148,372.91432188729846,473.9814930132243,843.1793344435737,368.4445682870895,447.4180740527143,,,512.8030014193416,430.3912427349264,632.3108508762433,413.91008031932546,645.9367259048747,,471.17255323655826,471.17255323655826,422.59723147617626,559.8466933524659,487.73523525905,475.33113452737445,475.33113452737445,715.7483301670943,743.7055055087707,,627.5416506154116,556.011901209911,400.90294954018293,633.6106216575644,691.5261396374054,634.5156013701641,733.0620308229416,755.8107087527573,680.8506606533589,738.490691602967,498.47603292596585,731.5053811687677,404.77855776831234,576.2875165580843,327.005175533694,443.48691055058305,380.33826130409454,743.8524282324702,519.444801960958,634.5408352910868,636.6017679160595,739.688177079593,597.6074237805619,,439.2265995128051,361.07736126378927,345.7006628047123,401.68472829099665,419.68223327986783,426.60938461842227,426.9807434931948,,612.725415813511,305.61604332874634,373.48509816129933,463.1707586202643,433.049199536115,475.145639338734,,,731.3648295052486,575.1826126179981,560.175911221824,741.0170051893822,430.57321153513647,488.0431491114725,455.53907957984825,391.03940151029445,418.44129082711197,498.84160802961253,424.9704770103256,462.27539594796394
v_7.0h,481.988733949052,,,614.6281672421991,742.7485957814677,407.5667366764954,407.5667366764954,427.5226977326105,424.928321115205,,613.3641742491841,533.2927290323365,732.4341536708271,530.6802314051329,722.8434115682868,561.2881390389306,352.35092821523347,478.19310246463186,478.19310246463186,465.62446822537686,602.294668279404,371.8126728857627,373.71903847298097,476.6031052894467,846.4514587283039,368.4445682870895,448.83996677354094,,,512.8034906890705,431.60797994890464,633.238669544849,415.63248000154044,645.9367259048748,,471.17255323655826,471.17255323655826,424.1972686145786,563.4007438377336,487.73523525905,477.73308204644553,477.73308204644553,715.7483311734422,743.7055055087707,,631.0354622237295,558.8205837327746,400.97432405655803,633.8734488736961,691.5423549855186,637.86160135677,733.1751805509314,756.9067332644652,680.8506606533589,738.490691602967,498.4757576253144,731.5053811687725,404.90109014991424,574.5960838600726,327.00517553399226,443.48691071279603,381.28931675884076,743.8524282324702,519.4330889262119,634.5408352910868,640.1625927926659,740.6529114561506,597.6093903289624,,439.45793666056636,361.0773685099388,345.7006628047123,402.79979022212297,421.09789704261055,428.0595313635053,428.57280468432526,,612.7352653495452,305.6160400534219,374.58573784187985,465.445067156485,432.85573371752173,477.0978160567903,,,731.3648295052486,578.7138565155542,563.8651712169736,741.0326513455828,433.15244760812544,490.65198421327324,457.08788929510195,391.044220779546,418.895187418032,501.1942145463266,425.92506021275153,464.4166392944752
v_7.1h,483.9719593925855,,,619.2196717483424,742.7485957814677,407.5667366764954,407.5667366764954,426.7788649223838,424.9460501897709,,614.4288505988252,535.8958325418891,732.4341536758758,530.6802314051329,723.7346049668329,564.513530043551,353.5412276974411,479.8193601353119,479.8193601353119,465.6601683528453,602.4445160317432,372.6608577392567,373.7053474038253,476.6031052894467,850.8998645210919,368.45564265040684,450.2498564685756,,,512.8039841115038,432.86356130681656,634.1584786516568,417.3783438849529,645.9367259048751,,470.62867503869506,470.62867503869506,425.7656569216792,566.937091018334,483.66115591548964,477.73308204644553,477.73308204644553,715.7483311734422,743.7055055087707,,634.2517101037695,561.5304205052898,401.04646004543923,633.9428839136029,691.5423549855186,636.8566601699607,733.2760761194497,758.3058938728619,680.8713722366011,738.490691602967,498.4751379594521,731.5053811687725,405.0228317611499,572.9045971517182,327.0051755346121,443.48691087877717,382.24108660095726,743.8524282324702,519.4207076028878,634.5408352910868,643.9709758032474,741.6098371421876,597.611357459064,,439.6887030389374,361.0773783717498,348.01796589340677,403.95260941105806,422.5566722108094,429.5612216009758,430.15269802333313,,612.7449718537937,305.6160368225775,375.66543798668846,467.6868476343481,433.40556737790104,479.132982945093,,,731.3648295052486,582.1880915067445,563.8538699290699,741.0488460235804,435.7205395610376,493.23955310740223,458.71764791956076,391.0488943846036,419.3758666086894,503.58206901345056,426.60238448838845,466.6082996477913
v_7.2h,483.9719593925855,,,623.8206704333891,742.7485957814677,392.8875874751154,392.8875874751154,429.2541782639757,424.9460501897709,,615.4275631718351,538.4305382180014,732.4341536810825,530.6872544925305,727.9802667781391,567.6862325056078,353.49769294235494,481.4663030485175,481.4663030485175,465.6964160103642,602.6159056658186,372.50546747032007,374.50666348551783,479.1700568160595,854.810622599497,368.4633999849204,451.65991189303463,,,512.804480841296,434.09537042979747,635.0722545941102,419.1314887862803,645.9367259048751,,470.08046686195166,470.08046686195166,427.31262963291215,570.4460074103308,479.6443407031392,480.0895163013683,480.0895163013683,715.7483322302637,743.7055055087707,,637.6785465479281,564.4654788178368,402.26080206188783,633.9428839136029,691.5585325890806,640.1958359435929,733.4136885315452,759.6863830178739,680.8730690428296,738.490691602967,498.4745111938016,731.5053811687787,405.14380068417364,571.2386031127016,327.7044991074825,443.4869110486212,382.1293543107628,743.8524282324702,519.4076502430725,634.5408352910868,647.7510902159983,741.4856981667384,597.6133248260697,,439.9188902628904,361.0773883779719,347.88702212592443,405.0594526326975,423.95360050369476,430.9965168122564,430.156376537442,,612.7545291077797,305.6160336080905,376.74884127144503,469.95340659163907,433.40556737790104,481.1451479160276,,,731.3648295052486,585.7612053618977,567.6066942204957,741.0642251498492,435.7205395610376,495.8443233954381,460.2757701938414,391.05385194736925,419.5981014681361,505.9582640128748,427.2860488500911,468.768048501903
v_7.3h,486.0363686973206,,,628.4277513526464,742.7485957814677,392.88760599942896,392.88760599942896,429.2541782639757,428.50794020421586,,616.3605367676257,541.0965718480052,732.4341536810825,530.6943500704881,732.1955269970694,571.0614428196566,354.6773143426523,483.0518025960805,483.0518025960805,465.7401371890664,602.6159056658186,373.3461814613992,375.29772419419874,478.76092138580157,858.1711104207005,368.4633999849204,451.71088553460066,,,512.8049791138866,435.3098239140857,635.9909806071133,419.1314887862803,645.9367259048754,,470.0247508158263,470.0247508158263,428.8972335872848,573.9144518343074,477.8722373828979,480.1079547544361,480.1079547544361,715.7483333241295,743.7055055087707,,641.0170502417018,567.281158526746,402.3328873611202,631.6513184206395,691.5746712033101,643.6039729965041,733.5780459451084,761.0339509926848,680.892849903108,738.490691602967,498.4738773973669,731.5053811687836,405.26401390003656,570.1980973398832,327.7044991086037,443.48691122242695,383.07976095840513,743.8524282324702,519.3935936537554,634.5408352910868,647.936914934322,742.4554361568701,597.6152920842056,,441.004005049899,361.0773985285766,347.88702212592443,406.2138490685241,425.4149994776067,432.49361929080146,431.7297368379706,,612.763942478586,305.61603033939787,376.73495253763133,472.21354631831036,434.58709136621195,481.19330291265356,,,731.3648295052486,589.4110533642108,571.3622780666298,741.0815603616522,438.279071588273,498.4834310454801,461.8883866658308,391.0588718640445,420.06797197606545,505.5875511363553,426.9976672335817,470.8886609161252
v_7.4h,488.03241627128386,,,628.3577753429056,742.7485957814677,392.88762523653895,392.88762523653895,431.7342685908861,428.4856162127156,,617.4919236756775,543.5919342633604,732.4341536864529,530.7015183618114,736.3098763126308,574.3914327687793,355.86472101116374,484.71756636262637,484.71756636262637,465.7401371890664,602.8129694107033,374.19831181711163,376.0943481500039,481.3479934415681,862.5686022678051,368.474502067293,453.16385831380467,,,512.8054790548526,436.5572879368695,636.9151725911138,420.86691395265234,645.9367259048757,,469.5284864502382,469.5284864502382,430.42770842372823,577.4501925379416,474.9778943372552,482.51686937558304,482.51686937558304,715.7483344887486,743.7055055087707,,644.2918974896763,570.0092353937188,401.3160195158847,631.9114244837605,691.5907695760426,643.6039729965041,733.7252587975555,762.3519247723275,680.892849903108,738.490691602967,498.4732366440567,731.5053811687903,405.3834873304548,568.5410213407956,327.70449911005716,443.4869114002955,384.0148394541141,743.8524282324702,519.3778483342013,634.5408352910868,651.6116369935525,743.417552358657,597.6172586043535,,441.44395180686155,361.0774088233626,347.3612904154951,406.3005697674534,426.8122784966941,433.93754842643887,433.30812515567993,,612.773217112256,305.61602701629346,377.79645148102117,474.43446923520276,435.13412607955945,483.1331458092917,,,731.3648295052486,593.0029417846816,575.1153443571064,741.0994840685427,440.82943489045863,501.09963578322294,463.45074523847524,391.06395607463423,420.56118928084607,507.98419052931575,427.68465153044275,473.05673076077125
v_7.5h,490.02489049507795,,,632.9236609789411,742.7485957814677,381.10464143603093,381.10464143603093,430.91423610666476,432.08177391016693,,618.4992472872594,546.215113604773,732.4341536919922,530.7087595797526,740.6456570801632,577.6572464835874,357.0406775298902,486.2649276719617,486.2649276719617,465.78568211225706,602.9949742894856,375.040310648989,376.0943481500039,483.8759654912868,866.6409627761127,368.48256094220733,454.52621334939573,,,512.8059807872993,437.744185262233,637.8377621726407,422.5801906872409,645.936725904876,,469.5284864502382,469.5284864502382,431.9979906993205,581.0646949317271,474.9778943372552,484.8791253244429,484.8791253244429,715.7483357107137,743.7055055087707,,647.7378346208976,572.950127469131,401.39096023067447,631.9114244837605,691.6068264509556,646.9362844429796,733.8572340553869,763.6433750331453,680.9116268184931,738.490691602967,498.4732366440567,731.5053811687903,405.50237967363813,566.8924449969421,327.7044991118658,443.4869115823295,384.96371554449706,743.8524282324702,519.3603896555613,634.5408352910868,655.4791243450862,744.3719332441254,597.6192234875099,,441.6621289882608,361.0774192619434,350.0397253064671,407.4258516066358,428.25915698316834,435.4102810655894,434.83660128343377,,612.7823579483974,305.6160236386033,378.88682908544706,476.63596352579384,434.90823804627144,485.1628736414078,,,731.3648295052486,596.5123341499766,578.8589090820117,741.1180094921533,440.6443221853975,500.8154487980857,465.05236680354426,391.06395607463423,421.0437646036767,510.3201227290478,428.54786906980365,475.21666386132824
v_7.6h,492.0886311702553,,,637.4692602805434,742.7485957814677,381.10464143603093,381.10464143603093,433.3618554933215,432.08177391016693,,619.5355381137085,548.7624165242165,732.4341536977051,530.7160740766591,740.6456570801632,580.8352449464945,357.0406775298902,487.9417223698079,487.9417223698079,465.83189374013347,603.1633006151982,375.8719442179851,376.8952598957203,483.8759654912868,870.1439232102686,368.49370935690996,455.9866094272334,,,512.8064844321559,438.98720083215454,638.7586165604888,424.29220864249635,645.9367259048763,,469.4665722119183,469.4665722119183,433.54113385209945,584.6365454565084,471.0670578019639,484.8791253244429,484.8791253244429,715.7483357107137,743.7055055087707,,650.8981890995407,575.7379590917967,401.46650460898724,631.9574658300742,691.6228397811276,645.8932558529682,733.9756565025214,764.9111332121457,680.9136631423531,738.490691602967,498.47258901277405,731.5053811687956,405.62930688777044,565.2424427578528,327.7044991140548,443.4869115823295,385.9043661540008,743.8524282324702,519.341190407367,634.5408352910868,659.0855025783364,745.3184674957581,597.6211865496633,,441.87908334982933,361.07742984389654,350.0397253064671,408.55182932197494,429.65391914911316,438.31422330649247,436.4281165769257,,612.7913697334861,305.6160202061835,379.94711532951885,478.8779505586859,435.4554501816642,487.1659417042183,,,731.3648295052486,599.9717395405834,582.5838521190876,741.1371543228811,443.19032843070823,503.3934503362782,466.613841303725,391.06910643600924,421.54539410176113,512.6312626026422,429.233677911021,477.3283365050697
v_7.7h,492.2582429423862,,,641.9807976734239,742.7485957814677,381.104664836981,381.104664836981,433.3618554933215,432.0947423328305,,620.6804929634668,551.2754658215348,732.434153703593,530.7234623388254,745.2562465569977,584.1933608743466,358.2065556587465,489.5153603300348,489.5153603300348,465.87876018084603,603.1749157142807,376.7154437566095,377.6856523320119,483.46304102807795,874.319291732425,368.4907387285284,457.36456713552803,,,512.8069901084498,440.19379020955455,639.6776112269994,424.36836720022995,645.9367259048765,,468.9336294397671,468.9336294397671,435.07327005753234,588.1468543885989,469.32370908838567,487.18381967911375,487.18381967911375,715.7483369924906,743.7055055087707,,654.4357759694377,578.544456562859,401.54262265779687,631.9574658300742,691.6388100410481,649.2236312596585,734.0820155244513,766.1578078542257,680.9316145235853,738.490691602967,498.47193458750735,731.5053811688024,405.762605092015,563.607752750253,327.0051755468263,443.48691176855027,386.8287861944129,743.8524282324702,519.3202207319025,634.5408352910868,662.9088406352317,746.2570460480518,597.6231476068502,,442.0947964306244,361.0774405687932,349.51809055249953,409.681991994857,431.09063428979744,439.76630376675365,437.97895893319793,,612.8002570330202,305.6160167189259,381.02520507394604,481.0709914432704,436.0061538857536,489.1148758405399,,,731.3648295052486,603.6824904140241,586.2783669187528,741.1569419157487,445.7287539794944,506.0252968328459,469.76544251641894,391.0741755270419,422.04186239828584,514.9889012026636,430.0339674109836,479.47939971784876
v_7.8h,494.2049836369279,,,646.6864893002515,742.7485957814677,372.00659735833085,372.00659735833085,432.4074498404759,435.60574661807493,,621.7048282594315,553.8677592718674,732.4341537096493,530.7309244558785,749.7370099240867,587.553201661202,358.17440255478436,491.1329201131418,491.1329201131418,465.9262530784575,603.3321928293174,377.5555440045183,377.6740950153533,486.0151605027845,878.6348543130218,368.50206825185984,458.80973378454075,,,512.8074979335632,441.37853999383896,638.9030636969246,426.0980630700676,645.9367259048768,,468.3674764078776,468.3674764078776,436.62768667277874,591.571802771666,536.2983426901197,487.21617622617055,487.21617622617055,715.7483383167335,743.7055055087707,,657.5373575600202,581.4531386140882,402.75180812642725,629.6328086651623,691.6578208579884,652.5175063528131,734.1776286040719,767.3858001992357,680.9316145235853,738.490691602967,498.47127345741774,731.5053811688024,405.89555235581554,561.9925113740875,327.00517555028256,443.4869119588788,387.7729959343102,743.8524282324702,519.2974480522875,634.5408352910868,666.7150469202186,746.2570460480518,597.6231476068502,,442.30925023030125,361.0774514356486,349.51809055249953,410.7922706867258,432.4794510194306,441.2077146887792,439.5239754703339,,612.8090242426417,305.6160131767563,382.0830795729103,483.23463967475533,436.0061538857536,489.1148758405399,,,731.3648295052486,607.2999051260288,589.927571963693,741.1773860587147,448.26025330135707,508.62368318463484,471.3640128920014,391.07947565708406,422.5520057702434,517.2540464482541,430.0339674109836,481.6306249887006
v_7.9h,496.2966475869925,,,651.4060049833838,742.7485957814677,369.2130998054354,369.2130998054354,434.9072006360715,439.164949625453,,622.8347226102915,556.2972022086551,732.4341537156292,530.7384605020375,750.4418232383586,590.8112169514662,359.34572292731406,491.0653879221702,491.0653879221702,465.97438067330273,603.4780706512014,378.38513718136346,378.4611141430687,488.50211278093195,882.3439933609976,368.51328035817824,460.2076458321411,,,512.8080080234746,442.6094397302112,639.8232965674997,427.79880898326803,645.9367259048768,,468.3674764078776,468.3674764078776,438.1277181776954,591.6007043903761,595.7619117298694,489.58741958120555,489.58741958120555,715.7483397260838,743.7055055087708,,661.1270546800106,584.1612048122714,402.8272287336136,629.8895478042497,691.6881087105132,652.5175063528131,734.263661931675,768.235596690439,680.9486798084282,738.490691602967,498.47095736688254,731.5053811688082,406.02813592968187,560.3761727071949,327.00517555416735,443.4869121534117,388.70397779815136,743.8524282324702,519.2728369940576,634.5408352910868,670.2731210723601,747.1875622361545,597.6251064752867,,442.5224272233618,361.0774624432457,349.3661880356868,411.9300577036834,435.28915184065085,442.658107057729,441.097312378306,,612.8176755983418,305.6160095796398,383.1512753513939,483.23463967475533,435.76525840138714,491.10250804425897,,,731.3648295052486,607.1854610539842,593.6885987838465,741.1985004025781,450.78523203758317,511.179300385012,472.9049323781002,391.0848460857931,423.0629977995414,519.6045392120083,430.71721232711815,483.7215017283981
v_8.0h,498.29182936941385,,,656.1068320238925,742.7485957814677,370.5754214992251,370.5754214992251,437.3134945284621,435.6251223410009,,624.002500072238,558.9261621387085,732.4341537220441,530.7460705462134,754.7791243990135,594.0058283917222,360.5023320539822,492.74298133653144,492.74298133653144,466.0231305510109,603.6136072220576,379.21066076099413,379.23744468689273,490.9170314170209,886.0611379609314,368.5105481070119,461.6305833371423,,,512.8085204929803,443.78228702892295,640.741497148087,429.5087436424267,645.9367259048771,,468.29264113058707,468.29264113058707,439.69156081800145,595.1969830423536,595.7619117298694,491.89714849325014,491.89714849325014,715.7483412031955,743.7055055087708,,667.822776738281,587.1135532887657,402.8272287336136,629.8895478042497,691.7182977993369,651.4918327243296,734.3618577058076,769.4836146599652,680.9510101618434,738.490691602967,498.47028479480923,731.5053811688152,406.1603423882894,558.7706632237131,327.0051755585068,443.4869123522471,389.6186580609783,743.8524282324702,519.2463493000026,634.5408352910868,674.262287926678,747.0136543195454,597.6270629714692,,443.5096520607943,361.07747359011483,351.63471602956236,413.01977703912655,436.7185479165023,444.09226703864556,442.60526733553104,,612.8262151858419,305.61600592757895,384.20506324728046,485.4489772348907,436.31595619463405,491.1699242823868,,,731.3648295052486,610.7110862631375,597.5283736262791,741.2202984354726,450.78523203758317,513.7338914045964,474.51145574452477,391.0906025364997,423.58198181345745,519.6045392120083,430.36735963655116,485.88153827036797
v_8.1h,500.3021774199026,,,660.7695937456832,742.7485957814677,372.0066556035435,372.0066556035435,437.3134945284621,439.1814221026806,,625.0517486963713,561.2957036968564,732.4341537286439,530.753754635574,759.64642569284,597.4471874961733,361.67873189545855,494.3055596459372,494.3055596459372,466.0725550314195,603.7397804443743,380.04959449401196,380.0329759920866,490.9170314170209,890.7233085507143,368.5219369156618,463.0530429962989,,,512.8090354559081,444.98320085474046,641.6575631031651,431.24866291571374,645.9367259048773,,467.75924498757666,467.75924498757666,441.17763451964015,598.7046744286013,612.7842847467286,491.89714849325014,491.89714849325014,715.7483427509125,743.7055055087709,,670.9789848204498,589.9336533352849,402.90298137871775,629.9118318431357,691.7483853257552,654.7497387624893,734.5044456926992,771.0422348547962,680.967343109071,738.490691602967,498.4696067384766,731.5053811688152,406.2921576631481,558.7706632237131,327.0051755633273,443.4869125142256,390.5563593571261,743.8524282324702,519.217943738028,634.5408352910868,677.8846841675132,747.9416229360332,597.6290169122647,,443.7118308939213,361.07748487452415,348.8534951339597,414.16819111646424,438.0825937318627,445.5361948471959,442.60526733553104,,612.8346469492417,305.6160022206188,385.2656948803467,487.60065522808856,437.3947611682353,493.13782776785183,,,731.3648295052486,614.426318460207,601.3269726398228,741.2427934566913,450.59795618447316,516.3581322426826,476.0306066598667,391.0906025364997,424.1084973325006,521.8834258998612,431.05292353271614,488.0102214748847
v_8.2h,502.35763876349546,,,665.3688103325283,742.7485957814677,370.58640033343045,370.58640033343045,436.3933919650936,442.6528640244439,,626.2626379691113,563.9513030904086,732.4341537354339,530.7615128069785,764.2997470685484,600.765808790277,361.67873189545855,495.908606804885,495.908606804885,466.1226385818433,603.8574306505425,380.8779435359381,380.8205529963754,490.6092423277537,894.7200165891542,368.53322143143345,464.44567902028865,,,512.8095530253138,446.18434019234235,642.5714022050395,432.9539300102121,645.9367259048776,,467.2391034817492,467.2391034817492,442.73622705092413,602.0906050164484,629.1636236387465,491.85227909206645,491.85227909206645,722.9730049396753,743.7055055087709,,674.5291412871477,592.7423862580757,401.898398216732,630.1651892480486,691.7783691284375,658.09370455711,734.6331405830008,772.5642635664447,680.9828939608428,738.490691602967,498.4689233503189,731.5053811688209,406.42356707569667,557.1903408718697,327.0051755633273,443.4869127223055,391.47867196178584,743.8524282324702,519.1875760017381,634.5408352910868,681.7688682601221,748.8717223455112,597.6309681149897,,443.9126347914518,361.07748487452415,351.12397755702915,415.2682181194821,439.5148770784615,446.96861223996444,444.19732253309223,,612.8429746990025,305.615998458846,386.31339978508043,487.2381763624746,437.9405019511918,495.0705231523784,,,731.3648295052486,618.0030577707543,605.0631976363935,741.265998549854,453.1149517120121,518.9307351485429,477.65155988903757,391.09716437882923,424.1084973325006,521.5498571452856,431.74472440521714,490.09278870249665
v_8.3h,504.28730687697913,,,669.8710455759962,742.7485957814677,371.94454517486776,371.94454517486776,438.8699790601984,442.6528640244439,,627.4625621444652,566.3123849870084,732.4341537424201,530.7693450837332,768.5875544410434,603.9173809809827,361.63658767161013,497.51631617827366,497.51631617827366,466.17338953504293,604.0087548399605,381.6955977773897,381.59858320212436,493.0510746462508,898.2084453276796,368.5307095604676,465.8975811269282,,,512.8105964330312,447.3301326549384,643.4829327924052,434.62794532562833,645.9367259048782,,466.6860541038821,466.6860541038821,444.2235696135611,605.7681410764891,632.0424821423518,494.23386779769197,494.23386779769197,715.7483443482427,743.7055055087709,,677.6643528334786,595.6649790143355,401.97625396287094,627.5562077993078,691.7783691284375,661.2820883926214,734.7494019503107,774.0531354362366,680.9698400271585,738.490691602967,498.46823478929474,731.5053811688281,406.5556004195745,556.1395434893545,327.00517556865765,443.4869129349896,392.38470698744936,743.8524282324702,519.1551986034791,634.5408352910868,685.5499560540939,749.7921763625206,597.6329163974717,,444.1120491026052,361.0774962944571,353.3857912787812,416.39390150266104,440.86916283481486,448.4004681337909,445.7224645278263,,612.8512021193388,305.61599464239293,387.3688126678088,489.41567320946916,437.9405019511918,497.104133403532,,,731.3648295052486,621.3980095450266,608.709983245388,741.2899265554903,455.62918361855606,521.4380752784193,479.15331277443755,391.1039736724393,424.6368502415361,523.864455655803,432.4423179103259,494.3448015479315
v_8.4h,504.28730687697913,,,674.5749468413812,742.7485957814677,373.29418057150065,373.29418057150065,441.3841892328369,442.6934652389335,,628.5447159475592,568.9527590908496,732.4341537496089,530.777251475469,773.7037060982357,607.3882966663658,362.7860012603954,499.0242903906857,499.0242903906857,466.2248162466322,604.1638799037378,382.5206065290753,381.59858320212436,495.4416473882927,902.7865410849427,368.5421624365103,467.26400677168203,,,512.8111224952191,448.53974701210143,644.3920843073336,436.373602835985,645.9367259048782,,467.1652460272853,467.1652460272853,445.7644217587391,609.3547837611765,633.0064438730935,496.54843110521324,496.54843110521324,715.7483460463621,743.7055055087709,,681.2472898577057,598.3587166291329,402.05418273819544,627.8088612460779,691.8082466354193,661.2820883926214,734.8545279043735,775.512030473075,680.9854784272703,738.490691602967,498.4675412209758,731.5053811688352,406.70208696490954,554.5674449962653,327.7044991402358,443.48691315238517,393.31359426726027,743.8524282324702,519.1131110508345,634.5408352910868,689.2676467367154,750.7028625464685,597.634861564791,,444.31005975729454,361.07750545001846,350.9544769359232,417.507554706419,442.29820032578255,449.8366617577895,445.7274989556324,,612.8593327750739,305.61599077143933,388.40808224180824,491.51791929262214,437.6640384391942,499.0616091759386,,,731.3648295052486,625.1938284882121,608.709983245388,741.3145900430579,458.1404683595608,524.0539139797739,480.7816542099707,391.11087340000256,424.8966847052679,526.0932064855847,433.144970974688,496.47721277423403
v_8.5h,504.51083413691896,,,679.3968258192883,742.7485957814677,371.93891504119773,371.93891504119773,437.97236873200336,446.21502910612884,,628.7983982494484,571.2997122910436,732.4341537570056,530.7852319780254,778.5528411567411,610.7374751187901,363.95638081177367,500.6873006241421,500.6873006241421,466.2769271018802,604.3087735110394,383.34861790698517,381.5912931237296,495.4416473882927,907.1805570550862,368.55353069940907,468.7371965599394,,,512.8116516119622,449.71775369428696,645.2987979292383,438.0769032197183,645.9367259048785,,466.6057536915937,466.6057536915937,447.2493335698453,612.7944975765719,633.0064438730935,498.7785732710002,498.7785732710002,715.7483478242505,743.705505508771,,684.320324707992,601.3741635366908,402.13216270608615,627.8088612460779,691.8380166523615,660.3122578157787,734.9496736911577,776.9438902961533,681.0003794542919,738.490691602967,498.4668428176317,731.5053811688341,406.8480456000155,552.9930209391057,327.7044991456518,443.4869133745988,394.2283931518859,743.8524282324702,519.0764802850074,634.5408352910868,693.1858265065562,751.6036584919291,597.6368034649678,,444.50665328538554,361.07751714185434,353.1988136288285,418.6039792106925,443.6602857158255,451.2498716220914,447.30349914335943,,612.8673701180128,305.61598684621464,389.4606425859278,493.70066236595727,438.209059524818,501.0235187565489,,,731.3648295052486,628.8182408799108,608.7601858657607,741.3400012824511,460.6484108976558,526.6340890794422,482.3041062789334,391.1178653621276,425.44689623709206,528.4186277856616,433.85242692382485,498.5952448040704
v_8.6h,506.57259082007573,,,684.1212981097755,742.7485957814677,373.2823377665659,373.2823377665659,440.48900773004425,449.6950266802348,,630.011863131081,573.93625069262,732.4341537646172,530.7932865733538,782.9122458313686,613.8770657012201,365.1104347532401,502.2394109064951,502.2394109064951,466.3297305219139,604.1853493494355,384.1659415191414,382.3687079936052,495.13287575143295,910.995696042495,368.5512220675001,470.1369159600664,,,512.812183895052,450.8427896910975,646.203027333549,439.73738652446673,645.9367259048788,,466.01101593681045,466.01101593681045,448.7781305048514,616.3408093797943,633.0064355032654,496.50455599142464,496.50455599142464,715.748349685179,743.705505508771,,687.9727845629818,604.1046678821608,403.3301257404407,627.8089761405244,691.8676765426177,663.5082109745053,735.0358680964558,778.3514337913786,681.0145901332754,738.490691602967,498.466139758316,731.5053811688416,406.83482824220704,551.4366785474657,327.70449915157525,443.48691360174155,395.12701184224437,743.8524282324702,519.0416632815786,634.5408352910868,696.7842003314264,752.4944418709794,597.6387419014364,,444.7018168374834,361.0775289611197,350.4528138418649,419.734408543629,445.06658017454214,452.69544507734037,448.7998469499075,,612.8753174928825,305.61597883412423,390.4887276498041,495.81722916428373,438.7573421881548,503.0454663188058,,,731.3648295052486,632.203293993633,612.6287621358533,741.3647989101258,463.1524005610357,529.1332082587669,483.89780315378385,391.1249517734822,425.9849576046792,530.6119554019563,432.7806742888502,500.67435753329625
v_8.7h,508.50463262530235,,,688.6976100523055,742.7485957814677,374.64074192200667,374.64074192200667,443.01924269168114,446.1927687154188,,631.2937579510462,573.862472637746,732.4341537724499,530.8014152294295,788.2453127448991,617.3979509361287,366.2561129343279,503.80495940468927,503.80495940468927,466.3832349694963,604.331553840392,384.97253107164113,383.1420443220107,497.52278720143556,919.5682111299649,368.5627569004641,471.56680142463557,,,512.8127194564839,452.0523218161194,647.1047396208294,438.099249147599,645.9367259048788,,465.4902282660312,465.4902282660312,450.25620723583717,619.9819767976443,633.0064248503751,498.8343460393427,498.8343460393427,722.973008095833,743.7055055087711,,691.0817848020073,607.076529073539,403.40611423399525,628.0745836750681,691.8972242169486,666.7848587537746,735.1140279121238,779.7371721151211,681.0031089347018,738.490691602967,498.46579626808995,731.5053811688495,406.98080881239974,549.8956419852288,327.7044991580347,443.48691383392395,396.04426838502155,743.8524282324702,519.0107683285137,634.5408352910868,700.8166822842804,753.3750904974249,597.6406766944975,,444.8955382077607,361.0775409044971,352.70014662132866,420.8185699570739,446.44077600919786,454.082300134686,450.3871348598335,,612.8831781428834,305.615974747983,391.54083084677063,497.9307912904325,439.7464452540124,503.06017228051354,,,731.3648295052486,636.0322314138697,616.4116025247514,741.3647989101258,460.47632840095997,531.7317829133509,485.44741810771245,391.1321353185087,426.5516861623961,532.9374980086546,433.4983657308496,502.82224793769916
v_8.8h,510.6171382142385,,,688.5208939441206,742.7485957814677,375.9900468927041,375.9900468927041,445.57570969261974,449.7294069101742,,632.4518731770373,576.3423605012767,732.4341537805107,530.8096179001873,789.0850691836373,620.732567814896,367.41503359546584,505.41930534549124,505.41930534549124,466.43744895454165,604.4683196559783,385.7950071073616,383.9341195252414,499.90522503963524,923.8331523014953,368.572104168539,473.0051484625404,,,512.8132584085955,453.21350264445556,648.0039165015496,439.8212353837289,645.9367259048792,,465.9280983380049,465.9280983380049,451.7785619910761,623.4384883736126,633.006412570791,501.1515608706888,501.1515608706888,722.973008983138,743.7055055087711,,694.6946275389292,609.8770168732633,403.4820538214585,625.4416396889276,691.9266576053114,670.014648158989,735.1849706921571,781.1034229902508,681.0173936134059,738.490691602967,498.46579626808995,731.5053811688482,407.1262019069889,548.3510086652116,327.7044991650593,443.48691407126097,396.95282802165144,743.8524282324702,518.9781344436971,634.5408352910868,700.9829299416414,754.2454824123118,597.6426076650444,,445.08780585967236,361.07755296829555,354.9340107121377,421.94493517835093,447.81716696544095,455.5430228793974,451.8932118873664,,612.8909552148947,305.6159718176559,391.51102818778196,500.05967488497686,439.01151241002134,503.06017228051354,,,731.3648295052486,639.655121494527,620.072243082061,741.3917443810152,462.96874730537746,534.3032635129154,486.9945967910141,391.132029709025,427.10030341218516,535.123875050276,434.22029042257,502.54902778799044
v_8.9h,512.5807648005787,,,693.4285350973556,742.7485957814677,375.98130859621966,375.98130859621966,442.14274783561245,453.1744768850242,,633.6986968437265,576.3423605012767,732.4341537888064,530.8178945254806,789.0850691836373,623.9535457222084,366.22079192803744,506.9293664724377,506.9293664724377,466.4923810395441,604.5964773975925,386.61303693296213,384.7165088796693,502.3026721028123,927.5749903009869,368.572104168539,474.38012177805604,,,512.8138008641982,454.32376200606353,648.9005559176343,441.5329386306601,645.9367259048796,,465.41111930361785,465.41111930361785,453.24459853872617,626.9637700937529,633.0063984311992,503.3745267595099,503.3745267595099,715.7483536420834,743.7055055087711,,697.8989069426968,612.7841802836592,403.55792495990863,625.7213977667398,691.9559746576439,668.9499907240181,735.2557208472482,782.4523242279159,681.0310274646095,738.490691602967,498.46508576320036,731.5053811688558,407.27098878779503,546.8304540665242,327.70449917267985,443.48691431386897,397.8453597447272,743.8524282324702,518.9437086491542,634.5408352910868,700.9829299416414,754.1191599926276,597.6445346345331,,445.9593263491715,361.0775651484255,352.51284680337056,422.02561998269135,449.2079478951168,456.9091984612405,453.4614212799473,,612.8986517644082,305.61596762815327,391.51102818778196,502.1152186169238,439.01151241002134,505.01330410231463,,,731.3648295052486,643.1054650685015,623.8680100919132,741.4194723020945,465.4534846131502,536.7721569289106,488.57828821297625,391.13932062463675,427.683958005045,537.4254595015274,434.94617932532157,504.693521473203
v_9.0h,514.6526569007699,,,698.1897920841095,742.7485957814677,375.98130859621966,375.98130859621966,444.69316339588374,449.73782598919564,,635.0363308243359,578.8175895634329,732.4341537973445,530.8262450310677,793.7775483360688,627.4682503699597,367.3659156301172,508.54032938578456,508.54032938578456,466.54803984505116,604.7167825948674,387.42040162236526,385.48916983793725,499.58574623796864,931.6167767829282,368.5837377243947,475.86294483536324,,,512.8143467961048,455.522795664097,649.7946745462289,443.18691812405126,645.9367259048797,,464.86091542097216,464.86091542097216,454.76610835060427,630.6198985386427,633.0063998568054,505.69592943002345,505.69592943002345,715.7483557709318,743.7055055087711,,701.393633204538,615.6403244347746,402.5666325363674,628.3764638618932,691.9851733444581,668.9499907240181,735.3753571447002,783.9080387574163,681.044051873941,738.490691602967,498.4643711683816,731.5053811688636,407.4151502714841,545.3175078184695,327.70449918092913,443.48691456186504,398.74760329166867,743.8524282324702,518.9074347571044,634.5408352910868,704.7767949076382,754.9716573786774,597.6464574249399,,446.1397397078535,361.07757744037934,354.7278600091849,423.1528725027466,450.5460576187718,458.37634132928144,454.9735674765123,,612.906270395918,305.6159632853864,392.541703732209,504.2533309121864,439.5619537931258,507.0414258738347,,,731.3648295052486,646.945555234594,627.7879281806322,741.4479934512485,467.92878890473196,539.3975610522726,490.06545964731504,391.14671098971576,428.24718337483876,539.596410183922,435.6807530312877,506.7817206379891
v_9.1h,516.6540487023103,,,698.1897920841095,742.7485957814677,377.3091242114488,377.3091242114488,447.24657772033316,453.2072543264575,,636.2477988756623,581.3216259332543,732.4341538061315,530.8346693286202,798.7836908615718,630.7206461514065,368.5095720750431,510.1193846005782,510.1193846005782,466.6044340552705,604.829922511941,388.21710660384286,386.25777499098734,501.9134926131116,936.5168221019892,368.59337343560804,477.2620333360278,,,512.8148961824726,456.6749953345376,651.5877274489307,444.91983817530183,645.9367259048802,,464.7736578919717,464.7736578919717,456.2139781430872,634.0351326747605,633.0063837749924,503.4012578089449,503.4012578089449,722.9730118781512,743.7055055087711,,704.7295415604563,618.506286500934,402.5666325363674,625.7501688124423,692.0142516572598,672.1965913367169,735.4845368786731,787.2113182039678,681.0339567904646,738.490691602967,498.4636526904353,731.5053811688626,407.56034434155197,544.2560896243604,327.0051756338613,443.48691481537,399.6512866849695,743.8524282324702,518.8289130085474,634.5408352910868,708.6473778358959,754.9716573786774,597.6483758587392,,446.31847966166487,361.0775898392061,354.2445563710659,423.1528725027466,451.95806549197147,459.7630113424595,456.5285519953363,,612.913813676813,305.61595867998614,393.5728065604801,506.2741597548682,440.5085521270454,508.95430626691365,,,731.3648295052486,650.4919716082325,631.5685036913031,741.477318158566,470.39244960648455,541.9353479607879,491.6923626999314,391.15420229562176,428.84443798915504,539.3153143989492,436.4226466269297,508.8903870993518
v_9.2h,518.6857800879744,,,702.7315948747251,742.7485957814677,378.6553395972686,378.6553395972686,446.3786114519032,456.7012582304065,,637.4979626387468,583.7416290103417,732.4341538149705,530.8431673157176,803.9881857111393,634.1292374433853,369.65899012067905,511.5993963848042,511.5993963848042,466.6615724236475,604.9365223478416,389.03428457927254,386.2624558205621,504.30507052084664,940.77573379428,368.59337343560804,478.7021996218291,,,512.8154491503026,457.7813510435003,652.476973411417,446.61263683152197,645.9367259048802,,464.7736578919717,464.7736578919717,457.7402876542544,637.64971355784,633.0063653095693,505.716793198864,505.716793198864,722.9730118781512,743.7055055087711,,708.0396580639588,621.4020541704427,402.6445773469746,626.0540626826465,692.0432075147327,675.2852161773382,735.584505866205,788.8150649021729,681.0470434345559,738.490691602967,498.4629305433451,731.5053811688707,407.7200787081061,543.4032077170698,327.00517564527127,443.4869150745056,400.539133714696,743.8524282324702,518.7861487475766,634.5408352910868,712.4037819684074,755.8134380927079,597.6502897590364,,446.495381684725,361.07760233948693,354.2445563710659,424.2347812669575,453.297430596994,461.1909543111988,458.04248931394756,,612.9212844983933,305.61595380074056,394.60626125581956,508.4047459696768,441.05124735387284,510.9967236939199,,,731.3648295052486,654.13615103723,635.1527778371734,741.5074562759496,470.23502752747913,544.4363748209918,493.20747614221335,391.16179598204417,429.4239292784357,541.5209749674698,437.16705741586526,510.99479519324376
v_9.3h,518.878285049255,,,707.4507797283703,742.7485957814677,379.9931348581724,379.9931348581724,446.3786114519032,456.668348075025,,638.9041228250584,586.2914899338007,732.4341538242836,530.8517388756433,808.4682504476219,637.55247304654,370.78475927345573,513.2419203940491,513.2419203940491,466.71946008010775,605.037150881585,389.84354982071306,386.2624558205621,506.6386660025976,944.5403545521261,368.60512142451057,480.14662454879124,,,512.8160058276429,458.96764616878374,653.3604360842858,448.2708027615328,645.9367259048806,,464.1809614078996,464.1809614078996,459.1690051113927,641.2587069534361,633.0063441779425,507.9255172483596,507.9255172483596,722.9730129321335,743.7055055087711,,711.5500087507789,624.2490790821911,402.72243435383564,623.736486067082,692.0720391574249,678.5551372848527,735.6760992604,790.3907391339795,681.0595555428102,738.490691602967,498.46220494834625,731.5053811688787,407.879032103687,542.3180653462668,327.00517565754944,443.48691533939666,401.4225099247082,743.8524282324702,518.740872461837,634.5408352910868,716.318016252372,756.6443814315614,597.6521989504342,,446.67043072430624,361.07761493530967,356.4450910642512,425.3525385764816,454.6862528617204,462.6039775189978,459.5899875602787,,612.9286856743512,305.6159486360163,395.61921961560415,510.41884928353807,440.71370133987233,512.9619956958918,,,731.3648295052486,657.8921483041075,639.1819881348358,741.5384171466334,472.71909308882005,547.039797840681,494.7838094248321,391.169417127555,430.0336106845221,541.5209749674698,436.8259112124061,513.0736712036805
v_9.4h,520.8356032509699,,,712.3840373104874,742.7485957814677,379.97843612953045,379.97843612953045,448.9265974070546,456.668348075025,,640.1803221938757,588.6264434483467,732.4341538338696,530.8603838758777,814.0899875049504,637.3143795876401,370.75001293794827,514.7970353571459,514.7970353571459,466.7781138185604,605.0653851125287,390.64226236959854,387.0334785188958,506.2640941036625,948.6916485647085,368.6157427764964,481.5099582212354,,,512.816566343718,460.1254815287806,654.2380056076747,450.0010981648828,645.9367259048806,,463.6084114551103,463.6084114551103,460.6996641779442,644.5841755553788,633.0063223580738,510.22568205458043,510.22568205458043,722.9730140303761,743.7055055087711,,714.588611774862,627.1663351668884,403.9057117187835,623.736486067082,692.1007445243447,677.4545827733292,735.7600737835861,791.9409723035398,681.071529528883,738.490691602967,498.46147613400115,731.5053811688863,408.0371817313301,541.4869568315897,327.0051756707405,443.48691557169417,402.32320912106724,743.8524282324702,518.6929903492246,634.5408352910868,720.0780615247216,757.464367906606,597.6541026369706,,445.8672810664763,361.0776276202391,354.03931824090915,426.45793564797816,456.05114263900106,463.98110305306,461.10073263358,,612.9432899787678,305.6159431737459,396.6579144511583,512.5188347375446,440.71370133987233,514.9369603450948,,,731.3648295052486,661.2715909294716,643.05360536668,741.570209574676,472.71909308882005,549.5056782363764,496.34768614040905,391.1772260177899,430.628886505237,543.7615085255335,437.57205285683006,515.1876147265277
v_9.5h,522.9216879843877,,,717.0536788284361,742.7485957814677,379.97843612953045,379.97843612953045,451.48862817268696,460.20029985436435,,641.3958036909403,591.2450359698889,732.4341538437368,530.8691025591318,819.0796225477277,640.8287304746564,371.88779299688775,516.2718672190838,516.2718672190838,466.83753833770237,605.1612628311728,391.4304687310464,387.8218954972012,506.2640941036625,953.6896230465802,368.6157427764964,483.0028215041717,,,512.8171287836677,461.23827907656784,655.1095702138566,451.65712871015774,645.936725904881,,463.5222019985374,463.5222019985374,462.13927273388595,648.3700774462493,633.0063223580738,510.2494706628533,510.2494706628533,722.9730151745631,743.7055055087711,,718.3252133588908,630.0163150130192,403.9810592137598,626.4285801658127,692.1007445243447,677.4545827733292,735.8371153802296,793.4682028599959,681.0746732915076,738.490691602967,498.4607443362661,731.5053811688863,408.19433987300573,540.7120076207553,327.0051756848905,443.4869158487688,403.2085897986765,743.8524282324702,518.6424024880392,634.5408352910868,723.9969236225459,758.290612547684,597.656000142043,,446.0463179932107,361.0776403872925,356.219711086168,427.5262466927954,457.38637972942223,465.4268094518915,461.0923338767899,,612.9504983798454,305.61593740141365,397.65338467338444,514.5185173940047,441.2544199450222,515.0004727887643,,,731.3648295052486,665.2167052150448,646.6874212086108,741.6028417944999,475.1924399790628,552.0996258686483,497.8426546137151,391.1772260177899,431.2516968680038,545.9398126854775,437.57205285683006,517.2462858455968
v_9.6h,522.9216879843877,,,721.5973458472663,742.7485957814677,381.29616107400705,381.29616107400705,450.6159495604259,460.18978150017426,,642.8857498398928,593.558891147703,732.4341538538763,530.8778950776243,824.1779767041334,644.1848720766753,371.88779299688775,517.9157204203794,517.9157204203794,466.89778991566294,605.2835105124832,392.2387641581493,388.6005479641177,508.6438114920537,958.0541090421888,368.62957024039116,484.4146051536156,,,512.8176975000146,462.4028329210183,655.9750157655784,453.3614407751512,645.9367259048814,,462.969507510831,462.969507510831,463.64174134913264,651.8340058828843,633.0062950892176,510.2494706628533,510.2494706628533,722.9730163497869,743.7055055087711,,721.5368720537645,632.9340686318894,404.05623205979873,623.8015202962275,692.1293216920575,680.656787424167,735.9078461123561,794.9746887351718,681.0746732915076,738.490691602967,498.46038544840087,731.5053811688948,408.3503299862139,539.9904557807095,327.70449924591816,443.48691613237366,403.09151557040497,743.8524282324702,518.5890025153365,634.5408352910868,727.8010863511691,759.1177983960364,597.6578915251399,,446.8377493439287,361.0776532584873,355.75326700251543,428.6582661498556,458.78182456589,466.7832669011332,462.65809814422175,,612.9576476872169,305.6159313060361,398.69507909691185,514.2063151116168,441.79792733985283,516.935828137224,,,731.3648295052486,668.7581433612487,650.6626308407339,741.636335280855,477.6518587894396,554.6200975139509,499.46364175714496,391.1851408119468,431.54110905997464,548.1826910864546,438.3204518838351,519.363201808533
v_9.700000000000001h,524.8971410244438,,,726.6544799559214,742.7485957814677,382.6351071467892,382.6351071467892,450.6159495604259,463.6792523044576,,644.2397393318571,596.1695214900326,732.4341538538763,530.8867610922777,825.1247650917252,647.5127781823534,373.01266110509187,519.458212320207,519.458212320207,466.95892040967817,605.4094104251982,393.04068457898376,389.3694509809959,510.90415624443176,961.9283871279168,368.64143433236984,485.81943240701594,,,512.818270442361,463.5716924391958,656.8342252711853,453.42309681953,645.9367259048815,,462.969507510831,462.969507510831,465.09775821562187,655.4148813253449,633.0062640080207,512.4338587816136,512.4338587816136,722.9730175913312,743.7055055087711,,725.0040030512349,635.8090324539608,404.13121433720664,624.141722330578,692.1577687572465,683.8173416720985,735.9728303724872,796.4625192256643,681.0861585752069,738.490691602967,498.45964962156336,731.5053811689023,408.5051481775186,539.9904557807095,327.70449925938095,443.4869164230651,403.97668393868884,743.8524282324702,518.5326772829494,634.5408352910868,731.6726890786642,759.9344538005969,597.6597768450376,,447.00396031891876,361.07766625802316,355.75326700251543,429.74504693503417,460.1080104758,468.2246343573149,464.1470224478918,,612.9647403798637,305.6159248741494,399.69912602162043,516.2357278040787,442.63750864283907,518.9539088252083,,,731.3648295052486,672.5061514211305,654.5819384478108,741.6732563325597,480.09350109696356,557.1285823087836,500.97722620403266,391.1931628143179,432.15300366350243,550.320232899686,439.07386814561494,521.4110348686412
v_9.8h,526.9679887970391,,,731.3746314221493,742.7485957814677,382.6251368827906,382.6251368827906,453.1778316850227,463.6792523044576,,645.4776624716811,598.5663280562388,732.4341538642792,530.8957002442716,830.2483548727907,651.0110914010534,374.1536305429644,520.9266406013344,520.9266406013344,467.02092842961406,605.4094104251982,393.8322383048811,390.131617622757,510.61385385879737,965.8090313167593,368.64143433236984,487.2867590684823,,,512.8188477464533,464.6960499190615,657.6870783720052,455.06385512300466,645.9367259048819,,462.3800078226234,462.3800078226234,466.56282135367996,659.0395900360694,633.0062319711443,514.7324564435443,514.7324564435443,722.9730175913312,743.7055055087711,,728.4574039092723,638.7024418647222,403.1519724376596,624.2243584604572,692.1860838364402,682.7239275205881,736.0325804819462,797.933626301639,681.0893451869338,738.490691602967,498.4589115500421,731.5053811689023,408.67238834350707,539.3195046986183,327.70449927336466,443.4869167210201,404.8467161804968,743.8524282324702,518.4733064898961,634.5408352910868,735.561576219904,759.8651064485425,597.6616561598088,,447.1682650581136,361.0776770244527,357.9149478750351,430.8258003657976,461.48220853167174,469.61857425028956,465.7049046074863,,612.9717788793025,305.6159180917906,400.71686528323215,518.2738369388734,441.9825894181904,518.9539088252083,,,731.3648295052486,676.2171805667055,658.2002639526512,741.7122743578468,479.9136684020568,559.6978853547603,502.5438818523578,391.2012932877857,432.790613281026,552.5765966796318,439.829703639397,523.523122978235
v_9.9h,528.9514115030248,,,735.9413808205845,742.7485957814677,382.6251368827906,382.6251368827906,452.31545065528906,467.0889311163541,,646.9616401507154,601.0469398079384,732.434153874953,530.9047121548903,835.3695727796371,654.1950830626724,375.26607006291516,522.5662340422081,522.5662340422081,467.02092842961406,605.528602316001,394.61350354570305,390.14670196857105,512.9242020636929,971.0563218048908,368.6534451016299,488.6742856411258,,,512.8194295497691,465.82648083129254,658.5334507965563,456.7817574931663,645.9367259048823,,462.27429687452167,462.27429687452167,468.04103433325776,662.4290477024884,633.0061921623756,514.7520350746779,514.7520350746779,722.9730188842232,743.7055055087711,,731.512636531303,641.6252571396154,403.2290316541196,624.2243584604572,692.2142650673711,685.9088995219861,736.0875617358643,799.3897953348122,681.1051691452681,738.490691602967,498.45817149983486,731.5053811689112,408.84229929721823,538.6966933572193,327.70449928788867,443.4869170264184,405.72745771178364,743.8524282324702,518.4107622897691,634.5408352910868,739.3219547606691,760.6632538732564,597.6635295268312,,447.33065073220246,361.07769027112033,357.6691344701133,431.94079413167645,462.8431386284993,470.98868712259224,467.2004266392341,,612.978765552394,305.6159109444795,401.7322108701457,520.2785472403596,442.52648621812904,520.927503731466,,,731.3648295052486,679.7923292126309,658.3352740901141,741.7522001852624,482.38758124887306,559.3015193471214,504.1195534748396,391.20947841928256,433.4140867793589,554.6786146279059,439.5123016053982,525.5693877265461
v_10.0h,531.0190811320886,,,741.046312334574,742.7485957814677,383.9357074552495,383.9357074552495,454.87137387814477,467.14456119580313,,648.4086097927976,603.5511217806757,732.4341538859047,530.913796425448,840.8937506892498,657.8191315954015,375.2299553836014,524.1070716594913,524.1070716594913,467.08381212527456,605.6416558233093,395.40847676288826,390.91044308553705,512.9242020636929,975.6468234906232,368.667616968705,490.1135684558759,,,512.8200159916364,467.01195080601116,659.373213774914,458.4522787296434,645.9367259048828,,461.6602766893923,461.6602766893923,469.4578241222645,666.1954966820367,633.0061921623756,516.899009006411,516.899009006411,722.9730202303876,743.7055055087711,,735.2747868471777,644.4643996412228,403.3058886948279,624.5854697418633,692.2423106190225,685.9088995219861,736.1868028803315,800.9585676418986,681.1051691452681,738.490691602967,498.45817149983486,731.5053811689194,409.0108790181276,538.1195035923938,327.7044993029734,443.4869173394449,406.6123272996804,743.8524282324702,518.3449088716395,634.5408352910868,743.3449398954564,761.4502005020474,597.6653970027947,,447.4911048982557,361.07770362962947,357.6691344701133,433.01222479548596,464.14328211977283,472.4271500328638,468.7440189054765,,612.9857027140416,305.61590341720404,402.7205908475865,522.3113848135405,442.52648621812904,522.9043789742967,,,731.3648295052486,683.6505850354952,662.3221022928304,741.7930368551968,484.8429590980955,561.9232853531739,505.59424715329254,391.21783404368745,434.06593203453275,554.4204338714637,440.27021396327325,527.6673979812401
v_10.1h,532.9991535096846,,,745.6958418724445,742.7485957814677,385.2586114377425,385.2586114377425,454.87137387814477,467.14456119580313,,649.73226508472,605.8518659534815,732.1052939742702,530.9229526372252,845.709738536606,660.9837367931252,376.3553527020197,525.5586922136541,525.5586922136541,467.14756918043986,605.7490417196,396.20463324167173,391.6970854057102,515.1868777445387,979.726345757376,368.667616968705,491.5611932623947,,,512.820607213355,468.15317718475734,660.2062334047552,460.1245706232332,645.9367259048828,,461.6602766893923,461.6602766893923,469.39739622808725,669.4839473584664,633.0061469678665,516.899009006411,516.899009006411,722.9730216132225,743.7055055087711,,738.5272134895843,647.4595533251453,403.38240382508894,622.3347961563618,692.2702136738291,688.940432568753,736.2817004483227,802.7369975181529,681.1235442531788,738.490691602967,498.45742509262055,731.5053811689194,409.17812176606066,536.1733470621224,327.00517578673083,443.4869173394449,407.48230560217945,743.8524282324702,518.275602012906,634.5408352910868,746.912847407074,762.2256230127871,597.6672586437099,,447.64961549653543,361.077717093498,357.2210512736134,434.0987529236276,465.54458846461205,473.77990835083017,470.25162983483483,,612.9925926297673,305.6158954943988,403.74983167107285,524.2791491914398,443.3162226093892,524.90891341582,,,731.3648295052486,687.1001277047244,665.9718722476524,741.8326773276561,484.8429590980955,564.3812882120735,507.2216982585603,391.21783404368745,434.69908113393245,556.5289744464571,441.02896693465317,529.7214002598871
v_10.200000000000001h,533.1150469860058,,,750.4940188982227,742.7485957814677,385.2522349737908,385.2522349737908,457.4128860483164,470.5405859152956,,651.1024875310586,608.4918547006558,732.1052940009441,530.9321803513959,845.709738536606,664.6293684751597,377.47007673839454,527.1944116683807,527.1944116683807,467.21989964086043,605.8511953958964,396.9906565251171,392.4740135919864,514.9114974249321,983.4108167237143,368.6799632634798,492.93228632530355,,,512.8212033583113,469.25301647616675,661.032369957845,460.1245706232332,645.9367259048829,,461.1057650592324,461.1057650592324,470.84898902477795,673.3298504579748,633.0060957301998,519.2161148033132,519.2161148033132,722.9730230721724,743.7055055087711,,741.9028128071905,650.2078247463212,404.5453202924028,622.3347961563618,692.297968562222,687.9678350595349,736.3691749541755,804.4836442847317,681.1286538982265,738.490691602967,498.4566676891083,731.5053811689288,409.3440215586474,535.6214769949484,327.00517578673083,443.4869176602872,408.3375861259206,743.8524282324702,518.2026886024651,634.5408352910868,747.2521854554506,762.9894036654705,597.6691145049125,,447.8061708466609,361.0777306556801,357.2210512736134,435.2015419797603,466.87865578435947,475.19876595645167,470.25162983483483,,612.9994375181819,305.61588715992553,403.7076908224528,526.3175606526914,442.6916318441345,524.8776598799216,,,731.3648295052486,691.0832588044096,670.0153918297129,741.8753458021184,487.2745524518477,566.9488302317723,508.76340085480103,391.2263013253897,434.69908113393245,558.7770966686119,441.78832222794347,531.7943650895496
v_10.3h,535.248130685318,,,750.638087392181,742.7485957814677,386.5606296730725,386.5606296730725,456.5684522745857,470.6017665459785,,652.6611113545968,610.8389737042895,732.1052940283137,530.9414791089756,851.5831725100786,667.8808071208489,377.47007673839454,528.7443468842731,528.7443468842731,467.29887139935346,605.8897085289585,397.76664864703577,392.4740135919864,517.1323417182657,988.4876324900225,368.69430667940327,494.3955111775575,,,512.8218045721014,470.44306033487646,661.8514771111267,461.8218670767047,645.9367259048834,,460.99897590871063,460.99897590871063,472.3261305881897,676.7184356281072,633.0060430200269,519.2234756602464,519.2234756602464,722.9730230721724,743.7055055087711,,741.6052196754108,653.3023264905125,404.5453202924028,622.4501778182971,692.325575547506,691.0272911060256,736.4498713950951,806.2012013603837,681.1462673704291,738.490691602967,498.4558992008537,731.5053811689374,409.4997504250494,535.7856152736995,327.0051758060234,443.48691798913916,409.2203785466537,743.8524282324702,518.1282902246298,634.5408352910868,751.2890320206401,762.9894036654705,597.6709646410692,,447.96075964306976,361.0777443085365,359.3379960823071,435.2915769222957,468.20183831312846,476.6007936267879,471.7732688178957,,613.006239553354,305.61587839705635,404.72166324947415,528.2333546367836,443.23548476586814,526.9287643770913,,,731.3648295052486,694.4487434902381,673.9379908242202,741.9189289631677,489.697430757891,569.4343728823962,510.26724363893976,391.23488141329403,435.36621222781486,560.8748713332828,441.78832222794347,533.8655924648422
v_10.4h,537.1829802376824,,,755.2678044275768,742.7485957814677,386.5606296730725,386.5606296730725,459.1028624552258,474.0204942105804,,654.0870068170022,613.3586723356245,732.105294056399,530.9508484307561,856.1899764169169,671.457234938688,378.5966086383005,530.2064022366901,530.2064022366901,467.3788666299984,605.9875913162467,398.5429067000389,393.2412544412652,517.1323417182657,993.4538960192913,368.69430667940327,495.83143602597056,,,512.8224110026449,472.729012656715,662.6634010782557,463.4572771519984,645.9367259048836,,460.39732785808815,460.39732785808815,473.71608579176484,680.4637164273975,633.0059780465414,521.3809929956115,521.3809929956115,722.9730245905581,743.7055055087711,,745.1573422668349,655.984368990129,404.6183475809539,622.8448812977539,692.3530349138473,694.0463596097062,736.5243774279957,807.8921749522423,681.1462673704291,738.490691602967,498.4551195399317,731.5053811689469,409.67701355134744,535.303286923175,327.00517582605283,443.4869183261964,410.09186581596117,743.8524282324702,518.0675551197089,634.5408352910868,755.1262320636595,763.7414264833973,597.672809106182,,448.11337094966274,361.07775804380276,359.07053410573263,436.3753957775716,469.5806295008681,477.921899431055,473.2986401874333,,613.0130008670936,305.6158691884499,405.69574000254386,530.2885694024483,443.97328541002366,528.8625020859201,,,731.3648295052486,698.5335011221948,677.6104161025474,741.963426275447,489.5387664399224,571.9640725705417,511.8864283994061,391.2435321978533,436.0066106527829,563.0953535525194,442.54804853545073,535.9004931260611
v_10.5h,539.3043459190314,,,760.1641292690897,742.7485957814677,387.8659129651201,387.8659129651201,459.1028624552258,474.0204942105804,,655.3991228433703,613.1835052863963,732.10529408522,530.9602878172464,862.3644772695334,674.7702308993756,378.53786358354387,533.3671175432809,533.3671175432809,467.45987993694695,606.0810443043947,399.33498527788703,393.9988557105633,519.4652143646351,997.8589839937175,368.70698945955274,497.193492993804,,,512.8230228003041,473.8601512498202,663.4679796009303,465.17792057668095,645.9367259048838,,460.39732785808815,460.39732785808815,475.22940265215533,683.9236259808793,633.0059780465414,523.6724384027552,523.6724384027552,727.0946672062264,743.7055055087711,,748.6363031184381,659.1388028230529,404.69085326776906,622.8448812977539,692.3803469406022,694.0463596097062,736.5932287566682,809.5588953566299,681.1631398120659,738.490691602967,498.4547151700411,731.5053811689469,409.8572481100524,534.8571607235644,327.0051758468462,443.4869186716611,410.94890958937344,743.8524282324702,518.0036971388244,634.5408352910868,758.898973646508,764.4815775454366,597.6746479533522,,448.263994193506,361.0777718525555,359.07053410573263,437.41831655886,469.4925797770962,479.38013952268193,474.7893839476741,,613.0197235511628,305.61585951613256,406.7223912422652,530.2885694024483,443.97328541002366,530.9015693855708,,,731.3648295052486,701.9297300317695,681.7778562739023,742.0088362476606,491.98449249808846,574.4666910203363,513.4045650146726,391.25234481434893,436.69018914293565,565.2336569383386,443.30790060168584,537.9987752021284
v_10.6h,541.2641227579818,,,765.1570170192708,742.7485957814677,387.86187025421447,387.86187025421447,458.2677028388823,474.0555803443073,,656.9602013128882,615.851959170948,732.1052941143989,530.9602878172464,863.1436253951011,678.3137224078615,379.6626553289096,534.8495158687713,534.8495158687713,467.54190436113504,606.1704409990017,400.1171950667262,394.0232416313468,519.1429911295212,1001.8271251300253,368.7215185328979,498.66904456813944,,,512.8236401179903,475.0523434089039,664.2650407228808,465.20547757584046,645.9367259048842,,459.75513961073847,459.75513961073847,476.6530284873169,687.611974946641,633.005904672427,523.6724384027552,523.6724384027552,722.9730277939414,743.7055055087711,,751.6767656534319,661.932823295429,403.72329144948225,622.974838280171,692.407511902289,697.199783825042,736.6569140038778,811.2035278022619,681.1683342671555,738.490691602967,498.4539140695901,731.505381168956,410.0359384632026,534.4448111351586,327.00517586843154,443.4869190257378,411.7975879934201,743.8524282324702,517.9365676807562,634.5408352910868,762.9823104005518,765.2097452896284,597.676481235768,,448.4126191573627,361.07778572517776,358.6423510708981,438.53099247836195,470.8560914111671,480.75519610028306,476.33845127258144,,613.0264096594258,305.61584936147574,407.7133590440332,532.2004372286674,444.50552515409606,532.8473484782563,,,731.3648295052486,709.4290516813737,685.5062934983376,742.0551564100888,494.39720537900826,576.9742300673591,514.9444881358583,391.26127318762354,437.34527423703014,565.2336569383386,442.9894934181587,539.9801307493428
v_10.700000000000001h,543.3590005162526,,,769.6153312295538,742.7485957814677,389.1669715882739,389.1669715882739,460.79486702435287,477.4897895953986,,658.5091257216012,618.2519188097655,732.1052941447607,530.9697967486111,868.030313114389,681.6599790834352,380.7681463841396,536.3671665730016,536.3671665730016,467.62493542779254,606.2561215488587,400.8896553563369,394.7814031114054,521.4005279388086,1005.6937617872151,368.7215185328979,500.10095946324196,,,512.824263111263,476.2027385935397,665.0544011788272,466.88014918954525,645.9367259048845,,459.63645302974294,459.63645302974294,478.09891780631784,694.7837811882943,633.0058293609721,525.7880552053131,525.7880552053131,722.9730295043173,743.7055055087712,,755.449689416556,664.9475781289215,403.79739447154896,622.974838280171,692.407511902289,696.0272490807571,736.5637092193334,812.8280827447395,681.1845419944497,738.490691602967,498.4531015358377,731.5053811689662,410.2130776024825,534.0639264981564,327.0051758908361,443.4869193886375,412.67216992205067,743.8524282324702,517.8660089925054,634.5408352910868,766.4272755911398,765.1301482533995,597.6783090051547,,448.55923597073087,361.07779965132295,360.708340627897,439.6087422301495,472.15656831958296,482.1030907794841,476.3381694996074,,613.0330612100253,305.61583870517137,408.69998636888664,534.2178287382761,443.92345441358646,532.8473484782563,,,731.3648295052486,713.5306313370743,689.549878615897,742.1023832934461,496.8266445811168,579.4816611845529,516.5458928136086,391.2703183632419,437.6351805519663,567.3633059418912,443.7502534734208,542.1158187394999
v_10.8h,543.3590005162526,,,774.9259591846236,742.7485957814677,390.45881191303323,390.45881191303323,463.30383028934415,477.4897895953986,,659.9335466838471,620.6673121952058,732.1052941759217,530.9793746846007,874.0974841091576,685.2056204543284,381.8819531742027,537.9683521214052,537.9683521214052,467.7089648468337,606.3383958132257,400.75654494944837,395.5601623062872,523.6731791334619,1011.2449183510988,368.7345388240098,501.46108784577723,,,512.8248919383989,477.3140353953574,665.8358639741218,468.5608360954022,645.9367259048845,,459.06643084361195,459.06643084361195,479.5637837735882,698.2840753059446,633.0057369998475,525.8576545463286,525.8576545463286,722.9730312833365,743.7055055087712,,758.8371188866994,667.883098936716,403.8709690073001,620.7781991500248,692.4345300685306,699.1849784619175,736.6289255201542,814.4344253683652,681.200102032298,738.490691602967,498.45227748321116,731.5053811689662,410.3886584431648,533.7123126991579,327.7044994264071,443.48691972447455,413.5325566992463,743.8524282324702,517.7918536141353,634.5408352910868,770.7639169853389,765.8692091845508,597.6801313128574,,448.70383509882356,361.07781361987827,358.3761716214737,440.64672587121515,473.5122833510446,483.540848982239,477.8403315813718,,613.0396792228308,305.6158275272128,409.71063120307696,536.1578202645468,444.60721154542983,534.8860887649748,,,731.3648295052486,716.9187398563703,693.5109177402031,742.150512409189,496.8266445811168,581.982331634791,518.0501523024603,391.2703183632419,438.32225772519047,569.5542554693438,444.5103016719849,544.1008752430612
v_10.9h,545.3552560646805,,,779.4610588696479,742.7485957814677,390.45881191303323,390.45881191303323,463.30383028934415,477.50936773012097,,661.2531900732697,623.2465223957211,732.1052942079042,530.9890210644737,878.9259148888686,688.5524863903859,382.9853398131424,539.4814602596308,539.4814602596308,467.793984867914,606.417546143412,401.53284883124576,396.33747020692846,523.6731791334619,1016.1467364935967,368.74926899717786,501.61650013679713,,,512.825529710332,478.48163973639214,666.6107589069173,470.2142214815258,645.936725904885,,458.4572149814485,458.4572149814485,480.94444190770366,701.9824570940532,633.0056330994637,528.0925048785051,528.0925048785051,722.9730312833365,743.7055055087714,,761.89172478183,673.8107204340772,403.9440061178391,623.5311990124173,692.4614016983663,702.2302017102942,736.6893922315996,816.0247016956711,681.200102032298,738.490691602967,498.4514418268126,731.5053811689756,410.5656480251516,533.3878946844245,327.7044994467734,443.4869201059291,414.3789739523672,743.8524282324702,517.7139237870622,634.5408352910868,774.4708377406388,766.596569964676,597.681948209549,,448.84640732849925,361.07781361987827,360.295094158681,441.7486603307574,474.8628051906166,484.8976386640789,479.34719745922933,,613.0462652962123,305.6158157634285,410.68267659876886,538.095442639656,445.13811103747963,534.929132496976,,,731.3648295052486,721.0854671609626,697.2995105125289,742.1995382313434,499.2993197296841,584.4800966080787,519.6114952524727,391.27944939993597,438.9972333312362,569.1829397206903,445.26944196074646,546.2093718960233
v_11.0h,545.5566013898476,,,784.6480607986947,742.7485957814677,390.4557071187845,390.4557071187845,462.48783443460627,480.95044795359087,,662.9517244191619,625.5555585477993,732.1052942407312,530.9987353069079,885.1750840979528,692.1356018092353,382.9853398131424,540.9148248648521,540.9148248648521,467.87998714458945,606.417546143412,402.2995676873881,397.1052336127062,523.3122549962488,1020.5383660846492,368.74771518188544,502.99706467188815,,,512.8261778978436,479.66124793289805,667.3796666791835,471.90716704125475,645.9367259048854,,458.946037869288,458.946037869288,482.4377153177618,705.4395232714825,633.0056330994637,530.2418609798343,530.2418609798343,727.0946703272144,743.7055055087714,,765.7328519468601,676.5279986070245,404.01649723894866,623.5311990124173,692.4881270636547,705.1337645850468,736.7457397018775,817.6006912135889,681.2053713329805,738.490691602967,498.4505944824486,731.5053811689864,410.7566856215418,531.3548390942242,327.7044994679113,443.4869204968612,415.2190627180353,743.8524282324702,517.6316443221651,634.5408352910868,778.3861228071373,767.3121149880477,597.6837597452345,,448.9870206863832,361.0778276189218,360.295094158681,442.82475548758333,476.15249413564317,486.26150759637466,480.88042509476514,,613.0528214911975,305.6158033689606,411.68244836759203,537.7739750243601,445.6711351380631,536.8454225839549,,,731.3648295052486,724.4751308642202,701.4660270144516,742.2494541799396,499.07764633073333,586.9891262823294,521.2044960034511,391.2887397979468,439.6850153904242,571.3528420429792,446.02924132759,548.2400370979224
v_11.1h,547.491813126211,,,789.4616423379701,742.7485957814677,391.75593469451394,391.75593469451394,464.988884711512,484.4280113325639,,664.5121718067974,628.1197832792365,732.1052942744267,531.008516809902,890.0206080086607,695.4437370067571,382.92765119665154,542.5359131971711,542.5359131971711,467.9669627334225,606.4663046541948,403.0573136803822,397.8635619123788,525.6391950513453,1024.5315856714985,368.76263720403927,504.48005331207014,,,512.826836528466,480.7982708406643,668.1424971286061,473.54695022873676,645.9367259048856,,458.3262067625412,458.3262067625412,483.864461912512,709.2078542465597,633.0055267173556,530.2418609798343,530.2418609798343,727.0946711902018,743.7055055087715,,769.086021715188,679.6811105327113,404.0884341827606,621.36628887123,692.5147064117573,701.1300967991143,736.7983945686441,819.1638571182864,681.2203503626714,738.490691602967,498.44973536666333,731.505381168997,410.9459727533855,531.043709315562,327.70449948984935,443.48692089750034,416.0843910373469,743.8524282324702,517.5445992018693,634.5408352910868,782.4357995374764,768.0157310552659,597.6855659692795,,449.1257035307218,361.07784163568374,360.0112962938836,443.861986953914,477.50889055635525,487.6862972471951,482.33435533831,,613.0593498373923,305.61579031771424,412.6765957395846,539.7321435326426,445.6711351380631,538.9239071256854,,,731.3648295052486,728.6705862184938,705.0621768667813,742.3002526061454,501.45305974954385,589.459987221262,522.7029830821934,391.29815329077877,440.37909144251296,573.3851125706954,446.78942629016643,550.2658280803162
v_11.200000000000001h,549.6332262053282,,,794.3777612715002,742.7485957814677,393.0385799736425,393.0385799736425,467.5004366433762,480.96555750721575,,665.9550548038633,630.6207426464834,732.1052943090151,531.018364950728,896.3838542070077,699.0994395697189,384.0451054158103,544.0906448558352,544.0906448558352,468.05490209369816,606.5735090876533,403.84143325435696,397.8635619123788,527.7901625786876,1028.562859317749,368.7775917454164,505.8886077778102,,,512.8275056253875,481.8954818958151,668.8991604511347,475.2466265571914,645.936725904886,,457.66397131815245,457.66397131815245,485.26256895923456,712.5685088271692,633.0053968839894,530.3082218050085,530.3082218050085,727.0946720875712,743.7055055087715,,772.1751228001868,682.5839834890958,404.15980913939745,621.8117546452733,692.541139991531,704.2200825366345,736.8476418529435,820.7155541740485,681.2347625484862,738.490691602967,498.44886439677055,731.5053811689965,411.1335010876405,530.7566435770532,327.00517601663324,443.4869213080796,416.9359041917035,743.8524282324702,517.4525272461425,634.5408352910868,785.8793119731341,768.7073077156252,597.687366930578,,449.262449815453,361.0778533093487,362.01981205138213,444.94348029780895,478.85315206370416,489.0329186700929,483.90527070225806,,613.0658523349682,305.6157765826153,413.6336057687884,541.6910111887456,445.2164955665937,540.8548978053177,,,731.3648295052486,732.1552567920122,705.0621768667813,742.3519247791644,503.930710865267,591.992955580988,524.2684142107635,391.30769057247085,441.0631362259635,575.6168027124512,446.78942629016643,552.3513165632069
v_11.3h,551.5535556593294,,,799.417601235297,742.7485957814677,394.3509475550502,394.3509475550502,467.5004366433762,484.40329782101037,,667.3538636584441,632.8702754596048,732.1052943445211,531.0282790860925,901.3226637124078,702.3192218850586,385.1287116706613,545.564049365216,545.564049365216,468.14379508678496,606.6764941071797,404.6159186969857,397.8926028698453,530.1111958379107,1034.225047660388,368.77616758446317,507.24428216122766,,,512.8281852073845,483.07464585382183,669.6495672352662,476.88026824922304,645.9367259048865,,457.07671149874955,457.07671149874955,486.7431665050422,716.4529049793448,633.005251386985,532.4617168492116,532.4617168492116,722.9730391189244,743.7055055087715,,776.0254944640853,685.4468154828651,405.29184429861044,621.5313689927833,692.567428046084,707.1675698448827,736.9095512643003,822.4458649735058,681.2256631432093,738.490691602967,498.44886439677055,731.5053811690077,411.3192624203486,530.7566435770532,327.00517604461197,443.48692172883824,417.7738066638572,743.8524282324702,517.3551491078808,634.5408352910868,790.2214939286919,769.3867376158141,597.6891625497693,,449.39725389284104,361.07786732368083,359.61042568200423,446.0222890688398,480.13837903001127,490.39921398134254,485.3760231338136,,613.0723309566001,305.6157621355742,414.64202017906325,543.5402454302368,445.74557160391896,542.9239980688919,,,731.3648295052486,736.270248185159,705.3420449903801,742.4044608749776,506.3701801112312,594.4164316579544,525.8623202951879,391.3173522962354,441.77790437712474,577.7154763538355,446.4996245032937,554.2949929299322
v_11.4h,553.6998861474859,,,804.1536763326741,742.7485957814677,393.0348630936567,393.0348630936567,466.6741813213955,487.8789356459699,,667.6554713933449,635.5454652600197,731.0314513860501,531.0382585537775,897.0492802232466,706.0874371203691,386.24276407751773,547.0511519370153,547.0511519370153,468.2336309716665,606.7756027156818,405.38091374784716,398.6520894643082,527.5836086962595,1039.2558909915595,368.79131188738984,508.7372086987932,,,512.828875288746,484.2426275656542,670.3936285084656,478.58033410607834,645.9367259048868,,457.5360130031766,457.5360130031766,488.1412537801322,719.679518839742,633.0050885521706,534.6893295811603,534.6893295811603,727.0946730112169,743.7055055087715,,779.3988346370406,688.5795370614861,404.2677257728215,621.9847435679994,692.5935708124266,710.1177510814933,736.996078849615,824.3087131711349,681.2400975420549,738.490691602967,498.44837885303355,731.5053811690188,411.5022998714629,531.0979924761808,327.00517607364003,443.4869221600201,418.5985686996489,743.8524282324702,517.2521660217576,634.5408352910868,794.0259606400185,770.0539168533505,597.6909528386657,,449.96669944751403,361.07788131174715,361.6294161226584,447.0629104116328,481.4831836066877,493.1639171253682,486.90759273920406,,613.078787649349,305.6157469474479,415.62354691345166,545.5546507844588,446.27662653564994,544.8807827963052,,,731.3648295052486,739.8926222663646,709.3534742539964,742.4578499670047,508.75253354025756,596.9896467089054,527.3639354524249,391.32713907510106,442.46353611732167,579.8043934554445,447.25870174823666,556.4209849340363
v_11.5h,555.6821355734302,,,809.3664205964615,742.7485957814677,394.32810903270786,394.32810903270786,469.1702938483897,491.3225956836597,,669.268014780546,638.0001584954539,731.0314514721337,531.0483022121003,902.4980959741854,709.2346775216405,387.32036197109034,548.6598968734646,548.6598968734646,468.3243983838452,606.8711480029949,406.13657273922354,399.4108709519758,529.7887404725318,1043.788154001229,368.80649947438735,510.156760739962,,,512.8295758792052,485.3700506372668,671.131255796188,480.21519206430185,645.9367259048868,,456.9444951762178,456.9444951762178,489.5662703904444,723.7003587096751,633.0051028060266,536.8449480007956,536.8449480007956,727.0946739867481,743.7055055087715,,782.39792715343,691.3289261952809,404.3380303123504,622.4453685624552,692.619568521035,713.194645341894,737.0770203998995,826.1446471494469,681.25400105132,738.490691602967,498.44748509833715,731.505381169018,411.6983892489682,530.8487552549578,327.00517610375437,443.4869226018747,419.4564859436154,743.8524282324702,517.1603884139435,634.5408352910868,797.677742540098,770.7087453326286,597.6927378788585,,450.0888475061969,361.07789525693244,363.6003966966333,448.11250470149696,482.8278117589548,494.5173001205246,488.4209320069244,,613.0852243364911,305.6157309880046,416.5722478471098,547.4364853608189,446.8095424417045,546.9258569836234,,,731.3648295052486,743.8601909846959,713.2155756485096,742.4557395777263,508.5431652207849,599.3408419677745,530.5193829169721,391.32711474930886,443.19013162463125,581.9834839055121,448.0163564706672,558.4279743578918
v_11.6h,557.7446486394623,,,814.0080444037603,742.7485957814677,395.6058831285192,395.6058831285192,471.66871526465155,487.8475456621838,,670.9394154319001,640.2512668865245,731.0314515606001,530.9862072448993,908.325622884862,713.0845931673454,387.2852411496665,550.1847903164988,550.1847903164988,468.82712622973287,606.9634158402273,406.88658156679185,400.19136332872347,532.04843517206,1051.7643550241323,368.80519477452435,511.5088181123831,,,512.8302869838742,486.4595512206942,671.8623611940591,478.5881409032531,645.9367259048875,,456.3117359789756,456.3117359789756,491.0234348852333,727.0644967691982,633.0049227398085,536.8132323633857,536.8132323633857,727.0946750044243,743.7055055087715,,786.3255462406032,694.4605098764806,404.4077513881469,619.8571594527995,692.645421395333,709.1634423895126,737.1528028075206,827.9558060140415,681.2674077947286,738.490691602967,498.44657924588205,731.5053811690298,411.89380407822983,530.6190366770717,327.0051761349933,443.4869230499873,420.3010123234519,743.8524282324702,517.0735554996976,634.5408352910868,801.9708966339482,769.9132204882538,597.6945177511179,,450.209074944517,361.07790925517077,361.32173863166383,449.1980951395842,484.1147879993068,495.9416608531058,489.8781996058785,,613.0916429193034,305.6157142258841,417.58243007744534,549.3465327255398,445.79959816055333,546.889932945511,,,731.3648295052486,747.6701138652228,717.3804509801546,742.509995000714,508.5431652207849,601.9715596946945,530.7453700067241,391.3370292056691,443.8973462400059,584.0299514059378,448.7724272172982,560.4316674100636
v_11.700000000000001h,559.8032951886245,,,819.3435534673895,742.7485957814677,396.91119449483847,396.91119449483847,468.359082308039,491.32424062988923,,672.4871298561733,642.9621529909361,731.0314516515662,531.4271008312229,913.9913693060887,716.3625765466882,387.2852411496665,551.6336746154373,551.6336746154373,469.99162167786113,607.0526673283446,407.66077516193604,400.9625299489757,534.2298912484545,1057.3661581161184,368.8205700624185,512.9785971866058,,,512.831008603177,487.63132826065976,672.5868574538238,480.296680120511,645.9367259048878,,455.6351849157387,455.6351849157387,492.40162276297843,730.9221110713802,633.0047227326113,536.8132323633857,536.8132323633857,727.0946760658164,743.7055055087715,,789.7745084133884,697.4506750589132,404.4768827060647,622.6219295577126,692.6711296499114,712.0172799706829,737.2238233410798,829.7441849389605,681.2593738135824,738.490691602967,498.4456612163587,731.5053811690415,412.08595851318137,530.4073844198435,327.00517616743343,443.486923502133,421.13240003264195,743.8524282324702,516.9816911999822,634.5408352910868,802.0059759275111,770.5621372529232,597.696292535421,,450.3273800278706,361.0779233497733,363.2273685001514,450.245783285092,485.43377824174814,495.9381748264133,491.4414572792951,,613.0980452788098,305.6156966285566,417.52841521921073,551.2944399135079,446.3263472632952,546.889932945511,,,731.3648295052486,751.4025680528318,721.1352168453773,742.5651103470511,510.9850520968369,604.348247585036,532.3054184326709,391.3470696546659,444.6106032565494,586.1634088053395,449.5267609299614,562.5145432154162
v_11.8h,561.7515143196705,,,818.9140276896744,742.7485957814677,395.600531102297,395.600531102297,470.83807198577784,494.77361894206973,,673.9278601698207,645.3997143774715,731.0314517451054,533.4639887436517,919.6510851194422,720.0670406860752,388.36775950764735,553.1652758888487,553.1652758888487,471.2725544706786,607.1391410236891,408.4257803496305,401.72449843965336,531.7708089549127,1062.731779822323,368.8359984413486,514.4167175977275,,,512.8317407327921,488.79547042522387,673.3046580837702,481.9099786826666,645.936725904888,,456.1644567139763,456.1644567139763,493.84159098804867,730.5329803056463,633.0045009925701,539.092606099698,539.092606099698,727.0946771725423,743.7055055087715,,792.8388171724908,700.1514930008824,404.5454183586503,620.0442233489591,692.6711296499114,715.0844174136722,737.2904518929074,831.5116434729307,681.2728000200811,738.490691602967,498.44473093139305,731.5053811690409,412.27493370155196,530.2124434547324,327.0051762011354,443.48692395821183,421.9509141947779,743.8524282324702,516.884495299329,634.5408352910868,806.0349630309239,771.2283393563989,597.6980623109839,,450.44376139433143,361.0779375319008,362.90003326878184,450.3408325768856,486.78536387830843,497.34440227143824,492.9085092228329,,613.1044332774782,305.61567816228023,418.52995799477804,553.1182692360508,446.8645196727844,548.997214102313,,,731.3648295052486,751.2641875060691,725.4233941785778,742.6210721158477,513.3608559781516,606.9271488129724,533.779352950314,391.35723660571676,445.33940803057095,585.7945569020453,450.27921288621803,564.4614310268893
v_11.9h,561.9207660518696,,,824.2622054393408,742.7485957814677,396.8863289244397,396.8863289244397,473.32982504519504,491.28147857246654,,675.546822319781,647.6637049446316,731.0314518405096,535.3356572008169,925.6490451519968,723.5174675953754,389.4662099787883,553.1694730125105,553.1694730125105,471.3214585422134,607.2230549614898,409.18175504988073,402.47740822176155,533.9663680880776,1067.5719396896511,368.8348037533577,515.7877223660589,,,512.8324833635893,489.92061960704,674.0156774644205,483.62863613665985,645.9367259048885,,455.4922409903266,455.4922409903266,495.2842533620981,734.5122142323355,633.0042556182207,541.1763083497736,541.1763083497736,727.094677160532,743.7055055087715,,796.6058798217152,703.4421368010944,404.6133528270049,620.5158058793544,692.6966934953281,718.072896434819,737.3530330656878,833.2599135051532,681.2857606020547,738.490691602967,498.4437883135819,731.5053811690534,412.4608083983585,530.0330643278525,327.0051762361462,443.4869244181136,422.7867216967685,743.8524282324702,516.7816463082963,634.5408352910868,806.0349630309239,771.8824282029204,597.6998271562974,,450.5582180427427,361.0779517920247,362.90003326878184,451.3760381674057,489.3567903687062,498.67804818671414,492.94628013771575,,613.1108087608907,305.61565879206177,418.52995799477804,555.071507224612,447.41259992909687,550.8866113747129,,,731.3648295052486,755.3987763203886,729.1176117730993,742.677865656802,515.7761343644945,609.3742451633055,535.3865754884071,391.36753052870904,445.6025221428307,585.7945569020453,449.99132941630154,566.5339752200947
v_12.0h,561.9207660518696,,,828.9062410832108,742.7485957814677,398.16700153405446,398.16700153405446,475.7981383451574,494.7612912843737,,677.281444594382,650.3797185347463,731.0314519394357,537.3338067614095,930.9574505379776,726.9991012209745,390.53973208905745,554.7160232628763,554.7160232628763,472.5726752922612,607.274677267393,409.9288651544612,402.5194138359074,536.2026859476986,1071.996386665562,368.8504177785863,517.1969963917696,,,512.8332364815743,491.009293508936,674.7198309803929,485.2206513364546,645.9367259048889,,454.8839328189651,454.8839328189651,496.6507765714193,737.8345131074856,633.0042769980593,543.450100121653,543.450100121653,727.0946783144108,743.7055055087715,,803.3790373183731,706.3369163294029,404.6806809828427,623.2620063872231,692.7221131309607,716.9128604483832,737.4118881095902,834.9906068794103,681.298306756503,738.490691602967,498.442833286526,731.5053811690658,412.6564476227225,529.8680987419729,327.7044997291411,443.48692488171474,422.67105022357333,743.8524282324702,516.6727999195184,634.5408352910868,809.4982477563015,772.5242970313648,597.7015871491665,,450.6707493197289,361.0779661198961,364.8018226742324,452.39994831681787,490.72201669510144,500.0332036434257,494.37988588280734,,613.117173559375,305.61563848160597,419.4959445585214,556.9717048303936,447.9662591632486,553.0242123208097,,,731.3648295052486,759.1569723270002,733.4972244445574,742.7354751694495,518.2173059374006,611.8400954264212,536.9699305946243,391.37793445010004,446.30475169024925,587.927864183441,449.99132941630154,568.5654058587699
v_12.1h,564.0336044148722,,,828.9062410832108,742.7485957814677,399.46602624885725,399.46602624885725,472.50348903200546,498.21765295414343,,678.8913370435886,652.8282849599345,731.0314520411673,539.2634569843041,937.4316288540708,730.6724066634291,391.63679098731257,556.2997375317243,556.2997375317243,473.76008200631594,607.3563850890164,410.6672835232246,402.5194138359074,538.3923682487393,1076.0937746389127,368.86500036129524,518.6616083237719,,,512.8340000678387,492.151813616937,675.4170351694219,486.95728676760154,645.9367259048894,,454.2313973542967,454.2313973542967,498.0922313594043,741.7639908055974,633.0040080903477,543.4302503941634,543.4302503941634,727.0946795170075,743.7055055087715,,806.8063121146222,706.4485617305063,404.7473980908496,620.7022842777636,692.7473887583628,716.9128604483832,737.4673167205233,836.7052226505288,681.3038126709172,738.490691602967,498.4418631454755,731.5053811690779,412.84693796238463,529.7164257606951,327.7044997610703,443.4869253147974,423.48586172636806,743.8524282324702,516.5575873477441,634.5408352910868,813.8283050412359,773.1544164545085,597.7033423667526,,450.78135490549255,361.0779805045046,362.53981568475024,452.39994831681787,492.03114829018074,501.4540827908519,495.9494269842951,,613.1235294896048,305.61561719327443,420.45517402703143,558.75477304985,447.5051962269107,554.9642167598834,,,731.3648295052486,762.9735069357199,737.1746576440148,742.7938837047117,517.9419943739761,614.3761748070688,538.467437081901,391.38848504507405,447.0340771241943,590.060841109972,450.74610482694277,570.4687088744465
v_12.200000000000001h,566.0688415153063,,,834.3267598624736,742.7485957814677,399.43954966612205,399.43954966612205,474.98919685065175,498.1859697549443,,680.3930864680913,652.8703297847329,731.0314520411673,541.1666672936265,942.2551355558018,733.8289764522791,391.58196771424014,557.8051690996458,557.8051690996458,474.99697630277115,607.3563850890164,411.4300035784224,403.27421945942365,538.1538463840398,1080.3079227291548,368.86500036129524,520.0589464372329,,,512.8347740985025,493.31962159828305,676.1072078896179,488.5438782707985,645.9367259048894,,454.0663484775112,454.0663484775112,499.52894428750227,745.3198166733902,633.0037115873082,543.4302503941634,543.4302503941634,727.094680770093,743.7055055087715,,810.6008931686981,709.2379742801711,404.847831862113,621.1781680805201,692.7725163216819,719.9577909734867,737.5195987094859,838.4051539812879,681.3038126709172,738.490691602967,498.44128460191365,731.5053811690779,413.04226304702786,529.577006888352,327.70449979423523,443.48692578559155,424.3287344314817,743.8524282324702,516.4356135459597,634.5408352910868,817.7867839028161,773.772955232708,597.7050928856323,,450.8900347982114,361.0779949340441,364.453894312499,453.48429452377326,493.28802966804346,502.8029506882063,495.9494269842951,,613.1298783561746,305.61559488803357,421.45303927715196,560.731017302034,447.5051962269107,557.0442114881233,,,731.3648295052486,767.0382926282049,741.6099293095372,742.8530731688061,520.3625336891107,616.6880876762369,540.0119471338646,391.38848504507405,447.0340771241943,592.0688729765153,451.4988881831667,572.5908161334312
v_12.3h,568.0416812436259,,,838.8808577290217,742.7485957814677,399.43954966612205,399.43954966612205,477.4501521785436,498.1859697549443,,681.932715951381,655.2678733432274,731.031452145787,543.1665385460519,943.5935708565785,737.7876789114285,391.58196771424014,559.2395808755678,559.2395808755678,474.99697630277115,607.4358364634966,412.1880973132407,404.03601635722777,538.1538463840398,1086.2809952738164,368.88085995288026,521.3943684975596,,,512.8355585446755,494.4495682499194,676.7938281486848,490.2799186017397,645.9367259048898,,454.0663484775112,454.0663484775112,500.89168954737954,748.9010542484413,633.0033852684915,545.6329506371571,545.6329506371571,729.5952257807883,743.7055055087715,,813.9714288941342,712.3253804189083,404.91314245842153,621.3631179193472,692.7974949120988,722.8671092001406,737.568995552253,840.0916946803002,681.3160448940826,738.490691602967,498.440282351949,731.5053811690909,413.2344815281597,529.4488808543556,327.70449979423523,443.4869262596352,425.1589442929598,743.8524282324702,516.3064552893502,634.5408352910868,821.2102981386194,774.3798237340907,597.7068387818484,,450.9967892967585,361.0780093958702,364.11233574587277,454.531847327398,494.6312633119753,504.1030736335783,497.4381380837219,,613.1362219531426,305.6155715254086,422.4162165731736,560.3339703048741,448.06812606908034,559.0478439099091,,,731.3648295052486,770.4153818454029,745.3133273145718,742.9130243295493,520.3625336891107,619.3343257212854,541.6287915837142,391.39916366448165,447.75983002839297,594.2147983885728,452.24955084079727,574.5873730888616
v_12.4h,570.1885876774036,,,844.4672994374074,742.7485957814677,400.727747813137,400.727747813137,476.6440320465651,501.6495971275944,,683.7532187572186,657.6016727323234,731.0314522533785,545.0110341237038,949.8951517436141,741.1228965976704,392.6604985599046,560.7854426090305,560.7854426090305,476.24438296575994,607.5132069935004,412.93762258770255,404.81380174784323,540.2866226692826,1091.6546434510108,368.8957892854104,522.881145710338,,,512.8371585426625,495.5440716260838,677.4910495719051,491.8916808338148,645.9367259048903,,453.3834019005292,453.3834019005292,502.3192235332358,752.7592005275086,633.0030581506243,547.7636664960181,547.7636664960181,727.0946834223619,743.7055055087715,,817.0002465753776,715.4246353703222,404.97768962060496,621.3631179193472,692.8223259847563,725.6488266055196,737.6962400060161,841.7660453812173,681.3279254759872,738.490691602967,498.43926313259715,731.505381169104,413.423667668796,529.9022928551515,327.00517639065623,443.4869267367522,425.9767538489197,743.8524282324702,516.1987447867659,634.5408352910868,825.6503601926445,774.974937319373,597.7085801309864,,451.10161898132367,361.07802387646245,364.11233574587277,455.54467296613603,495.9611360557127,505.54715784579247,498.90456268336817,,613.1425620655571,305.61554706342923,423.36561910226544,562.3114509748448,448.64524818457045,559.1328513333237,,,731.3648295052486,774.8485962865384,749.7622441296338,742.9737168250869,522.7882850169207,618.8464347627603,543.1592321010571,391.409970633178,448.45759847246916,596.3281705116652,452.99797201402623,576.5059611445693
v_12.5h,572.1302694564181,,,848.8066871358972,742.7485957814677,402.0173535260022,402.0173535260022,476.6440320465651,501.61749742184594,,685.4455402217616,660.3013330145325,731.0314523640293,547.0303296639524,955.7861050764915,741.231876506896,393.7368238827454,562.3686414056034,562.3686414056034,477.42968155789504,607.5886573803517,413.678750637128,405.5806228157314,542.5386524266745,1096.5489759595803,368.8957892854104,524.3127500666503,,,512.8379740112825,496.6315679639252,678.181608525466,491.9829982632872,645.9367259048906,,452.7483711119315,452.7483711119315,503.7583489995386,756.0122891805667,633.0030581506243,547.7584030382205,547.7584030382205,727.0946834223619,743.7055055087715,,820.9141053021765,718.1744601175385,404.97768962060496,621.8425221255866,692.8470109674594,724.7480402302546,737.777217405219,843.4293193570464,681.3335839058858,738.490691602967,498.43926313259715,731.505381169104,413.6197819800746,527.7807695458393,327.00517643295217,443.486927216751,426.7824343111027,743.8524282324702,516.0894063851069,634.5408352910868,829.6150100918843,774.8671488101816,597.7103170082567,,451.2045246912664,361.07803836137685,366.03912477225816,456.5926609085234,497.2388716453546,506.91915252499916,500.4569956249309,,613.15523894083,305.61552145857826,424.36336534465505,564.1786065704258,448.19198965709734,561.0414219799965,,,731.3648295052486,778.5346242644493,753.5355077164518,743.0351291750897,525.1164590508758,621.4540081680385,544.6114175283977,391.4209062368412,449.209495314191,598.3215489784506,453.7440385929045,578.6122338862643
v_12.6h,574.2577368169411,,,854.665041662413,742.7485957814677,401.9873950182184,401.9873950182184,479.0960850012015,501.61749742184594,,687.0264330968217,662.7448245163315,731.0314524778286,548.9523150869317,961.3852094514721,744.3956133808337,394.81695741459293,563.8763180983299,563.8763180983299,478.6707892600956,607.6623347695192,414.41165776632175,406.33573412182466,542.1892502488272,1101.0622927329832,368.91190037588547,525.6816875630154,,,512.8387997290004,497.8104800731631,678.8654291602226,493.58811386363885,645.9367259048913,,452.5772559711086,452.5772559711086,505.1250358143721,760.0823587811373,633.0026680193837,550.0195898057106,550.0195898057106,727.0946848382257,743.7055055087715,,824.5437729564895,721.3624847130073,405.04147149553256,622.0250165526724,692.8715512608077,724.7480402302546,737.8537805146258,845.0825479362284,681.3335839058858,738.490691602967,498.4382267218417,731.5053811691178,413.8211783520831,527.6648151628088,327.00517647686667,443.4869276994233,427.59773547338955,743.8524282324702,515.9669869272029,634.5408352910868,833.0584797291314,775.4398340901014,597.7120494885861,,451.30550749909094,361.0780504802547,365.70744932140303,457.65697457176935,498.5034031163947,508.2252893563506,501.918201556863,,613.1615793259975,305.61549466573535,425.32713086002076,565.9351594909323,448.7719116724487,563.1770455419675,,,731.3648295052486,782.4995464459759,757.9467638537651,743.0972387944314,527.5738626331253,623.8248692965665,546.271972678083,391.43195830301937,449.9306692742364,600.4510710039984,453.4540661897488,580.5893279808539
v_12.700000000000001h,574.3286738804696,,,859.1405495061832,742.7485957814677,403.28714776879724,403.28714776879724,481.51772441186046,505.06276050341467,,688.5106770854604,664.9728038848857,731.0314525948687,548.8351588252074,961.3852094514721,748.3622709873064,394.7666550528172,565.3154018172119,565.3154018172119,479.92025502110516,607.7560875780166,415.14985660762414,406.3701332472451,544.4696471048962,1105.2743164092785,368.92717406678304,527.060867495759,,,512.8396337734501,498.9522492548099,679.5424375049581,495.31142237266783,645.9367259048915,,452.5772559711086,452.5772559711086,506.5207425101204,763.6465071247842,633.0022410028984,550.0195898057106,550.0195898057106,727.0946863121902,743.7055055087715,,827.796420733056,724.4444241707397,405.104486524617,622.0250165526724,692.8959482397122,727.5872095756482,737.9262975004683,846.7266853735684,681.3451758658503,738.490691602967,498.437172895753,731.5053811691315,414.01947890813256,527.558224825721,327.00517652245685,443.4869276994233,428.4263908956972,743.8524282324702,515.8438185835499,634.5408352910868,837.4685548134441,776.0004652874073,597.7137776467507,,451.40456867862673,361.0780649292554,365.70744932140303,458.68650335128274,499.86087536726455,509.61513020102063,503.42075514287296,,613.1679233968774,305.61546663812237,426.2590693728466,567.9056342033142,448.7719116724487,563.1770455419675,,,731.3648295052486,786.5862947714687,757.6632611233472,743.1600220093673,527.3359851735374,626.3456670392424,547.8449642938343,391.4431529362292,450.6457730536478,600.0665528064026,454.20292186445164,582.5054273379633
v_12.8h,576.4966419957515,,,864.8820269839239,742.7485957814677,403.28714776879724,403.28714776879724,480.7363062622101,505.1147085301844,,690.3076694596487,667.7272892289504,731.0314527152449,550.7215733348013,968.0278465264877,751.8085869126121,395.82959180370034,566.8175912992299,566.8175912992299,481.1089112509674,607.8497473191619,415.9036027802569,407.12194741642855,544.4696471048962,1109.2494055949358,368.92717406678304,528.5354385630134,,,512.8404758637047,499.13518304057334,680.2125933140801,496.8909011779896,645.936725904892,,451.87955354652746,451.87955354652746,507.9706479517362,767.1844956165106,633.0018157773824,552.1277477307876,552.1277477307876,729.5952283466683,743.7055055087716,,830.981512239107,727.1892495056759,405.1667334428254,619.9766347971596,692.9202032520549,730.3414197165597,737.9952199562719,848.3628773217355,681.3509207400756,738.490691602967,498.43610142848945,731.5053811691315,414.21475494340456,527.460263928305,327.0051765697839,443.486928184545,429.2430545291199,743.8524282324702,515.713171766018,634.5408352910868,841.5161956734163,776.5489837048138,597.7155015574583,,451.50170966397474,361.07807933316934,365.378200055387,459.68320584366603,501.1658951577991,511.01855293711174,504.9509465295555,,613.1742729078197,305.6154063884131,427.2602435732519,569.7629294642393,449.3594618328378,565.1635174276788,,,731.3648295052486,790.0070991276239,762.0715627884816,743.2234540762261,529.6680073476412,628.8422489743724,549.3377018221237,391.4431529362292,451.39483669572667,602.1739479093067,454.9496161503144,584.6028949999574
v_12.9h,578.4612264465641,,,869.6469321427545,742.7485957814677,404.5636049368105,404.5636049368105,480.7363062622101,508.51625048373984,,692.1071313472312,670.2459022742382,731.031452839054,552.6577474109905,973.0259659276409,755.3277206935893,396.90539064982653,568.4152702177919,568.4152702177919,482.34166070140225,607.9133665159059,416.6492327936592,407.8623397612582,546.5649561132243,1115.4149166799211,368.943541717442,529.9460563822913,,,512.8413260300953,500.26795239152483,680.875834830408,498.6274704516352,645.9367259048925,,451.6863703840409,451.6863703840409,509.34901641676487,771.1554989056295,633.0013107059502,552.217635426207,552.217635426207,729.5952290568865,743.7055055087718,,834.9724799069287,730.4118438494496,405.2282112775831,619.9766347971596,692.9443176203898,729.4644442380292,738.0608703212853,850.2436122716923,681.3622320980518,738.490691602967,498.43501209229555,731.5053811691462,414.21475494340456,527.460263928305,327.0051766189099,443.48692867187225,430.0479915283421,743.8524282324702,515.5739076784661,634.5408352910868,845.0398958117339,776.5489837048138,597.7172212954426,,451.59723677353037,361.07809367340116,365.378200055387,460.74145758055266,502.4220165829904,512.355288317648,506.393756041402,,613.1806296130069,305.6153740369628,428.22798323342425,571.5133187927413,449.9475152952782,567.19433868871,,,731.3648295052486,794.4716647306393,765.74870328975,743.285391732367,532.1261113441975,631.1253379272248,550.8809099562557,391.45447673858285,452.11388209820825,604.29119430271,454.9496161503144,586.575261898929
v_13.0h,580.5581001664658,,,875.0531944877323,742.7485957814677,404.53925770171423,404.53925770171423,483.14842152066524,508.51625048373984,,693.789500637857,672.5440082406637,731.0314529663973,554.6375149373213,980.1711937112289,759.13512391263,396.90539064982653,569.939482208571,569.939482208571,483.59907083556806,608.0049222514544,417.38622562008186,408.60078150506854,546.3854361684555,1121.0795347858905,368.9591571072414,531.297660591612,,,512.8421843022206,501.36678145589013,681.5320991288924,500.2491330470753,645.9367259048925,,451.0182158651224,451.0182158651224,510.6917798257107,774.5223630367348,633.0013107059502,554.2963439166991,554.2963439166991,729.5952290568865,743.7055055087718,,838.534541656754,733.5167680946371,405.2889193475877,620.4691922940702,692.9443176203898,732.2421311928128,738.1235348328948,852.1600978414948,681.3622320980518,738.490691602967,498.4339046575061,731.5053811691606,414.4070758073518,527.3702536165441,327.0051766698974,443.48692916114226,430.8414729558996,743.8524282324702,515.4253068108735,634.5408352910868,849.23841045861,777.1100355560686,597.7189369353024,,451.69120200139656,361.0781079301906,365.0519891930031,461.79216049932126,503.7169713929354,513.6450451535501,507.91959335334127,,613.1869952678622,305.6153401206019,429.16404930164765,573.4476327861494,449.5046315750164,569.2747093706719,,,731.3648295052486,798.300371717123,770.3685668799338,743.3500463165634,532.1261113441975,633.7740254345283,552.5063375857592,391.465929847537,452.8391949492338,606.2924574157381,455.6940607918369,588.4576071910872
v_13.1h,582.6589714814054,,,880.218551557296,742.7485957814677,405.8436164690462,405.8436164690462,482.3705779591404,511.9172832069826,,695.3737519216096,675.1225488820313,728.5311085994074,556.4709788234799,985.8648572653841,762.3802708088576,397.9729287614269,571.396874906503,571.396874906503,484.79657570559317,608.0944198977845,418.1146500149888,408.60078150506854,548.4745818526408,1126.2601007225283,368.9591571072414,532.70820079169,,,512.8430507089346,502.43384248907046,682.1813272241753,500.2491330470753,645.9367259048927,,450.3332817824671,450.3332817824671,512.1610472875078,778.429639108419,633.0007609194138,556.5678075232772,556.5678075232772,729.5952297958672,743.7055055087718,,841.7484925443937,736.2899526934807,405.38043041737757,620.6617776213321,692.9682926420932,735.0628331947224,738.1834838458811,854.0554825140132,681.3732408454332,738.490691602967,498.4331979438842,731.5053811691761,414.6063192862243,527.2875668456883,327.00517672281325,443.48692965207357,431.64699552038394,743.8524282324702,515.2901567731878,634.5408352910868,848.9563289517879,777.6718947268897,597.7206485502701,,451.7836107822645,361.07812208255666,367.01491092175627,462.8097415650978,505.0562784701674,515.0890207558482,507.8603373574106,,613.1933716304572,305.61530457607734,429.16278242865263,573.4476327861494,450.10091506846635,569.3347582391716,,,731.3648295052486,802.045064185366,774.0597003318225,743.4152692675507,534.4645176814004,636.1913242260617,554.0493536443273,391.47750035830074,453.0404307953048,608.3361787073939,456.4361751986542,590.5622456559533
v_13.200000000000001h,582.6589714814054,,,880.3381373196102,742.7485957814677,405.8436164690462,405.8436164690462,484.7736256124129,512.0168232462842,,696.8875316929066,677.7491848842772,731.0314532314196,558.487004863687,987.0604414382251,766.2804594375064,399.0301259994538,572.8063993197314,572.8063993197314,486.00645208512185,608.1820113662282,418.8346870308144,409.35967175604804,550.7359557402463,1131.0525296135957,368.9749344312305,534.1694872769912,,,512.8439252783367,503.58079956858,682.8234646425731,501.92358170161594,645.9367259048934,,450.3332817824671,450.3332817824671,513.5590579383613,782.2232673138292,633.0002172858934,556.5678075232772,556.5678075232772,729.5952305581213,743.7055055087718,,845.051074660604,739.4695066905568,405.4396556765004,620.6617776213321,692.9921295898944,735.0628331947224,738.2409729927897,855.9312526484806,681.3790905023153,738.490691602967,498.43205483054794,731.5053811691761,414.8107332375023,527.2116246599318,327.7045001565724,443.4869301443623,432.46329864570964,743.8524282324702,515.1623195165569,634.5408352910868,853.4878069575173,778.22190716497,597.7223573310014,,451.8744691015556,361.0781361082423,367.01491092175627,463.7960608052416,506.3460037719544,516.4649040366608,509.43045588172504,,613.1997604629058,305.6152673377382,430.0946143310002,575.3109480214921,450.6973509251262,571.3250041314399,,,731.3648295052486,806.4135565544058,778.6763218463097,743.4810317988715,536.8788639897494,638.5793802449402,555.5175958274662,391.489207539706,453.7963686490328,610.4726343262686,456.14079060006935,590.1414003765308
v_13.3h,584.5700715370572,,,885.0110834192516,742.7485957814677,407.10251926318335,407.10251926318335,484.7736256124129,515.4315723472644,,698.839139085212,677.7491848842772,731.0314533700068,560.4215366742148,991.9623873343656,769.8975485375938,398.9764814708722,574.4351430436062,574.4351430436062,486.07925542726065,608.2678361730328,419.5632706627766,410.10715484574246,550.7359557402463,1135.5353800301461,368.9917396755661,535.5699220231794,,,512.8448080377558,504.73410903376737,683.4584620640398,503.5965377968397,645.9367259048938,,450.13283743783165,450.13283743783165,516.3212994129055,785.4684080353567,632.9995740070433,556.579209378049,556.579209378049,729.5952313577354,743.7055055087719,,849.043117851246,742.6389971194823,405.49811030915475,620.8505649168103,693.0158297124635,734.1152801216642,738.2962442710224,857.7887953505864,681.3898396929569,738.490691602967,498.43089292226625,731.5053811691915,415.01213126310233,527.1418926936394,327.70450020481803,443.4869306376816,433.2675518219652,743.8524282324702,515.0257072356239,634.5408352910868,857.5452478629987,778.7600052860176,597.7240633247084,,451.9637834929186,361.0781499836511,366.6952854876053,463.904784940612,507.5895031496519,517.7784879046177,510.92352534423446,,613.2061635327666,305.6152283374485,431.07988349261745,577.0696918465287,450.6973509251262,573.3596768333709,,,731.3648295052486,810.0760494382168,782.5890601758978,743.5473041851506,536.6488102529327,641.1650510832894,557.122240061516,391.50104107976586,454.52218225238784,610.4726343262686,456.8859094122696,592.2450005655213
v_13.4h,586.7726556223134,,,890.6104932378616,742.7485957814677,407.1067501590942,407.1067501590942,487.16454688286467,515.4315723472644,,700.6678823174378,680.1455987043576,731.0314535125592,562.24070143055,999.5127813969997,773.1072070079456,400.0476286400535,575.9907185222653,575.9907185222653,487.33809193434877,608.2678361730328,420.3034454781494,410.11899490401146,550.430122217255,1139.772653274776,368.9917396755661,536.914222147524,,,512.8456990137423,505.85363870419116,684.0862760439455,505.189889443025,645.9367259048943,,449.39738197186887,449.39738197186887,517.7473515847499,789.6541810857099,632.9988776585569,558.7403994162445,558.7403994162445,729.5952321891866,743.7055055087719,,852.6237985372429,745.4751255738236,405.5557947806347,621.3455621788812,693.0393942350031,736.8397482647363,738.3495270610927,859.6294039260281,681.4003155118833,738.490691602967,498.42971198176394,731.5053811692079,415.2105792363503,527.6288535885702,327.70450025488265,443.4869311316821,434.06002179190887,743.8524282324702,514.8796597253876,634.5408352910868,861.0956286738409,778.689586271378,597.7257663698372,,452.051561035536,361.0781636837894,368.67145487789986,464.8840530274242,508.89309011894454,519.1140982084397,512.3349199975574,,613.2147025475348,305.61518750449454,432.0512767265834,578.9324854314908,451.2938279322738,575.4600478939046,,,731.3648295052486,814.1757956527389,786.9508067903764,743.6140557956676,538.9507820426583,643.5328744621355,558.7274045863725,391.5130012069454,455.2206237889734,612.4949948526245,457.6286822773794,594.2343534406475
v_13.5h,588.828165827081,,,895.7843850766297,742.7485957814677,408.3948899999652,408.3948899999652,486.3931315847095,515.4947007450081,,702.3889213766417,682.4436332038699,731.0314536591927,564.294084387239,1005.2142007783806,777.2092618529006,401.10687820512874,577.4796239671097,577.4796239671097,488.5882473976506,608.3520225279436,421.0352692116375,410.86358571374024,552.6451262444086,1144.3465214226069,369.0078549201126,538.3280216679291,,,512.8465982320522,506.9415064566052,684.7068698263562,505.26713907218124,645.9367259048948,,448.7208152197948,448.7208152197948,519.1075666651284,793.3481885215953,632.9988776585569,560.8829165081758,560.8829165081758,729.595233053557,743.7055055087719,,855.8696688108193,748.5159012708506,405.61270984045825,621.3455621788812,693.0628243603059,739.7137190224015,738.4293233835488,861.4542830803739,681.4003155118833,738.490691602967,498.4285117698653,731.5053811692079,415.40614189596056,527.5687828344859,327.70450030683094,443.48693159315513,434.8409787334454,743.8524282324702,514.7234614057425,634.5408352910868,865.1460388122035,779.2046838035099,597.7274663058658,,452.13780935125243,361.07817730358244,366.37972340436437,465.9457489389202,510.2238196962983,520.5387177772651,513.9108788830595,,613.2239433470486,305.61514476549075,432.9913901565012,580.817887932239,450.86304384402604,577.3641842235717,,,731.3648295052486,818.3996768376045,791.156073534131,743.6812851625343,541.4125964513912,645.9910104783531,560.2548421724259,391.5130012069454,455.9796525649605,614.4297091139287,458.36904417089704,596.1128047070373
v_13.6h,589.0177328535125,,,900.6286764307753,742.7485957814677,409.65863243353965,409.65863243353965,488.7626466572743,518.9190500097526,,704.0157658702556,685.2166526951887,728.5311102247398,566.1990773987396,1011.4363550191947,780.7079279990309,402.1548637349165,578.9078712900968,578.9078712900968,489.7820976171272,608.4346883242466,421.75891522627455,411.5970538419017,554.6942809597356,1150.6525070757784,369.0249219138138,541.1877710417442,,,512.8475057176306,507.999725821953,685.3202142627559,506.9466399367782,645.9367259048951,,448.7208152197948,448.7208152197948,520.4390133418595,796.6074177855345,632.9981252977504,563.1054492574909,563.1054492574909,729.595233053557,743.7055055087719,,859.033170505879,751.7951620563563,405.6688565206762,621.5274882971329,693.0861212691386,742.6261196879519,738.5187652599183,865.0612583815875,681.4062274705127,738.490691602967,498.42729204550096,731.5053811692242,415.61031821686794,527.5136603457593,327.7045003607287,443.4869320737017,435.62161643415857,743.8524282324702,514.5563365368081,634.5408352910868,869.5030653591103,779.7076406454225,597.7291629733492,,452.222536601558,361.07819084281067,368.35722227404773,466.98279263385604,511.50724168317976,521.8990009505726,515.402929796128,,613.2332071576595,305.61510004428135,433.940357537683,582.599632950501,451.464267304467,577.3641842235717,,,731.3349378529673,821.9703428395693,795.1240367210846,743.748964961373,543.7231227492366,648.5416128317602,561.7117237563316,391.52508811993795,456.70888386772424,614.2149317013256,459.106937375349,598.1428754943503
v_13.700000000000001h,590.990187053814,,,906.48991473334,742.7485957814677,409.65863243353965,409.65863243353965,488.7626466572743,518.9190500097526,,705.601327012115,687.7446842951933,728.5311105821615,568.0540254739815,1018.2987480027897,784.1542819843389,402.1548637349165,580.4100835138503,580.4100835138503,491.00155771029085,608.4981465959899,422.4745587903173,412.31961861073,554.6942809597356,1156.4131498737052,369.0249219138138,542.5343939604173,,,512.8484214946013,509.1478410919397,686.5250829301343,508.6206799114846,645.9367259048951,,448.5124762205747,448.5124762205747,521.9021898260283,800.9059220440656,632.9973883781755,563.1054492574909,563.1054492574909,729.5952339437966,743.7055055087719,,863.1294476899171,754.7320877556433,405.6688565206762,622.0237790336223,693.10928612155,742.6261196879519,738.6046732713843,866.8453642221133,681.4164630208527,738.490691602967,498.4260525657087,731.5053811692416,415.817835387756,527.4630913664683,327.0051770850941,443.4869325368492,436.4261534230865,743.8524282324702,514.3919668019435,634.5408352910868,873.3183549746428,780.1984200962993,597.7308562139749,,452.30575148443455,361.07819084281067,368.35722227404773,467.98894936323615,512.7465386101408,523.2003989194757,516.8153073243972,,613.2424965309083,305.61505326183755,434.9223731961933,582.3731738027882,452.0670117367852,579.549919694372,,,731.3349378529673,826.3137741825603,799.712518244889,743.8170622734855,543.7231227492366,650.884220732835,563.3459499809953,391.5372951189534,457.4086189339651,616.1463172507059,459.8423113505045,600.1612208460111
v_13.8h,593.0844636637615,,,911.0684433558824,742.7485957814677,409.67112574640606,409.67112574640606,488.00679925335766,518.9366262086879,,707.60918289439,690.0653339017133,728.5311109520392,570.0875052430641,1023.5518798720121,788.1651817977433,402.1030866868494,582.0117627227779,582.0117627227779,492.27697064267136,608.5794161330139,423.18237651270675,413.0315043564923,554.5445360310687,1161.7310573901962,369.0413698074051,543.9193401025423,,,512.8493455862471,510.2952787725335,687.1165970128569,510.19939094063847,645.9367259048959,,447.76563108852343,447.76563108852343,523.2985110393106,804.5687221044984,632.9965209109381,563.1475429950611,563.1475429950611,729.5952348741255,743.7055055087719,,866.8142416178727,757.5106350865797,405.72423613412474,619.5185455937802,693.1323200577683,741.3869516506858,738.687395179045,868.6177686971613,681.4264509670282,738.490691602967,498.4260525657087,731.5053811692416,416.0156474247671,527.4167119344368,327.0051771533102,443.48693298116285,437.219194327214,743.8524282324702,514.2472961163959,634.5408352910868,876.7089123919465,780.6769932474712,597.7325458706085,,452.38746323110496,361.0782042813997,368.044156780257,468.96593423180275,514.0339552370324,524.555708934364,518.3804745463204,,613.2518140318984,305.6150043361519,435.8732496514651,584.1656552681072,452.0670117367852,579.5384411097759,,,731.3349378529673,830.4783784388034,803.4268656546748,743.8855433831535,543.5119672384415,653.3720601738846,564.9454472176503,391.54963667115965,458.15565098894217,618.2857246528408,459.8423113505045,602.0692307846051
v_13.9h,595.2245361687526,,,916.9627505303727,742.7485957814677,410.93795782779927,410.93795782779927,490.35472721298527,522.3645639063641,,709.4959242235013,692.5891542926679,728.5311113347914,571.9781790970588,1030.8364828298086,791.6071320920885,403.164555717462,583.5458336972106,583.5458336972106,493.4960115988113,608.6593616992394,423.88562769529767,413.75398352101956,556.6449417304704,1166.6914111324286,369.0586958117082,545.3871329782718,,,512.8502780149938,511.41080466448597,687.7008443643035,511.9459863494199,645.9367259048962,,447.0487192376349,447.0487192376349,524.6333689104368,807.8895600417654,632.9955897388181,565.2688663033332,565.2688663033332,729.5952358386826,743.705505508772,,870.1627375188641,760.9517069575829,404.8159101766935,620.0258994686853,693.155224198862,744.2999829858857,738.7672603703888,870.3793028135489,681.4264509670282,738.490691602967,498.42479308563907,731.5053811692591,416.2175909272446,527.3742743245326,327.0051772239282,443.4869334051153,438.0009957598401,743.8524282324702,514.0922160547782,634.5408352910868,881.3549022778011,781.1433391907879,597.7342317873425,,452.46768160270943,361.0782175980709,370.03121016937206,470.0013105654808,515.36523091099,525.972949949569,519.8798691024247,,613.2611622412891,305.6149531821298,436.79464829448074,585.8737709309429,451.65607561588604,581.6815752454095,,,731.2666712144874,834.0217021526817,808.1862816164464,743.9543738218817,545.8987662598643,655.9136651080013,566.4706727319883,391.56210537669557,458.88603303781963,620.3636993538041,459.5548717919449,603.9800561750765
v_14.0h,597.1788670728981,,,922.2107928330837,742.7485957814677,412.225574227496,412.225574227496,492.7497626084083,525.7907925295942,,711.2762695584453,692.5549981297058,728.5311117308523,573.8427025299877,1030.8364828298086,795.187668923844,404.21981624072964,585.0182563481118,585.0182563481118,494.6630067058,608.738076598501,424.61427941480326,413.75398352101956,558.8727271802405,1171.3645065848516,369.0586958117082,546.7980415614073,,,512.8512188023924,512.4963982271968,688.2778528005143,513.5554021614691,645.9367259048969,,447.0487192376349,447.0487192376349,526.0070416149482,812.2097110918877,632.9955897388181,567.449541162182,567.449541162182,729.5952368385745,743.705505508772,,873.2376032101943,764.033346918078,404.87267237478386,620.0258994686853,693.1895558400046,747.173717051224,738.844581185278,872.1307350379617,681.4324034725919,738.490691602967,498.42394355199116,731.5053811692775,416.4167030345972,527.3354651283538,327.0051772970298,443.48693380708204,438.771816108239,743.8524282324702,513.9258971742083,634.5408352910868,885.5469752854378,781.5974451552788,597.7359138095453,,452.5464168869536,361.07822838857396,367.74112453285034,471.03933853508045,516.6509181662443,527.32866623497,521.300966045363,,613.2705437572967,305.6148997114744,437.7696378912416,587.8131511703351,452.25757975429286,583.627480189293,,,731.2666712144874,838.4921167667371,808.1862816164464,744.0235184148272,548.2278638800865,658.253893651476,567.9284227068018,391.5747013195827,459.5872003070956,622.3374184193843,460.2857787496474,606.042820232278
v_14.1h,599.3163733715772,,,926.9346612033538,742.7485957814677,413.49562479315574,413.49562479315574,492.7497626084083,522.325561422253,,712.963359684668,695.118322148834,728.5311121406686,573.8427025299877,1030.9670049869771,799.1791341015814,405.25270101054116,586.4345435909261,586.4345435909261,495.9658916389216,608.8156468742517,425.3351014583669,413.769177237402,560.9278593400227,1175.8080861004596,369.0754677917257,548.1563663056803,,,512.8521679691064,513.5539410633464,688.847666821977,515.228208395348,645.9367259048973,,446.8316120496337,446.8316120496337,527.4488810636348,815.9058401378859,632.9946865589405,569.6466730578705,569.6466730578705,731.256639242139,743.705505508772,,877.1660305374388,766.8188428633365,404.92866831461237,620.1790704235804,693.2319799128867,749.9347166396267,738.9196541577526,873.8727748476982,681.442167726861,738.490691602967,498.4226445811782,731.5053811692966,416.6267660830775,527.2999821228171,327.0051773726957,443.4869341853359,439.5319146318435,743.8524282324702,513.7474379578317,634.5408352910868,889.2550569599179,782.0737324829247,597.7375917839009,,452.2207580430699,361.0782413940809,369.7227567577113,472.04737145931836,517.8940510677028,528.6280300669855,522.8360408587466,,613.2799611976968,305.61484383256845,438.73477344185807,589.6481179619922,452.85868652429247,585.7600253437915,,,731.2666712144874,842.6765753976161,812.2779479253442,744.0929413293131,550.6496250490783,660.724816781781,569.556701286484,391.8619610447846,460.3064376998114,624.309250917095,461.021916207025,607.9945631315196
v_14.200000000000001h,601.4506078963286,,,933.1224702430949,742.7485957814677,412.22831961250813,412.22831961250813,491.95066924109966,525.7486707248636,,713.3715888861309,697.8096060785231,728.5311125647008,573.7433583416193,1038.3060293435817,802.6205020289854,406.3210543917466,587.9715425011275,587.9715425011275,497.21614816034247,608.892122031155,426.75392707150553,414.47545408104895,558.5852315736118,1180.069411671318,369.09305390654043,549.4745261570945,,,512.8531255348915,514.6683954439402,689.4103501844792,516.9153354463641,645.936725904898,,446.08761417582883,446.08761417582883,528.8276141725008,819.1418702594856,632.9936278865792,567.3908902070527,567.3908902070527,731.2566397010199,743.705505508772,,881.0509057419262,770.0508142038792,404.9838997379758,620.6872469059367,693.2319799128867,745.8908221117218,738.9927611784527,875.6060760832414,681.4517070230518,738.490691602967,498.4213248684679,731.5053811692961,416.83768812890827,527.2675479174897,327.00517745101297,443.4869345380387,440.3074754921571,743.8524282324702,513.555858415208,634.5408352910868,892.8693219466904,782.0737324829247,597.7392655584575,,452.29586206050004,361.07825420595765,371.712042293286,473.0270520313259,519.1363613206015,529.9737964952667,522.8360408587466,,613.2894172018096,305.61478545035555,439.67044482325616,591.3882636148955,453.4592947862731,587.8419311437526,,,731.2666712144874,846.2526458953888,812.4896233256318,744.1626061253573,552.9372512389758,663.2828890039534,571.164540790529,391.5874192224491,461.04105414461304,626.4473084688263,461.7555246421306,609.8454580880334
v_14.3h,603.4049418070305,,,937.9771996032955,742.7485957814677,413.4791220998189,413.4791220998189,494.3289147254434,529.1657072102079,,715.0476892852855,700.2783201703779,728.5311130034256,575.6348210456205,1043.9127776471191,806.2212877267488,407.34991947478716,589.5661837800736,589.5661837800736,498.41372335394374,608.9756096796494,427.4522671615397,415.204129001808,560.7721195856004,1185.9782118380433,369.09239492809326,550.9618465244492,,,512.854091518594,515.819138558755,689.9659891314035,518.4747363146541,645.9367259048984,,445.3218803962749,445.3218803962749,530.1483149148852,823.5676072259711,632.992498877557,569.7012247043868,569.7012247043868,731.256640176638,743.705505508772,,884.5823138801906,773.3307855630181,405.03830434207225,620.3078117824783,693.2741691631228,748.8275614068892,739.064170582303,877.3312401236802,681.4481345251846,738.490691602967,498.41998416152353,731.5053811693159,417.0457233002887,527.2379079268901,327.70450072707706,443.4869348632389,441.0915854197677,743.8524282324702,513.3898884142243,634.5408352910868,897.5951020957876,782.0332764039138,597.7409349826656,,452.3695289533789,361.0782667975267,369.4219469321671,474.0145913769376,520.4771075788525,531.3950634065206,522.7663201149245,,613.2989144324409,305.6147244662096,440.58624776639346,593.1707961163927,454.0593058606121,589.7395351205259,,,731.2666712144874,850.7159303000823,816.2924676649151,744.2324758081045,555.3866715778031,665.6431169942724,572.7004302589215,391.78569838523333,460.43642999190337,628.4798649337397,462.48657577499137,611.8527240966716
v_14.4h,601.604279229164,,,943.5002172390077,742.7485957814677,414.77708495232974,414.77708495232974,496.67170207096973,525.7763095313878,,716.7003005651649,702.5583433559489,728.5311134573343,577.6501758907385,1050.6369749871265,810.2629956176424,406.2558724278388,591.0971255646616,591.0971255646616,499.6458267230286,609.0709444997692,427.34183356220484,415.92214251540173,562.7919413529247,1192.2329632266424,369.1101472161172,552.3931767782775,,,512.8550659381567,516.9393184425994,690.5419875099282,520.2271320158636,645.9367259048984,,444.5955321899178,444.5955321899178,531.5373085065945,827.3630584737283,632.9912974219882,571.8037262292848,571.8037262292848,729.59524005481,743.7055055087721,,887.8245190820918,776.2912777995073,405.09187515522717,620.8147612706857,693.316124993174,751.6703696603832,739.1341381658223,879.0488189308647,681.4576801740575,738.490691602967,498.4186222061472,731.5053811693358,417.25093009814674,527.2108285059652,327.7045007958111,443.4869351588601,440.94174161457886,743.8524282324702,513.2227688212099,634.5408352910868,901.749422175651,782.4940900380753,597.7425999074167,,452.4417710044186,361.07827914060766,371.41027808344774,475.0589894076573,521.7734633397793,532.7567454421556,524.3337953604083,,613.3084557264373,305.61466077780625,441.56932853248935,595.0656358451338,453.0653711768316,591.9770729479508,,,733.8285014888369,854.9999794051511,820.984146634736,744.2303391391321,552.7593946916011,668.041266595312,574.1708762862793,392.6226791339396,461.1781137227907,630.4159690088437,463.21504822840956,613.863681274628
v_14.5h,603.6642090382435,,,949.3026733311198,742.7485957814677,416.0182854125244,416.0182854125244,495.90260519329235,529.2073976111227,,718.7746644742617,705.2288716145971,728.5311139255692,579.5291615091106,1057.7109260488642,813.7586262072833,407.3114654538686,592.5699151253635,592.5699151253635,500.93392549904706,609.1648953556103,428.04477777587783,416.62971315449823,565.0512141430156,1203.4294730948038,369.12799581593924,553.7726703637925,,,512.8560486594407,518.0308008632081,691.1149933501124,518.5989065054896,645.9367259048988,,445.09382332691183,445.09382332691183,532.9699387885772,830.6717789786826,632.9914144490974,573.9888494771362,573.9888494771362,729.5952412078217,743.7055055087721,,890.988693648334,778.999643730473,405.1446156047323,621.3227727027133,693.357846402586,754.4045598832046,739.2181293394409,880.7593103308503,681.4670389661682,738.490691602967,498.4172387462869,731.5053811693357,417.45488102320206,527.7544953105852,327.70450086695513,443.4869354226962,441.7117017823515,743.8524282324702,513.0429835602193,634.5408352910868,905.4519687094795,782.9441093390074,597.7442601850777,,452.5126010046778,361.0782912054475,369.11712843855264,476.07400488211715,523.0283349578359,534.0637898007132,525.8340686949716,,613.3180470396914,305.6145942849248,442.52280405210143,596.8635473923878,453.6710471613238,591.9699424161354,,,736.7118576253002,858.6697917528427,825.2490912831032,744.3003786681412,555.0632621199438,670.6417675048118,575.7520894943126,393.4710626021385,461.89120253208455,630.1663634737844,463.9409274918292,615.7717431226552
v_14.6h,605.5786955314742,,,953.9270270228419,742.7485957814677,416.0400499801741,416.0400499801741,495.90260519329235,532.6446733812136,,720.7306351207844,707.9058184019832,728.5311139255692,581.3916795015182,1063.1941163682775,817.2429617988852,408.3282841788607,593.9896871784628,593.9896871784628,501.0081039636738,609.1476268603169,428.74052722388836,417.32915685636755,564.7226100652846,1208.5272515093047,369.12739476822907,553.877459233056,,,512.8570364042396,519.0953600788409,691.6790493865008,520.2161524549858,645.9367259048994,,444.3450677502957,444.3450677502957,534.3423000696095,834.9557152675003,632.9901466020144,573.924911242922,573.924911242922,731.2566411769067,743.7055055087724,,895.19515857276,782.5462281639637,406.16829894971795,618.799031281481,693.3993324029665,757.0374952379696,739.3299946721737,882.463009278464,681.476231921414,738.490691602967,498.4158335240439,731.5053811693564,417.6718223731269,527.7291900813285,327.7045009405891,443.4869356524041,442.48846088220387,743.8524282324702,512.8494704660596,634.5408352910868,906.0017032811089,783.383311848351,597.7459156695301,,452.5820322521078,361.07830296065407,371.10889669018565,477.06121815664255,524.244423798144,535.3660770733661,527.2586028525059,,613.3276909007657,305.61452500993715,442.4886562791586,598.5734611627405,454.2758970089673,591.9699424161354,,,739.7333832232298,862.958249836841,829.1642679268308,744.3705475891529,557.480249119327,673.044925210913,577.3818092775603,394.3236202495897,462.5766516337554,630.1663634737844,462.94490982463975,617.5863101763073
v_14.700000000000001h,607.8516592330034,,,954.5663583574476,742.7485957814677,416.0400499801741,416.0400499801741,498.236942205166,536.0871888645864,,722.5823478270358,710.3706382645636,728.531114411404,583.424370012419,1070.4106302118898,821.4080348156516,409.3940923027287,595.4959307411361,595.4959307411361,502.2836356885459,609.2415291214071,429.4292346077401,418.0210021180451,564.7226100652846,1213.3741088422996,369.14540744688395,555.2565245533194,,,512.8580293368741,520.1348076694468,692.2340962765844,521.9431384363877,645.9367259049,,443.53624380497433,443.53624380497433,535.6592025662711,838.9239723989124,632.988803090166,573.924911242922,573.924911242922,731.2566417060568,743.7055055087725,,899.0130089698903,785.7399193232454,405.273171978756,621.4225715781107,693.4405820184786,753.3004668627972,739.43895800975,884.1603295920432,681.4823145637786,738.490691602967,498.4144062796773,731.5053811693776,417.8858831624063,527.7060828942163,327.7045010167964,443.48693584549204,443.2546209465895,743.8524282324702,512.6410417501536,634.5408352910868,909.6740032362991,783.8116833042526,597.7475662161936,,452.65007667847823,361.0783143731222,373.1016152413291,478.02214573316945,525.5499965038763,536.8023697705918,528.7688232200917,,613.3373898695068,305.6144528471547,443.44130031512026,600.3846729296029,454.87982907597996,594.1368447692333,,,743.0551308655444,867.4296156675922,834.0465507997707,744.440807575019,559.7955125279076,675.3011197834537,578.9404133916283,395.16004834287435,463.2713905418702,632.1264636544797,463.66611365150726,619.6395419853119
v_14.8h,609.9315578684033,,,958.9418468671186,742.7485957814677,417.3026743617097,417.3026743617097,500.5350258357369,532.71561686058,,724.3424576334678,712.6552582702526,728.531114913993,585.3224243672719,1077.4565581287404,825.0159163854102,410.42704106550934,597.1025871773495,597.1025871773495,502.2836356885459,609.3341329002516,430.11079667730814,418.04039409721844,566.9457020086062,1218.0189635389684,369.16352022958915,556.5882577245379,,,512.8590276235691,521.2977653300602,692.7800769486389,523.5407938975891,645.9367259049004,,443.29143301274644,443.29143301274644,537.0331191096789,842.3824393983247,632.9873825248333,576.2386814009119,576.2386814009119,731.256642254175,743.7055055087725,,902.5107366971201,788.6412621252541,405.273171978756,619.4137118225525,693.4815942864445,756.1198375838494,739.5453997203344,885.8516449992547,681.4823145637786,738.490691602967,498.41339876355005,731.5053811693992,418.097119189793,527.6849892158585,327.7045010956611,443.48693596653567,443.2546209465895,743.8524282324702,512.4587864702238,634.5408352910868,909.6740032362991,784.2292178183244,597.7492116820679,,452.7819437572128,361.07832540795937,370.8110737445446,478.1202267506178,526.8652933556988,538.1800863552636,530.2965677265627,,613.3471465388386,305.6143776870492,443.44130031512026,602.258725073471,455.48275424600865,596.1124387111208,,,745.9960285274997,871.2613195968377,838.0289407777046,744.5111199703575,562.1973410119153,677.9717043773475,580.4342262070918,395.0794859927157,463.9934990407218,634.0448034913263,464.3841605280304,621.6234255830184
v_14.9h,611.845000693442,,,965.6393899029733,742.7485957814677,418.57208175491417,418.57208175491417,499.7967352966249,536.1468850311995,,726.0223769791772,715.3265290843965,728.531115433893,587.1192519035375,1082.9696379373102,828.208880358419,410.3801081141741,598.6482676071038,598.6482676071038,503.5069154259973,609.4255258274783,430.81047524795014,418.04039409721844,569.000632559176,1222.5022165124376,369.18124695487694,557.9713369256058,,,512.8600314325255,522.4310315405536,693.316936727843,525.2202958125673,645.936725904901,,443.29143301274644,443.29143301274644,538.4680742915891,846.3118949951167,632.9860367653722,578.3485806448209,578.3485806448209,731.2566428218548,743.7055055087725,,905.7458607750979,791.5552481266561,405.32348431728667,619.4137118225525,693.5223682580543,758.8343655171187,739.6496814626139,887.5372912863223,681.4913784224079,738.490691602967,498.4119279789559,731.5053811693992,418.3055848984747,527.6657397054843,327.70450117727194,443.4869360783059,444.0104204796632,743.8524282324702,512.2744926080514,634.5408352910868,913.5305385542481,784.6359180316989,597.7508519257976,,452.84579585773304,361.0783360284072,372.79687769737905,479.0790623389192,528.1396395375267,539.504023059298,531.7483860024993,,613.3569635365967,305.61429941611584,444.3661471633524,604.0413456549511,455.0879099764598,598.2159277952112,,,748.8894574092276,875.1514297600089,842.5088557596747,744.5814458518078,564.5126181105593,677.3622633390179,581.9167775927748,395.0794859927157,464.6880640320561,636.1860245279039,465.10789791237914,623.5128263270853
v_15.0h,614.1106345174251,,,970.9271434969336,742.7485957814677,418.5768361329258,418.5768361329258,499.7967352966249,539.5768730287782,,727.9432401024327,718.0320881606265,728.5311159716792,589.1856180410508,1084.6103083804858,832.5809396161338,411.40212111212486,600.1382070108416,600.1382070108416,504.6857672424882,609.5157890875097,431.5126116822662,418.7349705511241,568.8303498031662,1227.3676775996703,369.18124695487694,559.4354393354953,,,512.8610409339893,523.5363807601184,693.844623452761,526.9144325725555,645.9367259049018,,442.5302149717995,442.5302149717995,539.8447540589314,850.5361897511655,632.9860367653722,580.5017176364971,580.5017176364971,731.256643409708,743.7055055087726,,908.9788036395704,795.0592396949303,405.3729817114222,619.931589757041,693.5629029991884,761.451251757699,739.7521475114656,889.4319736845888,681.5002820275466,738.490691602967,498.4119279789559,731.5053811694221,418.5197529763181,527.6481789716761,327.70450126171977,443.4869361450077,444.75615104419285,743.8524282324702,512.0749046952926,634.5408352910868,918.289753970028,785.0317952489114,597.7524868022019,,452.90828063535974,361.0783461957635,372.5080543153834,480.08050651175586,529.3757106587844,540.7786504792521,533.1733780731013,,613.3668435273923,305.61421791673314,445.2813262496328,605.7409267403259,455.0879099764598,600.3598533738806,,,752.3205486964441,879.9169570840098,847.1163225568242,744.6517460894668,564.252310133107,679.9921647548754,583.5815520190081,395.91546173432874,465.35673250126763,638.2267690403492,465.8308746002098,625.3163605250217
v_15.1h,616.2293072085818,,,970.9271434969336,742.7485957814677,418.5768361329258,418.5768361329258,502.07724738878574,539.5539445239951,,730.0237490522978,720.529845541763,728.5311165279446,591.1174862338938,1089.9525575829634,836.3684031910076,411.40212111212486,601.5772596723542,601.5772596723542,506.0076824676348,609.6049979614463,432.2075095592322,419.4222037631649,568.8303498031662,1234.1166616976614,369.2017079377443,560.8482710592392,,,512.8620563003241,524.6155019807575,694.3630875804373,528.4856762785859,645.9367259049018,,441.706964052543,441.706964052543,541.1677564930818,854.2115514521128,632.9844686256937,580.4803060187918,580.4803060187918,731.2566440149384,743.7055055087728,,913.2285399008656,798.2309048682665,405.4216686867487,619.4825623447534,693.6031975913966,760.5251533723703,739.8531259969259,891.3235935008585,681.5064437292315,738.490691602967,498.41043438638644,731.5053811694452,418.73973470473845,527.6321644308423,327.7045013490968,443.48693616347134,445.4932079872226,743.8524282324702,511.8586178993192,634.5408352910868,922.5055348562312,784.9685297432897,597.7541160531437,,452.96941380974914,361.07835586929394,372.5080543153834,481.1060987270626,530.576048109319,542.1845670818351,534.7381804040571,,613.3767892145044,305.61413306701627,446.2564957189491,605.5976410564729,455.6939608178952,602.3202586422466,,,755.3612907175976,883.9935355811846,850.9204305569104,744.7219814093589,566.6418490933955,682.4953060802014,585.1754659907798,396.73806776127026,466.05103636407637,640.1755198712327,466.55075341916745,627.3699578097578
v_15.200000000000001h,618.1810976696003,,,975.5875826025131,742.7485957814677,419.81221963343876,419.81221963343876,501.3508578680241,539.5539445239951,,731.9977092942423,722.8506314035235,728.531117103301,592.9294870372003,1089.9525575829634,839.6986233523568,412.4401714700562,602.9762102044765,602.9762102044765,507.2758332556507,609.6932223222228,432.89532126153273,420.1273219488685,570.855840981678,1240.3937665245971,369.22244317247714,562.2135950561747,,,512.8630777060857,525.6700005255005,694.8722822781242,530.2109189049792,645.9367259049023,,441.42371443578793,441.42371443578793,541.136043679688,857.5139276416242,632.9828215781296,580.4803060187918,580.4803060187918,731.2566440149384,743.7055055087728,,917.1058228054161,801.1267587312268,405.46954997843324,619.9979718420088,693.6432511330892,763.2270820475612,739.952930061354,893.1993937490361,681.5064437292315,738.490691602967,498.4089177188373,731.5053811694452,418.9569359109563,527.6175652592229,327.7045014395002,443.48693616347134,446.23504928481424,743.8524282324702,511.63673255408276,634.5408352910868,926.2904324097315,785.3822194777892,597.7557395660485,,453.02921148599023,361.0783650061491,374.496354944728,481.1060987270626,531.9097319032295,544.9397859679177,536.2261837003828,,613.3868033418192,305.6140447406662,447.20351026790615,607.3206124513013,456.29870619537223,604.466140909241,,,758.086144089613,887.5477755975696,855.8304789077084,744.7921124567905,566.6418490933955,684.8223511812134,586.7047008556968,397.59149024288143,466.7581561343271,642.0533808574022,466.2977176458601,629.3548700926003
v_15.3h,618.4647671709946,,,982.2661478691147,742.7485957814677,421.0982125653192,421.0982125653192,503.6141886658059,542.9538518159776,,733.8775862598034,725.3944855129689,728.5311176983798,594.9215468593577,1098.4318041819802,843.715483331596,413.48155886318955,604.6148637551116,604.6148637551116,508.49425340157444,609.7805270863703,433.57619809691255,420.8396619169722,573.0422083367032,1246.279856489906,369.22244317247714,563.5349513587624,,,512.8641053280926,526.7135043150915,695.3721634994391,531.8852086317937,645.9367259049029,,441.42371443578793,441.42371443578793,542.4686502197162,862.1066789318465,632.9810956629506,582.7620486438055,582.7620486438055,731.2566446450842,743.7055055087728,,920.6749922207357,804.083176970355,405.51663052754145,617.9759504467706,693.6830627409029,763.2270820475612,740.0518589394296,895.0600589156755,681.5152076418992,738.490691602967,498.40737770750644,731.5053811694695,419.1722777062446,527.6042614308236,327.0051784011761,443.4869361303312,446.9988884642686,743.8524282324702,511.44425037746964,634.5408352910868,929.7702709918965,785.7851603962805,597.7573572299069,,453.0876901477076,361.07837356127175,372.21256801410743,482.1044278928756,533.2119413194697,546.2414359807029,537.6439455674285,,613.3968886957994,305.6139528068142,448.1238489693748,609.0228308959913,455.91730293825964,604.4088662440267,,,761.5913822004878,892.3661707295864,860.2786079027621,744.862099860424,568.9645967977608,687.2322358248614,589.7415825234024,397.49027653241785,467.4392779883534,644.195803513204,467.00917697059396,631.2494048359332
v_15.4h,620.3843847363406,,,987.5630188403755,742.7485957814677,421.0821487872851,421.0821487872851,503.6141886658059,542.96202249597,,735.6745744767935,728.1753471172277,728.531118313833,596.9029997592168,1104.927344973773,847.764164587926,414.486109481243,606.1936478036085,606.1936478036085,509.70361924127974,609.8563161864645,434.2502900246615,421.54461141940135,572.7036932582528,1251.843445059517,369.2433468779791,564.9348380229458,,,512.8651393455036,527.8684170565298,695.8626900424156,531.9381904470825,645.9367259049034,,440.6442914542571,440.6442914542571,543.7516787646326,866.0892388009916,632.9794863292377,584.9056000556113,584.9056000556113,731.25664529733,743.7055055087728,,923.9902907561984,807.6163314614795,405.56291547727477,617.9759504467706,693.6830627409029,765.8346581799507,740.1506724374328,896.906217216098,681.523816140182,738.490691602967,498.4058140818046,731.5053811694941,419.3860207746729,527.5921428342566,327.0051785151041,443.4869360420143,447.75397368603586,743.8524282324702,511.2351238568318,634.5408352910868,934.7864818711178,786.1773588034471,597.758968935289,,453.14486665036475,361.07837910415844,374.2031310616241,483.07696917562964,534.4759430313147,547.5248923635852,539.1442887810491,,613.4070481075006,305.61385712985947,449.0266460297874,610.9288391359908,456.52138380151047,606.6778891866146,,,764.7753335108488,896.7942066781678,863.9883301333629,744.9319052381801,571.3393839287414,689.8438709464102,591.3854354128929,398.34001372065416,468.0959296159638,643.7603566393456,467.7174398738993,633.0617061077874
v_15.5h,622.692077711542,,,992.2221828920285,742.7485957814677,422.35146757079974,422.35146757079974,505.93916697511,542.96202249597,,737.398703064698,730.7479495993053,728.5311189504293,598.7630093745174,1110.152259375538,851.3160844971321,414.4539311411037,607.717599118841,607.717599118841,511.0245916353858,609.9426975009466,434.9177454064335,421.54034131405535,574.9227579673554,1257.1423039849929,369.26495925603473,566.392384360819,,,512.8661799398884,528.9957662170117,695.5206903820585,533.5740106102317,645.936725904904,,439.8004873654113,439.8004873654113,545.2112417170785,869.59649776033,632.9794863292377,584.991038861853,584.991038861853,732.4786276829815,743.7055055087728,,927.0971979392485,810.8263508213433,405.6309145580155,620.5492477392825,693.7226315514367,768.4510764639732,740.3012800422584,898.7384433962447,681.5311066247781,738.490691602967,498.40422656936477,731.5053811694941,419.60723783255094,528.1226647085574,327.7045017302372,443.48693589785,448.5005291940906,743.8524282324702,511.00776473437656,634.5408352910868,939.2328881566134,786.1773588034471,597.758968935289,,453.2007582148318,361.07838726701283,373.9122374609967,484.02570243222203,535.7042110695214,548.9674562518097,539.1133842076516,,613.417284454628,305.6137575692994,449.9997603557995,612.7448401373771,456.52138380151047,608.7600523065457,,,767.6269218004213,900.636941904446,869.2031155779432,745.0015096104137,573.6787913149177,692.2726339365744,592.9637430476193,398.34001372065416,468.18194898037257,645.7962038783326,467.7174398738993,635.0545541601936
v_15.6h,622.692077711542,,,999.0581222267267,742.7485957814678,422.35146757079974,422.35146757079974,505.1459953201373,546.4286449902677,,739.4408671893593,733.1426068034397,728.5311196110412,600.6120909417656,1118.7309694802466,851.4361148397732,415.45444040199914,609.1913983129906,609.1913983129906,512.2924700836138,610.0282737732737,435.57871078002626,422.2487009162331,574.9227579673554,1262.2249643872672,369.26495925603473,567.8016247361943,,,512.8672272953085,531.1741884889922,696.0271871506442,535.1634104016001,645.9367259049046,,439.49082800988646,439.49082800988646,546.6152882653306,873.4812019862736,632.9776154056393,587.0595558368285,587.0595558368285,731.2566466672876,743.7055055087728,,931.2345039891001,813.7674304838382,405.675656865545,618.5347980442722,693.7619567233021,767.5853447038965,740.4494961076906,900.5572614101926,681.5311066247781,738.490691602967,498.40261489605354,731.5053811695198,419.834169944454,528.1123836987334,327.70450183375306,443.4869357639758,449.23877842211806,743.8524282324702,510.7617747967467,634.5408352910868,943.2248628064967,786.5588297880889,597.7605745743555,,453.2553824212885,361.0783956326195,373.9122374609967,485.0164534045517,536.899094158555,550.3559496320056,540.6278972347749,,613.437999711923,305.61365397956115,450.94560621265396,614.4789118853588,457.12407230716036,608.7600523065457,,,770.8013486098034,904.606073612579,868.6472637644192,745.0708736859252,573.439597118284,694.5412470636634,594.482186871074,399.1767469011161,468.8237331391643,647.8798053933917,468.4225161744265,637.0610001659188
v_15.700000000000001h,624.813715859179,,,1004.4980534952848,742.7485957814678,423.5881409297879,423.5881409297879,507.46268945079476,546.4980980624003,,741.5757764298622,733.3002957825355,728.5311202965033,602.6605628493187,1125.6873433661333,854.9741951566688,416.50877750891146,610.6193872999222,610.6193872999222,513.5112502223052,610.1130980823709,436.26088571291734,422.94991880275086,577.0130171536816,1267.1320767648124,369.28620530318125,569.1660549956626,,,512.8682815983914,532.2282754584527,696.5244279547934,536.9195682299938,645.9367259049053,,438.68715585177756,438.68715585177756,547.9663222654569,873.4087646263542,632.9756688053909,587.0595558368285,587.0595558368285,731.2566466672876,743.705505508773,,935.2993969181136,816.5718887464404,405.719619713495,618.5347980442722,693.8010374395845,770.1904686372092,740.5957547832968,901.5488825423439,681.5448613785109,738.490691602967,498.40143300841476,731.5053811695459,420.05916647227417,525.9334639864976,327.70450194047606,443.4869356412975,449.9689435593068,743.8524282324702,510.5580249214489,634.5408352910868,946.8565136298424,786.9295973061851,597.7621740408624,,453.30875720355135,361.078404205132,373.6277205284443,486.03532336938014,538.2215309544157,551.6946852515098,542.1561998151087,,613.4484846299196,305.6135462098194,451.8656066469306,614.4789118853588,457.72529001066,610.673268520208,,,774.1879412130131,904.7785152342403,873.7285033253278,745.1399583875138,575.7113335707049,697.1076917619662,595.9460400669534,399.99770353824283,469.5039000876517,649.8732554101172,469.12704692876287,638.9795861632444
v_15.8h,626.7744667185312,,,1008.9854225582046,742.7485957814678,423.58935061620747,423.58935061620747,507.46268945079476,549.9339405673921,,743.6077142673976,735.719812210642,728.5311210064804,602.3616700608547,1126.7679821949348,858.3991754219348,416.50877750891146,610.7636376078411,610.7636376078411,514.7255239519423,610.1972199448323,436.94213022840563,422.94991880275086,576.7942459490198,1271.8976176042916,369.3081089836373,570.4889647146972,,,512.8693430384088,533.2608305941944,697.0123609291657,538.5517386144126,645.9367259049053,,438.68715585177756,438.68715585177756,549.2685003771368,877.3380632162277,632.9738794784205,589.2657437739894,589.2657437739894,731.256647390008,743.7055055087731,,939.0484711010945,820.2072103378933,405.7628090152585,618.5374764992781,693.8398729106607,770.1904686372092,740.7404692758217,903.368271615434,681.5583384601248,738.490691602967,498.399773514413,731.5053811695733,420.2822423788526,525.9234857019904,327.70450205050236,443.4869355307687,450.69124515689384,743.8524282324702,510.33591618528715,634.5408352910868,951.2001671061241,787.2896942354829,597.7637672301677,,453.36090084393567,361.07841298875485,375.61275405777474,487.02891511561415,540.7865021250028,552.9876887680473,543.6137403462363,,613.4590585034023,305.6134341038096,452.7611343130319,616.1385526971301,457.35233017287584,612.9466981766484,,,777.2156497789773,908.8410744439407,877.9221454889336,745.2065561605181,578.1244991399259,699.6694481038929,597.5390171260989,400.81825284716126,470.1872833218776,651.7841388451687,469.8374433443353,640.8180948500384
v_15.9h,628.9660816498905,,,1015.976372398755,742.7485957814678,424.8559912872005,424.8559912872005,506.6776730146325,549.9339405673921,,745.5485101165062,737.9861909928941,728.5311217442727,604.4180327278726,1133.1104019873796,862.8118036668701,417.52643839798094,612.2117757061752,612.2117757061752,514.8765409435472,610.1972199448323,437.6167302120508,423.6441879443555,578.8613117586684,1276.5499436265454,369.3081089836373,571.8522006112257,,,512.8704118073556,534.3802795839024,697.4909361007577,538.5517386144126,645.936725904906,,437.81635011401147,437.81635011401147,550.6304297223722,881.7550883032166,632.9717997521234,589.1920023983271,589.1920023983271,731.256648137632,743.7055055087731,,945.8067062538998,823.5175829334147,405.7628090152585,618.5374764992781,693.8784623769444,772.7124895489313,740.884033247797,905.1743448164891,681.5679839518273,738.490691602967,498.39808903110367,731.5053811695733,420.5143026345718,525.9144239730585,327.70450216393016,443.48693543338896,451.4236799843612,743.852015269564,510.0936322516242,634.5408352910868,956.0159253316644,787.6391623975408,597.7653540392276,,453.4118319688051,361.0784219877435,375.61275405777474,487.9985504769414,542.0170656581747,554.2905631219039,545.0065505066075,,613.469724475639,305.6133174996378,453.71585410040905,618.0029643336757,457.9552434990302,615.050764641587,,,779.9533577850698,913.7517666357905,882.1022753263921,745.2749677748373,578.1244991399259,702.0615224621645,599.1819807058176,400.74343935326453,470.84718325160776,651.7841388451687,469.6038227690512,642.6750790943986
v_16.0h,631.172141539827,,,1021.7146326971326,742.7485957814678,426.09681628669466,426.09681628669466,508.9813058619097,549.901066936492,,747.4088051965165,740.8185972260607,728.5311225095808,606.3501046459432,1138.3432697326223,866.6741028594461,417.47865418834454,613.6173621422862,613.6173621422862,516.1220517720494,610.2952359622033,438.2848214722559,424.3317019689815,580.8981037336514,1281.923088471489,369.32969206000286,573.3170692135025,,,512.8714881000358,535.5122274885132,697.9601052414172,540.1401407212708,645.9367259049064,,437.4911395851708,437.4911395851708,552.0631283303593,885.6274905400006,632.9717997521234,591.5225334514539,591.5225334514539,732.4786289789363,743.7055055087731,,948.999170813682,826.5564695720409,405.8052308667317,619.058541854085,693.9168051097911,771.9110441170948,741.0268221233805,906.9675062100176,681.5811664270976,738.490691602967,498.3963792774159,731.5053811696013,420.7505458628157,525.9061987156999,327.7045022808597,443.4869353502062,452.1729717408811,743.852015269564,509.83756159814567,634.5408352910868,955.654983318278,787.531696626706,597.7669343665826,,453.4615695450266,361.0784312064023,375.32022367236385,488.9454967243009,543.2159731435528,555.7287295048936,546.5619860094635,,613.4804857494727,305.61319622958246,453.67045987602563,619.8460909520251,458.5564779833998,615.1594635560961,,,783.5224447826124,917.9934774381194,887.2257009810345,745.3429846729183,580.4305482450576,704.3048973261893,600.7632036089568,401.555589244993,471.4849332894681,653.6833113378492,470.3059120116539,644.7241103118365
v_16.1h,631.3048311844229,,,1026.4425055263332,742.7485957814678,426.09681628669466,426.09681628669466,511.2172846069516,553.2802588728287,,749.1981509495488,743.5488190255797,728.5311233033478,608.1711368830023,1147.4921095203063,870.1033805498946,418.48811764668625,615.2175515304334,615.2175515304334,517.4363878840212,610.3982685854213,438.94653794662923,425.012654724507,580.8981037336514,1288.8650556843897,369.90151074468855,574.7356691766024,,,512.8725721141436,536.6196294706056,698.4198216428606,541.9015813396793,645.9367259049071,,436.86368152377594,436.86368152377594,553.4429498240618,889.0749430957233,632.9696522442487,593.655671921399,593.655671921399,732.478629327282,743.7055055087733,,953.4085552644558,829.3694084360477,405.84689154224964,617.031846500363,693.9549004027876,774.5193304595978,741.0132223923838,908.7481180681019,681.5811664270976,738.490691602967,498.3946439705714,731.5053811696305,420.9847870162205,525.9061987156999,327.70450240139525,443.486935248349,452.91426912907133,743.852015269564,509.6188329076452,634.5408352910868,960.5107176050029,787.8985924663514,597.768508112347,,453.51013287764124,361.0784406490847,375.32022367236385,489.8966715109878,544.4810454572402,557.1158372411321,548.0764814702583,,613.4913455890627,305.61307011988725,454.61165815295686,621.6086576183899,458.5564779833998,617.2138419910376,,,783.1017350788825,921.7242342187318,891.4732577095261,745.4105692910265,580.2063062460581,706.9473728587292,602.2879808530117,402.39515879418434,472.11752959468885,655.8002571938156,471.0049186877047,646.686298859913
v_16.200000000000003h,633.461939918883,,,1027.3147766885552,742.7485957814678,426.10882196207575,426.10882196207575,511.2172846069516,553.2802588728287,,751.1743253885315,746.0903454504815,728.5311241265471,610.1052197109339,1154.5570116236604,873.9469264853938,419.5019258791144,616.8200296389889,616.8200296389889,518.7006699415408,610.5003941279407,439.60201151084016,425.044247592736,583.0805272667328,1295.3994282170097,369.90151074468855,576.1112836863339,,,512.8736640503652,537.7039154818681,698.8700397696333,543.5411143761729,645.9367259049079,,436.86368152377594,436.86368152377594,554.7739546417729,893.2838738409018,632.9677106067264,593.655671921399,593.655671921399,732.4786296847805,743.7055055087735,,957.4724405677836,832.7752995564374,405.88779749054487,617.031846500363,693.9927488471762,777.043503863236,741.1655656237975,910.5165033339526,681.5907693176996,738.490691602967,498.39288282609675,731.5053811696305,421.217039969538,525.8987366143574,327.70450252564444,443.48693519689965,453.64778091523084,743.852015269564,509.3795786728264,634.5408352910868,964.8677878689072,788.2556414210977,597.7700751781731,,453.55754160926614,361.0784503201918,375.04603718251866,489.97846524273257,545.7908065785642,558.4559086660622,548.0764814702583,,613.5023115976426,305.6129389905474,455.5633077380568,623.2979019869725,458.18564809675587,619.1739938138687,,,786.7321182764023,926.2159333534433,895.5597346353093,745.4776846055042,582.4530722572357,709.4977214558386,603.7612326506023,402.39515879418434,472.7992487504452,657.8290081524295,471.70087143799856,648.5691667066411
v_16.3h,635.459699666423,,,1031.9282332967396,742.7485957814678,427.3193620159335,427.3193620159335,510.49515340034833,556.7092965926936,,753.3991855084768,748.4702143316649,728.5311249801821,612.1245538753619,1160.273501212081,878.2584976450905,420.5372584383196,618.3709033306416,618.3709033306416,519.9186546087778,610.5907591165771,440.2513717956175,425.7290432684036,582.7608279543274,1301.5909689546293,369.80726707403187,577.4470052361004,,,512.8747641124786,538.7664459419669,699.310714681657,545.1028480832355,645.9367259049087,,436.8636814719377,436.8636814719377,556.0599473463435,897.6799220681776,632.965430217885,593.7545361342472,593.7545361342472,732.4786296847805,743.7055055087735,,961.2475226952274,836.2563064489792,405.0232982422028,616.9973951324159,694.0303778223193,777.043503863236,741.3175122169007,912.2729483906522,681.6036442985866,738.490691602967,498.39288282609675,731.5053811696603,421.45577677985375,525.8919705581696,327.70450265371545,443.48693516310294,454.37371422263584,743.852015269564,509.1176973604152,634.5408352910868,968.826254334798,788.602865195017,597.7716354672182,,453.6038157220498,361.0784602241711,377.0246400347241,490.9058091092159,547.0658424503974,559.752650954543,549.5238185545577,,613.5134018639178,305.6128026550929,456.4898794242601,624.9848729125952,458.7864125732277,621.4593748956834,,,789.9892098684984,931.0558046360015,900.8425632241699,745.54429419596,584.8795678507429,711.8871965131805,605.3154987644898,403.2192803409186,472.7992487504452,657.3691168045992,471.70087143799856,650.3797300562516
v_16.400000000000002h,637.5707936145377,,,1038.8197879317338,742.7485957814678,428.6001946340701,428.6001946340701,512.7194373972162,556.822559570784,,755.5211248118475,750.8157693140699,728.5311258652855,614.0277461206728,1167.9667035740538,882.0616647352693,420.5372584383196,619.8744974307638,619.8744974307638,521.1361312208793,610.6918794539126,440.8947460032055,426.40752094108467,584.9245599284625,1307.496054135478,370.9901162510283,578.7457411394357,,,512.8758718957134,539.8085137512761,699.741911452913,545.2297145736892,645.9367259049093,,453.3738663519935,453.3738663519935,557.4586193574065,901.5588862411781,632.9630665095672,595.819578488322,595.819578488322,732.4786300499892,743.7055055087735,,964.7819087851456,842.4125743210536,405.06534406621483,617.525935373282,694.0677805376107,779.7784825370982,741.4694180946057,914.0175492472481,681.6162517973073,738.490691602967,498.39109555784114,731.5053811696914,421.7010995954375,525.8858391243837,327.70450265371545,443.4869351482183,455.09227422493393,743.852015269564,508.8647613585914,634.5408352910868,972.4679174402803,788.9402944322429,597.7731888840882,,453.6489755436497,361.0784602241711,377.0246400347241,491.9282895461015,548.3082903403123,561.0226154732836,550.9096853699461,,613.524618931192,305.61266118802166,457.39268409614306,624.8816408314121,459.3854151775267,623.5592422290179,,,792.9285983499684,935.2696192659521,905.2309571289209,745.6103623073645,587.1782338739172,714.1354932825295,606.9759582384053,403.1304358293396,473.45825680896036,659.4423970733457,472.39380328858755,652.3092244641434
v_16.500000000000004h,639.8392563505381,,,1044.8924151685721,742.7485957814678,428.6001946340701,428.6001946340701,514.9709788069052,560.2894330867792,,757.5516661866576,753.732555129922,728.5311267829235,615.8271180228788,1167.9667035740538,885.464097444869,421.53762345716143,621.3348353069904,621.3348353069904,522.4643154671421,610.7921656572752,441.53225870680205,427.1085784510028,586.9375620197579,1313.1628361012472,369.7260866322444,580.1950488222298,,,512.8781052410038,540.8313464486182,700.1639641002484,546.8562234329075,645.9367259049101,,453.3738662964073,453.3738662964073,558.8784504448611,905.0333157334707,632.9630665095672,598.0178055338378,598.0178055338378,732.4786304265413,743.7055055087735,,968.1165444713713,845.1983012525471,405.1065961065756,617.525935373282,694.1049503333978,778.8086996867045,741.6518292482656,915.7499820647181,681.6162517973073,738.490691602967,498.3892818779846,731.5053811696914,421.9443552614141,526.4144749590645,327.70450278572173,443.4869351535639,455.80366386832253,743.852015269564,508.62651870767803,634.5408352910868,977.033786614634,789.2679687283769,597.7747353347701,,453.69300916989954,361.0784703655152,376.7403740465592,492.92648604529444,549.5202123682828,562.4706250127596,552.4756553272697,,613.5359653910381,305.61251535193156,458.2851188935381,626.5333449726604,459.9825890589366,623.5592422290179,,,795.8745205270624,939.0041028186197,908.9693328850639,745.6758539108745,589.5268013949564,716.7626762890204,608.5764104742951,403.9548913737278,474.09581525455656,661.4324105009683,472.1691347144381,654.3363015299118
v_16.6h,641.9392110380046,,,1049.900396069251,742.7485957814678,428.5829068768045,428.5829068768045,512.0043809309122,560.2894330867792,,759.5012053989877,756.4449243508835,728.5311277341929,617.814874961564,1176.1751973196006,889.4910906772047,421.4972709733267,622.7553544777103,622.7553544777103,523.7435894685699,610.8916710622676,442.1928573353282,427.81364244267155,586.9375620197579,1318.6323121627586,370.90416230170746,581.6357964259826,,,512.8792314112634,541.9646512065278,700.5768694751757,548.6049873304972,645.9367259049101,,467.97441802671017,467.97441802671017,560.2488164697107,909.2549936231316,632.9609327205906,600.2400402971651,600.2400402971651,732.4786308129783,743.7055055087736,,971.2859893966793,848.9368186347292,405.14706157330255,617.456091223388,694.1049503333978,781.3399147856711,741.8707511852904,917.4703892771636,681.6257348126504,738.490691602967,498.3879081934725,731.5053811697231,422.18555647082866,526.409331497756,327.70450292177975,443.4869351805162,456.508083618345,743.8499156802008,508.36509408932596,634.5408352910868,981.9404963684007,789.5859366160289,597.7762747265541,,453.7358286465075,361.07848074876006,378.71751750049816,493.90163162999886,550.7035648286268,563.8693366413903,553.9888859758852,,613.547443884362,305.6123650175295,459.24548165403405,628.3615578145823,459.9825890589366,625.4989111648913,,,799.4697636956269,943.6233421574125,914.5441954330136,745.7407347632226,589.5268013949564,719.338418603984,610.1218897802038,404.7643236432171,474.7131169277688,663.3460489729056,472.8656481410199,658.1571333123617
v_16.700000000000003h,643.8931503626054,,,1055.659737092489,742.7485957814678,429.83470850544336,429.83470850544336,514.2167827561415,560.2863274015533,,761.3791008696638,758.9812673947689,728.5311287202242,619.8207006858814,1176.6624534558998,893.8166054840319,422.4909925725165,624.295886702084,624.295886702084,524.9775874527937,610.9904457037601,442.85065607676125,428.51157717608123,586.7641365294174,1323.939299675133,372.0716327950549,583.0349826575886,,,512.8803643247113,543.0875544882939,700.9806293569052,550.237003967333,645.9367259049109,,453.3738662404478,453.3738662404478,561.5734771850671,913.7500757712801,632.9584198068904,600.2400402971651,600.2400402971651,732.4786312095583,743.7055055087736,,975.5571284673788,852.3668992437729,405.1867478188515,617.979920454942,694.1418806849713,783.9181542244241,742.0879025384581,919.178878508665,681.6380241135602,738.490691602967,498.3860421916023,731.5053811697562,422.43334034257356,526.4046790212924,327.70450306237404,443.4869352305141,457.2400022697369,743.852015269564,508.08070126548506,634.5408352910868,986.3745509073314,789.894255523953,597.7778069679678,,453.77745486934197,361.07849137848604,376.4663979233739,494.854909148175,552.0011877324231,565.2225630424969,553.9450962721392,,613.5590571024892,305.6122100518797,460.1812039066582,630.2105605788547,459.62464234003005,625.7435210049628,,,802.698391857338,948.5358806043372,914.5441954330136,745.804971464482,589.1979876472825,721.7581194254992,611.6170787433713,405.5629615921653,474.7306316728515,665.1897648958715,473.55924248386447,659.9639709544575
v_16.8h,643.8931503626054,,,1062.525897517674,742.7485957814679,431.0426582876506,431.0426582876506,516.4585594761827,563.6713541360733,,763.1939637689951,761.3664021810598,728.5311297421821,621.7161810021572,1184.2592219561266,897.6526681613195,423.50964231112715,625.9201689194999,625.9201689194999,526.1697371443997,611.0885365772722,443.5031533444639,428.51157717608123,588.7654794066332,1329.1133092825992,370.8082587070655,584.3955437171736,,,512.8815042947243,544.1881283624942,701.3752505333784,551.8029768378308,645.9367259049116,,467.9744179792228,467.9744179792228,562.8559555363772,917.7309656764951,632.9558286173166,600.2792399561886,600.2792399561886,732.4786312095583,743.7055055087737,,979.7876209819507,855.5374525849131,405.225662333248,615.4146171400529,694.17856520644,783.9181542244241,742.3037861258183,920.8755240728301,681.6500543551833,738.490691602967,498.3841489094047,731.5053811697903,422.6874663587235,526.4004735323296,327.70450320689446,443.48693530505943,457.1178314271392,743.852015269564,507.83627754133227,634.5408352910868,990.4295897957419,789.894255523953,597.7793319688064,,453.8179087704402,361.0784997917582,378.43776709530067,495.78745169200795,553.2967802249457,566.5338687317869,555.4599966035895,,613.570807788279,305.612050318306,461.09355320288296,631.9836976482396,460.2221788352638,627.7074606483666,,,805.6284662918265,952.8342303826649,919.1732783245444,745.8685315140523,591.6073297467608,724.0404322628426,613.0663247795078,406.3931591765838,475.3385691654579,667.2517880013488,474.2499225519324,661.8728033133946
v_16.900000000000002h,644.221596449056,,,1068.126402762967,742.7485957814679,432.3044318168215,432.3044318168215,518.6666406880414,567.0568385468488,,765.3962616374522,763.7073024841167,728.5311308012656,623.5129116495892,1190.3996289968484,901.1017560781214,424.53232483976024,627.4938993865795,627.4938993865795,527.4871525133202,611.1859878783229,444.1504745578465,428.5116221186154,590.8459766851296,1334.179316089717,371.9933871235485,585.7202465422743,,,512.8826516387694,545.2676488828245,701.7607448681359,553.5860247772245,645.9367259049124,,467.974417921556,467.974417921556,564.2421668597217,921.3079029168479,632.9531615924899,602.4357985226675,602.4357985226675,733.4623107164781,743.7055055087739,,983.7311761683835,858.4904132735663,405.2638127391696,615.9498081472926,694.2149976545093,783.0518988830023,742.5188797258581,922.56036841463,681.6500543551833,738.490691602967,498.38222805256123,731.50538116979,422.93946162375636,526.396674798418,327.7045033558342,443.48693540571986,457.8216322233275,743.8499156802008,507.5735940960293,634.5408352910868,994.1825652725319,789.8004748990295,597.7808496406443,,453.8572113030767,361.0785109289568,378.43776709530067,496.72618653515804,554.5605403914539,567.8065804473146,556.9108696672944,,613.5826987372576,305.61188567629506,461.9837504522609,633.6876539060576,460.8176576242926,630.0138996001618,,,808.6410807267807,956.6605709177771,923.1112096266406,745.931383364698,593.9242930440379,726.5410116903869,614.7442575607039,405.49838151997534,475.9483007490343,669.3067712688168,474.9368640210779,663.9057723773049
v_17.000000000000004h,646.1453506698911,,,1072.85528286328,742.7485957814679,431.0499096481171,431.0499096481171,515.7094303623343,563.668155888778,,765.6663189316494,766.6545709362952,728.5311308012656,625.4983632807222,1196.7509741800645,905.0420219042446,425.52150600300376,629.0211251054201,629.0211251054201,528.790304833736,611.2828412216977,444.79274335921883,429.2126630763968,590.8459766851296,1339.1584333853898,373.15185277651335,587.011694502244,,,512.8838066786197,546.3273303967927,702.1543969179863,555.2515624193434,645.936725904913,,480.25319775946525,480.25319775946525,565.6637807727823,925.2042730190659,632.9531615924899,604.4243468202262,604.4243468202262,732.4786320325265,743.705505508774,,987.4341405020884,861.3616342592276,405.30120678698046,615.9498081472926,694.2511719321466,785.59542322363,742.7336376032183,924.2334235025965,681.6593383257862,738.490691602967,498.3802793251622,731.5053811698252,423.18933757295537,526.393246038667,327.7045035093229,443.486935534131,458.52741441439986,743.8499156802008,507.284710627865,634.5408352910868,998.3872157408092,790.0898783917229,597.7823596069111,,453.89538342696073,361.07852232660696,378.1615616120211,497.7331634164146,555.7944278108982,569.1793810236762,558.3030658011326,,613.594732798783,305.6117159813931,462.88910682850894,635.3286264871136,461.4110214213604,632.138100040788,,,812.2631305746445,961.0440671070611,923.7354084477124,745.993496474471,596.2230146452713,729.1779196791088,616.3798656003692,406.2937769874415,476.60129503485547,671.2847276692322,475.6200792639072,665.8633434816898
v_17.1h,648.5138334868184,,,1079.878183916143,742.7485957814679,432.2845007828702,432.2845007828702,517.9421528894843,567.1851617301089,,767.8459245528886,769.4045503172331,728.531131897668,627.5128988841308,1206.0742771030893,909.4955928213604,424.4673246070465,630.5056080637364,630.5056080637364,530.0486927213609,611.2753193714494,445.43008152285665,429.90679514324296,590.5923576195079,1344.068496339656,371.9043526039514,588.4786993079665,,,512.8849697405716,547.36832747892,702.5563752153889,556.8128666838334,645.9367259049138,,467.9744178629431,467.9744178629431,567.0383202142099,929.9274141595512,632.9507932537098,606.7698590429256,606.7698590429256,732.4786324611688,743.705505508774,,990.9360568897725,865.1263421460286,405.3170463316351,615.8394898155169,694.2870820921617,788.0639345927921,742.9484919356547,925.8946721796503,681.6709902018748,738.490691602967,498.37830242972683,731.5053811698615,423.4481628410484,526.3901536363288,327.70450366749395,443.48693569199753,459.2587320403103,743.8499156802008,507.02749191736746,634.5408352910868,1003.561042116883,790.4035359651841,597.7838608445047,,453.9324460935765,361.07853398944025,380.13087710765836,498.7175821602413,557.000304216072,570.6029498706345,559.831145671279,,613.606912877236,305.6113608347716,463.8383151743533,637.14710252925,462.00221453727715,634.104709420253,,,815.5279986648262,966.1810305166496,927.5967896076802,746.054841356373,598.6268212760292,731.658991647051,617.961529556074,407.11682185313384,477.23387693980635,673.1919486714464,476.2995824686684,667.7519121547156
v_17.200000000000003h,650.7090991038156,,,1086.3786897436096,742.7485957814679,433.51541506279807,433.51541506279807,520.1363281342338,570.6728285347027,,770.1192892174575,771.9853864756228,728.5311330347628,629.4207395682619,1213.4154317683397,913.4567623725941,425.4843698167066,631.9508402062181,631.9508402062181,528.8920653823277,611.3720945675003,446.062608874905,430.5942034664365,592.6832982611237,1349.5768693440255,373.07469897997845,589.9156365361234,,,512.8861411556649,548.3917369535297,702.9493189996134,558.5525583153163,645.9367259049146,,480.25319771128943,480.25319771128943,568.3693089312667,934.1147508634584,632.9479981170674,604.6130413875536,604.6130413875536,732.4786329010489,743.7055055087742,,994.2705382871427,868.5967825935918,405.3537107790671,616.3692626394037,694.3227223406916,790.7857945644681,743.1638541476623,927.544069481127,681.6823683044684,738.490691602967,498.37629706721845,731.5053811698612,423.4390163700805,526.3873668751011,327.7045038304843,443.486935881097,459.9833298349955,743.8499156802008,506.7619063948237,634.5408352910868,1008.2545310603455,790.7111477839687,597.7853535112597,,453.9684202316828,361.0785459222227,377.8877717006244,499.68056573531567,558.1799357867651,571.9819320675164,561.3601173307662,,613.6192419332393,305.6111750734953,464.76435657405165,638.994883969648,461.05730791537235,636.3223689577894,,,818.5011325107712,970.6834633885074,933.0075384847096,746.1131762451631,600.8214932526417,734.0025777930325,619.4937518222763,407.93328528628047,477.8471490549157,670.8676934969736,475.39317405185085,669.5774528533943
v_17.3h,652.7529648372881,,,1091.776333432564,742.7485957814679,434.7146332472592,434.7146332472592,522.3426371620686,567.2388075211226,,772.2983326673397,774.4205269574878,728.5311342127999,631.2329417648875,1219.4636002501766,917.0269203711946,426.46837830861676,633.3600585361856,633.3600585361856,530.1927497180578,611.4683148745996,446.6904432234435,431.2750719083124,594.8148734681898,1356.7881453057828,374.24045080441863,591.3141584696842,,,512.8873212599069,549.4676538606875,703.3332335540027,558.4985474000104,645.9367259049146,,480.25319765293534,480.25319765293534,569.660051274309,937.878820603588,632.9451373865295,606.7204805996049,606.7204805996049,733.4623112831807,743.7055055087742,,997.4660716009263,871.818720737019,405.38963440528937,613.7872453851708,694.3580870406112,789.803639703577,743.4211379796827,929.1815439289527,681.6934818289225,738.490691602967,498.3742629370632,731.5053811698988,423.7013369060535,526.3848576971989,327.7045039984345,443.4869361032805,460.70139941508444,743.8499156802008,506.4690665882203,634.5408352910868,1012.5592068753754,791.0092115925918,597.7868377628266,,454.0033267329841,361.07855812975083,379.851198134941,500.62353218591073,559.4485730106692,573.3197448645672,562.8265401330933,,613.6317229849034,305.61098363999275,465.6685039286306,640.7712001368188,461.65018212745645,638.5366002795496,,,821.3747302016783,974.695596804748,937.9045439312924,746.1131762451631,598.3007784727831,736.2302340448449,620.9807231425914,408.73535564433394,478.442154885713,672.8954409801812,476.07831121564493,671.3532629678145
v_17.400000000000002h,654.7482945614039,,,1096.4124885281167,742.7485957814679,434.7084682517553,434.7084682517553,519.4219074462777,570.6638009691321,,774.3933503667721,774.6000672720764,728.5311354331274,631.1880023618612,1226.5757384507724,920.5285556333743,427.4818779233134,634.9644777894193,634.9644777894193,531.4494761914143,611.5780722162908,447.31370029807937,431.94958273383224,596.8051075179535,1370.2485300785556,372.9934204642667,592.6769413212716,,,512.8885103945014,550.5936559938598,703.7081290826748,558.4985474000104,645.9367259049154,,490.1132095097904,490.1132095097904,570.9760345769528,941.3102871019075,632.9422153681608,609.0022613467647,609.0022613467647,733.4623114824127,743.7055055087743,,1002.0079118000738,874.8315213306912,405.4248253154247,614.3281598999424,694.3931707148795,789.803639703577,743.7205082285664,930.806998811505,681.6913579229301,738.490691602967,498.37267916971695,731.5053811699374,423.9610255491173,526.382600481342,327.7045041714893,443.48693635174754,461.41313064950276,743.8499156802008,506.1977494858784,634.5408352910868,1016.5436653685516,791.29779948518,597.7883137527148,,454.03718643798254,361.07857096435555,381.8104348646662,501.5486530313926,560.7436064563369,574.6195833648248,564.2355611283165,,613.6443591091037,305.6107863684964,466.5521868870865,642.4821611589223,462.24085029719095,638.593248339122,,,825.1002328597925,978.3394301689356,942.0718061947201,746.1729033811152,600.6625437125792,736.1256688016209,622.4521540944033,409.52339769927374,479.0198813635866,674.8497899026753,476.75971618235195,673.4204117098506
v_17.500000000000004h,657.1099181379842,,,1104.1980748175529,742.7485957814679,434.7084682517553,434.7084682517553,521.6016908501653,574.0308959807395,,776.4136571250102,777.0912924946072,728.5311366970276,633.0235885174793,1235.9342869837787,925.2383501422967,428.4980302420671,636.5779377265038,636.5779377265038,532.665384909519,611.6940959841355,447.9324936984512,432.6179163228134,594.5172396982633,1376.5905118329101,374.14807812852547,594.0065093750144,,,512.8897089060757,551.6988749844664,704.0740207094008,560.2875091716501,645.9367259049166,,490.11320951361864,490.11320951361864,572.4135647927063,946.0857509995341,632.9426357023486,611.0914656601116,611.0914656601116,733.4623116868969,743.7055055087743,,1006.290028484091,877.6688785865831,405.4592917221703,616.7442787459747,694.427968049845,792.2905755697492,744.0181702208167,932.4203134595641,681.7023631484082,738.490691602967,498.37267916971695,731.5053811699372,424.2181068675764,526.9155776421667,327.70450434979745,443.4869365620388,462.1187115041883,743.8499156802008,505.9270096040461,634.5408352910868,1017.4131020443687,791.57699221808,597.7897816323267,,454.08665705422436,361.0785856832366,379.58249337255796,502.4581178066223,562.0089311770909,575.8844305109427,565.6862486246011,,613.6571534427708,305.6105848738701,466.55701854388565,644.1332141891163,462.82925494167307,638.593248339122,,,828.4658559424212,983.8824205382189,946.6256678363553,746.2317877919259,602.8643276988794,738.4121079462499,624.1423093460546,408.6556231610984,479.6391319607514,676.7367427138793,477.4374024475606,673.0492418395381
v_17.6h,659.3049066188391,,,1102.4053146097808,742.7485957814679,435.9331138765723,435.9331138765723,523.8027124036954,574.0758563433344,,778.3676645799618,779.4522079283809,728.5311380055538,633.0235885174793,1235.7314684576063,929.4295505552888,429.4819016153379,638.145562246587,638.145562246587,533.90611982015,611.809396015258,448.5654172942785,432.65831316837324,596.6432989281918,1382.7256556228108,374.07467234649624,595.305240422653,,,512.8909171469159,552.784466123102,704.4309284521613,561.9802936864048,645.9367259049172,,490.1132094621198,490.1132094621198,573.805486791584,950.6109928783013,632.9396721255056,611.2174472155691,611.2174472155691,733.4623118967688,743.7055055087745,,1010.3093492912179,881.3245523365244,405.4930419406905,614.1766453983885,694.4624738985177,794.7812022324458,744.3147013240825,934.0213445301874,681.7131106163431,738.490691602967,498.3705880093483,731.505381169977,424.48659714472825,526.9137127154637,327.70450453351134,443.48693680361464,462.81832790848074,743.846213809722,505.62770627534115,634.5408352910868,1021.4866722139873,791.8468790613931,597.7912415509899,,454.14420031197,361.0786023902566,381.54341483474974,503.4622759831286,563.2463363547712,577.2930555997748,567.2416346721004,,613.6701091841943,305.61037542194197,467.44650727911494,645.8426366353186,462.48027563622367,640.7739054022342,,,831.5363607649444,988.7342975726099,952.0772627493308,746.2898044144137,605.3352740976048,740.8733534500041,625.7784433646648,409.45897945074364,480.2624047973619,678.5619114090556,478.1113850230099,674.8607105667614
v_17.700000000000003h,661.3548364257204,,,1110.2850889640142,742.7485957814679,437.1505431410359,437.1505431410359,523.062825386135,574.0758563433344,,780.2629561968755,782.0089220804892,728.5311393601521,634.8453781016067,1235.7314684576063,933.2065505881901,429.4434061882151,639.6709240376607,639.6709240376607,535.2409401777221,611.9240180747947,449.20406647251,432.65831316837324,598.6296646859042,1388.6865206197701,374.07467234649624,596.710535310315,,,512.8921354751976,553.8515298151539,704.7788771702307,563.5696922610115,645.936725904918,,497.6982421315719,497.6982421315719,575.1551461289503,954.6695725456873,632.9366574252538,611.2174472155691,611.2174472155691,733.4623121121706,743.7055055087748,,1014.106999883088,884.9275747740261,405.52608438349745,614.7141475208824,694.4624738985177,797.5325198491156,744.6106482548358,935.6099273128763,681.72178545059,738.490691602967,498.3684671752739,731.5053811700184,424.75525844122876,526.9137127154637,327.7045047227886,443.48693680361464,463.51216364202304,743.846213809722,505.34983094170315,634.5408352910868,1025.293958534975,792.1075576230156,597.7926936559949,,454.2031910311249,361.07862119349835,381.264079657143,503.471667743961,564.457522718356,578.7113237237339,568.7350238604564,,613.6832295942903,305.6101596067151,468.3165552486954,647.713833843292,462.48027563622367,642.7962989058392,,,834.3658031496356,993.0482736190904,956.6808669281876,746.3469294439484,607.5938742595033,743.5422590517621,627.364954254187,410.2483693741404,480.87273386518154,680.6079298216114,478.7816802835769,676.9211875655524
v_17.8h,661.6409319498349,,,1116.7420393722475,742.7485957814679,437.1335439118703,437.1335439118703,523.062825386135,577.6085631368446,,782.347747372988,782.0089220804892,728.5311407623112,636.9230387384681,1244.6006902892132,936.6544362221898,429.4434061882151,641.1573472400282,641.1573472400282,536.5310342264515,612.0380053745488,449.8380513446142,433.3300605639998,600.6745542678567,1394.5013065963421,375.23069586146687,598.1605563122472,,,512.8933642552208,554.9011133389656,705.1178964794549,565.2329601553126,645.9367259049191,,497.698242086827,497.698242086827,576.4656845731304,958.3588680300944,632.9335973777808,613.2568605501547,613.2568605501547,733.4623123324798,743.7055055087748,,1017.7182816696724,888.280376214442,405.558427555334,614.525009224237,694.4966832838275,796.4660871047582,744.9065288531388,937.1858770773475,681.72178545059,738.490691602967,498.36631636096797,731.5053811700607,425.0212554563776,526.9120399793428,327.70450491778985,443.48693704099054,464.200400241133,743.846213809722,505.0715305963884,634.5408352910868,1025.293958534975,792.0282094852829,597.7941380926123,,454.26518125759674,361.0786422054017,381.264079657143,504.43405667631464,565.6441047882216,580.0883702718677,568.6995625310287,,613.696517997762,305.60993724327744,468.3165552486954,647.3715161170634,463.067579784197,644.8746891177478,,,837.9229648699251,996.9461442616065,960.6621618096506,746.4031403682975,609.9392070437138,746.0630119865899,628.905948156568,411.044832586424,481.47071676907404,682.6559853614007,479.44830582068107,678.9120407865282
v_17.900000000000002h,663.6716702328895,,,1122.17351175112,742.7485957814679,437.1335439118703,437.1335439118703,525.2593783758999,577.6345664044298,,784.7107168751216,784.946415624155,728.5311422135622,638.8937263768702,1251.7454891320788,940.8917345477364,430.423513091031,642.607920690185,642.607920690185,537.7796819582933,612.1513987647222,450.46747966966313,433.99582674663856,600.4537227733526,1400.1945162104657,375.14810699309857,599.574331132257,,,512.8946038576382,555.9342126643531,705.4480206291823,566.9889111591707,645.9367259049199,,497.69824204056715,497.69824204056715,577.7400475936481,961.9546708926042,632.9309843953847,615.4612226166597,615.4612226166597,733.4623123324798,743.7055055087748,,1021.173400353464,891.4215061121672,404.7246818354239,614.525009224237,694.5305914017923,796.4660871047582,745.2028337487998,938.7489904931052,681.732169372049,738.490691602967,498.3641352584608,731.5053811700607,425.287554561421,526.91054092699,327.70450511904943,443.4869372736351,464.9001285325837,743.846213809722,504.76306776075916,634.5408352910868,1029.6891738004763,792.2708912090924,597.7955750041224,,454.3276018340408,361.07866554290086,383.21650070880213,505.4266969083279,566.8101163284132,581.4273075948603,570.2017632467671,,613.7099777839605,305.6097081416148,469.2656865851354,649.1648901238995,463.65242955709823,647.1757019336811,,,841.4654050135636,1001.3779229188624,966.0208112641317,746.4584159983254,609.6048244501844,748.4526650697152,630.4052528227894,411.8570981958192,481.4071433911965,684.6339891782823,479.2198220121098,680.8391182434495
v_18.000000000000004h,663.6716702328895,,,1126.8956231473778,742.7485957814679,438.323774796762,438.323774796762,527.408247255755,577.6345664044298,,786.9812590369113,787.7049062549222,723.2997112783564,640.7682243607693,1257.7636861648396,945.4476678772745,431.42001777993784,644.0255111265695,644.0255111265695,538.9899774593658,612.2566525067302,450.3145482883296,434.67932364570385,600.4537227733526,1405.7867125426344,375.14810699309857,600.9543387390988,,,512.8958546596649,556.9517743105109,705.7692883293889,568.637690847177,645.9367259049199,,497.69824204056715,497.69824204056715,579.1083322570403,967.0005692552974,632.9309843953847,617.7006483887354,617.7006483887354,733.4623125593876,743.7055055087751,,1024.4981368402641,894.3841375155271,404.75804603634424,615.0586156241383,695.9467733853969,798.9079029812237,745.500027924497,940.2990471786259,681.7423100235285,738.490691602967,498.36192355836033,731.5053811701043,425.56487644216526,526.9091979738524,327.70450532600023,443.486937500987,465.6154008036591,743.846213809722,504.4855912306084,634.5408352910868,1034.997627222985,792.5332858359571,597.7970045318255,,454.39311636219713,361.0786913275712,381.00235669609464,506.40043930794076,568.1172142393945,582.7310481832736,571.6469445860394,,613.7236124070012,305.60947210647794,470.19646276541033,651.0139573288864,464.2347750353497,649.3084041143838,,,844.6972387056347,1006.7803256770281,971.2537832806529,746.5127364954895,609.6048244501844,750.7266038787201,631.8664322297924,411.7527532575457,482.00931028898634,686.5475244497098,479.2198220121098,682.7079005631119
v_18.1h,665.7382962498517,,,1126.8956231473778,742.7485957814679,439.5276159530261,439.5276159530261,526.7127624893687,581.0281100282114,,789.1691356075153,790.308270912632,723.2997147457679,642.5563973931091,1265.6579392551096,949.5429822960988,432.43561862193405,645.5496321914341,645.5496321914341,540.2552946606869,612.3694297883791,450.94841867779246,435.3712322093052,602.4924834312861,1411.2950256668423,376.3117570839441,602.3029215846839,,,512.8971170452635,558.0057675690558,706.0817425042319,570.19104566454,645.936725904921,,503.29204962048783,503.29204962048783,580.5311551039174,971.5047116412021,632.9278681341711,617.7169475589737,617.7169475589737,733.4623127922678,743.7055055087752,,1028.3008708818936,897.3972655581251,404.79070976862226,612.4765576565725,697.8332017525031,801.4609835358391,745.86111443446,943.3590352377586,681.7506530932952,738.490691602967,498.35968094987095,731.5053811701493,425.83948125497034,526.9079962795428,327.7045055391872,443.4869377224551,466.3248876489705,743.846213809722,504.197108706347,634.5408352910868,1039.8424586526414,792.5332858359571,597.7984268150552,,454.45703610352206,361.07871968577246,382.9544004378115,507.3562338885222,569.396027544226,584.0023141845608,573.0397548562927,,613.7374391637989,305.60922893724825,471.10663060610995,652.7966068440226,463.9014312984809,651.2951411492726,,,844.753106246004,1011.5585889977546,975.7281028053558,746.5660833960112,611.9905815533828,753.2417721029198,633.5244191303625,412.56698445840766,482.5996112315359,686.2081917701767,479.88816661064055,684.5235138408287
v_18.200000000000003h,668.1031330979583,,,1134.8735434313107,742.7485957814679,440.73885806395975,440.73885806395975,526.7127624893687,584.425411203921,,791.2832076536029,792.7775218173491,723.2997183329989,644.5483037533477,1275.2042717025006,953.2696536965661,432.36214344580577,647.1782287696641,647.1782287696641,541.5881620856738,612.4816877094041,451.57854685511137,436.0570102206605,604.6398820363993,1416.7348523573894,376.2170743247538,602.4082937999829,,,512.8983947663548,559.126226629277,706.6911147310921,571.9589482437017,645.9367259049218,,503.29204958110427,503.29204958110427,581.9121929949963,975.5763583171798,632.9247267755113,617.7169475589737,617.7169475589737,734.3081628331765,743.7055055087752,,1032.8569565381376,897.8424466647715,404.79070976862226,613.0234174488136,699.6784027736664,800.5789879437598,746.2615723123475,944.8681128923861,681.7506530932952,738.490691602967,498.3574071208171,731.5053811701493,426.1113900101183,526.906922319378,327.70450575878976,443.4869379374158,467.0287660274135,743.846213809722,503.6059682339055,634.5408352910868,1044.3097377410018,792.7933301729016,597.799841991173,,454.5252670085232,361.07874823675326,382.67563952612414,507.3562338885222,570.6482048226447,585.3712830304037,574.5291691157229,,613.7514815174071,305.6089797854797,471.99724742507277,654.518423981529,464.48363182075184,651.5554289371864,,,848.0420467653187,1015.8496307919067,979.6450473028037,746.6184396316905,614.3418039608064,755.9133387909201,635.1848126661869,412.56698445840766,483.1785913461823,688.1751404598093,480.5528285136462,686.3397126328828
v_18.3h,670.3092763179085,,,1141.5918502003112,742.7485957814679,440.7076062754114,440.7076062754114,528.8430962174751,584.5575871600054,,793.3315046675401,795.1310920157339,723.2997220438356,646.5791365641192,1282.889876056213,956.7027377256844,433.3750007649357,648.7636950310055,648.7636950310055,542.8790019391678,612.4816877094041,452.2042546613438,436.05411240032197,604.3064392890798,1422.119406615076,376.2170743247538,603.7749000675506,,,512.8996931546523,560.2279353563969,707.0113766747331,571.8943954139708,645.9367259049226,,507.2299410973504,507.2299410973504,583.2544749372296,979.304513800466,632.922105826875,619.9076392802457,619.9076392802457,733.4623132748824,743.7055055087753,,1037.1447474055008,900.7337723258963,404.82268157682773,612.7965915189131,701.4848533551516,803.0487065554885,746.6600181204869,946.362244369662,681.7604392863782,738.490691602967,498.35559418650257,731.505381170196,426.3903682673746,526.905963773738,327.704505984993,443.4869381452129,467.72721122313055,743.846213809722,503.30439259648665,634.5408352910868,1048.470984768426,793.0445122936806,597.8012501955662,,454.59272476389054,361.07878214223734,382.67563952612414,508.29499294708495,571.8753127950592,586.8012922016387,574.5291691157229,,613.7657417413528,305.60872655897003,472.86932979797774,656.1845936134667,464.48363182075184,653.5241417691224,,,851.0698195706524,1019.7624934048184,985.4801356848444,746.6697895472821,616.5013507083079,755.9133387909201,636.7967449817968,413.36744630449084,483.1785913461823,690.0799677242683,481.21382507863007,688.4082235817827
v_18.400000000000002h,672.3765133369465,,,1147.2631023539595,742.7485957814679,440.7076062754114,440.7076062754114,528.1629998072373,584.5575871600054,,795.3212915551569,797.863128473551,728.5311502620602,648.5127022078088,1289.3495186631346,961.2563423519904,434.35690316442714,650.3092598344961,650.3092598344961,544.1308884285819,612.5934433336708,452.82564341423245,436.7439460511538,604.3064392890798,1427.4600185935356,377.38526134374473,605.1118365495956,,,512.9010124879309,561.3119064544387,707.323049612174,573.6947332582455,645.9367259049237,,507.2299410973504,507.2299410973504,584.5608468533309,982.8483867914367,632.9189528784274,621.9252907289643,621.9252907289643,733.4623132748824,743.7055055087754,,1041.2041125787375,904.2834909960366,404.85396513568037,612.7965915189131,700.4620860145643,803.0487065554885,747.05713750708,947.8410714573076,681.7699954093305,738.490691602967,498.3532584297172,731.505381170244,426.67322930041547,526.9051094264273,327.704505984993,443.486938345156,468.420396810682,743.846213809722,502.99647735696817,634.5408352910868,1052.3852933726105,793.2869357411291,597.8026515616262,,454.65892414245985,361.07881903063617,382.4204246948911,509.21759164600417,573.0788464992497,588.1919015946761,576.0737453330835,,613.7802221043205,305.6084692547645,473.78291439673785,656.1845936134667,465.06372843550764,655.8040465295663,,,853.8836231903331,1024.3898683631276,984.462383622725,746.7201189143991,616.3627871063584,758.4460101151872,638.3640461781678,414.15449677885573,483.76991614581914,691.9276915133714,481.87117451667973,690.4122334325849
v_18.500000000000004h,674.323166449586,,,1152.2058572649366,742.748595781468,441.89383630242963,441.89383630242963,530.2738932269785,588.0628882308574,,797.259132579881,800.802575933934,728.5311520425848,650.3587312979538,1291.5911413114052,965.8293812368158,434.35690316442714,651.8180942713356,651.8180942713356,544.3012968555498,612.7047313029115,453.4427875204123,437.42783153655625,606.4567043886924,1432.7663937795414,377.2984567804393,606.4209231281302,,,512.9023530463504,562.379105137994,707.6261858439178,575.4068152458153,645.9367259049244,,507.2299410616644,507.2299410616644,585.8339788804464,988.0282315612169,632.9189528784274,622.1036801177087,622.1036801177087,733.4623135248895,743.7055055087757,,1045.069586446747,908.0057734163375,405.75076161822295,613.339083367343,702.3437299828023,805.4557696359599,747.8499573149027,949.3042184370125,681.777993089735,738.490691602967,498.3508905126078,731.5053811702938,426.953343647754,526.9043490712992,327.7045062179861,443.48693853651656,469.10849465328624,743.846213809722,502.71450363386714,634.5408352910868,1056.2665477112105,793.5207118996631,597.8040462207254,,454.7300567448165,361.0788590489905,384.36318223468186,510.12486871641397,574.2602252929557,589.5460062991515,577.560753480402,,613.7949248691993,305.6082078727161,474.71831242079594,657.7999183656575,465.6416840746205,655.8040465295663,,,857.6694090206732,1029.8818396837305,990.347639786376,746.7694149419112,618.549382863471,760.8555356040849,639.8902870459523,414.92849902173606,484.40510001956073,691.9276915133714,481.6275894551956,692.3547505129063
v_18.6h,674.7236548828703,,,1159.5513201973529,742.748595781468,443.06343642197993,443.06343642197993,530.2738932269785,588.0114756761373,,799.436927582383,803.5762028145448,728.5311538842182,652.1261214623311,1297.9407409199064,969.9676711949995,435.32228672216263,653.2932351659102,653.2932351659102,545.5564438068108,612.8283433723219,454.0557476457628,437.42783153655625,608.4709003692017,1438.046836972262,377.2984567804393,607.7335698586331,,,512.9037151124513,563.4304507187888,707.9208431028685,577.0206364273424,645.9367259049255,,507.2299410243949,507.2299410243949,587.179624006606,992.6737044952656,632.9157963886267,624.0839476138768,624.0839476138768,733.4623137806007,743.7055055087757,,1048.7709855955807,911.4857830361725,405.778422457503,611.313243657546,704.1864360133699,808.0223312405595,748.2467791330147,950.751292855707,681.787203778377,738.490691602967,498.3484901177086,731.5053811702938,427.23184190450996,527.4399365271875,327.70450645796467,443.4869387185313,469.7916749491352,743.846213809722,502.4021269632335,634.5408352910868,1061.8505627218647,793.7459597359044,597.8054343022069,,454.7995536945126,361.078902349914,384.36318223468186,511.1015444701542,575.4207952803432,590.8663187096462,578.9947705805753,,613.8098522921074,305.6079424155974,475.6338879791575,659.6149838848738,465.2939859913053,658.0571890305929,,,861.2253581039867,1034.770057085112,995.5668861984886,746.8176662828126,621.0267229449881,763.1561549231088,641.3787921786326,414.8657328896423,485.0276401631866,693.726268458672,482.2864637530702,694.2407206867507
v_18.700000000000003h,676.7229486401664,,,1166.8522261665457,742.748595781468,443.0335061832946,443.0335061832946,532.4574153932327,591.3904089594873,,801.8497551735994,806.2056725130783,728.5311557888757,654.2024074780858,1304.5553822357292,973.7560334841173,436.3432841498892,654.7372972079329,654.7372972079329,546.7760134708226,612.960677949901,454.66461782620394,438.1059341986459,608.2707469029489,1443.447338840554,377.2111081290919,609.1996567529859,,,512.905098971135,564.4668182226208,708.2070844702342,578.59934815678,645.9367259049255,,509.8392699831556,509.8392699831556,588.6058753644409,996.8901984685829,632.9125822989714,624.0839476138768,624.0839476138768,734.3081632788861,743.7055055087761,,1052.3339852509125,914.7595310829007,404.9524981698266,611.313243657546,705.9924488209268,807.1218688888794,748.6445705942493,952.1818862816913,681.787203778377,738.490691602967,498.3460569262812,731.5053811703447,427.5225653298949,527.439322533059,327.70450670512975,443.4869388903952,470.4701063596985,743.846213809722,502.1154626212248,634.5408352910868,1066.9673641541917,793.6851559678523,597.8068159334664,,454.8674336509118,361.07894909176133,384.0892158085427,512.0867802508062,576.6848242539338,592.1553769857184,580.38007281134,,613.8403900966124,305.6076728892175,476.53064293826986,661.4533462496872,465.87062011147435,660.1559205793784,,,864.4903250576882,1039.1845612591442,1000.0736922423579,746.8625939373187,623.3023773064278,765.5461436699752,642.8492650414601,415.64198542680157,485.6380912498576,695.8175053976918,482.94167135764246,696.074752934592
v_18.8h,679.1380747219074,,,1172.9964501390318,742.748595781468,444.22386708505144,444.22386708505144,531.700717323538,591.3904089594873,,804.1776805889797,808.7101024146076,728.531157758526,656.2179221656992,1315.2473854378943,973.9797819709645,436.2570096722199,656.1527111905308,656.1527111905308,548.0176948500189,613.0834661268534,455.2694900216986,438.7778914869121,610.2900568437941,1450.8626912805748,378.3724243567093,610.6317437578598,,,512.9065049096575,565.489040022237,708.484978270537,578.59934815678,645.9367259049267,,509.8392699831556,509.8392699831556,589.9929960824974,1000.7640380535765,632.9099179442468,626.4113477163488,626.4113477163488,734.3081633968866,743.7055055087765,,1055.7806471890933,917.8582002315003,404.9810611936348,611.0642826658366,707.7639268549565,809.5637704085068,749.1032752033913,953.5955750418709,681.796196522655,738.490691602967,498.3460569262812,731.5053811703973,427.8104951121942,527.438778806137,327.7045069596856,443.48693901535324,471.1436635576711,743.8409831597993,501.8237321190062,634.5408352910868,1071.700390287875,793.8937863381012,597.8081912404443,,454.58405808846607,361.07899943879977,384.0892158085427,513.0547205631278,577.9627746909352,593.4155536568425,581.8840428532556,,613.856004947509,305.60739930253965,477.40954084612133,663.2306131589354,465.87062011147435,662.119909883813,,,867.5153517542392,1043.2294864993844,1004.0550801593336,746.9087282170242,623.3023773064278,768.2725021895393,644.5479418432625,416.4170941268605,486.2369846132806,697.8421436570844,483.5932296193879,697.8611336328287
v_18.900000000000002h,681.3965132841275,,,1178.3290440373455,742.748595781468,444.22386708505144,444.22386708505144,533.885668313423,591.530474538522,,806.4294198266982,811.1063159674859,728.5311597951928,658.1428848637563,1323.8283188162175,977.9083766861429,437.2766798119041,657.668513197061,657.668513197061,549.366964494648,613.2151112078446,455.87045410467164,439.44206892267454,610.2900568437941,1458.0407299016147,378.3724243567093,612.032048071999,,,512.907933217615,566.4979074737558,708.7545979447276,580.4056723845897,645.9367259049276,,511.4082108561256,511.4082108561256,591.3437756084096,1004.3654561309115,632.9066119189465,626.3052794157052,626.3052794157052,734.3081635176014,743.7055055087768,,1059.1298958809632,920.8086923839521,405.00896508846125,611.6155391094903,707.7639268549565,809.5637704085068,749.6262001061339,954.9919209347,681.8038384336317,738.490691602967,498.3435906183443,731.5053811703973,428.0836986116399,527.4382982244778,327.7045072218452,443.4869391643497,471.8280978669797,743.8409831597993,501.5103647326439,634.5408352910868,1076.1195981880728,794.0960825757613,597.8095599952061,,454.65755553984127,361.0790535613867,383.8360524877536,514.0062206618073,579.2162430803323,594.8473068316416,583.4259555317566,,613.8718533929361,305.60712166779655,478.27150722123474,664.951805328762,466.44500346973535,662.4251184073706,,,870.343207460485,1047.3201089382821,1009.9702536373404,746.9537924205906,625.5601014172688,770.8625562695888,646.1994517620907,416.4170941268605,486.8248288627621,699.8052736878677,483.5932296193879,699.8152500483002
v_19.000000000000004h,683.5178853627457,,,1183.863958800451,742.7485957814682,445.41604719772505,445.41604719772505,533.885668313423,595.0490570488008,,808.6129112835705,813.696716623575,723.2997518198282,657.9365633887463,1323.8283188162175,981.536146591162,438.266076658452,659.2968000653102,659.2968000653102,550.6766122243598,613.3461807181403,456.46759785302805,439.4627541032984,612.189212274863,1465.011378989159,378.28128841800935,613.4026657257773,,,512.9093841815634,567.5435847382761,709.0160219002828,582.1070924171196,645.9367259049287,,511.40821083305997,511.40821083305997,592.6608385579842,1009.0634591299521,632.9066119189465,628.6514834953713,628.6514834953713,734.3081635176014,743.7055055087768,,1063.6268843103137,924.1521824655795,405.03621924139316,611.6155391094903,709.5590140563277,811.9473308392342,750.1462637093983,956.370471911377,681.8124948554512,738.490691602967,498.34109087269303,731.5053811704514,428.37330580977226,527.4378743270096,327.7045074918248,443.4869393005313,472.5264272124163,743.8409831597993,501.2374544332628,634.5408352910868,1076.651755170595,794.3215117191041,597.8109218730483,,454.73429632873433,361.07911163614887,385.76918290387874,514.9421016745109,580.4466312561401,597.6492770236995,583.3119803768328,,613.8879376397923,305.60684000061786,478.2985469558148,666.6215867606971,466.13580234275884,664.3772635560891,,,874.2184498504085,1053.1473575376883,1015.3651388806279,746.9977809766401,625.3148942505268,773.33123880396,647.8074071057576,417.21831178767985,487.40211052108185,699.3215787459836,484.24115643954724,701.8458897614511
v_19.1h,685.5196434883422,,,1184.970889770875,742.7485957814682,445.3765941222696,445.3765941222696,533.1288854107773,595.0490570488008,,810.7353740110066,816.7179463715313,723.2997566691421,659.9035624822518,1331.0004806847141,985.2094783972145,439.2266983243166,660.8863803169756,660.8863803169756,551.9495194824979,613.4767129608298,457.06100694743196,440.1263510712936,612.1099221300046,1471.801105636476,379.43905291689777,614.7455759979368,,,512.9108581067427,568.6539118286739,709.2693333370179,583.7149517981733,645.9367259049297,,511.40821080537637,511.40821080537637,593.9466514898322,1014.0305100664807,632.9032568810993,630.8116017966305,630.8116017966305,734.3081636407339,743.7055055087769,,1068.172607243271,927.9978463643821,405.0628330725851,609.6070338911811,711.4883091283137,811.1144154930797,750.664198035838,957.7307627153513,681.8124948554512,738.490691602967,498.33855736692595,731.5053811705073,428.66865091551784,527.4375012562905,327.7045077702188,443.4869394229207,473.2191919597249,743.8409831597993,500.93457637167455,634.5408352910868,1081.2471816045872,794.5385397160072,597.8122771523806,,454.809323757528,361.07911163614887,385.76918290387874,515.8631511933287,581.655272407852,598.9995951956977,584.8703757584307,,613.9042598819212,305.6065543201472,479.16841725112647,668.2442817185779,466.710484675617,666.7559057141831,,,877.8249329926786,1058.3439411755153,1020.0392962132834,747.0448901009386,627.5897485384855,775.6920709939533,650.9059386017093,417.118774308233,487.3594880652401,701.3467319260526,484.88547016658765,703.8182444702211
v_19.200000000000003h,685.5196434883422,,,1189.8510537376083,742.7485957814683,446.55185402737783,446.55185402737783,535.3107142952299,594.9873038435289,,812.8033640550908,816.3050311013891,723.2997616812343,661.786214166487,1337.2458875578418,990.2053965765716,439.2266983243166,662.4400653154902,662.4400653154902,553.188408658089,613.6067443859412,457.6507649725233,440.7822191672417,614.0175619478653,1478.4332622655036,379.43905291689777,616.0626460493104,,,512.9123552840217,568.787097970287,709.514620047102,585.3070601176485,645.936725904931,,512.1748543419782,512.1748543419782,595.2035299896345,1018.5408542914415,632.9005144127664,630.8116017966305,630.8116017966305,734.3081637670729,743.7055055087772,,1072.4917958541823,931.6061356592852,405.08881603007796,609.6070338911811,713.3796993772168,813.5962238579924,751.1806916260467,959.072315466936,681.819899322676,738.490691602967,498.3364954600207,731.5053811705073,428.96047547966435,527.4371737059772,327.7045080565134,443.48693953049246,473.0803114701704,743.8409831597993,500.6460927986553,634.5408352910868,1085.5643923578457,794.7472983835637,597.8136261076028,,454.8826553485508,361.0791738461668,385.4998937500907,515.9370345965576,582.8434331523,600.3193903740047,586.3738637578624,,613.9208222989955,305.60626464917146,480.05559461056345,668.2043272492594,467.2828455139626,669.00387389904,,,881.1505898767704,1063.0418782610327,1024.1793496236844,747.0914728449027,630.0178974167466,777.9572545351725,652.4026085967798,417.91275928486334,487.94112162439086,703.3119142309529,484.6381047402821,705.7368228882837
v_19.300000000000004h,687.7695093060422,,,1198.47080223686,742.7485957814683,447.70084300938487,447.70084300938487,537.3867522108275,598.3999093615084,,814.8228283369685,819.1704883448035,723.2997668610741,663.592867587521,1340.0571988159934,994.7258944554274,439.19791224367333,663.9604801037372,663.9604801037372,554.3958487829954,613.7363097178383,458.23695342178104,441.4304902614723,616.1759570541149,1484.9284092137736,379.35588484064175,617.3556356955811,,,512.9138760122092,569.8557950901799,709.7519741873778,585.4411819022389,645.936725904932,,512.1748543419782,512.1748543419782,596.6275326733511,1022.6835117799098,632.8970869803333,632.8105940339417,632.8105940339417,734.3081638963197,743.7055055087772,,1076.6167673653345,935.0111507107852,405.11417758466223,609.3350017650595,712.2412037912275,816.0191062993588,751.6963919120881,960.3946401755311,681.8282221067268,738.490691602967,498.3338949608144,731.5053811705652,429.2488109870585,527.4371737059772,327.7045083513155,443.48693962217067,473.74456365843787,743.8409831597993,500.362019001781,634.5408352910868,1089.6552032273755,794.947926263509,597.8149690092694,,454.958204142036,361.0792403811599,387.4296170825289,516.8671710227687,584.0123157177941,601.61091198827,587.8267109852709,,613.9376270553695,305.6059710142467,480.99125034678315,669.8698630983932,467.85285370993887,671.1053140358597,,,884.2437012335996,1067.3477775168299,1029.648587079332,747.1369746487065,632.2565697372103,780.5429810932092,653.8679345701331,418.70397525773257,488.52419139994134,705.2217496328786,485.27475446145024,707.6058355153123
v_19.400000000000002h,690.1289388551968,,,1205.7151085872813,742.7485957814685,447.70084300938487,447.70084300938487,537.3867522108275,602.0238185940306,,816.7991557121034,822.1428986229029,723.2997668610741,665.471710715872,1346.2947601435758,998.8606348667148,440.15809907223286,665.4500729304699,665.4500729304699,555.7329533202421,613.8654420725892,458.84297749597187,442.0712921630914,616.1759570541149,1491.3046164048676,380.4984467853828,618.7320134093893,,,512.915420592379,570.9602575532838,709.9910681609556,587.0432968238954,645.936725904932,,512.1748543203523,512.1748543203523,598.0371307818858,1026.531510070404,632.8936212152098,633.010204887283,633.010204887283,734.308164028543,743.7055055087776,,1080.5757042893583,938.2425921737984,405.11417758466223,609.8949843898445,713.9860555126064,818.3872615075744,752.2119074679956,961.6972351556557,681.8363136337873,738.490691602967,498.3312597323292,731.5053811706246,429.54786949477744,527.4368868726272,327.7045086548672,443.4869396492942,474.4360913454415,743.8409831597993,500.05197597397193,634.5408352910868,1093.5625993889926,794.947926263509,597.866793351367,,455.0353043634133,361.07931320630377,385.24867275465266,517.7836127161496,585.1630602069475,602.8762650965526,589.2329091293833,,613.9546762989029,305.6056734458266,481.90827151117145,671.4899626796938,467.85285370993887,673.0793001542434,,,887.1448819414006,1071.347107537634,1035.414223897689,747.1813893213633,634.5562993718918,783.2333311924765,655.4952258277673,419.4826457318681,489.1624832489133,707.0805704591914,485.9166762569725,709.4292069417429
v_19.500000000000004h,690.1666862788949,,,1211.9080698520618,742.7485957814685,447.6835659710369,447.6835659710369,536.7308752395331,598.5330023155528,,819.17331376995,824.9633453138601,723.2997722166834,667.5520386990565,1354.895701418019,1002.6838219771751,441.1424861256288,666.9111246494688,666.9111246494688,557.0692249067439,613.8654420725892,459.44599038939197,442.7047484830374,615.8487492345947,1497.5777457492559,380.4984467853828,620.1797773760095,,,512.9169893278464,572.048852212125,710.2440293509267,588.8509776452432,645.9367259049334,,512.3280867686923,512.3280867686923,599.411869741929,1030.144423774292,632.8936212152098,634.9816466450751,634.9816466450751,734.308164028543,743.7055055087777,,1084.3931223761558,941.3262376767075,405.13892722478613,609.8949843898445,715.8067322816303,818.3872615075744,752.7278101419596,962.9795873130818,681.8363136337873,738.490691602967,498.3285894476434,731.5053811706861,429.8444467448588,527.4366364114906,327.7045089674168,443.48693953612957,475.12438472074416,743.8409831597993,499.7850843593413,634.5408352910868,1098.3962308591756,795.1405682749424,599.3586017723186,,455.1106755895037,361.0793952832849,387.1718947357433,518.68708085815,586.4156704108067,604.2659449563234,590.6098912911408,,613.971972159717,305.6053719783924,482.8075806696635,673.17836463662,467.5225185147999,673.0793001542434,,,890.768217392297,1076.268568234837,1035.414223897689,747.224712724572,634.5562993718918,785.8011644405999,657.1653721215757,420.24912212809693,489.7887045691371,708.8924274119041,486.55497298281267,711.2105890073437
v_19.6h,692.5260875919023,,,1217.3594477371882,742.7485957814685,448.85659942374696,448.85659942374696,538.8106595503031,602.0457793022456,,821.6224962351839,827.6510560744206,723.2997777578128,669.5425810465706,1365.4617695503948,1006.2564931717735,442.1452072879239,668.3457579139423,668.3457579139423,558.3683490343603,613.9966977306831,460.0451750585191,442.7047484830374,617.976402281985,1503.761719765051,380.42330375267335,621.597795755596,,,512.9185825241522,573.1224018607727,710.4889533891463,590.5583608778177,645.9367259049344,,512.328086749501,512.328086749501,600.7542175816614,1031.1188537705104,632.8908341222054,637.3303236550431,637.3303236550431,735.0663322829229,743.7055055087781,,1088.090305153042,944.2843950318037,405.1682849865943,607.9049525691864,717.7083517644512,817.5348218575372,753.2446370750035,964.2411722495101,681.8432933824258,738.490691602967,498.3258837787655,731.505381170686,430.13749921991774,525.7901041601627,327.7045092889851,443.48693927364434,475.8074357333538,743.8409831597993,499.4883656778415,634.5408352910868,1103.9522234648475,795.0935776487224,600.802365758542,,455.1843350401188,361.0794845388277,387.1718947357433,519.64664869148,587.6833237156528,605.6941573326915,592.1853003797517,,613.9895167488401,305.6050666505877,483.6900650138034,675.0356134469964,468.0924929735954,673.3979050424005,,,894.52858158908,1082.0305492697219,1040.4051642886486,747.2669421460174,634.2677049410983,788.2596194526444,658.7950610396813,420.24912212809693,490.4022281187396,710.7455163257266,487.18966169377626,713.0858679459195
v_19.700000000000003h,694.7450947442624,,,1222.7256911841632,742.7485957814685,450.053562207666,450.053562207666,540.9350481838619,605.4070959623433,,823.9961551827411,830.2230739171966,728.5311761236894,671.4519001664816,1374.107840513779,1010.6322232588682,443.11956045104904,669.7559461039873,669.7559461039873,558.3683490343603,614.1382878439987,460.6406090383832,442.7361611820957,620.0827029464864,1509.868792912485,381.55073582775697,622.9879705123475,,,512.9202004890313,574.1816911483197,710.7259238009829,592.1761434216497,645.9367259049355,,512.328086749501,512.328086749501,602.0664995119159,1034.8737324391238,632.8873195529173,637.3303236550431,637.3303236550431,735.0663323438981,743.7055055087781,,1091.685701270438,947.8823542802155,405.1918434762526,610.1440106954711,719.5752386005709,820.0020767747118,753.8813776161792,965.4814540971016,681.8510128830206,738.490691602967,498.32314239666294,731.5053811707493,430.43244493523207,525.789866433449,327.7045096194696,443.4869388523082,476.4853776350584,743.8409831597993,499.2058025584191,634.5408352910868,1109.1095556411954,795.2707335360363,602.2022186804738,,455.2595438893635,361.0795865551413,386.9069643819726,520.6299085788993,588.9291434196575,607.0894527136219,593.7075599221838,,614.0073121566068,305.60475750535016,484.55657675849716,676.8366932875499,468.6600355099769,675.3672123699986,,,898.0025644333125,1080.3891864225307,1044.8179771834384,747.3080762817098,636.5693763961007,790.6206043731012,660.3873462846942,420.1793918164051,491.0019801629601,712.8039453360082,487.82075957403043,715.1168767052557
v_19.800000000000004h,696.8411181823277,,,1231.552827017083,742.7485957814685,450.053562207666,450.053562207666,538.1462716178542,605.4070959623433,,826.3017968143465,832.6944688173068,728.5311787880887,673.2878589784248,1381.4653133964023,1015.5531649130916,444.06696712508983,669.9906837941297,669.9906837941297,559.6329852412827,614.2900116372493,461.2323679699938,443.3685113950231,622.0667099591586,1515.9100008964717,380.33547988696625,624.3521015101331,,,512.9218435323813,575.2274679276608,710.9550272551892,593.7277310171004,645.936725904937,,512.3280867290255,512.3280867290255,603.3509042729785,1038.9322124067946,632.8837794291244,637.2072387838136,637.2072387838136,735.0663324062878,743.7055055087782,,1095.195283695549,951.7472589896815,405.21481847998194,607.6089156307479,721.4093475181081,822.4136549904991,754.5427640256659,966.6998849020622,681.858521688573,738.490691602967,498.32036497128763,731.5053811708146,430.73318318575264,525.789660677391,327.7045099591071,443.4869382620707,477.15834088823163,743.8409831597993,498.92631007487535,634.5408352910868,1113.936658719528,795.4403676553576,603.6243669579982,,455.3369197335981,361.07969929012734,388.8269733070911,521.5982133366145,591.3600475510954,608.4541444745214,595.1807084635204,,614.0253604505136,305.6044445900497,485.4238244052094,678.5860801100333,469.2251134154468,677.7248897098946,,,901.2380549703361,1086.3188006523383,1045.5357601300711,747.3481152150646,638.9883967472272,790.3405703448786,661.9450860052623,420.94899645236586,491.5885654985152,714.8053996576525,486.9810656162507,717.0949116082257
v_19.900000000000002h,698.8296522611072,,,1238.95874684374,742.7485957814685,450.0081798196041,450.0081798196041,540.2303711060217,605.4535013886524,,826.6539656757284,835.0785390166399,728.531181544168,675.0576596565814,1387.9699356150888,1020.0482700527068,443.07172949098134,671.4299343055611,671.4299343055611,559.8217006436369,614.441151158185,461.820525606175,443.9935199429387,619.7755556320434,1521.8934661263293,381.48365901254914,625.6918905649794,,,512.9235119662013,576.2604446057622,711.1763530111447,595.5614586564892,645.936725904938,,512.3280867044216,512.3280867044216,606.0110996839095,1044.2642518356408,632.880218500348,639.5709666766028,639.5709666766028,735.0663324701244,743.7055055087786,,1103.382304925831,955.3969306791347,405.23721950822153,608.1776145018434,723.212570461303,824.7734525689586,755.200329141609,967.8959030947135,681.86582762939,738.490691602967,498.31755117160657,731.5053811708144,431.03036007177843,525.7894833356188,327.7045103081396,443.48693749233144,477.82645315396593,743.8409831597993,498.625757624996,634.5408352910868,1118.4913264374593,795.6207437767783,605.2141226812336,,455.4125493553745,361.0798232669013,386.6577907406798,522.5523121223231,592.5473690151672,609.7904060338743,596.6085293971624,,614.0436755089643,305.6041279566249,486.3575349446782,680.2879454920902,468.34997508874943,680.0129318930191,,,904.275572125735,1091.8478809365558,1050.0439534642721,747.3870603928161,641.2254281357405,792.8003673484692,663.4709550967099,421.706781385378,492.162560415458,712.410226403175,487.6074227261888,719.0238993123096
