Angular_Width,35.0,30.0,43.0,60.0,30.0,46.0,46.0,56.0,50.0,38.0,72.0,69.0,36.0,55.0,60.0,50.0,31.0,30.0,30.0,47.0,27.0,31.0,30.0,32.0,66.0,35.0,58.0,30.0,30.0,35.0,40.0,40.0,25.0,63.0,29.0,45.0,45.0,39.0,45.0,27.0,22.0,22.0,50.0,29.0,37.0,47.0,45.0,40.0,41.0,38.0,43.0,50.0,58.0,45.0,45.0,37.0,35.0,26.0,29.0,22.0,19.0,24.0,27.0,17.0,30.0,41.0,50.0,27.0,11.0,35.0,38.0,45.0,31.0,45.0,61.0,35.0,35.0,46.0,30.0,41.0,49.0,32.0,58.0,39.0,45.0,43.0,44.0,45.0,45.0,45.0,40.0,45.0,42.0,45.0,19.0,29.0,45.0
Velocity,920.0,950.0,830.0,1950.0,650.0,600.0,600.0,720.0,1507.0,1150.0,930.0,1020.0,301.0,815.0,2250.0,1364.0,535.0,730.0,730.0,650.0,570.0,447.0,450.0,825.0,1485.0,520.0,675.0,300.0,300.0,440.0,600.0,610.0,790.0,851.0,396.0,202.0,202.0,676.0,1400.0,236.0,917.0,917.0,296.0,576.0,354.0,1250.0,1155.0,329.0,567.0,744.0,861.0,780.0,850.0,483.0,350.0,243.0,487.0,375.0,386.0,260.0,309.0,471.0,594.0,262.0,232.0,1383.0,680.0,717.0,275.0,393.0,287.0,649.0,561.0,628.0,677.0,702.0,422.0,553.0,247.0,539.0,767.0,452.0,920.0,750.0,749.0,1204.0,1494.0,1651.0,635.0,901.0,934.0,729.0,466.0,523.0,786.0,467.0,782.0
Observed,470.0,510.0,500.0,540.0,470.0,390.0,430.0,390.0,580.0,370.0,450.0,450.0,370.0,440.0,680.0,440.0,410.0,500.0,420.0,390.0,380.0,390.0,430.0,360.0,520.0,520.0,410.0,430.0,430.0,350.0,430.0,400.0,480.0,490.0,490.0,510.0,540.0,360.0,600.0,390.0,380.0,380.0,390.0,370.0,460.0,610.0,550.0,490.0,500.0,510.0,430.0,500.0,440.0,370.0,420.0,390.0,360.0,360.0,410.0,330.0,410.0,470.0,450.0,380.0,330.0,440.0,510.0,410.0,340.0,380.0,390.0,480.0,370.0,460.0,410.0,380.0,460.0,520.0,380.0,440.0,490.0,380.0,650.0,490.0,450.0,520.0,550.0,480.0,450.0,380.0,500.0,490.0,430.0,510.0,440.0,370.0,460.0
Spheroidal,455.51558568315994,,,703.3704742926202,514.8862544606275,542.1400394001714,542.1400394001714,515.8728954158211,381.6217165658249,,568.093032336563,482.63420805535225,398.2265136518419,483.5112433141707,570.9900321269344,657.2243922045717,473.87415106459514,374.4990718278624,374.4990718278624,443.7591522362965,590.6358869588655,497.05611996033304,354.07970518959604,449.83361425048554,577.911019861387,407.1305904574128,567.3664593561584,,,505.75172797152476,390.51632199429537,524.5046083092135,577.4487937810707,493.2525067154498,,451.9738576383303,451.9738576383303,414.165780608039,395.4583305185782,611.3255997032858,523.214204812462,523.214204812462,353.3083838830086,668.3548826016033,,470.4252243066164,515.9586013137059,586.927278552427,481.6923278421263,464.15647269732847,413.9371432743716,648.9352626390598,574.1905704839371,517.2253633826933,616.6547135511465,403.70157289613746,490.99377298174034,434.38531173130133,362.737403836082,326.45576379535305,341.52177831227374,338.53705518586764,374.2570544545494,476.39409241179095,499.5059586347171,390.06507161664877,619.5497698825562,635.0376152574902,,482.65174332728293,401.6387674298206,394.41559763880184,620.1013355467238,452.8912936120022,595.6679293233562,428.8735772835751,,400.8918024915671,506.863839705117,612.5390731560867,649.0238062248383,563.144367300717,486.793856443345,,,579.67318551821,457.44541759295447,431.41810352350296,441.2640100007937,668.5628200494583,508.8182883690891,532.3998631660376,579.0446704651849,464.6344318286164,565.4986005309382,390.4148306605923,405.6639708326473
v_0.1h,,,,703.3696782340456,514.2017026184656,542.1397844484169,542.1397844484169,,,,327.21742348623087,374.7483679802431,420.36150316213013,431.36601960891073,570.9835909181428,656.9456593584799,,481.14694909663217,481.14694909663217,443.75914766374245,590.6314070954953,490.1136197875451,,,418.68173844314833,,433.63449578755615,,,477.92741736177857,482.61012223070657,453.39414200786314,577.4467951430034,,,,,,347.82398736300314,611.3255997032858,,,346.5439900793833,,,395.89021510184557,393.65209284294707,587.4361701208792,481.6923278295957,440.3842624123603,362.95280321541674,540.3410744644192,632.7173425239092,517.2253633826757,617.0186605722974,487.7839494321454,,434.3852996863152,336.474800377257,326.4013470962692,383.256332969817,341.96019205974824,401.771810972999,484.2504051135692,,300.1636281431337,535.1854734882259,635.0376152574893,,474.78840073705976,408.83416879066533,398.3567961909584,,482.2033308114944,388.909943516721,387.1883163898452,,380.536538084346,506.863839705117,558.6697614650582,,,,,,579.6731832955793,368.59367086883736,376.3093460867542,428.08000268770337,663.4880927278869,428.73107147362913,529.8022461783855,589.6929903562718,,565.4985924876518,413.8905954083396,397.48961430940454
v_0.2h,352.80382145635735,,,703.3697595353669,514.2024310021347,542.1397845861127,542.1397845861127,515.8728949100661,388.28139424485306,,329.5321008126585,374.7506379531885,420.162985602771,429.3019176296561,570.9836425742549,656.980800261971,428.8733286486036,481.1469490970645,481.1469490970645,443.7591478214262,590.6316054495496,490.2420843213101,325.81934853095885,412.45608206936237,418.9022966311525,391.031498059627,433.63449579225954,,,478.8717995104957,482.610122249339,454.58431705280015,577.4468012489937,434.3759738379442,,452.6447023341955,452.6447023341955,360.14724855366103,347.82398822391224,611.3255997032858,592.7891762694927,592.7891762694927,346.5439900793833,668.7134125715633,,396.2077420407646,399.0012512062206,587.4361701208792,,440.3842624123603,362.95280321541674,540.341082590727,632.7173425239092,517.2253633826757,617.0186605722974,487.7839494321456,530.5908703705127,434.3852997760982,336.54099678863173,326.40287209714023,380.23965578491067,340.63124954877156,401.77181097436807,484.09092430378865,499.5062766795316,304.92788923073135,536.6102078216843,635.0376152574893,,474.9227990297136,408.8335718818828,,619.9863667582639,482.2036313009662,392.948952422215,388.0695946598018,,379.49905669645517,506.863839705117,560.7785024073748,527.0307911406424,563.1442807454307,373.545995552749,,,579.6731833052689,363.5392962930349,376.31290140407566,428.08007229283635,663.8089661638417,430.5776945485191,530.0295877606608,588.806084294541,437.0189132811853,565.498593647025,413.8905954083398,397.9396083955547
v_0.3h,360.16425011592213,,,703.3698111301082,514.2024310021347,542.1397872700196,542.1397872700196,515.8728949200787,388.28139424485306,,331.8931429082195,374.75241289795736,419.9655375544348,426.0524620111948,570.984851184081,657.0054641073494,430.4741974277998,481.146949097448,481.146949097448,443.7591479614861,590.631620520952,490.36680145502237,325.8260493598065,414.5961409983172,419.058377659912,391.031498059627,433.63449579280694,,,479.17369817570585,482.6101222662782,455.79325312432826,577.4469746335154,434.3759739998086,,452.6447014108856,452.6447014108856,360.1472767235399,347.82398884819,611.3255997032858,586.1204091727208,586.1204091727208,346.62024414520994,668.7134125715633,,397.12583434761956,403.95267630947893,587.4356688034535,481.69232782961626,440.11389047821376,362.9529013962256,540.3410900803904,632.7173425239092,517.2253633826757,617.0186605722974,487.7839494321459,530.5908703705127,434.38529986889654,336.6063453934761,326.4043813449542,376.9204826811392,340.00574256500744,401.77181097563135,483.92832287926296,,309.663802202969,536.6102078216843,635.0376152574893,,475.0653081428665,408.79806811718487,398.3567961909622,619.9891821499535,482.2038984538693,396.4150308019881,388.9230886047807,,377.721502121854,506.863839705117,562.8989942082493,533.2336893684095,563.1442848339043,368.46955365563366,,,579.6731835547268,359.53113958311064,376.31290140407566,428.08013608443645,663.810409445135,432.51912916107534,530.2217341643129,588.7116718241726,437.11041373624363,565.4985937055117,413.89059540834324,398.3188488599386
v_0.4h,368.52128709704186,,,703.3698458356419,514.2687339512706,542.1397872700196,542.1397872700196,515.8728949207444,381.6216533212144,,334.29941588846725,374.753812732643,419.42887327174606,426.0524620111948,570.9855356725316,657.0233341347971,432.88543218485836,481.1469490977902,481.1469490977902,443.75914808641204,590.6318156556389,490.4879451979409,325.8323607768134,414.6162421834263,419.1752241259068,390.9234349769254,433.6344957975133,,,480.13214943382735,481.1137061569551,456.9985809477758,577.447129455402,434.37597414233255,,452.64470132117196,452.64470132117196,360.14730187006194,347.82398931058543,611.3255997032858,576.6170487883862,576.6170487883862,346.62043940155945,668.7134125715633,,398.50544638926016,408.2183695133825,587.4351421225052,,439.86326517897874,362.95291050243765,540.3410970394103,632.7173425239092,517.2253633826757,617.0186605722974,487.7839494321462,530.5908703705127,434.3852999648814,336.6711146646459,326.4058750003574,376.92048268641656,338.8313481752651,401.7718109768034,483.7695395067766,499.5062766269726,314.2618643716608,538.0852185005747,635.0376152574893,,475.2116414538689,408.76137142963034,398.35679619096635,619.9919053493055,482.20413682934117,400.6576356706401,389.74955648356536,,373.889322550986,506.863839705117,565.0264651290299,539.4323059166292,563.1442887023289,368.48086017832884,,,579.6731837451622,364.24808821808847,376.3152390644041,428.0801421119329,663.810409445135,434.5929152987251,530.3844980342661,588.6172700595409,437.19666326191094,565.498594717503,413.89059540834677,398.6880498542716
v_0.5h,377.58443063318214,,,703.3698708632086,514.2701239102839,542.1397898440035,542.1397898440035,515.8728949207444,381.6216541643419,,336.7447372614705,374.7549203421492,419.23492965810345,422.78811402968296,570.9859407076059,657.0366453246506,435.305857744924,481.14694909809845,481.14694909809845,443.75914809936876,590.6320014378445,490.6056811897429,325.83831645391376,416.86582567932425,419.25759373599806,392.0999066569125,433.63449580200165,,,480.440178589885,468.34956941111295,458.23352300546725,577.4472687172624,432.6453855167526,,452.64470024964425,452.64470024964425,360.1473244479049,347.8239896663063,611.3255997032858,586.1204091727208,586.1204091727208,346.6968431142081,668.7134125715633,,400.22291764121474,412.3899170539841,587.4345888945576,481.6923278296376,439.62545243789106,362.9529990815801,540.3411035127792,632.7173425239092,517.2253633826757,617.0186605722974,487.7839494321462,524.5722040770809,434.38530006423224,336.7410213489845,326.4073532030885,373.32303266246515,337.755787930645,401.7718109778971,483.6038650188433,,318.7239184009226,539.5927109382944,635.0376152574893,,475.3567363058663,408.72672373952946,398.35679619096635,619.994548549111,482.20435039216,404.9749815374863,389.74955648356536,,369.7606779580081,506.863839705117,565.4437359000374,545.5380721026114,563.1442888751172,368.4901385026694,,,579.673183893151,369.0455175332537,376.31683324147843,428.0802025248519,664.069327326444,436.82325337035377,530.5534944570788,588.6172700595409,437.2781217099816,565.4985955860203,413.34573347865177,398.994496332471
v_0.6h,385.3250455475849,,,703.369891107713,514.3294128140078,542.1397902594598,542.1397902594598,515.8728949299566,381.6216669614234,,339.19290903642985,374.75581666385256,419.2414736746345,422.7619975329517,570.9861958895827,657.0465850976283,434.5161465953118,481.14694909837834,481.14694909837834,443.7591482138059,590.6321789220458,490.7278434529134,325.84394723064077,416.86582567932425,419.3157463513046,392.0999066569125,433.6344958063132,,,480.7499795375596,420.80999605169484,459.455721667378,577.447393778772,433.5599693243274,,452.64470024964425,452.64470024964425,360.1473448494405,347.7869525840577,611.3255997032858,578.0602635629738,578.0602635629738,346.77329781447474,668.7134125715633,,402.1880185608995,416.60781299867705,587.4340078806093,481.69232783022795,439.39476407854767,362.953076501876,540.3411096421014,632.7173425239092,517.2253633826757,617.0186605722974,487.7839494321462,524.5722040770809,434.38530009053335,336.7527046418457,326.4073482779091,373.32303266411066,336.7738562771223,401.7718109778971,483.44222409218276,499.50627656359245,323.2172153671865,541.1377398108599,635.0376152574894,,475.50061724735764,408.6913014333678,398.3567961909705,619.9971231769002,482.20454258690285,408.6194605652229,390.5528105628786,,362.6294690129982,506.863839705117,567.5858844085816,551.4680382777614,563.1442925925674,368.49782424214055,,,579.6731840115145,373.7255246559014,376.3179645081332,428.08025838325256,664.3342775489022,439.242381930089,530.7080255619816,588.5229322892943,437.3552101988629,565.4985963366253,412.1210262626904,399.2871265258575
v_0.7h,393.13356174410944,,,703.369891107713,514.3294128140078,542.139792869942,542.139792869942,515.8728949309398,381.6216669614234,,341.64460433960824,374.75654999654915,419.05029203268634,422.7620366223045,570.9863897211275,657.0545784006708,434.5161465953118,481.14694909863476,481.14694909863476,443.7591483169197,590.6323490727839,490.85681728211057,325.8492813875097,419.20277463448036,419.36026413490134,392.005135626594,433.6344958104854,,,481.7233477286933,376.7394302050675,460.71249645855005,577.4475083607032,427.1963775882659,,452.6446990700493,452.6446990700493,360.1473634131488,347.295219431144,611.3255997032858,567.5351893027953,567.5351893027953,346.86809991244684,668.7134125715633,,404.288870499462,420.7227074043106,587.4333977831054,481.6923278296594,439.28064107975825,362.953076501876,540.3411155003171,632.7173425239092,517.2253633826757,617.0186605722974,487.78394943214664,530.5908703705127,434.3853001991373,336.7527046418457,326.40880938630784,369.48299534415696,335.8796394675665,401.77181097892293,483.2750719672439,499.5062751316846,327.7647190611947,542.741902829645,635.0376152574894,,475.64330806208034,408.6547074879476,398.3567961909705,619.9996399671164,482.20471640400757,412.28531436594284,391.3374201930332,,356.3686749252341,506.863839705117,569.722775518277,555.8807053501065,563.1442925925674,368.50421187477684,,,579.6731841086207,378.54943922056066,376.3187920303563,428.0803102839627,664.6072011035516,441.7894195346807,530.840017040274,588.4287115454741,437.428314804631,565.4985969905252,412.1210262626904,399.5397288791285
v_0.8h,399.953397380987,,,703.3699088369752,514.3873760182202,542.139792869942,542.139792869942,515.8728949394762,381.62166805368275,,344.14205261312816,374.75716851885215,418.52513853843186,422.76207078781925,570.9865579162151,657.0610193627525,436.9440888709312,481.146949098872,481.146949098872,443.75914841036433,590.6323490727839,490.98233158250963,325.84998813572884,419.23545998303365,419.39437626345483,393.168872227574,433.7139679071654,,,482.03872097812587,336.9507452644831,461.9571033162719,577.447613490916,427.1963775882659,,452.6446988675276,452.6446988675276,360.14738043102477,346.26094203537696,611.3255997032858,557.9950462761316,557.9950462761316,346.773644776981,668.7134125715633,,406.5703085941655,424.9636610530052,587.4333050770736,481.6923278302702,439.28064107975825,362.9530929547607,540.3411211167186,632.7173425239092,517.2253633826757,617.0186605722974,487.7839494321468,524.5722040770809,434.385300311654,336.8239208619366,326.4102549696765,369.4829953535151,335.06713315802097,401.7718109798923,483.10855527584175,499.50627649554974,332.2547318811493,542.7824668655146,635.0376152574894,,475.78673868595985,408.6169152967753,398.35679619111016,620.0021090259376,482.2048744383522,415.95543054188795,392.09767377807316,,349.7979898388476,506.863839705117,571.8468575179746,560.1914304607118,563.1442961201425,368.5056435402792,,,579.6731841897521,383.2840387422449,376.31945294779047,428.08035875957216,664.8204584875618,444.3654181673796,530.9518433874696,588.4290201339886,437.4977898586439,565.4985975653032,410.0342312818371,399.7492482849955
v_0.9h,399.09340776623657,,,703.36992535642,514.3904391406795,542.1397954021929,542.1397954021929,515.8728949394762,381.62167703546515,,346.65945156813876,374.75769696984105,418.33758679947215,422.7621012812559,570.9867123885216,657.0665384874438,439.3675017936781,481.1469490990923,481.1469490990923,443.7591484955739,590.632512773846,491.10408936744074,325.84998813572884,421.64659388617576,419.4224459582971,392.0090915904848,437.5691380560538,,,483.0193809344836,320.474324982058,463.2276702321038,577.4477126164105,416.5664776812388,,452.64469751192166,452.64469751192166,360.1473961550627,345.1645883289004,611.3255997032858,559.6022197072025,559.6022197072025,346.8502257601707,668.7134125715633,,408.8674886654264,429.0924786524737,587.4326459913486,481.692327830314,439.0525415642783,362.9531642616757,540.3411266195293,632.7173425239092,517.2253633826757,617.0186605722974,459.4391761183117,514.7751783524881,434.3853004282929,336.894318720912,326.41168509063266,365.4469302506411,334.98671017239724,401.7718109801965,482.93930144896274,499.5062749891212,336.8662751785336,544.4278090315304,635.0376152574894,,475.94172425961307,408.57789794773873,398.3567961911183,620.0045398891052,482.20501894095355,419.60997176176744,392.17321850495375,,343.4277327975255,506.863839705117,572.3090439442811,564.2450880946174,563.1442963989424,369.1653084875534,,,579.6731842608003,388.147462363047,376.32000747068946,428.08040428537777,664.8233834371302,447.00322850936834,531.0483021966082,588.3346259177894,437.5639608828099,565.4985980714907,410.830909613481,399.95464258577294
v_1.0h,404.93121844545436,,,703.3699413562184,514.4502523716526,542.1397961039955,542.1397961039955,515.8728949471971,381.62167703546515,,349.16407647249815,374.75792077343067,418.15145461748904,422.7621286546402,570.9867123885216,657.0714088448517,441.0102305070206,481.09351449897144,481.09351449897144,443.7591485737906,590.632670836354,491.2222361724717,325.8551411565419,424.09502378412435,420.01850675410316,393.17259798515045,439.4792076348251,,,483.3391659234893,312.45213111471827,464.49373579013877,577.4478061722367,400.24875615580515,,452.64469751192166,452.64469751192166,360.8711579316211,343.8417898990443,611.3255997032858,559.6022197072025,559.6022197072025,346.9453248112269,668.7134125715633,,411.30825582612124,433.2450032040759,587.4319540301288,481.692327830314,438.8222983533574,362.9532277459609,540.3411319674387,632.7173425239092,517.2253633826757,617.0186605722974,459.4391761183123,524.5722040770809,434.3853005492747,336.9639446320859,326.413099789935,361.27065947718614,334.9867616970204,401.77181098115074,482.76825785355607,499.50627642441015,336.80291191640487,546.0873593807474,635.0376152574895,,476.0954652302296,408.5376282278207,398.3567961911183,620.0069415731302,482.20515186434807,422.5446996314622,392.92196676817275,,339.5208427060058,506.863839705117,570.2265368184128,568.1616711009237,563.1442997984082,369.1653084875534,,,579.6731843237436,392.94153735438385,380.5543362361086,428.08044728574777,665.05723270221,449.72976076424777,531.1318823410063,587.331619551032,437.62712719308377,565.4985980714907,408.12884053501875,400.1321799325116
v_1.1h,409.80489400393486,,,703.3699572183103,514.4502523716526,542.1397987021139,542.1397987021139,515.8728949487449,381.62167831193483,,351.6449133276689,374.75838389524114,417.96684582101796,422.76215383649037,570.9868427193949,657.0758169927481,441.00748862382693,479.4350859643339,479.4350859643339,443.7591486460922,590.6328240058805,491.34139336370265,325.8600368223096,424.09502378412435,424.57298199722214,394.2351542878997,441.39634931295114,,,484.64535509287896,315.12317627093336,465.77653903626856,577.4478484303114,380.02456360750324,,452.64469723872344,452.64469723872344,362.5171366619537,345.2664845735531,611.3255997032858,549.9321868068215,549.9321868068215,347.0222983836824,668.7134125715633,,413.757098436369,437.28279976021514,587.431227648733,481.6923278309011,438.7057007869933,365.0785126441107,540.3411372814052,632.7173425239092,517.2253633826757,617.0186605722974,459.4391761183127,519.3249803624777,434.38530067482765,337.0328435664298,326.41449908623366,357.01671665857054,334.98681078547395,401.7718109820636,482.5964229990773,499.5062748400662,341.33051213377996,547.7966637070593,635.0376152574895,,476.24798354847,408.4960786290675,398.35679619112665,620.0093226204269,482.20527490221167,426.1058536654787,393.6497652290456,,336.0032943998571,506.863839705117,572.3659926134478,570.9928985158939,563.1443030330437,372.18702512507645,,,579.6731843823803,397.74343542908116,384.9079676304554,428.080488139864,665.05723270221,452.38944294531404,531.2046591901021,587.2382177291671,437.6875642045569,565.498598526472,404.49572569551646,400.28375961177727
v_1.2h,414.23931475402355,,,703.3699727241602,514.5035207912586,542.1398012517095,542.1398012517095,515.8728949560175,381.6216848348427,,354.1522629488887,374.75879986026956,417.45359965882284,422.7621771243252,570.9869936488319,657.0799498148951,443.4067415256362,476.5983269966242,476.5983269966242,443.75914871341377,590.6328816671742,491.46992509514024,325.8646985341786,424.132606580652,429.09871231492474,393.09436114832135,443.3196255345241,,,484.96932361906784,317.39923498854057,467.06331980961386,577.4479397302088,386.98300743703055,,452.64469568880867,452.64469568880867,364.1504080795747,348.70319936053943,611.3255997032858,541.9181148428106,541.9181148428106,347.0992934215227,668.7134125715633,,416.2567756990621,441.3691586341585,587.4304652278919,481.6923278309668,438.46862190974144,364.97304299662545,540.3411425978271,632.7173425239092,517.2253633826759,617.0186605722974,459.43917611831307,514.7751783524881,434.38530080518865,337.10105903677504,326.41449908623366,352.7510735893442,334.986857696705,401.7718109829423,482.42120647333303,499.50627310100896,341.33051213377996,549.5396495390224,635.0376152574895,,476.3993005999405,408.4532213556413,398.3567961912593,620.0116911390754,482.20538952377956,428.99006434231444,394.356631298227,,332.93339248417345,506.863839705117,574.4822666338383,574.3911752184481,563.1443030330437,375.2486255130662,,,579.6731844374805,402.6105227480723,389.24029654165946,428.08052718685417,665.2837959538765,455.10834353814425,531.2683673951451,587.2382177291671,437.70480726155307,565.4985986980579,400.0135704980963,400.4132344560729
v_1.3h,414.23931475402355,,,703.3699892835065,514.5077138017064,542.1398012517095,542.1398012517095,515.8728949560175,381.6216896661648,,356.6852279427892,374.7591809502448,417.2727006090043,422.7621986848848,570.9871420502245,657.0839047288888,445.04311126583457,471.88255122828264,471.88255122828264,443.7591487765683,590.6330355720236,491.594854390162,326.1659144357805,426.62625860466636,433.5365765647628,394.238526248296,445.247961475069,,,485.9527314378932,319.65235085616325,468.35660738172953,577.4479397302088,379.04900193788626,,452.6446940000648,452.6446940000648,365.77264110277326,352.0696861402939,611.3255997032858,535.5938499034688,535.5938499034688,347.004027988838,668.7134125715633,,418.8006331100035,445.31369220423016,587.4304652278919,481.6923278309668,438.46862190974144,364.97304299662545,540.3411479069704,632.7173425239092,517.2253633826759,617.0186605722974,459.4391761183135,519.3249803624777,434.38530094060627,337.1686330770062,326.4158829757874,348.5394975995668,334.9869026669655,401.6965507234943,482.246462412602,499.5062746842298,345.9157760901902,551.3172341311329,635.0376152574896,,476.5494372270356,408.40902833183617,398.3567961912593,620.0140548380061,482.20549700364785,431.84456472279203,395.0519779466762,,330.3329133590223,506.863839705117,574.9684474954369,577.0518529925266,563.1443061156937,378.31921505921434,,,579.6731844906935,407.37309474232796,393.55813905673085,428.0805647303441,665.473319398047,457.8235736362811,531.3244597588564,587.2376259305098,437.7698210030896,565.4985991211735,394.88633164730675,400.53660873550575
v_1.4h,418.13411619964984,,,703.3700061585738,514.555750055609,542.1398022551185,542.1398022551185,515.8728949578626,381.62168625419963,,359.14271207181923,374.7595331442649,417.09342467778396,422.76221922713387,570.9872902459141,657.0881668678799,445.04311126583457,464.92962611054793,464.92962611054793,443.7591488362616,590.6331857192699,491.71636425846833,327.16596965585654,429.13323015863466,442.14244074271045,395.2952587757851,447.1801463901391,,,486.2789494119851,321.8727225242415,469.6635795322398,577.4480283872837,381.47386346878056,,452.6446940000648,452.6446940000648,367.3970033414342,355.43980595649515,611.3255997032858,535.5938499034688,535.5938499034688,347.0996300529492,668.7134125715633,,421.3165691958771,449.20440833236853,587.4296650698815,481.6923278310346,438.34788653833874,367.6074954473155,543.1999392684976,632.7173425239092,517.2253633826759,617.0186605722974,459.4391761183139,514.7751783524881,434.38530108133693,337.23821938158403,326.4172514321375,344.4439611203706,334.9869459120056,400.76834961834845,482.06742936432136,499.50627285610057,350.4792926484267,553.1384406455861,635.0376152574896,,476.71173048368246,408.3634712109807,398.35679619127177,620.0164210583713,482.2055984475451,434.65861151837174,395.73368268366534,,328.1933998426954,506.863839705117,577.0624923709289,576.2195125151818,563.1443065351581,381.30603412924665,,,579.6731845427989,412.09972586231095,393.64229240269174,428.08060104249995,665.652865423277,460.52991540777913,531.3737827375633,587.1441530583745,437.8359965700988,565.4985995082121,391.262416668889,400.65106815942727
v_1.5h,421.27142282164203,,,703.370023458667,514.5987676564241,542.1398049013842,542.1398049013842,515.8728949647779,381.62169117412395,,361.6300400296525,374.7598655573411,417.09342467778396,422.76223898192495,570.9874404188697,657.094422304164,447.39598481066565,455.61821435491044,455.61821435491044,443.75914889273156,590.6333327142399,491.83462885686885,327.15550932511087,429.13323015863466,446.2039389322049,394.24121633790065,449.11482852901753,,,486.60621475298933,324.0492370729575,470.96536441547204,577.448114280316,381.47386346878056,,452.6446935724297,452.6446935724297,369.01062691410596,358.751834489576,611.3255997032858,535.5938499034688,535.5938499034688,347.1766689832773,668.7134125715633,,423.83307235242444,453.0887674902281,587.4288253944591,481.6923278310346,438.2255730330687,370.3402766848198,547.657934502289,632.7173425239092,517.2253633826759,617.0186605722974,459.43917611831415,510.8413933339772,434.38530122764763,338.0703324125313,326.4186044057452,344.4439611203706,334.9869876290364,399.4882503499574,481.8896042696781,499.5062726000527,355.033059332753,554.9555706946036,635.0376152574896,,476.8743829104148,408.31678638472056,398.35679619127177,620.0178540794732,482.2056948146212,437.4201813381668,396.4102138223683,,326.52505355664806,506.863839705117,579.110493442748,578.694888775524,563.1443095199583,381.3051900726068,,,579.6731845947329,416.8383777307056,397.9575237245196,428.08063609457,665.6631201806059,463.2237362379302,531.4174727177664,587.0506976663139,437.8997048284687,565.4985998701659,393.0860238857236,400.75228115444594
v_1.6h,424.35152950514765,,,703.3700412530235,514.5604503717719,542.1398075276643,542.1398075276643,515.8728949711965,381.6216949120423,,364.130187284102,374.7601865475056,416.9158622191698,422.7622581048082,570.9875935589877,657.1006483758708,449.0133694387582,444.24709161181977,444.24709161181977,443.75914889273156,590.633477115441,491.9538695029774,328.18624364928723,429.1720869725688,450.17687524325726,395.29739431751136,451.023131232453,,,487.58415533876774,325.9146057386687,472.29222625873575,577.4481988630412,383.86345375342125,,452.6446916571979,452.6446916571979,370.62806839912764,362.0209486976086,611.3255997032858,529.3599353459125,529.3599353459125,347.2537192732536,668.7134125715633,,428.9740776295272,456.8847501166034,587.4285995898654,481.6923278316213,438.2255730330692,373.13347648555776,550.8458602940444,632.7173425239092,517.225363382676,617.0186605722974,459.4391761183148,510.8413933339772,434.385301379816,339.5231464011484,326.4199418235907,340.51951152641584,334.98702799847433,397.62644183233294,481.7071113363898,499.5062726000527,359.54393049304355,554.9555706946036,635.0376152574896,,477.0335243207232,408.3079284163602,398.3567961912846,620.0203269993608,482.20578693675225,439.67754233747837,397.08716612062875,,327.1399695992282,506.863839705117,579.6241347097632,581.6411797821677,563.1443123741196,384.32781892824386,,,579.6731846469264,416.780916048613,402.2361779391595,428.08067043030127,665.8671316358219,463.37450277457873,531.4568561898958,586.9573105424532,437.96118349693865,565.4986002104623,393.0860238857236,400.8426477878008
v_1.7h,423.9456035924074,,,703.3700595849353,514.6038985130544,542.1398101481379,542.1398101481379,515.8728949711965,381.6216965164859,,366.5376907475401,374.76049756486515,416.74009918872326,422.76227668636307,570.9877504506209,657.1068814775871,448.9815322132238,431.60908193155785,431.60908193155785,443.7591489469823,590.633619438527,491.9748213126437,329.19023713362157,431.7402423207466,454.08957762217005,396.3454290811402,452.90400081763596,,,487.91276265554205,329.81364215786067,473.60024093201883,577.4482828175277,386.30717474849735,,452.64468958188934,452.64468958188934,372.22826789519934,362.0723487675636,611.3255997032858,523.214204812462,523.214204812462,347.25402582489266,668.7134125715633,,431.5109785720864,460.5776312475494,587.4276924064548,481.69232783171174,437.9760312467965,373.0054413448638,555.0147173826274,632.7173425239092,517.225363382676,617.0186605722974,459.4391761183148,510.8413933339772,434.3853015381309,339.04283059754886,326.421263588734,336.8119185955147,334.98706718551887,395.1683042484821,481.5261931663107,499.50627233236736,364.0806898212119,554.9637269868389,635.0376152574897,,477.18901124191984,408.2632791885416,398.3567961914117,620.0228159079896,482.20587553529697,442.3510516547614,397.7712852603301,,328.45467065423196,506.863839705117,581.6221416652504,583.5759177533159,563.1443151080098,387.3568944857955,,,579.6731846997511,421.48957982692025,406.50914227786706,428.0807042388555,666.0419357696796,466.0279616269811,531.4928279144438,586.8640423640239,438.0206515260552,565.4986005309382,390.3311989211935,400.924448602418
v_1.8h,426.9915292230004,,,703.3700784880878,514.64293140854,542.1398088549565,542.1398088549565,515.872894973564,381.6216965164859,,368.9728037692329,374.76080365499104,416.2398452609224,422.7622950229702,570.9879115887346,657.1131448622999,450.58534586244815,418.83762054917077,418.83762054917077,443.759148999462,590.633760159865,492.1045283793896,329.19023713362157,434.3380352784998,457.8474028032713,395.2986467224448,454.8081943264665,,,488.24233321914693,331.604960180554,474.9469128063042,577.4483666235219,386.3549136147921,,452.6446873379204,452.6446873379204,373.8342019024223,365.32125583036014,611.3255997032858,523.214204812462,523.214204812462,347.25402582489266,668.7134125715633,,434.02340875460305,464.2580680020348,587.4267404703893,481.69232783171174,437.8487661595815,373.0054413448638,558.1860823937498,632.7173425239092,517.2253633826762,617.0186605722974,459.43917611831534,507.4424663406871,434.3853017028906,340.4838631876306,326.421217892071,333.35627510003206,334.9871053415642,393.72166476480726,481.3405952733886,499.50627233236736,368.5193920931564,556.7578225393164,635.0376152574897,,477.3409344635016,408.217272515962,398.3567961914117,620.0253274438564,482.2059608004362,444.88200778122876,398.4735903835349,,329.7729042912724,506.863839705117,582.1509331421917,585.8344213976169,563.1443128831665,390.38229633991887,,,579.6731847534397,426.20486885853876,410.7282044203345,428.0807272633896,666.0419357696796,468.70028682435384,531.5254729121882,586.8640423640239,438.0783105364686,565.4986008409578,390.3346307620003,400.9636636242606
v_1.9h,430.1733875961897,,,703.3700979865267,514.6781163499711,542.1398116109544,542.1398116109544,515.8728949797407,381.6216996378793,,371.4522661685482,374.7611073204283,416.26246966396684,422.762313254274,570.9880772604957,657.1194601130264,452.1794074667099,412.7645315594639,412.7645315594639,443.75914903379925,590.6338997197547,492.2309833699736,330.22856093508585,436.8706269384225,461.52250287936107,396.34539427572884,456.6989954721188,,,489.2089155236053,333.4968840175019,476.26610517411115,577.4484507822003,388.8392593277998,,452.644688970706,452.644688970706,375.4301353256575,368.50753097990344,611.3255997032858,517.1544562440041,517.1544562440041,347.3310943319139,668.7134125715633,,436.5429854735684,467.8513179238356,587.425741653446,481.6923278318054,437.7198419158908,375.7528269682049,561.1485079297723,632.7173425239092,517.2253633826763,617.0186605722974,438.7094360724036,507.4424663406871,434.38530187379,341.4194315835567,326.4225178802752,330.1765706620084,334.9871426054756,390.4310147912522,481.1567332275833,499.50627012201505,372.98966028003366,558.5681019737174,635.0376152574898,,477.500917451787,408.1698802331449,398.3567961914288,620.0278679598244,482.2060438084247,447.0579776295211,399.20924022748255,,332.41190475661796,506.863839705117,584.0811875543639,587.9009222061403,563.1443156568898,393.3036610252877,,,579.6731848082642,430.76683994929425,414.9245679017332,428.0807617500531,666.1899861537453,471.3741842868412,531.555694030525,586.8638833815753,438.13434613650674,565.4986011408744,390.33800539895384,401.0384710719799
v_2.0h,433.3847624839184,,,703.370118102807,514.6484939466045,542.1398143750642,542.1398143750642,515.8728949855944,381.62170132947136,,373.8077181240249,374.7614097887068,416.0924007107755,422.7623291666259,570.9882476709996,657.1258379399761,453.76143783157465,412.7645316463533,412.7645316463533,443.7591490861899,590.633991353957,492.35435001561603,331.23587739288996,434.36984868052025,465.09415547803405,396.3442643853524,458.61485106374204,,,489.53883097659934,335.1913305006456,477.59956221482344,577.448536147894,391.3209253878195,,452.6446866342981,452.6446866342981,376.9767406423222,371.6740529160049,611.3255997032858,517.1544562440041,517.1544562440041,347.4081637840519,668.7134125715633,,439.08556071741225,471.4173372095018,587.4246937223875,481.69232783239465,437.58927732792296,378.56660260148993,564.2187145727947,632.7173425239092,517.2253633826763,617.0186605722974,438.70943607240434,507.4424663406871,434.3853020510597,342.8133281868507,326.4238014773865,333.356275197294,334.9871637980776,386.6970870630224,480.9683818394823,499.5062697310341,377.32444288720177,560.4277223323611,635.0376152574898,,477.6599410736436,408.121073933228,398.3263649708919,620.030443544197,482.20612500932464,449.43533755780186,400.3582403784349,,333.7318382793089,506.863839705117,585.9150403058012,590.0142459683897,563.1443183185941,393.3036610252877,,,579.6731848644008,435.31928449651184,419.13306854676244,428.08079603264736,666.3390015301962,473.9885504103541,531.5903315968114,585.836261802263,438.18892913341386,565.4986014348231,390.34133056273026,401.1061860775338
v_2.1h,436.61742882653584,,,703.3701388547137,514.684035453453,542.1398171608021,542.1398171608021,515.8728949824123,381.62170132947136,,373.8687682562075,374.7614097887068,415.92424355954205,422.76234788571116,570.9884231923334,657.1322900533311,453.76143783157465,401.8063538693136,401.8063538693136,443.75914913753206,590.633991353957,492.4747843229073,332.2444640527048,436.8956913045814,468.6229031081079,396.3442643853524,460.5253024479733,,,489.86961022008285,334.9004565027832,478.9130477582802,577.4486096526982,393.74511334208637,,452.64468411503384,452.64468411503384,378.53636980567865,374.6648435346166,611.3255997032858,512.6698623953669,512.6698623953669,347.4852308264874,668.7134125715633,,441.5791144679018,474.8721187126013,587.4235943334802,481.69232783239465,437.32334601124154,378.4701039344886,567.0831388395986,632.7173425239092,517.2253633826764,617.0186605722974,438.70943607240514,504.5022999365201,434.3853022350046,343.72555513977954,326.42506849069986,330.17657077910826,334.98720101330747,388.6114747744974,480.7818857684152,499.5062697310341,381.6974245643186,562.2725091333064,635.0376152574898,,477.81531634243845,408.0708249794104,398.3567961914464,620.0330600402345,482.20620479410263,451.5551151247436,400.5375678984887,,335.0515381988864,506.863839705117,586.4658186513656,591.9199784633632,563.1443208773429,396.3055463207458,,,579.6731849219533,439.8236780202371,423.22572850972534,428.08083025630543,666.3551655609001,476.6315078834964,531.6549711109058,585.7440597270606,438.18892913341386,565.4986016735667,390.3446134662313,401.169731465164
v_2.2h,439.8853229572546,,,703.3701602555067,514.7161922453539,542.1398189860047,542.1398189860047,515.8728949884742,381.62170402298545,,376.28001791661995,374.76171331543196,415.43237271569575,422.7623665903587,570.988604000807,657.1388222328216,453.70332288213774,397.0577973144881,397.0577973144881,443.759149188136,590.6341343055108,492.601751133317,332.2092412723424,439.485135488871,472.0758136436195,397.38748193178026,462.35285677982586,,,490.8186271860311,336.57373098369453,480.2471366075835,577.4487008793147,393.74511334208637,,452.6446814037673,452.6446814037673,380.0975638900856,377.59033535695744,611.3255997032858,512.6698623953669,512.6698623953669,347.48545475961714,668.7134125715633,,444.08774869098005,478.30894701289435,587.4224410266962,481.6923278325117,437.48162884638043,381.3305963578313,570.0107250603608,632.7173425239092,517.2253633826766,617.0186605722974,438.7094360724059,504.5022999365201,434.38530242594203,344.629100801827,326.4263187006226,329.48312064992786,334.9872375679122,384.70709390064013,480.5911273146074,499.50626932229954,385.9454914721452,564.0921484077745,635.0376152574898,,477.9671237807927,408.01910451711944,398.32636497091966,620.0357230642666,482.20628350242293,453.6630437745132,402.21610356135494,,336.37063126462186,506.863839705117,587.0212067978227,594.0414800224037,563.1443233415717,396.3071316503536,,,579.6731849810469,444.30561014773514,427.3548906936456,428.08086455347836,666.527110284253,479.20208557303926,531.684644612477,585.652041576158,438.24221664963255,565.4986019693365,390.34649036989254,401.2382966274775
v_2.3h,443.082964706174,,,703.3701823663363,514.7450470284102,542.1398189860047,542.1398189860047,515.8728949942757,381.6217064269602,,378.6450698076538,374.7620185931782,415.26802450934827,422.7623855131481,570.988604000807,657.1454382573812,455.26130855246214,389.137908286301,389.137908286301,443.75914923827486,590.6342768095324,492.7330497978318,333.2148597786465,442.08800834951126,475.4156736830793,397.3870632079042,464.2283884161907,,,491.14866568159704,338.1994524678486,481.5809905876236,577.4487937810707,396.20640690578944,,452.64468328955695,452.64468328955695,381.64738264093603,380.63233923381586,611.3255997032858,508.244776190559,508.244776190559,347.56250647175494,668.7134125715633,,446.5221203269886,481.6916611494913,587.421306645902,481.69232783308667,439.1746991371492,381.3305963578313,572.7147681705299,632.7173425239092,517.2253633826766,617.0186605722974,438.70943607240633,504.5022999365201,434.3853025719622,344.629100801827,326.4275518600002,330.2074559684796,334.98727357185425,382.6627575561738,480.4024650852946,499.50626932229954,390.19767412447675,565.9111439070871,635.03761525749,,478.11544004383114,407.96588348691233,398.32636497091966,620.0384380224874,482.2063614294189,455.73379778042624,404.0335167103303,,337.6887533574739,506.863839705117,588.7507541939538,596.0346266814474,563.144321510628,399.25919290301226,,,579.6731850414897,448.7403562325755,431.41810352350296,428.08086455347836,666.6748391475874,481.7847744920382,531.712359746804,585.5602571389793,438.2943531533026,565.4986022616006,390.34981739087027,401.3036371506138
v_2.4h,446.3354829283018,,,703.3702051405918,514.7224848760367,542.1398219523935,542.1398219523935,515.8728949998787,381.62170824404296,,381.0218840775318,374.76232691211567,415.1056379923777,422.7624046619757,570.9887902787682,657.1521424490982,456.80120145022977,385.9401811077742,385.9401811077742,443.7591492881908,590.6344192261837,492.86141464966204,334.2424556519491,442.10618861228374,478.68109840935693,397.3870632079042,466.09404705586684,,,491.47945322915746,339.8001059160039,482.912113975491,577.4488896641287,396.24199672962555,,452.6446804276643,452.6446804276643,383.17205086706997,383.6664213235801,611.3255997032858,503.8893527291377,503.8893527291377,347.56250647175494,668.7134125715633,,448.9772595699497,484.98458699474105,587.422025094231,481.69232783263294,440.88506809207854,384.1873851971943,575.4614174698567,632.7173425239092,517.2253633826766,617.0186605722974,438.7094360724071,501.9524390030765,434.38530277934694,345.52271846678923,326.4287676933962,330.94065724533976,334.98730912641656,378.5021994922741,480.2096395604196,499.506268895019,390.06507161664877,567.72752323166,635.03761525749,,478.2675038186712,407.96588348691233,398.3263649709484,620.0412101265304,482.2064388315865,457.7124004503538,405.9126024608818,,339.005544153869,506.863839705117,589.3171959739358,597.9870867334206,563.1443240114791,402.15101270697625,,,579.673185103994,453.0737745168291,435.46069441616623,428.0808990454825,666.8040838244407,484.37451038541957,531.7393115650227,585.55987586395,438.32549348217964,565.4986022616006,390.34981739087027,401.3652696764313
v_2.5h,446.3354829283018,,,703.3702286231354,514.7516342558099,542.1398249683958,542.1398249683958,515.872894997474,381.62170824404296,,383.34194815406295,374.76263864948197,414.9452761878412,422.7624240603543,570.9889821925776,657.1589366406522,458.32010753739627,380.8904102533901,380.8904102533901,443.7591493380992,590.6345618887462,492.9869926887294,335.24520263041546,442.10618861228374,481.9701821178139,398.4373048055355,467.96940973219563,,,492.4044328257988,341.43375519080956,484.2671070783495,577.4489880831934,398.7230646441329,,452.6446772943384,452.6446772943384,384.70214344561856,386.67136715698825,611.3255997032858,503.8893527291377,503.8893527291377,347.63954496849726,668.7134125715633,,451.43819932187074,488.31037957715614,587.4209572508853,481.6923278332275,439.2785887441271,386.9617851379818,577.9845271478149,632.7173425239092,517.2253633826767,617.0186605722974,438.70943607240804,501.9524390030765,434.3853029947104,346.7969951660613,326.42996589632884,331.6823222550871,334.9873443250038,376.43233111965634,480.01943241324255,499.5062660986375,394.28925289530025,567.6419236438217,635.03761525749,,478.2786875626454,407.9111326381214,398.1729877959943,620.0440444078937,482.20659292436886,459.7388353267873,407.8093576621172,,340.3206413864498,506.863839705117,589.3551893040799,600.0547093782225,563.144326424568,405.07384269183115,,,579.6731851682407,457.44541759295447,439.4477429113178,428.08093384387735,666.9316405317647,486.87224619548033,531.7653519843191,585.55987586395,438.3774442688224,565.4986025540172,390.3531127089301,401.4247497059336
v_2.6h,445.98096178095454,,,703.3702528296476,514.7782772180342,542.1398271974547,542.1398271974547,515.8728950032822,381.62171050630997,,385.66796711170156,374.7629543143407,414.7869981047522,422.76244381993683,570.9891799086267,657.165823171622,459.81493227404474,378.9445936233174,378.9445936233174,443.75914938809564,590.634705105775,493.11029617664633,336.2471461393279,444.6709913079282,485.1804633886477,398.4378892307572,469.82845566026276,,,491.81466251520874,343.09835531894294,485.59115870319573,577.4490902327162,401.13524807013334,,452.6446760465355,452.6446760465355,386.19219813834184,389.6073232577726,611.3255997032858,499.61425648791146,499.61425648791146,347.6396284692116,668.7134125715633,,453.85331632031614,491.5420061820256,587.4199632611271,481.6923278332275,440.9934986337518,386.8374710994417,576.8619421734643,632.6753336137577,517.2253633826767,617.0186605722974,438.70943607240895,499.73306029878097,434.3853032184212,347.6485692562838,326.43114613446494,332.43204365020404,334.9873443250038,374.3992797559341,479.8248721560673,499.5062660986375,398.43588720029993,569.4856974822698,635.03761525749,,478.43183278875625,407.85482254324074,398.3567961916135,620.0469457312716,482.20666997775106,461.82791622365517,407.8093576621172,,341.63367474402787,506.863839705117,589.9278243965224,602.0727584378394,563.1443287573032,407.921154333421,,,579.6731852343199,461.7217375192445,443.42671045000014,428.0809689561001,666.8186647870741,489.387697178365,531.7904633070888,585.468707406552,438.42846513841965,565.4986028465786,390.3563823710371,401.4824321320521
v_2.7h,449.1647284722012,,,703.3702777723738,514.78519030764,542.1398271974547,542.1398271974547,515.8728950089429,381.62171239786755,,387.9959415646504,374.763271602057,414.6308587709273,422.7624639633158,570.9893835916695,657.1728004794677,461.28237887903623,375.9688533755911,375.9688533755911,443.7591494383779,590.6348491630712,493.2471358872225,336.2471461393279,447.2310896095518,488.26061823680254,398.4378892307572,471.59274424214556,,,492.14680939608127,344.77984992923433,486.9682757924404,577.4491958652943,403.59447779980644,,452.6446760465355,452.6446760465355,387.6757308534886,392.5314003725696,611.3255997032858,499.61425648791334,499.61425648791334,347.716624778098,668.7134125715633,,456.26238605258936,494.73268798380855,587.4189201579192,481.6923278333732,442.6905481782945,389.66890189487987,579.4369255501792,632.6753336137577,517.225363382677,617.0186605722974,438.7094360724097,499.73306029878097,434.3853034508611,347.2593028699598,326.43230804275584,332.6857371368122,334.98737925386587,374.3992797559341,479.63388810244453,499.5062655135166,402.5230928431825,571.2065688709137,635.03761525749,,478.5813657711665,407.80013009909777,398.1729877960536,620.0499188068621,482.2067471340288,463.94169145217796,409.6861264760064,,342.9442594387354,506.863839705117,591.5050816311708,602.0727584378394,563.1443310165907,410.8094628947291,,,579.6731853022917,466.0255865795667,447.3688664072677,428.0810045888868,666.9493368255644,491.90544892652827,531.8147685522936,585.3779152451654,438.48203442484083,565.4986031402947,390.3596320065232,401.5384254930292
v_2.8h,452.40582172584715,,,703.3703035360854,514.78519030764,542.1398304353985,542.1398304353985,515.8728950145055,381.62171239786755,,390.231956118139,374.7635974081367,414.1515747101668,422.7624639633158,570.9895934085891,657.1798766642911,459.7078931251664,374.84899880766216,374.84899880766216,443.7591494892846,590.6349943255018,493.381184137977,337.24784516933323,447.24704297993515,491.3306694982425,399.4959085621432,473.4156527507518,,,493.05871123100184,346.47794730107023,488.313079194455,577.4491958652943,406.0774499103339,,452.6446724147405,452.6446724147405,389.16686981288854,395.4583305185782,611.3255997032858,496.81315429587016,496.81315429587016,347.79359679727673,668.7134125715633,,458.70050024709195,497.87267033225396,587.4178255543583,481.692327833956,444.4110022434729,389.66890189487987,581.7989662875997,632.4316147649454,517.225363382677,617.0186605722974,424.3031862775915,499.73306029878097,434.3853036924261,348.1095567717535,326.4334512245366,333.44471572086115,334.9874139927627,370.52366685012885,479.437916757979,499.5062655135166,406.6338714509081,572.9684388821128,635.0376152574902,,478.72735128053034,407.7459704832198,397.7297380870354,620.0529682016888,482.2068246475836,465.98372264114585,411.60878314834895,,344.25286550380105,506.863839705117,592.0858424308244,601.7555191887365,563.1443318014631,413.69426283179206,,,579.673185372221,470.1962245757093,447.4284946212921,428.08104082890617,667.1038353384702,494.36286436859024,531.8386729243579,585.2875476753296,438.5390561280254,565.4986034367504,390.36185462710654,401.5931481689288
v_2.9h,455.51558568315994,,,703.3703299971671,514.8131656518725,542.1398337521359,542.1398337521359,515.8728950126892,381.6217145971503,,392.51929110478386,374.7639280797854,413.99920276914577,422.76248451269055,570.9898095279905,657.1870490275228,461.1615036378122,373.9213035191914,373.9213035191914,443.75914954085516,590.6351169998568,493.51257947168335,337.18126397485605,447.24704297993515,494.4047426866703,399.4960855806613,475.23592697364177,,,493.388443166411,348.1828397877154,489.6810207272209,577.4493059627804,403.63552109007765,,452.6446684435234,452.6446684435234,390.6380738709739,398.3507311278585,611.3255997032858,492.68838142102095,492.68838142102095,347.79359679727673,668.7134125715633,,461.0829110751806,500.97793172315886,587.4166769427474,481.6923278335238,446.2037744846531,392.53367737753035,584.1018180141762,631.9665886527041,517.225363382677,617.0186605722974,424.303186277593,497.7929368908919,434.3853036924261,348.9436685582708,326.43457525056834,334.2108430680936,334.98744861556827,369.6210151393441,479.2470620733869,499.50626490187057,410.63182792257305,572.9684388821128,635.0376152574903,,478.86985047524786,407.6902839750134,398.1729877961145,620.0560983499955,482.20690262643177,468.07185978488474,413.5581376817476,,345.56240590437784,506.863839705117,593.4860967611853,603.7640589354611,563.1443318014631,413.7164711325149,,,579.6731854441662,474.3412999099206,451.3331125298008,428.08107766642155,667.2417597505658,496.82065867160014,531.8621539209897,585.1976524199805,438.5953338800056,565.498603736873,390.3651613650972,401.6469402196802
v_3.0h,458.6783485697821,,,703.3703572377785,514.8415079301,542.1398364360009,542.1398364360009,515.8728950184626,381.6217165658249,,394.7341299310747,374.76426385500093,413.8489888916814,422.7625055271108,570.9900321269344,657.194318812298,462.58316567532086,372.65422084779544,372.65422084779544,443.75914959321506,590.6352674409665,493.6414541005231,338.175906048841,449.83361425048554,497.3963591785687,399.4960855806613,477.061075293765,,,493.7187214005328,349.90392557715415,491.04817534827185,577.4494157405908,406.10157732287894,,452.6446666346121,452.6446666346121,392.11631122037386,401.2194827858823,611.3255997032858,492.68838142102095,492.68838142102095,347.87054094702023,668.7134125715633,,463.44287192489924,504.0493230004971,587.4154647689566,481.6923278341266,447.99463550381273,392.39746302369304,588.8020208036838,631.2612427890051,517.2253633826771,617.0186605722974,424.303186277593,497.7929368908919,434.3853039435273,349.75993584229167,326.4344165343752,334.98369502947327,334.9874831908183,371.1840308103651,479.0499937400365,499.506261542629,414.59900938037964,574.7337424404275,635.0376152574904,,479.0089209652965,407.671873412974,397.72973808718854,620.0590454764362,482.20698116523397,470.20044472205,415.491413306731,,346.86944275183606,506.863839705117,594.0728133696539,605.699655205779,563.14433402707,413.7164711325149,,,579.67318551821,478.4510008693801,451.3331125298008,428.08111536261976,667.361814167902,499.2681977997364,531.8850919305875,584.233945579929,438.650970548912,565.498604028562,390.3684563654332,401.7000446777843
v_3.1h,461.6638288797942,,,703.3703852719005,514.8504826281821,542.1398400212108,542.1398400212108,515.8728950241554,381.62171874322496,,396.97985876687085,374.76460502494643,413.70097807959166,422.76252701281413,570.9902613800849,657.2016839951624,463.5882908499194,374.4990718278624,374.4990718278624,443.75914964647995,590.6354194481306,493.78041409723625,339.1758397807743,452.3927709869257,500.416645127753,399.496308493313,478.8041835920014,,,494.0495126805838,351.62757683214255,492.40144149595545,577.4495357920355,408.45446870083356,,452.6446620331073,452.6446620331073,393.58830220708234,404.03412388069944,611.3255997032858,492.6883814210345,492.6883814210345,347.8703942334301,668.7134125715633,,465.7934259198847,507.0698052556109,587.4141847538225,481.6923278347013,449.70089947153105,395.1486449715409,591.1436017323343,630.2981137783794,517.2253633826772,617.0186605722974,424.30318627759414,499.73306029878097,434.38530420459165,350.5565565330045,326.43550751204504,335.7628423561481,334.98751778221396,372.7416741841355,478.8603026050749,499.506264262515,418.58802674696216,576.5603566481149,635.0376152574905,,479.1543338112297,407.61365540630175,397.7297380873469,620.0590454764362,482.20706034711316,472.3184614381931,417.3790500804033,,348.17358368503807,506.863839705117,594.6630091855641,607.6147278157398,563.1443361909065,416.4786673120011,,,579.6731855944074,482.4920875817619,455.2382813690663,428.0811538971773,667.4748575183398,501.71051256979996,531.9078301896379,584.1447927559013,438.70606024716824,565.4986043398862,390.3717442958301,401.7523994968208
v_3.2h,464.7512649488516,,,703.3704141135506,514.8504826281821,542.1398400212108,542.1398400212108,515.8728950284707,381.62171874322496,,399.1483141570336,374.76495175544324,413.7451785705833,422.7625490270118,570.9904974688914,657.2091521631794,464.9813166723596,376.3289590049075,376.3289590049075,443.75914969794115,590.6355732383613,493.9207982758736,340.1787357644954,452.39968782555746,503.39200953010055,400.5638704183565,480.54921722449876,,,494.92304287533625,353.3525446910283,495.1487158549444,577.4496610906244,410.8526294075549,,452.6446620331073,452.6446620331073,394.99916374127093,406.8768118387184,611.3255997032858,489.98954518288497,489.98954518288497,347.9472611499349,668.7134125715633,,468.1274191055681,510.06052201967464,587.4135896484123,481.6923278343033,451.5095868702936,397.9302498788598,593.3918960282346,629.0624626922423,517.2253633826775,617.0186605722974,424.30318627759493,497.7929368908919,434.38530447606075,351.33162611637425,326.43550751204504,336.02573068490807,334.9875524490783,374.2933256715647,478.6624411653299,499.50626073847775,422.4575693055577,578.1124663562806,635.0376152574905,,479.29827304750955,407.55383098233625,397.7297380873469,620.062374450456,482.2071402452319,474.4099392762636,419.30895593965056,,349.47439158780867,506.863839705117,595.8495490900522,609.6374274219041,563.1443370542797,419.3240483822185,,,579.6731856728138,486.5223937307464,459.04451486202555,428.0811910291432,667.499616062921,504.06913083542804,531.9303731515313,584.1447927559013,438.76068899321365,565.4986046554764,390.3750294861831,401.80442329484595
v_3.3h,467.70218830022185,,,703.3704437761497,514.8769478986245,542.139843716259,542.139843716259,515.8728950284707,381.6217207890295,,401.34702511347456,374.76530419653835,413.2739260690173,423.4257021189351,570.9907405789943,657.2167212058588,464.82115177785136,378.17779931442726,378.17779931442726,443.75914975372456,590.6355732383613,494.05865153654366,341.18227655157114,454.9337892679612,506.3303840409486,400.5638704183565,482.3628972390536,,,495.25001431308084,355.07765528756147,496.54174110904796,577.4497917255937,413.229625608191,,452.64465700636225,452.64465700636225,396.43202331920253,409.7176574675548,611.3255997032858,486.01303990116605,486.01303990116605,348.0240887833332,668.7134125715633,,470.4252243066164,513.0006426683157,587.4121857920304,481.69232783489736,451.6003144300455,400.7269971843206,595.7441790975097,627.5436264026466,517.2253633826774,617.0186605722974,424.3031862775964,497.7929368908919,434.3853047583944,352.08313567086026,326.4365775893893,336.0841103422535,334.9875872467766,374.2570544545494,478.58689650543835,499.50626073847775,426.32298952962554,579.8716902444392,635.0376152574905,,479.43862485727124,407.49237081341266,397.9039109231319,620.0657946239155,482.2072209241607,476.40158365823214,419.3532217810714,,350.77137690625483,506.863839705117,596.4428349649007,611.5029774088347,563.1443391944225,422.08387573373426,,,579.6731857534835,490.4735371482072,462.8518706719404,428.08123172380584,667.499616062921,506.44820082734384,531.9526107100922,584.0561260967442,438.8149353237115,565.4986049768471,390.3750294861831,401.8561287581637
v_3.4h,467.3947934327643,,,703.3704742926202,514.8862544606275,542.1398469165798,542.1398469165798,515.8728950343542,381.62172298586614,,403.5152548609709,374.7656625187202,413.13186625471405,425.6020506487849,570.9909909003411,657.2243922045717,466.1560183613359,380.0212870719046,380.0212870719046,443.7591498106288,590.6357290129838,494.19409856897363,342.18875312536096,454.9337892679612,509.23123676161975,400.56265776071575,484.14001621465695,,,495.5773475381969,356.8107404612627,497.92283986048875,577.4499286349686,415.6020081275353,,452.6446544680099,452.6446544680099,397.8710349523563,412.51372843520414,611.3255997032858,483.40460808686595,483.40460808686595,348.10087343881713,668.7134125715633,,472.7477776860092,515.9586013137059,587.4107029758242,481.6923278351004,453.4176318184612,400.7269971843206,598.0285707426843,625.7364703548164,517.2253633826775,617.0186605722974,424.30318627759783,497.7929368908919,434.3853050520678,352.80897081084066,326.4376261994552,336.863834997869,335.378133500462,375.7995134407637,478.3951460415086,499.506259897901,430.1444259995947,579.7142789709409,635.0376152574906,,479.5754363926623,407.4292454683778,397.9039109231319,620.0693101667579,482.207302441061,478.50759349582086,421.27245952512436,,352.06398955562815,506.863839705117,597.0391528179714,613.3939368854001,563.1443391944225,424.8246722889574,,,579.6731858364712,494.44825027563365,466.6949692597802,428.08127342691176,667.6343762781551,508.8182883690891,531.9747834330698,583.9679923468174,438.868870859818,565.498605303907,390.37831594914405,401.96350394955556
v_3.5h,470.4121678374596,,,703.3705056386066,514.911084874163,542.13985093296,542.13985093296,515.8728950402985,381.62172518038966,,405.702474205581,374.7660268694758,412.98705793847915,425.6235920105069,570.9912486272638,657.2321661906535,466.1560183613359,381.8320244975601,381.8320244975601,443.75914986875785,590.6358869588655,494.34004679158795,343.1939772518605,457.46076062264785,512.0860582741999,401.642629663115,485.83573772291453,,,495.9050078490286,358.5425159700761,499.29125571845856,577.45007183719,415.622047943619,,452.64464864346513,452.64464864346513,399.3028282153721,415.27008881053627,611.3255997032858,487.3294967477812,487.3294967477812,348.02368862641134,668.6894328588113,,475.07858005397065,518.911717025208,587.4091366741412,481.6923278351004,455.15360034338124,400.60283791402594,600.3754369197843,625.7364703548164,517.2253633826775,617.0186605722974,424.30318627759937,496.0888134903052,434.38530535757474,353.506911777953,326.43865273697475,337.1239664705235,336.4253799993122,377.33926740328315,478.20206760423474,499.50625587220117,433.9744374414869,581.4775519239204,635.0376152574906,,479.70875139921304,407.36442543053414,397.3114758411466,620.0729251415207,482.2073848467097,480.58279117838146,423.21056735459405,,353.35161035314616,506.863839705117,597.6384295746976,615.3573430756276,563.144341283143,427.54748442128806,,,579.673185921834,498.3113225797113,470.46877142436205,428.08131612658764,667.7692920150075,511.1926381101013,531.9968680821376,583.9698490716468,438.92256083084374,565.4986056372335,390.38092595625267,402.0217464713234
v_3.6h,473.3009267703306,,,703.3705378459297,514.911084874163,542.1398550928017,542.1398550928017,515.8728950452685,381.6217251106437,,407.8064046269991,374.76639734719697,412.83905989417474,427.80798452034486,570.9912486272638,657.2400441966162,467.18298967369105,383.65220851316764,383.65220851316764,443.7591499282719,590.6360472495359,494.4873751473888,343.12724752351454,457.4677826238251,514.9797157554954,401.642629663115,487.5525881699218,,,496.7308095186451,360.2716087668449,500.69921635545245,577.4502219641486,415.622047943619,,452.64464864346513,452.64464864346513,400.71424219435903,417.9543223924466,611.3255997032858,483.40460808706683,483.40460808706683,348.1004111748162,668.6894328588113,,477.3697919439758,521.7961816726719,587.4091366741412,481.6923278356893,456.9692873004633,403.3254247829784,602.7093335044827,623.6428236639784,517.2253633826776,617.0186605722974,424.30318627760073,494.58449792557815,434.38530567542745,354.1746349293366,326.4396565570608,337.90313115870646,337.4794771290346,378.8768302755954,478.00996192697056,499.50625901927475,437.68613280630115,583.0317411984789,635.0376152574908,,479.8386102594383,407.29809513202474,397.3114758414652,620.07664351007,482.207468125248,482.67972947744494,425.0941706114829,,354.63354190469965,506.863839705117,598.5614654136917,617.1941201936802,563.1443433254738,430.28274253470136,,,579.6731860096289,502.14302959095943,474.20278121780404,428.0813599707553,667.8944057236965,513.5196482791965,532.018829617287,583.8828969100639,438.9673817097457,565.4986059772278,390.3842820287319,402.0798279251288
v_3.7h,473.3009267703306,,,703.3705378459297,514.9342650711347,542.1398550928017,542.1398550928017,515.8728950452685,381.6217273460311,,409.97918183697755,374.76677405691214,412.6879473124388,429.995779518208,570.9915139586086,657.2480272502942,468.4775753306706,385.4961280183695,385.4961280183695,443.75914998919205,590.6362100462188,494.6322822770594,343.12724752351454,459.9487309627705,517.8314476582166,401.639222946933,489.2842830457075,,,497.0531512209597,361.9972289086971,502.0707662389362,577.4503791623591,417.995212380353,,452.64464228511304,452.64464228511304,402.06219639373046,420.7361371681897,611.3255997032858,480.8245107653716,480.8245107653716,348.1770827968285,668.3548826016033,,479.65459843221765,524.6064306683552,587.4074820819665,481.6923278353103,456.9692873004633,406.05501692042355,604.9364179602624,621.2727353534399,517.2253633826776,617.0186605722974,424.30318627760244,496.0888134903052,434.38530600615627,353.93942897680756,326.4406369738491,338.683483183101,338.53705518586764,380.40698850021363,477.8218753658468,499.50625479767876,441.3991374572772,584.735613678888,635.037615257491,,479.9710874738998,407.2358028921848,397.3114758414652,620.080469139608,482.2075524169689,486.6495787966027,426.9746359137021,,355.9177911186497,506.863839705117,599.1601750924085,619.109740401016,563.1443442989669,430.2709270036235,,,579.6731860999118,505.93969471434906,477.9565159363229,428.0814050700309,668.0120561397791,515.8184064078629,532.040785441909,583.7966098880205,439.0215259557047,565.4986059772278,390.3876452415278,402.1379309646899
v_3.8h,476.16924114313946,,,703.3705709276212,514.9441212392808,542.1398588834048,542.1398588834048,515.8728950515133,381.6217295957174,,412.02700481765,374.7671571030708,412.5337999576038,432.0868272222447,570.9917870979565,657.2561163749427,469.72108122755236,387.2900705271999,387.2900705271999,443.75915005167093,590.6363637147098,494.7757426416775,344.13215162161896,462.4710306838408,520.6143169278375,402.728024252302,491.0432517334596,,,497.3756543627334,363.71863284176413,503.47261206830973,577.4505440726087,420.2794670331638,,452.6446388004033,452.6446388004033,403.452053970521,423.4492970347707,611.3255997032858,478.2669174767252,478.2669174767252,348.25369971777627,668.3548826016033,,481.9305386136993,527.4247817473853,587.4057340963622,481.6923278359194,458.81262540599585,408.7819401838553,607.2899208371458,621.2727353534399,517.2253633826779,617.0186605722974,424.3031862776039,494.58449792557815,434.3853063503117,354.60081132740896,326.44159325906617,338.93868424377956,339.5976541636496,381.9289003677407,477.62968182812966,499.5062536745232,445.11670956781626,586.3408311660949,635.037615257491,,480.10430525862347,407.1718524349904,397.31147584179547,620.084405808008,482.2076377238928,488.6864134228334,428.8735772835751,,357.2026341234189,506.863839705117,599.76139916344,620.9549176776803,563.1443463307585,432.9514253551749,,,579.6731861927419,509.73789635893604,481.66205457753864,428.08145144148193,668.0473658887827,518.1213299908134,532.0627241221083,583.7110318033077,439.0755195550699,565.4986063242042,390.3910188560836,402.19604397197514
v_3.9h,479.0210273696632,,,703.3706048965151,514.9660827612946,542.1398634250107,542.1398634250107,515.8728950569374,381.6217295957174,,414.1752303758,374.7675465759854,412.5337999576038,434.2420194385272,570.9920682534663,657.2643125848456,469.4930775135243,389.05140813850164,389.05140813850164,443.75915011575836,590.6365331545147,494.93300725610925,345.13785628097935,462.4710306838408,523.4328852808309,402.728024252302,491.0426535097852,,,497.69828304149877,365.43511255363126,504.87267693328766,577.4507172194217,422.6503354406562,,452.64463143097674,452.64463143097674,404.81668849064823,426.20033700700344,611.3255997032858,478.2669174776132,478.2669174776132,348.33025813758917,668.0384954420408,,484.19788598551304,530.2333914041411,587.4038872965905,481.692327836157,460.55835192101125,405.9160308266723,609.452398244698,618.6453623089473,517.2253633826781,617.0186605722974,414.57586774840337,493.24986536416355,434.385306708465,354.60081132740896,326.4425246405285,339.71730102171676,340.66078697443794,383.4416050936549,477.4480059813337,499.5062536745232,444.91503488916806,587.8711412022736,635.0376152574912,,480.35978708227486,407.1063685625697,396.81441611177837,620.0884572084965,482.2077240782321,490.7256991378207,430.76929518070307,,358.4815174402218,506.863839705117,599.6889611590989,622.7037958094315,563.1443483248024,432.9514253551749,,,579.673186288177,513.5093805822746,485.3706475136222,428.0814991470184,668.1567594664706,520.4590039806649,532.084608382175,583.7110318033077,439.12941231637575,565.4986066754258,390.39440587722186,402.2541617396506
v_4.0h,481.8149643860142,,,703.3706397651358,514.9660827612946,542.1398681470664,542.1398681470664,515.8728950635223,381.6217318438073,,416.2210015520038,374.76794257582355,412.3767021469092,436.2917301578764,570.9923576381568,657.272616893455,470.5378301148931,390.836314096963,390.836314096963,443.75915011575836,590.6367054021497,495.0878316440043,346.1411409169326,462.4524560217693,526.1619781525642,402.7260171926543,492.68729984262575,,,498.0210013794576,367.1459840653693,506.2369948919457,577.4508977366112,424.8860208595407,,452.64463143097674,452.64463143097674,406.19586702300506,428.8488801807938,611.3255997032858,478.2669174776132,478.2669174776132,348.25291850937424,668.0384954420408,,486.4253673401705,532.9660011433149,587.4028867791166,481.692327836157,462.368219137296,408.65620775793326,611.6281287852602,615.7892979550344,517.2253633826782,617.0186605722974,414.5758677484057,494.58449792557815,434.38530704557854,355.2287806122385,326.443430300572,339.71730102171676,341.7259369351771,384.94400407846916,477.2618620336959,499.5062488604222,448.62399580249627,589.4829186245149,635.0376152574913,,480.4821067778665,407.03934908947167,396.81441611177837,620.0926269537347,482.2078114226155,492.65117933114317,432.6100277635209,,359.7535234014659,506.863839705117,599.6889611590989,624.468471424261,563.1443483248024,435.6117808961344,,,579.6731863862774,517.1716029590941,488.98217992852415,428.0815482482791,668.1567594664706,522.6756127177274,532.1065757731061,583.6262055357832,439.18324927449817,565.4986070378527,390.3978090686273,402.3123720606987
v_4.1h,484.6082797712098,,,703.3706755458235,514.9866294132412,542.1398681470664,542.1398681470664,515.8728950635223,381.62173416268894,,418.3044705655467,375.08406955117005,411.8845405377745,438.4008618733918,570.9926554699324,657.2810303129597,471.70653310460796,392.61988736084265,392.61988736084265,443.7591501815384,590.6368805892934,495.2403316599843,347.14812457290725,464.914100905849,528.9969475279477,403.8194197888709,494.3538436626813,,,498.7826372598898,368.85607013363835,507.6681143740477,577.4510889714048,424.9400657818365,,452.6446233900832,452.6446233900832,407.54510873741395,431.539333875539,611.3255997032858,475.7256128498209,475.7256128498209,348.3293940571356,667.6189963307501,,486.6095291637001,535.6943087140412,587.4008574966184,481.69232783676347,462.4426041776859,411.27670965346397,613.8474766116868,612.7421862939301,517.2253633826782,617.0186605722974,424.30318627760886,494.58449792557815,434.38530743456397,355.7451401997382,326.44430937440154,339.9697186903428,342.7925550517781,386.43566569740153,477.08218372434715,499.5062525005672,448.62399580249627,589.4829186245149,635.0376152574914,,480.60084396453544,406.97077708970414,396.81441611240865,620.0969185793164,482.2078999569618,494.59318595340494,434.4777708228627,,361.0176156933759,506.863839705117,600.2909754380033,624.248385004804,563.1443502852817,438.2646345007398,,,579.6731864871033,524.4774326423423,492.700326862764,428.0815988068984,668.3009860590488,522.7867400283802,532.1285702309211,582.6306581296824,439.2433067863265,565.49860740805,390.3978090686273,402.3706515904369
v_4.2h,487.27551919283445,,,703.370712250619,514.9969867072424,542.1398726157233,542.1398726157233,515.8728950702541,381.6217365139626,,420.323073492744,377.1874723200765,411.7203042908387,440.46710025090243,570.9929619716738,657.289553853026,471.70653310460796,394.34274009089546,394.34274009089546,443.7591502490442,590.637058838239,495.40073504651264,348.151982730678,467.38376529359596,531.7922272285502,402.721683515054,496.06232604968346,,,499.09831988518465,370.5643621666685,509.06173123687523,577.4510889714048,427.2623772927482,,452.644618679253,452.644618679253,408.8791388888139,434.2483379445354,611.3255997032858,473.19446183014327,473.19446183014327,348.4058029744607,667.6189963307501,,488.8302586009787,538.4505887488804,587.3987126117764,481.69232783702984,464.22323030008374,413.9371432743716,615.9891996865999,612.7421862939301,517.2253633826786,617.0186605722974,424.30318627760886,493.24986536416355,434.38530783936005,356.33889273526063,326.4439473511575,340.7459349547488,343.86005709308415,387.9364448087927,476.90523826262927,499.5062474538601,452.2893910948466,591.0556389831095,635.0376152574916,,480.71601830528124,406.90063602811256,396.81441611240865,620.1013355467238,482.2079895867878,496.60704855242125,436.3349401628339,,362.28048817299657,506.863839705117,600.8954606701525,626.0652809108617,563.1443513674794,440.9401015693365,,,579.6731865907157,528.0996910777368,492.6669734029711,428.0816507773906,668.4363959927105,524.9974177092615,532.1505809726717,582.5464522586551,439.2433067863265,565.4986077863509,390.40077745463304,402.4290262664095
v_4.3h,487.0107644695788,,,703.3707498953937,515.0165284562424,542.139877788977,542.139877788977,515.872895076443,381.6217364963701,,422.411112896115,379.2935280072263,411.55322410214654,442.4786790440442,573.4483891235599,657.2981885230681,472.8123421938441,396.1025940832388,396.1025940832388,443.7591503184477,590.6372402625653,495.5658886460415,348.0771383207004,469.91599715403083,537.3471236322073,403.8191474702216,497.68459635339593,,,499.41391321592295,372.26627480377806,510.4503732721704,577.4512904979516,427.2623772927482,,452.64460935520935,452.64460935520935,410.2208346751893,436.89158668689294,611.3255997032858,470.6679060337405,470.6679060337405,348.48219457529734,667.6189963307501,,491.05130068076426,541.1391989631439,587.3964452924502,481.69232783702984,466.02562682192564,416.53326777465617,618.0877856932891,609.5495420978576,517.2253633826789,617.0186605722974,414.5758677484096,494.58449792557815,434.38530826062623,356.89358017463417,326.44477457554314,341.52177831227374,344.92782044723674,389.42627541697664,476.7270780520872,499.5062459836852,455.8322999058991,590.8210934249561,635.0376152574916,,480.8306756165661,406.82890978261014,396.8144161130619,620.105881245776,482.1812834470923,498.48271709555263,438.16759354691897,,363.5501382134229,506.863839705117,601.50237748601,627.7641042645051,563.1443533287047,443.5071042536768,,,579.673186697178,531.7008974554938,496.30324102215474,428.0817044214317,668.5628200494583,527.2942709290088,532.1727061790539,582.4630122877617,439.3046912543756,565.4986081728574,390.40425853193335,402.4875072923843
v_4.4h,489.6916927913961,,,703.3707885540459,515.0353044493038,542.1398831839053,542.1398831839053,515.8728950836022,381.6217388918259,,424.40512501962286,381.3934007583719,411.3833971456293,444.56055007735125,577.7177030081634,657.3069353295726,473.87415106459514,397.8722097043366,397.8722097043366,443.7591503897769,590.6374249677456,495.7286922424998,349.078859450531,469.91599715403083,540.0519443482007,404.916201709279,499.34791079646305,,,499.7293805420132,373.96127071860326,511.8773254801748,577.4515028972642,429.4798380396066,,452.64459918473966,452.64459918473966,411.52858255718826,439.52798920535884,611.3255997032858,470.6679060411903,470.6679060411903,348.55857038506866,666.460118318859,,493.2887079763736,543.7986641747376,587.3940482713627,481.6923278373057,467.8453299073759,413.8198322547266,620.203608871618,609.5495420978576,517.225363382679,617.0186605722974,414.5758677484123,493.24986536416355,434.3853086990461,357.4176140758153,326.4455720942427,341.76855524858524,344.88241724144245,390.9036509324321,476.5599255093531,499.5062459836852,459.41450798324024,592.2998868533299,635.0376152574916,,480.94711055865645,406.79904292076117,396.25738697871066,620.1104733529215,482.05003024901913,500.3981239376149,439.93462015146565,,364.8110886684327,506.863839705117,602.111693811612,629.5285793414274,563.1443552636473,443.46893823144694,,,579.673186806744,535.2670048463093,499.8194517705753,428.0817596877041,668.6100223457738,529.4904468975269,532.1949082334571,582.3803798737639,439.3661076704158,565.4986085679263,390.40775967495296,402.5460934185841
v_4.5h,492.3449695491378,,,703.3708281023718,515.0271648559079,542.1398888168526,542.1398888168526,515.8728950836022,381.6217413254981,,426.4358536698401,381.44323859780184,411.39505583396476,446.53453610287676,581.9476749256236,657.3157952770769,473.5827044163046,399.6005144499329,399.6005144499329,443.7591504625922,590.6374249677456,495.89540569505124,350.0796392181002,469.8246899956115,542.7383075220081,403.8163610107646,500.9714928941352,,,500.04468523091305,375.648780761633,513.2665380312955,577.4517266775265,431.7389685104082,,452.64460370540263,452.64460370540263,412.88538688586647,444.825658417381,611.3255997032858,469.40489443369813,469.40489443369813,348.4810572928471,666.460118318859,,495.5456576672305,546.4245921158657,587.3915138163494,481.6923278379333,469.5901517297793,416.3937675079518,622.3459340755442,606.2628067671654,517.2253633826791,617.0186605722974,414.5758677484148,492.05989117406557,434.3853091553279,357.94608845487363,326.4463388376731,342.5407317313184,345.94869382936275,390.8656617280439,476.39409241179095,499.5062444470652,462.93487774733336,593.7873842305727,635.0376152574917,,481.059717542923,406.72482816541816,396.25738697871066,620.1152946136892,482.0502189869623,502.28715365514375,439.9782989601821,,366.06195518109394,506.863839705117,602.7233853978973,631.320913677175,563.1443552636473,446.1018256809836,,,579.6731869191008,538.7737458565056,503.38172489617017,428.6539336450006,668.7329634822061,531.7347130598224,532.2171983860212,582.3803798737639,439.4275901159125,565.4986089717971,390.4112830580756,402.6048135296516
v_4.6h,494.94140925261917,,,705.7894953248524,515.0461263149963,542.1398884344285,542.1398884344285,515.87289509036,381.62174131441134,,428.4233488586145,383.59010411603197,410.88122472520575,448.5211510555379,582.2172943039279,657.3247693691038,474.65158918816945,401.2977794779398,401.2977794779398,443.75915053814214,590.6376066946597,496.0712464016713,350.0796392181002,472.24086092976245,545.5649659092569,404.91800584684205,502.6656168674,,,500.35979073743573,377.3281915277981,514.6750905238839,577.4519625407926,433.9678173956999,,452.6445928865901,452.6445928865901,414.165780608039,447.4461916224467,611.3255997032858,469.40489443369813,469.40489443369813,348.55738776072917,667.0937253858776,,497.7543541795587,549.1142959275992,587.388833698436,481.6923278379333,471.37659421614677,419.02618659739386,624.3967949779777,602.9367907179865,517.2253633826791,617.0186605722974,414.5758677484176,492.05989117406557,434.38530963020554,358.4788211050995,326.44707367951395,342.0403939362403,347.0146961000624,392.3388575190183,476.23057954927356,499.5062444470652,466.51906713546003,595.2979120365231,635.0376152574919,,481.1685047386786,406.6554198494127,396.2573869799396,620.1202536027441,481.7966862141759,504.2552783092803,439.9782989601821,,367.3054018115207,506.863839705117,603.3374363868696,633.0001141868917,563.144356424227,448.6014105861554,,,579.673187034499,542.2781741756934,506.9749677943925,429.55559468365755,668.8641315752619,533.9248542633793,532.2395357872603,582.3864800261817,439.4891689317558,565.4986093847248,390.4148306605923,402.66365854330695
v_4.7h,497.4913841464759,,,709.6476747432405,515.0642809834394,542.1398943606425,542.1398943606425,515.872895098037,381.62174379401796,,430.41123311231274,385.69607507410143,410.70165022328246,450.4642190671523,586.4299510620299,657.3338586057349,475.7317799281458,403.0398369976429,403.0398369976429,443.75915061587426,590.6377989053415,496.2447057887432,351.08222756077635,474.67512760188384,548.3000074320292,406.01777938096944,504.19826510519147,,,501.03637992086817,378.998833599819,516.0973697552276,577.4522111103521,433.9854559782905,,452.64458108517084,452.64458108517084,415.4444883098989,450.03722958497553,611.3255997032858,466.87728074846956,466.87728074846956,348.6336940636867,665.7157238456534,,499.945357245423,551.7296903004385,587.388833698436,481.6923278382396,473.1912737230087,421.62169174841466,626.4871592676662,602.9367907179865,517.2253633826797,617.0186605722974,414.57586774842025,492.05989117406557,434.38531012444,359.01562691202184,326.4477754345401,342.8049358627851,348.0796994175997,392.3388575190183,476.0765998021411,499.5062384251891,469.98650640366253,596.7042033808328,635.037615257492,,481.2734770814582,406.5844766109397,395.6598186082302,620.1253535061652,481.3982093171296,506.09688379867526,441.8037307796643,,368.56373356143723,506.863839705117,603.9538399201101,634.6913629162759,563.1443583666853,451.1445388660856,,,579.6731871530047,545.7599151598355,510.55608748536736,429.74149838544787,668.8641315752619,536.1200836233382,532.2620413016149,582.3055459864619,439.55087100165616,565.4986098069995,390.41840427828765,402.724973947675
v_4.8h,500.1100360063577,,,713.3389407456282,515.0817404467632,542.1399005549724,542.1399005549724,515.872895105958,381.62174631622224,,432.3904313576264,387.78492689924883,410.5195447675976,452.44069153093943,586.4299510620299,657.3430639847063,475.7317799281458,404.7786128069607,404.7786128069607,443.7591506958687,590.637994603856,496.42137683977126,352.08027406493676,474.67512760188384,551.0038842214561,404.91711260755363,505.82550557428976,,,501.3425109481785,380.6626049161272,517.4791445174561,577.4524730136603,436.220469141688,,452.6445682144314,452.6445682144314,416.7814043370414,452.634519600959,611.3255997032858,466.8772807695742,466.8772807695742,348.70997220248125,664.858241523338,,502.097825777332,554.2376703932175,587.3872206807303,481.6923278382396,474.95540436076845,421.47037284032217,628.4191803516655,599.6267593461133,517.2253633826799,617.0186605722974,414.57586774842304,492.05989117406557,434.3853106388184,358.8857959137838,326.448482636792,343.04699662255473,349.1429282420727,393.80996622284704,475.928355394596,499.50623653074774,473.46041453554125,598.1817949989887,635.0376152574923,,481.37463628842374,406.51198399127884,396.2573869812143,620.130597438176,480.82623055841145,507.94954730208786,443.5953879706957,,369.810614298193,506.863839705117,604.5725987971059,636.4031041852915,563.1443602894221,453.6304721223267,,,579.673187274685,549.2016669388908,514.0218723327915,430.66810129102,669.0170414443993,538.2709564485325,532.2846722311085,582.2255355742267,439.60870192967866,565.4986102382686,390.4217068441506,403.8524190299377
v_4.9h,500.1100360063577,,,717.2088871814203,515.0752641429003,542.1399070355241,542.1399070355241,515.872895105958,381.6217488791053,,432.4465074117199,389.90616288433205,410.3350230433796,454.397805018567,590.7903532337637,657.3523865007285,476.8254297361786,406.41241718793225,406.41241718793225,443.759150778196,590.6381938746482,496.60820016851073,353.0813902118527,474.64697114349786,553.6126963560216,406.0220067490065,507.41847348637515,,,501.6482537048199,382.329646403291,518.8928516195559,577.452748884957,438.417997970542,,452.64457356587735,452.64457356587735,418.1023764259404,455.26108298227496,611.3255997032858,464.3460387156541,464.3460387156541,348.7085133791955,664.858241523338,,504.2872009223254,556.8872438472955,587.384268576557,481.69232783855614,474.95540436076845,421.47037284032217,630.3300061920792,596.3854833883311,517.22536338268,617.0186605722974,414.575867748426,492.05989117406557,434.38531117415704,359.42528304629593,326.4491994572721,343.8067922028771,350.21071197159944,395.2661903857642,475.7854897148367,499.50623653074774,476.9448415366807,599.6933685713318,635.0376152574926,,481.4719808726705,406.43792798545525,395.6598186105143,620.1359884415706,480.04493160531285,509.8344041324116,445.3353954216209,,371.0441973447559,506.863839705117,605.1937261942736,637.9808579756753,563.1443621955771,453.6304721223267,,,579.6731873996081,552.61295998144,517.4818970279839,431.58552698544634,669.0771085387919,540.4496698874739,532.3074314838343,582.146486263673,439.67108501174283,565.4986106801233,390.42536281087786,405.6639708326473
v_5.0h,502.60047065357776,,,720.962438690035,515.0929090427459,542.1399135279838,542.1399135279838,515.8728951136719,381.6217488791053,,434.4082962878734,392.0088136095693,410.14820419483294,456.27240862492215,595.1366105497736,657.3618271451521,476.53741939380296,408.1239795172952,408.1239795172952,443.75915086298147,590.6383967956964,496.7926043978433,352.99476325400946,476.97786639697557,556.4134249264602,407.13330442680785,509.04798836875347,,,501.9535713625167,383.98676714101055,520.3077432401716,577.4530391347039,440.60395361142093,,452.644559862051,452.644559862051,419.32717626988347,457.8717853822012,611.3255997032858,463.07897858744786,463.07897858744786,348.78469255079074,664.858241523338,,506.51237167307653,561.9389295273056,587.3811451421838,481.69232783920955,474.99642016946905,424.0476305598926,632.2939045182377,593.2605787330493,517.22536338268,617.0186605722974,414.57586774842827,492.05989117406557,434.38531173130133,359.96866673721576,326.44992605280015,344.0453676158721,351.27765137835246,396.7052975244429,475.6497162690127,499.50623455075055,480.32190104251754,601.082908715763,635.0376152574926,,481.5655061565755,406.3622950633017,395.6598186105143,620.1415294877694,479.00981842823484,511.70053740023036,447.1040710802807,,373.52340203454054,506.863839705117,605.8172464617419,639.7010244199662,563.1443640881029,456.1390827353529,,,579.6731875278415,556.0469858033899,521.0082115625132,432.48679102247837,669.2259638266453,542.5882732280148,532.3303250174739,582.0684343320578,439.73362112358194,565.4986106801233,390.42536281087786,407.40708494853453
v_5.1h,502.28395460497165,,,724.5419317171088,515.1099491384382,542.1399135279838,542.1399135279838,515.8728951222098,381.6217514949511,,436.36436060250026,394.10026200187815,409.95921169120606,456.27739573700325,599.4666161065646,657.3713869056093,477.63724403460657,409.8175597001935,409.8175597001935,443.7591509503182,590.6386034388742,496.9823651514014,353.9907214031216,479.40381660200563,559.1485515130389,407.1305904574128,510.58517714928234,,,502.25842724920875,385.6330912334428,521.6826423672983,577.4533454097957,440.60395361142093,,452.64454491482365,452.64454491482365,420.6271121342067,460.45095686709146,611.3255997032858,463.07897858744786,463.07897858744786,348.78469255079074,663.885584837851,,508.69069820716527,564.535628421225,587.3778399287496,481.69232783920955,476.81298638775985,426.59808533844455,634.3162675498154,593.2605787330493,517.2253633826803,617.0186605722974,414.5758677484313,490.99377298174034,434.38531231112586,360.51575876699366,326.4506625815523,344.79967674348245,352.34169879286725,398.1512208897052,475.5226152223061,499.50623455075055,483.74913520162244,602.4776834173206,635.0376152574928,,481.6552042843465,406.3622950633017,395.65981861288356,620.1472234765085,479.01095684111215,513.4814881991226,448.8814331900533,,374.7489148299729,506.863839705117,606.443196026885,641.3165854821435,563.144363466147,456.0922675223331,,,579.6731876594563,559.4054469828297,524.4948605755151,433.4401112674024,669.3682593237298,544.7781717105684,532.3533661431766,581.0383061926748,440.6868337755133,565.4986111321015,390.429047065619,409.18272449255886
v_5.2h,504.80818658163105,,,728.1090371342707,515.1263231495097,542.1399206671438,542.1399206671438,515.8728951310243,381.6217541560746,,438.31798805998255,396.22914122221175,409.4201327654068,458.2312544017633,603.7495684826755,657.3810667656401,478.7431981698542,411.4384573544389,411.4384573544389,443.7591510402976,590.6388138702891,497.05611996033304,354.9870809413327,481.7361843041119,561.7386018427045,407.1305904574128,512.1573605029847,,,502.8666078704846,387.26761435009325,523.0933531650139,577.4536679778148,440.6357551491563,,452.6445286136218,452.6445286136218,420.6103865847703,463.0355025356934,611.3255997032858,463.0789786455168,463.0789786455168,348.86083099249254,661.5880523059351,,510.8098821551973,567.0152255587353,587.3743418009487,481.6923278395591,478.5230553158697,426.4428739256693,636.1875989047257,590.2924047497503,517.2253633826805,617.0186605722974,414.5758677484344,490.99377298174034,434.3853129145375,361.06636944338993,326.4506625815523,345.03458291838774,353.4019093591784,399.5939859175978,475.40560048017,499.506232481392,487.19785022129486,602.199760824553,635.0376152574928,,481.7410642339446,406.28507219051903,395.04037553663557,620.1530732350727,477.66792210287133,515.2957140781801,450.6333839581991,,375.966268897987,506.863839705117,607.071624458088,642.9592714575888,563.1443653889091,458.5760938087765,,,579.6731877945216,562.725957806655,527.9509886242284,433.4401112674024,669.5005711044147,546.8681253820107,532.3765130400103,581.0383061926748,441.9187780177524,565.4986115944877,390.4327609395671,410.9561854550827
v_5.3h,507.35183663160865,,,731.7216962280394,515.1214792999288,542.139928147492,542.139928147492,515.8728951306329,381.6217568705843,,440.28728943499027,398.34208455953546,409.22447505307247,460.1034294842858,608.0040874378637,657.3908677043239,479.8539977371658,414.7902074721869,414.7902074721869,443.75915113302193,590.6390281506025,497.2551320320877,355.9771702057411,479.37068585128145,564.4919825429422,407.1345432761922,513.7402744042362,,,503.43263644934825,388.88918652944034,524.5046083092135,577.454007626516,442.7949786752444,,452.6445176026161,452.6445176026161,421.86541835337545,465.6062076819818,611.3255997032858,460.5430574932195,460.5430574932195,348.93692461324815,663.885584837851,,513.0191064682457,569.5277341826315,587.3706388887376,481.6923278402195,480.30891608700523,428.9681966691984,638.0108207347708,590.2924047497504,517.2253633826809,617.0186605722974,408.0740896157865,490.03416708020035,434.3853135424752,361.62030805460824,326.4514092030577,345.7826539363953,354.46573571384585,401.017407897211,475.3123700231342,499.50622496611425,486.93961165312294,603.6479576691573,635.037615257493,,481.828426355254,406.2062468497167,395.6598186153424,620.1590836116006,475.9508257381986,517.1567873487161,452.30772301664337,,377.19996943674414,506.863839705117,607.7025957960027,642.9592714575888,563.144367300717,461.01682812505766,,,579.6731879331093,566.0600267206366,531.3892506186191,434.37250333610626,669.6759514157848,548.9863263028162,532.3998631660376,580.9608017907591,443.1321190634808,565.498612067519,390.4365056151645,412.683613265154
v_5.4h,509.7090053652418,,,735.1077348008434,515.1380140632748,542.1399357404791,542.1399357404791,515.8728951398352,381.6217568705843,,442.2060155139294,400.417225146815,409.0268247116787,461.99008832694847,612.2729301094078,657.400790695883,480.9683675971999,416.42935292236973,416.42935292236973,443.75915122857043,590.6392463353993,497.4516617159394,356.9735656202981,481.6786699415834,567.2563225715218,408.2538217721039,515.2174661399262,,,503.72535474503115,390.51632199429537,524.7860592595957,577.4543652861734,444.9450354209555,,452.6445176026161,452.6445176026161,423.15560346665706,468.1799783440287,611.3255997032858,459.2750675600576,459.2750675600576,348.9350552418135,661.5880523059351,,515.1892450297646,572.0613628881923,587.366718535433,481.6923278399199,482.0849283963077,428.9681966691984,639.889180621481,587.5126899050572,517.2253633826809,617.0186605722974,408.0740896157912,490.03416708020035,434.38531419590936,362.17738331998186,326.45097977961046,346.01369829830054,355.5293341891031,402.42928705868616,475.30432990237426,499.50622496611425,490.3237404452143,603.6479576691573,635.0376152574935,,481.9120305594594,406.1258070613867,395.04037554099284,620.1652572187561,473.78197360184674,518.8959426734209,454.0530861743691,,378.41454428901176,506.863839705117,607.5968864621436,644.5217409380365,563.1443692042345,463.5130743101493,,,579.6731880752919,569.3437495993267,534.8026597859956,435.3153595474474,669.6759514157848,551.0868274491505,532.4233821023727,580.8843096929463,444.36493587191364,565.4986125515488,391.1966516308271,414.44011800660263
v_5.5h,512.097557297932,,,738.4618770069568,515.1541114526357,542.1399357404791,542.1399357404791,515.8728951494044,383.7951810248369,,444.13230762868324,402.4917888313778,408.827318529935,463.8143857352086,612.46955608446,657.4108367093036,480.9683675971999,418.0634764982776,418.0634764982776,443.7591513270918,590.6394647940456,497.65936387100817,356.9735656202981,484.0737364160561,569.8437435554414,408.2538217721039,516.773275456262,,,504.0173456178777,392.1382040507738,526.1722832052994,577.4547418207809,447.07272998590787,,452.64449865293585,452.64449865293585,424.39656408788727,470.7270787461063,611.3255997032858,456.7422963770262,456.7422963770262,349.01101151126215,660.2610463399634,,517.2933293158907,572.0039063147277,587.3625672419196,481.6923278406031,483.7831025029432,431.4915202567038,641.7669905762792,587.5126899050572,517.2253633826814,617.0186605722974,408.0740896157912,490.99377298174034,434.3853148758463,362.17738331998186,326.4517501638268,346.2441994062515,356.5876439345239,403.8582596744728,475.29573871135443,499.5062224461663,493.7084014945545,605.0138092419728,635.0376152574935,,481.99143992527445,406.05003546564245,394.415597622623,620.1715965307986,473.78516110514425,520.6258342085598,455.7611135651489,,379.61937214023544,506.863839705117,608.2245449005477,644.3545084113006,563.1443705868438,465.91801309448465,,,579.6731882211423,569.2765245296633,538.2006352291139,436.2854071791204,669.7507600865729,553.1992463037775,532.4470724062325,580.80886473637,445.5865524415505,565.4986130468392,391.02052536194583,416.1534215162354
v_5.6h,514.5255439813687,,,738.6442617467965,515.1660639698312,542.1399439923016,542.1399439923016,515.87289515937,383.7200159913568,,446.0114752597918,404.5962280484889,408.6260972028147,465.6992034073313,616.7242506449445,657.4210067079326,480.6659252961542,419.6832727769651,419.6832727769651,443.7591514286928,590.6396893098606,497.86972732405405,357.9632502791765,486.3510882545906,572.5739548383639,408.2501385804393,518.3166052002022,,,504.3085732736754,393.7463926074383,527.5402954736263,577.4551381858106,449.2331580656879,,452.64447798485605,452.64447798485605,425.6037984924521,470.7608340294732,611.3255997032858,456.7422963770262,456.7422963770262,349.01101151126215,662.7959729502891,,521.655707789574,574.5420510964015,587.3581706066666,481.69232784127456,485.6037614312561,433.90577811059154,643.5926373083212,584.9439351191393,517.2253633826815,617.0186605722974,408.0740896157956,490.03416708020035,434.3853155833276,362.737403836082,326.45253110762553,346.9817535180659,357.6429269648572,405.26446199375124,475.2868301869274,499.5062224461663,497.0435585980196,606.4270991433913,635.0376152574936,,482.06663161689147,405.9733349103213,395.04037554551593,620.1781039281254,471.07664698253285,522.4191547119653,457.42369133580803,,380.84239342424894,506.863839705117,608.8493285979919,645.9268686206566,563.1443705868438,468.33761747974194,,,579.6731883707346,572.6207847264775,538.1665099038242,437.22446895833855,669.9217563161333,555.2733644179033,532.470940785937,580.7345004890662,446.79500363020446,565.498613553675,391.9955385675101,417.9043930391248
v_5.7h,516.8432775933433,,,741.9441857282492,515.1660639698312,542.1399526483705,542.1399526483705,515.8728951590522,383.7200159913568,,447.9219958958283,406.70007094980167,408.06539018901145,467.47244375608227,620.9853979630609,657.4313016490743,481.78358275842504,421.2917224656476,421.2917224656476,443.75915153348564,590.6396893098606,498.07755365323976,357.8684904843306,486.30024108582967,575.3172562876546,409.3825661308702,519.8750436320147,,,504.5990021908177,395.3392974450196,528.9671833312782,577.4551381858106,451.3006254455382,,452.6444635316766,452.6444635316766,426.87906012670317,473.312083899849,611.3255997032858,458.00788255119284,458.00788255119284,349.08691016112635,660.2610463399634,,523.76177108569,576.9905763123174,587.3552529417119,481.6923278409992,487.32129303874706,433.74261224340495,645.3735777074218,584.9439351191395,517.2253633826821,617.0186605722974,408.07408961580035,490.03416708020035,434.38531631942993,363.300178516165,326.45332277588744,347.2081522675415,358.7044548194154,405.22566063109485,475.27858388709024,499.5062198125696,500.348189980162,607.8654381096023,635.037615257494,,482.13757968330026,405.8950847604399,394.4155976305602,620.1847816947611,467.7293330746721,524.1980439211103,457.4574591417031,,382.04256093624343,506.863839705117,609.4711386184566,647.5217448449553,563.1443725151196,470.7021735736928,,,579.6731885241439,575.8927293131684,541.5600051301366,438.19930604315374,670.0871286465068,557.3918797836304,532.4949949940066,580.7474520404759,448.0253523841192,565.4986140722148,392.97083515078214,419.6358769098865
v_5.8h,519.2414547896246,,,745.0619738490388,515.1819823536326,542.139961519971,542.139961519971,515.8728951694839,387.8182270838565,,449.8145889467844,408.8210446039777,408.0329697965577,469.3279271407333,625.2402458443601,657.4417224765147,482.9030813879337,422.9183454149154,422.9183454149154,443.7591516414933,590.6399169896154,498.30177952994836,358.856296116252,486.30024108582967,577.911019861387,409.3825661308702,521.3240236997693,,,504.88859713555627,396.9270120102098,530.35500318221,577.4555553566096,449.2261636247049,,452.6444635316766,452.6444635316766,428.1318152890838,475.8848517134102,611.3255997032858,455.4792378566691,455.4792378566691,349.0846463887288,658.814927897191,,525.8948839044077,579.4063592726028,587.3552529417119,481.6923278416935,487.2901261682727,436.244173824391,647.2514118554384,584.9439351191398,517.2253633826823,617.0186605722974,408.07408961580404,490.03416708020035,434.38531706285886,363.1620860346212,326.4541253347713,347.9377773447028,359.75897384163216,406.64453558714547,475.26977683386394,499.5062108753981,503.62795615898517,609.1486379545519,635.0376152574943,,482.20425507954667,405.85795294021597,395.35173263676313,620.1916320156897,463.64069061513993,525.9232837469559,459.10312264746585,,383.2428512862139,506.863839705117,610.0898774399368,649.0238062248383,563.1443744399967,470.5802832948359,,,579.6731886814453,579.1634127451536,541.5600051301366,439.12201909471054,670.2447050333135,559.4318098159042,532.5192427352345,580.6752955102346,449.23482783952153,565.4986146030946,392.97083515078214,421.32936705789564
v_5.9h,521.5237244876738,,,748.6436783837554,515.1976627539876,542.1399710787621,542.1399710787621,515.8728951803475,387.727880153745,,451.71761970760093,410.91229969567075,407.8236231176832,471.1518033730605,629.466193858396,657.4522701482401,484.0232015091883,424.5271426271524,424.5271426271524,443.75915175304664,590.6401479577551,498.52355144307546,359.83992549739287,488.6041412368927,580.6736525963432,409.3805981435857,522.8092741191086,,,505.17732317855075,398.5231042185711,531.704834811181,577.455994189748,451.3183957378268,,452.64443947913725,452.64443947913725,429.3406323431646,478.4145178026902,611.3255997032858,454.21975509325915,454.21975509325915,349.1603776288251,658.814927897191,,528.0758869612245,581.8936348004273,587.3503917477345,481.6923278414088,489.0689681823498,438.63876154845184,648.9352626390598,582.5995363884847,517.2253633826823,617.0186605722974,408.07408961580876,489.1665432557079,434.3853178602726,363.7267042878691,326.4549389517025,348.1598644346903,360.8079179427802,408.04208456502806,475.2603727756,499.50621706027715,506.9636187949382,610.4834049709643,635.0376152574943,,482.26662568992174,405.7771682679137,394.41559763880184,620.1986361388864,463.6489703590832,527.6214238446348,460.813730376885,,384.4511142230955,506.863839705117,610.7054489206882,650.5217636024312,563.1443763637602,470.5802832948359,,,579.6731888427151,582.3362114673344,544.9412934261202,440.10768991287296,670.4385187415842,561.5124345538425,532.568349200444,580.6752955102346,450.4428288773227,565.498615146446,393.9550137004746,423.05510380992166
v_6.0h,519.0233364920509,,,752.3311970784605,515.2100342701169,542.1399710787621,542.1399710787621,515.8728951914411,391.7602729460261,,453.5549964814615,413.00705460980276,407.61290567205,472.9028791689215,633.6863836510892,657.4629455941248,485.1427549420745,424.4995989859783,424.4995989859783,443.75915186816167,590.6403823387911,498.7481268477261,360.82726209697785,490.9117328912301,583.3887061267586,410.5154463334409,524.3440122357671,,,505.46514571351844,400.10243802156856,533.1271150028336,577.4564561248009,453.4792259443101,,452.64441324047397,452.64441324047397,430.57405168136813,480.9262290015905,611.3255997032858,451.7162409212766,451.7162409212766,349.23603830687966,658.814927897191,,530.1368421904875,584.2520189835294,587.345239880645,481.6923278421263,490.8027944094039,438.63876154845184,650.6059195901099,582.599536388485,517.2253633826828,617.0186605722974,408.0740896158137,489.1665432557079,434.3853186897503,364.2934919587894,326.45576379535305,347.6421172457076,361.86510164383,409.41226350561743,475.2503332117294,499.5062077001429,510.2293310998757,611.8916729761885,635.0376152574946,,482.32465635346085,405.6948073888415,394.7277374644582,620.2058398156262,458.7233334439684,529.331352297568,462.4559190015162,,385.6318125014017,506.863839705117,611.3177582660113,651.997698260766,563.1443778615512,472.92502254960414,,,579.6731890080317,585.5853091541045,548.2866346557503,441.0731209661783,670.6348667106606,563.5631471059069,532.5932137682663,580.6043109366863,450.3726195982682,565.4986157025928,394.94812778123895,424.8198306609008
v_6.1h,521.294867769713,,,755.9441385371119,515.2100342701169,542.1399811144906,542.1399811144906,515.8728951914411,391.7602729460261,,455.4500076733501,415.09107522534435,407.40097419905965,474.7286845028768,633.6863836510892,657.4737496186793,484.8325329245501,426.08373967846427,426.08373967846427,443.75915198697834,590.6406202577078,498.98404676194826,361.8053108317267,490.8493357723678,585.9078339581044,410.5154463334409,525.8333574968206,,,505.75172797152476,401.6627996868744,534.5208369485312,577.4569420470668,455.52267187682196,,452.64439432763953,452.64439432763953,431.79221710954744,483.46568628696207,611.3255997032858,454.2197556427426,454.2197556427426,349.31162420044666,657.2506049667122,,532.3243490562023,586.72726461143,587.3397788739458,481.69232784283497,490.8027944094039,438.5072527845219,652.3557079683993,580.4844888761148,517.2253633826833,617.0186605722974,408.0740896158186,490.03416708020035,434.3853195525282,364.8622604705089,326.4566000356251,348.35816506273915,362.9130332775093,410.816663408981,475.23961725901813,499.5061975649018,513.4671328233663,611.645810809645,635.037615257495,,482.3783088921544,405.6108611639871,394.7277374644582,620.2058398156262,452.8765907849215,531.0894901179345,464.0844285536897,,386.83594253158736,506.863839705117,611.9267119957765,653.5900860559634,563.1443798175172,475.3285739310499,,,579.6731890080317,588.900693583533,551.6146636214188,441.2640100007937,670.5335840501702,565.6425400745811,532.6183043575573,580.5345266329036,451.5810031053302,565.4986162718632,394.7685479633607,426.4995442405576
v_6.2h,523.6710532452493,,,759.8319990845675,515.2273241932977,542.1399914871893,542.1399914871893,515.8728952033013,391.6794048363564,,457.3379116384573,415.12568520164643,406.8160768263681,476.4854286066355,637.860899749497,657.4846833894211,484.8325329245501,427.6840878635478,427.6840878635478,443.7591521096407,590.6408618403534,499.2175142496683,362.7907246556075,490.8493357723678,588.7645631601131,410.5164366330943,527.2692653818119,,,506.1644508195978,403.2281148648829,535.8771902458731,577.4574532074134,457.62555560024373,,452.64439432763953,452.64439432763953,433.0373484292549,485.9857477324108,611.3255997032858,452.96500694214853,452.96500694214853,349.31162420044666,655.5701063000253,,534.4723167776807,589.0425713333002,587.3339889993155,481.6923278425736,492.4855130357226,440.94815779930457,654.1246252382161,580.4844888761155,517.2253633826839,617.0186605722974,408.0740896158235,489.1665432557079,434.3853204498836,365.43469636773057,326.45744784363046,348.577344612689,363.9576922124375,412.1905920954106,475.2281815103093,499.5062043817876,516.7300236569961,612.973786073803,635.0376152574955,,482.42754214231,405.52532105688385,394.10549202314064,620.2132217731813,452.8912936120022,532.7083242477098,465.73052686181745,,388.0236536663389,506.863839705117,612.5390731560867,655.0260272251959,563.1443798175172,477.66714068637776,,,580.9113076813946,592.0693587062261,554.9391369273286,442.25728506866585,670.734266288691,567.6465016759538,532.6436221579905,580.5522181887076,451.5810031053302,565.4986168546052,395.76982198064667,426.4818139575897
v_6.3h,525.9097681499434,,,763.8851170212296,515.2457287521396,542.1400026063291,542.1400026063291,515.8728952156754,395.70229566875156,,459.15720553561914,417.207360152781,406.8160768263681,476.4854286066355,642.030224530927,657.4957476890365,485.95694723001213,429.2679047664644,429.2679047664644,443.7591522362965,590.6411057843652,499.45938249330686,363.76710058519274,493.1388873486042,591.3945687528126,411.65199186721907,528.7586125995173,,,506.4369556612252,404.7939297729899,537.2603599281525,577.4579907932452,459.63731687243506,,452.6443637553428,452.6443637553428,434.1879070808016,488.4873160903397,611.3255997032858,450.4747880760865,450.4747880760865,349.3087925532905,655.5701063000253,,536.5200188078776,591.5347940324526,587.3278491745837,481.6923278433059,494.2605637125715,443.2922465111216,655.7586966383047,578.5964937839375,517.2253633826839,617.0186605722974,408.07408961582854,488.37865063787945,434.3853213831383,366.0095621332438,326.4583073916715,348.79580558457184,365.00744863120644,413.55414196144926,475.21685224054073,499.5061937678743,519.9966916010187,614.3088770191971,635.0376152574955,,482.4723119895413,405.44048594979307,394.1054920352177,620.2207837906196,446.07813613296935,534.3865253884758,467.32032380921095,,389.20016226331256,506.863839705117,613.1555909993816,656.5516060690793,563.1443817766823,480.0235730397358,,,580.8385304026854,595.2099826570926,558.2120498958263,443.2217868252918,670.9256055700789,569.7071631481168,532.6691613989759,580.4848572899479,452.7955574746899,565.4986168546052,396.7692707646687,428.16568515340185
v_6.4h,528.1413657364155,,,767.7649473504322,515.2608907923494,542.1400143003001,542.1400143003001,515.8728952284164,395.70229566875156,,461.0007178229601,419.28752732531314,406.5982300294611,478.2807973124599,642.082926891848,657.5069434374208,487.0827200513504,430.80172242193566,430.80172242193566,443.75915236709375,590.6413552259647,499.95341117101384,363.6610766379546,495.3683541083405,594.0672211900337,410.51364636186224,530.2752681193699,,,506.7080355005211,406.33818282117375,538.6645010602114,577.458556077992,459.64984996625924,,452.6443413557058,452.6443413557058,435.4162266684969,491.01456743894323,611.3255997032858,449.2420257464518,449.2420257464518,349.38417196885854,655.5701063000253,,538.7465967118975,593.79949595135,587.321336864614,481.69232784379267,495.9434206183748,445.6881930101935,657.3967622114712,578.5964937839386,517.2253633826842,617.0186605722974,408.0740896158335,489.1665432557079,434.38532235365835,366.5862806003858,326.4591788532177,349.49863003130196,366.04549826711917,414.9344035209686,475.2059123073282,499.50620091397957,523.2263164530368,615.6932593403511,635.0376152574959,,482.51257140787305,405.3590045108052,394.1054920352177,620.2285275311935,438.3197787577625,536.086272430444,468.9235254324172,,390.3947095704356,506.863839705117,613.7687214110462,658.0611328747146,563.1443837410279,482.3424746676119,,,583.7950918367173,598.4013481259718,561.503734980154,444.22932430500106,671.1115624902378,571.6205156755836,532.6949559663949,580.4187720796178,453.9882975013102,565.4986174511662,397.76584101771283,429.89587232932354
v_6.5h,530.4185179649937,,,772.0036229110303,515.2608907923494,542.1400143003001,542.1400143003001,515.8728952284164,395.61937917108327,,462.87195161403434,419.28752732531314,406.3794234715873,480.0047939305159,646.3402778845589,657.5182715214478,488.2088181629138,432.38723959418826,432.38723959418826,443.75915236709375,590.6416087017441,500.21160154033214,363.6610766379546,495.3452629607003,596.8172763852095,411.6563130831749,531.6588771813333,,,506.9776554872932,407.86987535598865,540.0318477741147,577.4591503945788,459.64984996625924,,452.64430569899974,452.64430569899974,436.58716302661566,493.56565598045637,611.3255997032858,449.2420275933685,449.2420275933685,349.45946349218934,653.7767499470573,,540.8015554918064,596.2586696873811,587.3167783702387,481.69232784379267,497.68661957042195,445.6881930101935,659.0046854840875,578.5964937839401,517.2253633826849,617.0186605722974,408.0740896158385,488.37865063787945,434.38532336285743,367.16467285369805,326.4588999706433,349.49863003130196,367.08885257526487,416.27719141398705,475.1942425911576,499.5061897997341,526.4360506493725,617.0324635956237,635.0376152574961,,482.54827050350906,405.27599614380347,394.1054920477697,620.2364545392815,438.3442653511995,537.7929817064635,470.4844881849165,,391.55398447503444,506.863839705117,614.378379003265,659.4495368541808,563.1443853581629,484.5581309046422,,,586.6835118662474,601.6558146487873,564.8002817964515,445.20155167826607,671.3418207713429,571.7475458087036,532.7209995025263,580.4187720796178,455.1939828403448,565.4986180619019,398.7585271590714,431.5708733565806
v_6.6h,532.5869457122211,,,776.2830686894825,515.2790904847128,542.1400266002615,542.1400266002615,515.8728952419461,399.67276116220734,,464.7081301698109,421.3458626247879,406.1598253982008,481.7320591823146,650.5744015630883,657.5297328264646,489.3342409296451,433.93685242044296,433.93685242044296,443.75915250219805,590.6418663460079,500.4721122634767,364.63560165716507,497.6089552787629,599.337783447134,412.7917655806163,533.1031256024285,,,507.2457811230018,409.42102520514527,541.3636134985387,577.4597751396344,461.76056702181376,,452.64426677807813,452.64426677807813,437.8291717104283,496.1088575803012,611.3255997032858,449.2420275933685,449.2420275933685,349.5346628431185,653.7767499470573,,542.9544085738609,598.5579753214864,587.309553972179,481.6923278445433,499.3889251428755,445.5493270375269,660.6118825681777,576.9272848040563,517.2253633826855,617.0186605722974,403.70157289583074,488.37865063787945,434.38532441219604,367.7445630063021,326.45979868639074,349.7123534459415,368.12773711328896,417.6460435007732,475.18179661301036,499.50617777557653,529.6479879312941,618.257149081537,635.0376152574962,,482.57935656382756,405.1914534473375,394.1054920477697,620.2445662372877,438.3689839816207,539.3238528758845,470.4844881849165,,392.74766945365207,506.863839705117,614.9844793865832,660.8602836800872,563.144387361646,484.4644252338366,,,589.6582166093176,604.7344083969814,568.1337120578968,446.2170759828152,671.5701919365384,573.7920045604095,532.7472974592466,580.353985211488,456.39773773576957,565.4986186871422,399.7698475590224,433.28142828923876
v_6.7h,534.8800436302416,,,776.2830686894825,515.2945547854534,542.1400394001714,542.1400394001714,515.8728952559146,403.65868783838187,,466.48640224339636,423.4162661064656,405.9396064194587,481.7968671688549,654.7931107745152,657.5413282281393,489.040047498849,435.46490731113397,435.46490731113397,443.7591526417729,590.6421282953239,500.73000541783364,365.6074537975487,497.6089552787629,602.1827180395956,411.65668532123306,534.5871460496419,,,507.5123782714119,410.94712225880664,542.7784764043257,577.4604317607955,463.7604743832792,,452.64426677807813,452.64426677807813,438.9818443657217,498.6476955484836,611.3255997032858,448.01937246800156,448.01937246800156,349.45611906270733,651.8752753136663,,545.0837209360234,601.0008870723036,587.3018856913824,481.6923278442954,499.3668430508414,447.87753063285743,662.1817636820075,576.9272848040588,517.2253633826855,617.0186605722974,408.0740896158429,489.1665432557079,434.3853255031841,368.32577851988646,326.4607098238522,349.925287592499,369.1577842158934,418.99342113610834,475.1685250519102,499.5061856528855,532.812090252368,618.257149081537,635.037615257497,,482.6057741122159,405.1053696239016,393.4961485049032,620.2528639225233,439.4074789170135,540.9749006504297,472.1388894979043,,393.9113764789287,506.863839705117,615.5869391340761,662.2684951747741,563.144387361646,486.793856443345,,,592.6213364855596,607.8128262512449,571.449539517101,447.1547188031468,671.6836638690876,575.798043761126,532.7738590548043,579.198258896349,457.57933158788035,565.4986193273464,399.7698475590224,434.9231021179896
v_6.8h,534.6035617611294,,,780.2683033743997,515.3126940412602,542.140053025051,542.140053025051,515.8728952707025,399.56199810779077,,468.3676821928291,425.50435795913324,405.3319133720162,483.5112433141707,658.9408988719568,657.5530585922585,490.17296630623497,437.01747314349507,437.01747314349507,443.75915278598825,590.6423946888059,501.0019160956689,366.5799443655398,499.7969080868413,604.7643224074178,412.7997901424555,536.0057671421772,,,507.7774131693426,412.4552101198838,544.1615019113216,577.4611217845126,465.815643686835,,452.6442377439986,452.6442377439986,441.32972559558823,501.14025622895247,611.3255997032858,446.80825073209354,446.80825073209354,349.5311737084374,651.8752753136663,,547.1283314747103,603.2726960445207,587.2946853686199,481.6923278450713,501.088828031617,450.244706719588,663.7241386083505,575.4640134849495,517.2253633826862,617.0186605722974,408.07408961584804,488.37865063787945,434.38532663738295,368.18275232294064,326.46163356101397,350.61375768260365,369.0656464820846,418.99342113610834,475.15437557896473,499.50617306292986,532.5764643116347,619.5497698825562,635.0376152574972,,482.62989628521836,405.0177384965163,393.4961485274713,620.2613487640858,440.9708821181565,542.6518852881486,473.6363343520319,,395.084963373713,506.863839705117,615.4371784223198,663.692444463959,563.1443893741741,489.0469700824794,,,595.4131819113894,611.0479141281317,574.7369809721112,448.16780142294823,671.9100470601019,577.7581680905607,532.8017013546539,579.2185284691025,458.7796323538986,565.4986199828552,399.60803632916486,436.6370035208809
v_6.9h,536.8295750246677,,,784.9496975532653,515.3308517604576,542.1400673562221,542.1400673562221,515.8728952707025,403.51625386472887,,470.1480937623566,427.57189307296403,405.10627647655133,485.2532392388675,663.0561007137464,657.5649247746035,490.17296630623497,438.54793758984255,438.54793758984255,443.759152935029,590.6423946888059,501.27442929458033,367.54514033492,499.6723253296402,607.5183778124949,413.9440349884058,537.4196076070722,,,508.0408524375063,415.49306906641954,545.5094602278231,577.4618467395742,465.81617085124384,,452.6441923026878,452.6441923026878,442.5383996223096,503.638692482594,611.3255997032858,446.808254104001,446.808254104001,349.6061272638156,651.8752753136663,,549.3169218320792,605.635877051362,587.2880435103453,481.69232784561655,502.822609949806,452.4925500592895,665.2870285508772,575.4640134849535,517.2253633826867,617.0186605722974,408.07408961585327,487.6600818213284,434.38532781640527,368.76719213541605,326.46257007690616,350.821687922978,370.09017985350954,418.95543496849336,475.13929268236666,499.506181319401,535.7606692767231,620.9178697765723,635.0376152574977,,482.65174332728293,404.9285545249768,393.4961485274713,620.2700217997501,442.6004394501694,544.247927028383,473.7057218795132,,396.25225847742297,506.863839705117,616.0305601426593,663.4802113040295,563.1443910827496,489.0469700824794,,,598.3852115981671,614.161408895494,577.9684293024707,449.1232608089489,671.9100470601019,579.7985893860242,532.834893312153,579.1555613347599,459.9739609993722,565.4986206540666,400.61400117063766,438.31294335279534
v_7.0h,538.9637148574283,,,789.1862076207923,515.3308517604576,542.1400673562221,542.1400673562221,515.8728952861566,407.496184767962,,471.98140197031,429.64900579162344,404.88030879114905,486.95188213317147,667.1091724990689,657.576927620983,491.30402982907486,440.0653055847069,440.0653055847069,443.7591530890815,590.6426656683947,501.5442228941234,368.51430579607734,501.9026722792027,610.1763332642167,412.80370584249766,538.8524294418493,,,508.3026630914438,416.9882880011257,546.8525458524573,577.4626083800679,467.82539248925207,,452.6441426816805,452.6441426816805,443.67141206744435,506.113133485907,611.3255997032858,445.6100819869825,445.6100819869825,349.6809754149593,649.8719186395491,,551.3217080634483,607.9493057223267,587.2880435103453,481.69232784561655,504.4518953244288,450.08852552240563,666.8693774635757,575.4640134849577,517.2253633826874,617.0186605722974,403.70157289585023,488.37865063787945,434.38532904191817,369.3528359797006,326.4635195515753,351.028758571417,371.12439053449316,420.32614242487386,475.12459451179797,499.5061681380552,538.9319649661848,620.6800790821995,635.0376152574978,,482.6712845066669,404.83781282172976,393.7986853494176,620.2788839328881,444.19480116840305,545.8253682832471,475.28101890013164,,397.40874173485327,506.863839705117,616.0305601426593,664.8602249977961,563.1443931390934,491.28046528515466,,,601.2540106973563,617.1286984277866,577.8322211249726,450.1540362068157,672.1307613702013,579.7985893860242,532.8684317453484,579.1008482456258,461.145996049581,565.4986213413885,401.62160724174413,439.91196989036274
v_7.1h,541.1484639689056,,,789.1933178191225,515.3467925014087,542.1400823130118,542.1400823130118,515.872895302187,411.4520500631041,,473.81792511034536,431.7205039513777,404.8208805484621,488.6338407914738,671.0255742138231,657.5890679673744,492.43232552212197,441.59573339179616,441.59573339179616,443.7591532483219,590.6429413791227,501.82579876536465,368.3889055522573,504.09074804318595,612.8464716986417,413.94646338449127,540.2755539871391,,,508.56281255254737,418.4999505190923,548.2561850974931,577.4626083800679,469.8270197592308,,452.6441426816805,452.6441426816805,444.84506212119396,508.6279203897766,611.3255997032858,445.6100819869825,445.6100819869825,349.7557138375816,649.8719186395491,,553.5389667454511,610.2416853180742,587.2809872021467,481.69232784641525,506.1411144667663,452.30724274672656,668.4327017068422,574.1905704839231,517.2253633826874,617.0186605722974,403.7015728958571,488.37865063787945,434.38533031564435,369.93952046332174,326.4644821660554,351.7017538652949,372.14849925228884,421.6526764623722,475.09488228859686,499.50616299153955,538.9319649661848,621.8431725138762,635.0376152574983,,482.6884886115277,404.7488826116687,393.1985424554363,620.2879359294406,445.79672164462954,547.4451626790928,476.8742669083524,,398.57853561985723,506.863839705117,616.6201152381624,666.2565889047008,563.1443952081296,493.5600970885187,,,604.0800885500336,620.3355140561152,581.1173190911671,451.1338266386485,672.3952453865819,581.6978927054809,532.9023124257126,579.0542441853316,461.0915443743072,565.49862204524,402.6204000823722,441.6109184085786
v_7.2h,541.1484639689056,,,793.9594569816458,515.365010018792,542.1400981815709,542.1400981815709,515.8728953190949,407.38575354297177,,475.5621297293079,433.80619112559543,404.59434414241116,490.33840449083556,675.2380124971529,657.6013466402574,492.15097116996844,443.1036707567244,443.1036707567244,443.7591534129967,590.6432212832605,502.1099795895836,369.3556164355812,504.09074804318595,618.1448233378529,415.1043276381502,541.6285022952068,,,508.821268659176,419.97597670663333,549.6251974006351,577.463408370899,469.8270197592308,,452.6441051082711,452.6441051082711,445.9672717391908,511.174656880017,611.3255997032858,444.42623885492753,444.42623885492753,349.6769059717074,647.7744133493704,,555.5370045995753,612.5957995781607,587.2734888165485,481.69232784700506,506.1411144667663,454.6690772382467,669.9242674467355,574.1905704839297,517.225363382688,617.0186605722974,403.7015728958645,487.66008182132845,434.38533031564435,369.93952046332174,326.46545810233584,351.90355064636327,373.17135989039883,422.99483321253246,475.0785523347994,499.50616299153955,542.1050935942886,623.1376721330871,635.0376152574983,,482.5491243023003,404.70445844161526,393.1985424554363,620.2971784149473,447.3876273355058,549.0369975080428,478.3737835679978,,399.7208597066147,506.863839705117,617.2057605337069,667.5903710410965,563.1443972914783,495.7627887326012,,,607.0157505320458,623.3743956098897,584.4035191490667,452.1563791931671,672.534331599586,583.749507921936,532.9365459324433,579.0542441853316,462.26052170608205,565.4986227660509,403.6095483251766,443.24459582210125
v_7.3h,543.296541325739,,,798.1852492851351,515.3831061996934,542.1401148713268,542.1401148713268,515.8728953190949,411.3482507056047,,477.4403598180652,435.8553751544727,403.9616512914625,492.0293331194309,675.4720040718536,657.613764457681,493.28633927516427,444.6174485531605,444.6174485531605,443.75915358329485,590.6435069754162,502.3913271141541,370.30662695386576,504.02042803055105,620.9331032898509,413.95430281132167,543.0853427636347,,,509.08061538078266,421.46970792947366,550.9608295780554,577.4642485062805,471.76024284588556,,452.64404711078174,452.64404711078174,447.16369043815195,513.6939712948222,611.3255997032858,442.10673605184996,442.10673605184996,349.7514778446195,649.8719186395491,,557.7608016622258,614.7356932329626,587.2679597147859,481.69232784700506,507.79829448661565,456.8934571843911,671.3805744957459,574.1905704839371,517.2253633826888,617.0186605722974,403.70157289587144,487.66008182132845,434.3853316393624,370.52708641330804,326.46545810233584,351.3842300398174,374.19459568098756,424.3235429531092,475.06115732183963,499.5061480741585,545.2529831037226,624.4421137789733,635.0376152574987,,482.56165108584935,404.6171680174439,393.198542488403,620.3066118716549,448.9658152501443,550.6456353775816,479.93145786766115,,400.8918024915671,506.863839705117,617.7874137764188,668.9088895270364,563.1443972914783,495.6335841343964,,,609.7737795475911,626.4020109313348,587.6458937174938,453.1552559116036,672.8150505264214,585.7221819047918,532.9711411962433,579.1000317409155,463.45015971235443,565.498623504265,404.61278191853944,444.8548507397089
v_7.4h,545.4423965821048,,,803.0179444302437,515.3812644043599,542.1401148713268,542.1401148713268,515.8728953366611,415.29405482421606,,479.19730881328053,437.92632315509013,403.73031198614615,493.72241928383596,675.4720040718536,657.626322229835,494.4178881895436,446.0899344996445,446.0899344996445,443.75915375943885,590.643797847586,502.67691673327954,370.30662695386576,506.2108292242985,623.4562320671456,415.1044818160461,544.4593929315033,,,509.3478105666223,422.9521302848172,552.3027255142977,577.4651306552926,473.7853755456046,,452.64398374906386,452.64398374906386,448.2890708009115,516.1712687868202,611.3255997032858,443.2580547502925,443.2580547502925,349.82623329170366,645.5919008551002,,559.791381875394,617.1889874035837,587.2596052033728,481.69232784761437,509.4980105124733,459.1822358793248,672.8393469716768,573.0887615118972,517.2253633826898,617.0186605722974,403.70157289587877,487.66008182132845,434.38533301695827,371.1153791866745,326.46644754333164,352.0413054438757,375.20704459636374,425.641275110022,475.0426307162981,499.50615761355664,548.3695728496522,625.6922565843341,635.0376152574994,,482.571725508633,404.52838682457104,393.198542488403,620.3162314291125,450.5508875651456,552.1487288174466,481.48696848368104,,402.02286434379084,506.863839705117,618.3649936112868,670.2662140166532,563.1443991291886,497.8019871138577,,,612.6566739324685,629.5461475127408,590.8320740654701,454.1623634048925,673.0822206669823,587.6575992261382,533.0061084119159,579.0687337960005,464.6344318286164,565.498624260325,405.6120940571381,446.5612700583922
v_7.5h,547.5266766491914,,,807.4386536343355,515.3995309367373,542.1401323246374,542.1401323246374,515.8728953551607,411.2299832467394,,481.01255306196356,439.9546500634574,403.49930078592735,495.35869554984043,679.5038631845564,657.6390207600037,495.55309702492445,447.61669127757796,447.61669127757796,443.7591539416591,590.6440940604778,502.97232039346585,371.2680609452719,508.41734858455334,626.2707964488181,415.10810366891155,545.8379845638254,,,509.61328111481635,424.40678608177126,553.6979538482879,577.4660567674189,473.8494831475114,,452.64398374906386,452.64398374906386,449.4331537479095,518.5953708902052,611.3255997032858,442.10675717067204,442.10675717067204,349.9013339500275,645.5919008551002,,561.991007385855,619.3577337009871,587.2507202982295,481.69232784846656,509.45538994872874,456.7397952019175,674.2912373391465,573.0887615119093,517.2253633826906,617.0186605722974,403.7015728958859,487.66008182132845,434.38533443578564,371.70307085021307,326.467450672847,352.2393020136891,376.228827071641,426.9709868776344,475.0290562119707,499.50614199767256,551.4111111477823,626.9252300970112,635.0376152574996,,482.579315097867,404.4381114992572,393.19854252280567,620.3260482383836,452.10937016472576,555.2504536258155,483.0032877353236,,403.1933263533363,506.863839705117,618.938419558714,671.5926577649121,563.1444012623617,500.06679203672127,,,615.5087855267293,632.3865218964272,593.9456380245801,454.35358117258994,673.3434204386874,589.6724327096526,533.0414578359076,579.0446704651849,465.796467073991,565.4986250347102,405.44912604908507,448.17162301690286
v_7.6h,547.4106835581075,,,812.2106004023718,515.417710596711,542.1401507958183,542.1401507958183,515.8728953745033,415.1639328904084,,482.77958990655503,442.00977764838166,403.26880583025843,497.0684794755264,683.3872726415542,657.6518608456478,495.55309702492445,449.08533404722726,449.08533404722726,443.7591541301954,590.6443957790486,503.26476462114994,372.2134401878802,510.54545407080695,628.7754777764758,415.10810366891155,545.8793624659322,,,509.87699553189833,425.8955623767052,555.060145956997,577.4670288750378,475.7841608307607,,452.64393511383184,452.64393511383184,450.5551561775235,521.1375763168678,611.3255997032858,442.10675717067204,442.10675717067204,349.89786469992407,647.7744133493704,,564.0368635094345,621.690134988061,587.2412689876072,481.69232784846656,511.1369784268313,459.033209152068,675.7177260587728,573.0887615119218,517.2253633826906,617.0186605722974,403.70157289589207,487.66008182132845,434.3853359277114,372.2899655759198,326.46846767554484,352.4363085710736,377.2318822299067,428.2683804824647,475.00986822586276,499.5061356479067,554.5657601219733,628.1471095952778,635.0376152575002,,482.5843870953205,404.34633933229765,392.6191540863915,620.3360565218089,453.686229971549,556.8651252447684,484.48622493910017,,404.31598253609013,506.863839705117,619.5076119939965,672.9642959100374,563.1444034127733,502.25115239542913,,,618.2897888629897,635.5905527655807,597.259385125782,455.39302596426694,673.3434204386874,591.5567148122637,534.0480571921292,579.0275501999786,466.9716861090838,565.4986250347102,405.44912604908507,449.7826277697238
v_7.7h,549.5291364940338,,,816.7829833773907,515.4358783425788,542.1401702197936,542.1401702197936,515.8728953745033,419.09690659761657,,484.55114206355177,444.05828006744076,403.0390149789454,498.6984194333196,687.3333723126904,657.6648432794932,496.70177204743686,450.5689021089254,450.5689021089254,443.7591543252108,590.6447031727636,503.55432199870467,373.1692861931808,508.3364750122965,631.5991527234811,416.2719513334479,547.2389054136711,,,510.13892273360796,427.3385747993793,556.3905596433057,577.4680490926336,477.74781980912906,,452.6438609672924,452.6438609672924,451.6899326039861,523.6834403145039,611.3255997032858,440.9734904760926,440.9734904760926,349.9726989701766,645.5919008551002,,566.1836236334999,623.9660103208013,587.2312126425097,481.6923278491238,512.7209869255628,461.22953146366865,677.09962684161,572.1392950092113,517.2253633826914,617.0186605722974,403.7015728958995,487.66008182132845,434.38533747969444,372.875898045601,326.4683588753891,352.63229791181305,378.2514856220283,429.59750898540005,474.99143679978266,499.5061356479067,557.7200376311778,629.4121580587667,635.0376152575006,,482.5869085037081,404.2530682821055,392.6191540863915,620.3462561672551,455.229118519942,558.3636129920609,486.04407170229456,,405.4840304155878,506.863839705117,620.0724921287559,674.2497250646477,563.1444055819057,504.3755095388282,,,621.1521511440967,638.5519786030889,600.4651790924166,456.374979292635,673.65191743007,593.5558616336891,535.43509530097,579.0170836290798,468.1510989592074,565.498625827906,406.44902035778443,451.45868107651614
v_7.8h,551.6451456134025,,,821.5389568337855,515.4344289214253,542.1401906448849,542.1401906448849,515.872895394648,418.9729610943775,,484.67128689533496,446.1309635456384,402.38313132526685,500.379719368452,691.4178533215506,657.6779688029743,496.4130873965805,452.05277402055725,452.05277402055725,443.7591545271491,590.645016415835,503.85303338728164,373.0326796277169,510.4427962238519,634.1025688239599,416.27140001104874,548.6451217419612,,,510.40816299299973,428.81012523757386,559.1052698527739,577.4691196056186,479.73805362396666,,452.64377991995235,452.64377991995235,452.835058186898,526.1419727569377,611.3255997032858,440.97350467864135,440.97350467864135,349.9726989701766,643.3347440541969,,568.224096339518,626.0962181125049,587.2205098149182,481.6923278491238,514.4326025486292,463.4537456787861,678.5093147997849,572.1392950092323,517.2253633826923,617.0186605722974,403.70157289590674,487.0019208055773,434.3853390939126,372.7385996672818,326.4694068979905,353.2674939749693,379.24739386214,430.878599291645,474.97181489223135,499.506129012756,560.8431626828949,630.5347646721671,635.0376152575013,,482.5868461357675,404.1582969873111,392.9062066661502,620.3566469059624,456.79476108901457,559.8969428542908,487.49097822627897,,406.6011081661226,506.863839705117,620.6329819943071,675.5789697298889,563.1444055819057,504.3755095388282,,,623.8474524801984,641.5415074906222,603.5771474497503,457.4179269646112,673.8059817705258,595.5246009593716,536.8460144359486,579.0129841805109,469.3084781932841,565.4986266403971,407.43786237374354,453.0265981681923
v_7.9h,553.7269409424204,,,826.2075913662626,515.4527710762144,542.1401905601185,542.1401905601185,515.8728954158211,418.9729610943775,,486.41952833508697,446.1395742830628,402.1492319302149,502.00466654798834,695.3511370040586,657.6912380149953,497.54765877475165,453.50650479980567,453.50650479980567,443.759154736196,590.6453356874795,504.15599924046546,373.9802718843494,512.6335267525245,636.9414996960777,416.27140001104874,550.0074230384306,,,510.67824655829594,430.25634277412394,560.4679460400218,577.4702427508887,479.73805362396666,,452.6436913192387,452.6436913192387,453.8969402378975,528.5535080503367,611.3255997032858,439.8592879833778,439.8592879833778,350.047415107297,645.5919008551002,,570.4033184374791,628.4816405936796,587.2091160196794,481.69232784980267,516.0022844101163,463.33622468586333,679.9115534424807,572.1392950092536,517.2253633826933,617.0186605722974,403.7015728959144,487.00192080557736,434.3853407726118,373.3256630400227,326.4704693342469,353.4577291424664,380.26277017927725,432.2051163003612,474.95092879618676,499.506129012756,563.9017380080102,630.2946641242472,635.0376152575018,,482.58416666612527,404.1582969873111,392.33707297134134,620.3672283104621,458.3262352120069,561.363561031351,489.0128862617682,,407.76447549747456,506.863839705117,621.1890044269621,675.5789697298889,563.1444075537039,506.5797210582843,,,626.7608011797414,644.5994624083523,606.7499863226817,458.41776979819724,674.1380650024836,597.3497712640175,538.1925623348734,577.9641234811307,470.4636510141927,565.4986274726895,408.4150450873447,454.6790457508263
v_8.0h,555.8224511378784,,,831.0156416513144,515.4711695919447,542.1402120455142,542.1402120455142,515.8728954379658,422.84868143929555,,488.23146820264844,448.17343917689993,401.91638602396057,503.6486252925911,699.0670288969333,657.704656158756,498.69884648732926,454.9695578612836,454.9695578612836,443.75915495263683,590.6456608381022,504.45593475569814,374.91572759524496,514.6608959745535,639.450445744865,417.442550651224,551.3661583744343,,,510.94651850604095,431.69931703104874,561.8003385383554,577.4714208946663,481.6574865534596,,452.6437169306664,452.6437169306664,455.0398911775348,531.1335567132855,611.3255997032858,439.0429306500233,439.0429306500233,350.12200874982227,643.3347440541969,,572.4393134074144,630.6292208813417,587.1969834986851,481.69232785071284,517.6906327773715,465.54128346487096,679.3404350938456,571.322568963006,517.2253633826933,617.0186605722974,403.7015728959144,487.00192080557736,434.38534251810563,373.9116091839747,326.4715463719455,353.6468804804771,381.25351879555467,433.473888960176,474.92870043543843,499.5061105311242,566.8744127360225,630.2946641242472,635.0376152575025,,482.5788366860453,404.0621453541157,392.90620671649685,620.3779997926563,459.8769573932508,562.9492294296099,490.4962865768827,,408.87878703632157,506.863839705117,621.7404830552138,676.8627249954676,563.1444097786444,506.41479492464947,,,629.3888812468718,647.4627104911132,609.9969987295711,458.41776979819724,674.4531193195356,599.3937098617012,539.581053818001,577.9661959263123,471.64060541304343,565.4986283253033,409.4092036433079,456.2979479755961
v_8.1h,557.8379736165042,,,835.6505844186848,515.489561565031,542.1402346343484,542.1402346343484,515.8728954379658,422.66102958917446,,489.9950007604072,450.18860338566896,401.684783991217,505.27905220717395,699.2336552844428,657.7182225515626,499.84474510033607,456.399052189923,456.399052189923,443.75915517661184,590.6456608381022,504.75290548114884,375.8584186119793,512.5368356754694,642.2588966105898,417.4449811412175,552.6975397963489,,,511.212948416938,433.14766112792233,563.1037176217365,577.4726565256271,481.69327611494236,,452.64362196573444,452.64362196573444,456.12122685890205,533.652626129678,611.3255997032858,439.0429306500233,439.0429306500233,350.1177282826319,641.0142445226242,,574.6334944281945,632.8701362361129,587.2004292537387,481.69232785071284,519.2839925543524,465.54128346487096,680.6984493864254,571.3225689630415,517.2253633826946,617.0186605722974,403.7015728959217,487.00192080557736,434.385344332778,374.4962876886815,326.4726381995333,353.8349219120821,382.26276007592594,433.4856977735681,474.905047120411,499.50610273627996,570.0279103987789,631.4970318103243,635.0376152575033,,482.57082276115455,403.9720323569961,392.33707305711084,620.3889606020824,461.4012620017682,564.4385360018681,490.5616218443383,,411.1491982420452,506.863839705117,622.300459197653,678.149718257565,563.1444120255309,508.51270282234833,,,632.2849372667771,650.5578482320079,613.1212212977184,459.3920691341809,674.7638188990162,601.312901641125,540.9246453067062,577.9743409608132,472.79581352908554,565.4986291987731,409.2479870295797,457.8806623765156
v_8.2h,559.942256659297,,,840.5796260980904,515.4884142690203,542.1402583818083,542.1402583818083,515.872895461065,422.66102958917446,,491.76440561198,452.2374951217639,401.45461422971863,506.8616966974745,703.1995718849669,657.7319364074959,500.98466701795866,457.884129891289,457.884129891289,443.7591554087432,590.6459927595401,505.05433221526175,376.7858231296325,514.5584774050529,644.7892449390973,417.4449811412175,554.0653648529936,,,511.4775062674478,434.56623303552163,564.4761921533772,577.473952231636,483.68819695147823,,452.64351810149867,452.64351810149867,457.26517672907534,536.059486263997,611.3255997032858,438.7729375344887,438.7729375344887,350.1920157552589,643.3347440541969,,576.6189849877704,635.1539109505891,587.1876861000223,481.69232785143936,520.9168401554931,467.73743173478937,682.0387891689635,571.3225689630784,517.2253633826957,617.0186605722974,403.7015728959292,487.00192080557736,434.38534621908326,375.0795549011452,326.47374500607816,354.4468140789629,383.24708334069925,434.7716879203422,474.87988129175244,499.50610273627996,569.7184897224522,632.6881878242383,635.0376152575036,,482.5600914922457,403.8804872224523,392.906206769015,620.4001098243546,462.9325748186529,565.8947068610047,491.97564683463435,,412.294886730068,506.863839705117,622.8601465957382,677.9103933593775,563.1444142957234,510.7537997608721,,,634.9315321956032,653.3477497504414,616.1917989020598,460.42613376026725,675.1040483295549,603.1539456695414,542.2863704158165,577.988286375406,472.79581352908554,565.4986300936486,410.23494562055936,459.5310325916802
v_8.3h,561.9077891599771,,,845.1212343495844,515.5069808534003,542.1402832811339,542.1402832811339,515.872895485305,426.593131260176,,493.549598186822,454.3073413673409,401.2260626679687,506.9406024461043,706.9611276765531,657.7457969144708,499.55081558720167,459.2906649127413,459.2906649127413,443.759155649204,590.646331276252,505.3639296770916,376.7858231296325,516.7529395802308,647.5672346005962,418.611889549947,555.4420498510177,,,511.7458569360779,436.0152315506704,565.846858236288,577.4753107071034,485.5851871878929,,452.64343645152735,452.64343645152735,458.3774280641215,538.5589797607228,611.3255997032858,441.25575672395047,441.25575672395047,350.1920157552589,641.0142445226242,,578.8386920845586,637.2155276091001,587.1741089040615,481.69232785238137,520.8420709185144,467.5511316233328,683.3615670910779,571.3225689631172,517.2253633826967,617.0186605722974,403.70157289593664,486.3964606339256,434.38534817955053,375.6612739814647,326.4748669812229,354.6287984375424,384.2513898428941,436.068550504981,474.8571574798225,499.50609459134836,572.7171813951559,633.9275356666226,635.0376152575045,,482.54660957923846,403.7875094107354,392.33707314653907,620.4114463798111,464.4540277597394,567.3460157482525,493.4629529280037,,413.41213072320335,506.863839705117,622.6791636096144,679.1697080556073,563.1444164094812,512.8381658262858,,,634.8590237365731,656.48938500395,619.4822283588558,461.4059756051915,675.1040483295549,605.1610119515701,543.5851262197566,578.0077636172687,472.73747348780944,565.4986310104939,411.22299440384074,461.0504117373384
v_8.4h,561.9077891599771,,,850.2347292971027,515.525615867475,542.1402832811339,542.1402832811339,515.8728955106627,426.430503734577,,495.2715539614779,456.3733785707256,400.5422512569223,508.52979349872754,710.4815515369199,657.759803386709,500.7036022751859,460.77897907104597,460.77897907104597,443.7591558983354,590.64667659035,505.67040024596787,377.72423950097874,518.7747591957217,650.1446183128074,418.616233517961,556.7809815243862,,,512.0179864573096,437.4135278107568,567.1886256446448,577.4767347537118,487.5088655645959,,452.64343645152735,452.64343645152735,459.3973016060652,541.102889883499,611.3255997032858,443.82530467464744,443.82530467464744,350.2666982447035,638.6422743619125,,580.7881711238568,639.5605273799018,587.1596392271048,481.6923278521872,520.8420709185144,469.75949929477423,684.6934756672811,571.3225689631577,517.2253633826967,617.0186605722974,403.7015728959433,486.3964606339256,434.38535021678166,376.2413149349464,326.47600431513666,354.80960895972896,385.2282139729048,437.3439692780448,474.8332796538404,499.50607273809646,575.7771365794969,635.0611156629549,635.0376152575052,,482.5303438883984,403.6930990440217,392.0593319481103,620.4229690223631,465.9605509230246,568.8590533354883,494.9282020612702,,414.5439452917357,506.863839705117,623.2291452134701,680.4367193005093,563.1444164094812,514.9232044651524,,,637.5970432808749,659.19119971926,619.4215278995063,462.44010545248995,675.2765303819908,607.0435138138779,544.9753310128376,578.1158285272616,473.8923420466478,565.4986319498878,411.22299440384074,462.7069265087497
v_8.5h,561.8108265246124,,,850.4058690410386,515.5433740827766,542.1403095280417,542.1403095280417,515.8728955106051,430.2913554451598,,497.0664256144193,458.3918505665983,400.46518898802924,510.1919147583785,714.4046017721612,657.7739544642455,501.85031803140737,462.17385161914484,462.17385161914484,443.75915615649,590.6470289101977,505.973802407507,377.57364317934105,518.7031260032371,652.826794877301,418.616233517961,558.08333445,,,512.2882269060202,437.214974988778,568.5027421638424,577.4782272866406,489.40238667483135,,452.6433145839315,452.6433145839315,460.5203835016842,543.5528406475984,611.3255997032858,446.25852493742616,446.25852493742616,350.34153246262144,636.2308436109275,,583.0619051231105,641.7368708320632,587.1442142606854,481.6923278531586,522.53017721365,471.91310428815535,686.0174212126475,570.6192654938529,517.2253633826981,617.0186605722974,403.7015728959507,487.00192080557736,434.38535233345664,376.8238219600205,326.4771571984713,354.989220764568,386.22842419771666,438.6368724383263,474.8078829848297,499.5060860808428,578.880848246819,636.2611742919885,635.037615257506,,482.5112615228748,403.59725691658747,392.6191544411491,620.4346763385571,467.4835598391033,570.3801347260219,496.41331624135535,,415.6669537246921,506.863839705117,623.7744987686709,681.7074732002106,563.1444187419384,517.0897465404065,,,640.3398063753044,662.3649837473298,622.4012775048,463.45488663978756,675.6627694458065,608.8847721897428,546.3184337184941,578.1456121777546,475.0258192749244,565.4986329124309,412.1984449808352,464.28420758118705
v_8.6h,563.7671865228588,,,855.0030233631487,515.5433740827766,542.1403371137195,542.1403371137195,515.8728955371412,430.2913554451598,,498.8069274498049,460.42620235205106,400.2349221839854,511.7285522147842,714.4046017721612,657.788249325741,502.9903389942519,463.62494462863543,463.62494462863543,443.75915642391067,590.6473884506798,506.2741919721494,378.50406797179386,518.7031260032371,655.4845802118394,418.6139202501871,559.393267560637,,,512.5565488728172,438.6131837619132,569.8049422521043,577.4782272866406,489.40238667483135,,452.64318121059944,452.64318121059944,461.59058008096684,546.0327828553342,611.3255997032858,446.25852493742616,446.25852493742616,350.33795272731703,638.6422743619125,,585.0448814778612,643.7594221341833,587.1277664815516,481.6923278541373,524.0579857896181,471.91310428815535,687.3416386765686,570.6192654939193,517.2253633826996,617.0186605722974,403.7015728959581,486.3964606339256,434.38535453233226,377.40864696416435,326.47832582231024,355.1676092551132,387.20174242659004,439.8978089180978,474.7808748092974,499.5060632112507,581.8922888074318,637.4458541091282,635.0376152575067,,482.4893298966577,403.54454280029313,392.0593320724227,620.446566746862,468.95889428871027,571.7999122351507,496.41331624135535,,416.7808584115211,506.863839705117,624.3151497081345,683.00488156667,563.1444211007991,519.1175383568143,,,643.0355188731902,665.0643858149888,622.4012775048,464.4448201134976,676.0450206200032,610.8771102945109,547.5930615091984,578.1456121777546,476.19143029839364,565.4986338987352,413.1608924723855,465.8879967782626
v_8.7h,565.8700551708151,,,859.9657999858161,515.562162518189,542.1403660494864,542.1403660494864,515.8728955649007,434.1469040108255,,500.5915115494839,462.43592845566985,400.00680638574005,513.4100146809322,718.0851454476782,657.8026868986865,504.1230942119648,465.05901884550474,465.05901884550474,443.75915670124573,590.647755433488,506.5802113395926,379.4179844776174,520.7971489275376,658.055890271243,419.784864331999,560.7804238264022,,,512.8229233262579,440.0497778004889,571.1914624679068,577.4797915149634,489.4114167038391,,452.6430752527738,452.6430752527738,462.67292986187675,548.5838162928749,611.3255997032858,445.9949334311615,445.9949334311615,350.41249030454554,636.2308436109275,,587.294657065828,646.1395502548183,587.1128124348181,481.6923278539593,525.7034025320983,474.05992880364266,688.6507875694055,570.6192654939879,517.2253633827008,617.0186605722974,403.70157289596574,486.3964606339256,434.38535681624455,377.99173903266916,326.47951037811697,355.0624016212868,388.1934326879251,441.1908112467851,474.7521570687688,499.5060632112507,584.8442676997971,638.6568707755338,635.0376152575074,,482.4645168120004,403.4463715027495,392.05933220199466,620.4586384971831,470.47172411353307,573.2173083056246,497.84692028525893,,417.9125798411517,506.863839705117,624.8510239837796,684.2038264464267,563.1444234873381,518.987003049466,,,645.7999282482463,668.163947910755,625.719380578127,465.49858076337483,676.4053540016403,612.7543524485799,548.9267294779498,578.1801533654989,477.34773700202174,565.4986349094299,414.1441181265983,467.47644638139036
v_8.8h,567.8395962891043,,,864.8497234802934,515.5810953525375,542.1403660494864,542.1403660494864,515.8728955939417,433.99414914094075,,502.3224299293216,464.52624800714193,400.00680638574005,514.967395792554,721.4263708174715,657.8172659989172,505.248065833467,466.4819656990981,466.4819656990981,443.75915698877157,590.6481300874038,506.632462143458,380.3450788493892,522.8629703043289,660.8064135835108,419.784864331999,562.1292457137199,,,513.0873216234448,441.4415883385087,572.5503725887232,577.4814302362786,491.3530685389673,,452.6429185328173,452.6429185328173,463.7650995683723,550.9773255791323,611.3255997032858,448.5175030263372,448.5175030263372,350.4868925257713,636.2308436109275,,589.3178407917635,648.2841811519523,587.0983941491826,481.69232785496894,527.2776847107882,473.88649243767594,689.9548383457778,570.0107745763327,517.2253633827024,617.0186605722974,403.7015728959733,486.3964606339256,434.38535918811255,377.99173903266916,326.4807110576827,355.23760233797356,389.1645330063565,441.1908112467851,474.72162601688433,499.5060532568354,588.0032801047267,638.341312644954,635.0376152575083,,482.43679054038705,403.34677641702405,392.05933220199466,620.470889670608,471.9318170846905,574.6397099843673,499.2662593824321,,419.0039408749923,506.863839705117,625.3820480562713,685.4034900246081,563.1444257518956,518.987003049466,,,648.6805435422381,670.8322635229908,628.8135898259468,466.498663398253,676.7599541490774,614.5488004526368,550.2906353042938,578.2192015647204,478.4830593859415,565.4986359451638,413.9826983850699,469.06155101474445
v_8.9h,569.8448710972939,,,869.4180752467322,515.5993804323248,542.140396518762,542.140396518762,515.8728955938982,437.78657706131037,,504.1098734492184,466.54237470596235,399.3036220557375,516.585339501867,725.2090730378632,657.8319854204615,503.8618434744724,467.89593678368055,467.89593678368055,443.75915698877157,590.6485124834951,506.93596748391866,381.25338580954315,522.8075124149094,663.2122998815001,419.78461123449347,563.4143551222297,,,513.353364738028,442.86627649341364,573.8828931979853,577.4831469093799,493.2525067154498,,452.6429185328173,452.6429185328173,464.7892808711063,553.4888436661311,611.3255997032858,450.94993649209385,450.94993649209385,350.4868925257713,636.2308436109275,,591.4765649797145,650.3028720936252,587.0869397304534,481.69232785478465,528.8801978562526,476.02409461728007,691.2162440452097,570.0107745764461,517.2253633827024,617.0186605722974,403.70157289598086,486.3964606339256,434.38536165093683,377.8441745983714,326.4808120381878,355.41178614861354,390.1457633542792,442.4326464490109,474.6930449883337,499.506027438708,591.0119075330191,639.4499577848292,635.0376152575092,,482.406119907085,403.250300930737,391.5128217671135,620.483317104114,473.44783597456035,576.1468604429795,500.7721798655325,,420.1474192188786,506.863839705117,625.9081488859821,686.6308865860701,563.1444257518956,521.0623525406114,,,651.9274615304156,673.9532798817265,631.8705149116602,467.5200504503609,677.1925568592181,616.5522374872388,551.5679040940786,578.2625114460039,479.6135523881336,565.4986370066031,414.9574853354727,470.62971568650016
v_9.0h,571.8749186425821,,,874.6953182998427,515.5993804323248,542.1404285326531,542.1404285326531,515.8728956242873,437.78657706131037,,505.82698282486064,468.5688654140947,399.0730789443704,518.1801170935593,725.417730370332,657.8468438757313,505.0013703124953,469.3179404039969,469.3179404039969,443.75915728691126,590.648903212242,507.2451740705454,382.17193660131414,524.8098147541193,666.0924091294208,420.9506614857416,564.6774722607366,,,513.6247837664987,444.24854231375434,575.1902482063886,577.4849449308791,495.15028599810427,,452.6427468980704,452.6427468980704,465.86890482705223,556.0251487517459,611.3255997032858,453.41857877418477,453.41857877418477,350.4826021215101,636.2308436109275,,593.5886342188463,652.6534021294807,587.0707186189663,481.6923278558266,530.467765132934,478.1609026651426,692.4470935256173,570.0107745765636,517.2253633827042,617.0186605722974,403.7015728959884,485.8369779603729,434.3853642078035,378.4234868948217,326.4820480593906,355.58493292213063,391.11596242595897,443.72985653399354,474.6641464750679,499.50604285595693,593.8913217880026,640.6017437122152,635.0376152575103,,482.3724743793342,403.1556552430205,391.78499212128605,620.495920811066,474.9189607007266,577.6198721259573,502.1869810090717,,421.23694517841597,506.863839705117,626.4292539249873,687.8352828194536,563.1444282072362,523.1257582215476,,,654.8179814162901,676.5642853335632,635.1104699987098,467.7057400144286,676.9560364566605,616.515939503949,552.8343494019072,578.3936321416418,480.77415376698093,565.4986370066031,415.93187807903644,472.2132687178472
v_9.1h,573.7613471925301,,,879.0196315032927,515.6185650756528,542.14046212018,542.14046212018,515.8728956560803,437.6027898304648,,507.5506978655622,470.57012870096025,398.85016490508417,519.6966841145947,728.754575389478,657.8618400101997,506.1330672605949,470.7287627534271,470.7287627534271,443.75915759610837,590.6493023423476,507.55118025120424,383.07771295745766,524.8098147541193,668.5377220325332,420.9506614857416,565.9938929621342,,,513.894217282854,445.6654659282058,576.4923682820083,577.4868278383843,497.03794105609103,,452.6426092083305,452.6426092083305,466.94702509737556,558.391139212672,611.3255997032858,450.67887565266574,450.67887565266574,350.55667679289115,633.7916327179069,,595.6493569511437,654.778612439499,587.053388704399,481.6923278568802,531.9795845619242,478.1609026651426,693.6335960945631,571.192509817164,517.225363382706,617.0186605722974,403.701572895996,486.3964606339256,434.38536686188513,379.0059382450723,326.48330076359434,355.58493292213063,392.0845147634171,444.95773886508624,474.6334323151178,499.506015839815,597.0500264677879,641.7783038694107,635.0376152575113,,482.3358241582026,403.05965271237164,391.78499212128605,620.5086971596727,476.39177233231567,579.0110329792858,503.56097146033517,,422.36932334369243,506.863839705117,626.9452911099556,689.0412369187947,563.144430693283,525.2419111170327,,,657.3685435510728,679.6438461871429,638.0924640170422,468.7684225650301,677.390434035614,618.4680641587642,554.1517829519295,578.4448113911859,481.9141998351369,565.4986380944314,416.89270350512254,473.7646992322081
v_9.2h,575.8643713507076,,,884.4301342101521,515.6381580992164,542.1404974567276,542.1404974567276,515.8728956893095,441.40061126904874,,509.3302200629811,472.6298016641517,398.63485914648015,521.3462731717046,732.2416154173789,657.876972402414,507.2564803224784,472.0890098004109,472.0890098004109,443.75915791682615,590.6497101341838,507.8540320535113,382.0050951951862,526.8054560139457,671.3137730788242,420.95279891999445,567.3664593561584,,,514.1616371342762,447.0344375147175,577.8768078715235,577.4888000019008,497.05935406419746,,452.6424083047745,452.6424083047745,467.9723684247878,560.9987014310767,611.3255997032858,453.14533472140107,453.14533472140107,350.630602575522,633.7916327179069,,597.8570071346597,656.7494877785886,587.053388704399,481.6923278567104,531.9664799250133,477.94202778910267,696.0163468329176,572.7978800640565,517.2253633827079,617.0186605722974,403.701572895996,485.83697796037296,434.3853696074054,379.5864497279632,326.48457034341396,355.7570227354968,391.9502412776521,444.9780095251794,474.60079311544314,499.5060319889,600.0826519317698,642.9303614724956,635.0376152575124,,482.29614027412805,402.96229669572176,391.78499230830846,620.5086971596727,477.8785942847888,580.4017127871007,503.66496417678354,,423.47353189134645,506.863839705117,627.4561888557471,690.231885969791,563.1444330766938,527.204379578588,,,660.1342353033835,682.2842639208875,641.2875963951982,469.7699601091966,677.8318409976955,620.3373398893314,555.4556388341634,578.4448113911859,483.034064363001,565.4986392093546,417.83972726588337,475.34275837186556
v_9.3h,575.5760545218615,,,889.1731835423516,515.6601349504638,542.1404974567276,542.1404974567276,515.8728956893095,441.40061126904874,,511.0166385557035,474.6220375659118,398.4270234858356,522.8990996386507,735.7090841925539,657.8922395639444,508.3932063434877,473.5273522964028,473.5273522964028,443.7591582495492,590.6501268567688,508.153773057381,382.9194290856135,526.7028134668267,673.8788760705752,422.11346364036757,568.692807475596,,,514.6903250813316,448.44774612853246,579.2360494808127,577.4908638883886,499.00240201427226,,452.6424083047745,452.6424083047745,469.05617995413274,563.4481183406214,611.3255997032858,455.5376222310353,455.5376222310353,350.70522902643216,631.3355255342152,,599.78516686574,659.0960299211907,587.034868792372,481.692327857798,533.5290575857052,480.10037154389437,697.1969759352041,576.2041476664322,517.2253633827079,617.0186605722974,403.70157289600223,485.8369779603731,434.38537246609343,380.164919023992,326.48457034341396,356.311618544985,392.9173386207426,446.2269317468239,474.5661132166563,499.5060036445042,602.978838824164,642.9303614724956,635.0376152575136,,482.2533946861551,402.86359122072963,391.78499230830846,620.5216435593851,479.2992034557615,581.7620529357648,505.0719675331726,,424.57551666951406,506.863839705117,627.9618760495161,691.4063764492768,563.1444356364374,529.3220500020107,,,662.7688522242031,685.2971748568077,644.3958430770318,470.77683119895227,678.2657963683084,622.0835936196769,556.7465119101465,578.4995542334998,484.1676147057672,565.498640352096,417.83972726588337,476.92796026979244
v_9.4h,577.6335248432155,,,893.9367535258373,515.6601349504638,542.1405345728652,542.1405345728652,515.8728957241146,441.2623966992252,,512.8165440393493,476.5990012325767,398.2265136518419,524.4561137272175,738.8148939775376,658.5469048036756,508.1475546174642,474.87959954470455,474.87959954470455,443.7591585947849,590.6501268567688,508.45044443360126,383.817640661892,528.6812167745326,676.4285751684271,422.11346364036757,569.9756579192036,,,514.951538754475,449.79899643055006,580.5712862834711,577.4930241225317,499.00240201427226,,452.64218950087815,452.64218950087815,470.0821289333296,565.8870986656392,611.3255997032858,457.97057844128426,457.97057844128426,350.70522902643216,631.3355255342152,,602.0779578092255,661.2169179958544,587.0150713579392,481.6923278587454,535.0999956877401,482.21995240212465,698.3572857743518,577.8112896739476,517.2253633827096,617.0186605722974,403.70157289600974,486.3964606339257,434.3853754320394,380.7412501690465,326.4858569915044,356.4776256800211,393.8817753073357,447.50162954917187,474.52927036245956,499.5059729892178,606.095147786028,644.0331855023817,635.0376152575147,,482.2075603848624,402.7628840479983,391.24132144571536,620.5347572530525,480.805506383926,583.2325396541602,506.5258107442981,,425.6975591730221,506.863839705117,628.4622820450946,692.5572870068883,563.1444382299164,531.3033042403339,,,665.3735838697614,685.0311241315693,647.3878796679585,471.83388281445195,678.6859552071223,624.0659887054953,557.9415725799097,578.5576375439304,485.3153860605189,565.4986415234009,417.70203984662805,478.47678655007695
v_9.5h,579.5692739489397,,,899.2285828110995,515.683049490348,542.1405735152834,542.1405735152834,515.8728957605277,445.04876069205403,,514.4640049625283,478.6669703789141,398.0331801361583,526.0647772491496,742.2472200671087,661.2828724114864,509.26914113310477,476.2927276920601,476.2927276920601,443.759158953063,590.6505527881156,508.7481157151718,384.71849927303316,528.6812167745326,679.1394756827735,422.1183127097976,571.2027521131546,,,515.2132782629924,451.2128739588419,581.8837085533783,577.4952848234526,500.8662182319451,,452.64201455474046,452.64201455474046,471.0927091841731,565.9689462158154,611.3255997032858,457.6901116146578,457.6901116146578,350.70172807132354,628.8721807368612,,604.1243363820421,663.1672565659435,586.9939020259068,481.6923278587454,536.6526447441893,484.24402505207524,699.5177141381702,579.4176879020879,517.2253633827116,617.0186605722974,403.70157289601696,485.8369779603731,434.385378508779,381.315353481769,326.48716090049516,356.64252545225133,394.8329593906294,448.7200005566863,474.4952747210952,499.505990813064,609.0632474870281,645.0893221970034,635.0376152575158,,482.158611498951,402.6601361637866,391.24132177228415,620.5480353181354,482.24655663573617,584.6729535588706,507.9165674940221,,426.76842923619506,506.863839705117,628.960752401643,693.7354962587627,563.1444382299164,531.146155734651,,,668.0620683906436,687.9769138713901,650.6107648650399,472.83947988935586,678.906288948279,625.9398750176551,559.2498909519013,578.7031402725156,485.2480741099693,565.4986427240343,418.6495812139759,480.028899802205
v_9.6h,579.5692739489397,,,903.5992022091671,515.7054317080314,542.140614455277,542.140614455277,515.8728957985985,448.8057306993797,,516.2644276462144,480.6670001460778,397.3295191743696,527.5667511094982,745.479492515186,663.6714488619809,509.26914113310477,477.6714441865829,477.6714441865829,443.7591593249385,590.6509882155834,509.05423649285154,385.61533279795833,530.6975515417886,681.4779718112723,423.28648025653087,572.5002674707554,,,515.481027797247,452.5527444717469,583.1744994410931,577.4976503130739,502.73134500939096,,452.64176016834534,452.64176016834534,472.1675541087316,568.4091642250132,611.3255997032858,457.6901116146578,457.6901116146578,350.77604026966816,631.3355255342152,,608.4455080353104,665.448807146621,586.971259006835,481.69232785988487,536.6526447441893,484.24402505207524,700.6324263264247,581.1585438908457,517.2253633827138,617.0186605722974,403.7015728960243,485.83697796037313,434.3853816999429,381.887145476893,326.488482262931,356.8062989612477,395.79977416853086,450.0084476090524,474.4604824702032,499.5059586347171,612.0617044061465,646.182819677162,635.0376152575171,,482.10652340546307,402.5553220654427,391.24132177228415,620.5614746681458,483.69296344303524,586.0721127973911,509.3277944273929,,427.9057303626678,506.863839705117,629.4699784000063,693.6913560108161,563.1444408583312,533.170449890733,,,670.5142609000344,690.5077400219182,653.4899798638039,473.85925486173204,679.3172320558866,627.7004593627972,560.5783202231676,578.7673397432948,486.39922639049604,565.498643954784,419.60860388333066,481.5832990078429
v_9.7h,581.5132038156486,,,903.5992022091671,515.7286206507098,542.1406574427983,542.1406574427983,515.8728957985985,444.8510809887732,,517.9063978587595,480.5809345285888,397.1433453264677,529.164114613462,748.6378689767674,666.3876937250382,510.4063465981536,479.0772414001846,479.0772414001846,443.7591597109922,590.6514333443838,509.35706306363977,386.50043324440367,530.609506531309,684.3037331881452,422.11579984574814,573.8258052328534,,,515.7466792106569,453.95990414965144,584.5507405847084,577.5001249481361,504.61636426399366,,452.64176016834534,452.64176016834534,473.2283352912249,570.8945448462183,611.3255997032858,460.0667887178584,460.0667887178584,350.85020417640277,631.3355255342152,,610.3950564060984,667.5931223093152,586.9528619640714,481.69232786090015,538.180363778024,484.0876428711051,701.7591440266493,582.8049756496487,517.2253633827138,617.0186605722974,403.7015728960315,485.83697796037313,434.385385009258,382.4565487657164,326.4898212712012,356.9689275283003,396.7406469763881,451.22989758256404,474.4234572718468,499.5059773113161,611.7813572295053,645.9490135428935,635.0376152575183,,482.0512728435624,402.4543647423639,391.5128230434428,620.5750720543256,485.1594252777157,587.4455594703182,510.78066806975136,,428.99716493225844,506.863839705117,629.26285099509,694.853371750517,563.1444434105024,535.1991637507202,,,673.2777926708109,693.5322145477273,656.7557023650035,474.9149322874086,679.3172320558866,629.5657957594973,563.0602980293561,578.8342499074042,487.53081766651366,565.4986452164612,420.56936490428467,483.09627486642364
v_9.8h,583.527474079624,,,909.0028906787416,515.7519338208692,542.1406574427983,542.1406574427983,515.8728958384595,448.6461161173174,,519.675524790576,482.63420805535225,397.10857861020526,527.6264365306549,752.3986590157759,668.8736561578438,511.5491837191248,480.4325081583959,480.4325081583959,443.75916011183125,590.6518886744376,509.6566299385991,387.3967138647791,532.5223321001823,686.8043810989353,423.28103045043747,575.1207300415283,,,516.0102057819162,455.3051022341835,585.9229003725322,577.5027135751222,504.65145260270214,,452.6415570270093,452.6415570270093,474.2411025518783,573.4269623526242,611.3255997032858,462.4868185200259,462.4868185200259,350.92421537488576,628.8721807368612,,612.6851015517965,669.566318757826,586.927278552427,481.69232786090015,539.7561286207103,486.196642913061,702.8512255826911,584.3762238471444,517.2253633827162,617.0186605722974,403.70157289603884,485.83697796037313,434.38538844055137,383.02349194485976,326.49117811747243,357.1303926992745,397.7026541513138,452.49540534835256,474.3840554433043,499.50594353153565,614.6197876902537,647.0343291788663,635.0376152575197,,481.9928380318077,402.3534265090651,390.9687432344273,620.588824067535,486.5629324412357,588.7703652138903,512.1410499201166,,430.09397940710636,506.863839705117,629.7613363953208,696.0060901539182,563.1444461195223,535.1991637507202,,,675.7916051363017,696.1072813078032,656.708594307644,475.92043980780244,679.8110324903035,631.4689113853105,564.3087278362708,578.903671128296,488.6432829463687,565.4986465098974,421.5160382956164,484.6923284238126
v_9.9h,585.4051926110061,,,913.9672720320742,515.7519338208692,542.1407025425065,542.1407025425065,515.8728958801403,452.4052967089705,,521.3874920286806,484.6607959157774,396.9353304493763,529.1286581493947,748.9331520514398,671.3959148859603,512.6833606831676,480.3822935191941,480.3822935191941,443.75916052809424,590.652354421683,509.952969381734,387.21344838565017,534.5544433133406,689.3306744792662,424.4602263937383,576.4066663503728,,,516.2715811577184,456.68711401775,587.267320582155,577.5054247508922,506.5464830147492,,452.6412614196304,452.6412614196304,475.2911140521767,575.8081414635201,611.3255997032858,462.20394306231475,462.20394306231475,350.8459355776315,628.8721807368612,,614.7051431541736,671.7079040638844,586.8998885860168,481.6923278619485,541.2728466332637,488.18672128987464,703.9274325704409,586.038580962645,517.2253633827185,617.0186605722974,403.7015728960459,485.31755352367503,434.38539199774806,382.8867809168491,326.4925529936193,357.64865229828035,398.64750096668325,453.73463841145144,474.34212571433187,499.50592763940415,617.7385435483645,648.1400973711326,635.0376152575211,,481.93119878880805,402.2504474067897,390.9687432344273,620.6027271403509,488.030470900603,590.1566305440913,513.533663170301,,431.2093638903465,506.863839705117,629.7613363953208,697.116365762309,563.144448866523,537.2029258937431,,,678.3962463891291,698.9673732631438,659.6294553644083,476.94334145829157,680.3161604213307,633.2820867188846,565.6194617196223,578.903671128296,489.7591210009265,565.4986478359631,422.448526307888,486.16646902028737
v_10.0h,587.3793730989004,,,914.2908054698236,515.7749435082462,542.1407499253067,542.1407499253067,515.872895923774,448.4892640197749,,523.0528270015855,486.587506234178,396.7685694652915,530.7253307249954,752.6318185744533,674.0230152274545,512.4238647147253,481.76267207478554,481.76267207478554,443.75916096044733,590.6528309148167,510.24611144407095,388.1029023171031,534.5544433133406,691.998277207402,423.28136236162186,577.6633252630205,,,516.5307793641949,458.0417108436806,588.5851796157427,577.5054247508922,508.390445974263,,452.640939667759,452.640939667759,476.3642399835377,578.4080020949532,611.3255997032858,464.5397530162111,464.5397530162111,350.91975014569647,626.4096781381039,,616.8708846703188,673.9023255915074,586.8748614084495,481.6923278619485,541.2651239144875,490.2653310411776,704.9766293975865,587.7369128661386,517.225363382721,617.0186605722974,403.7015728960529,485.3175535236751,434.38539568487744,383.4551307509848,326.49394609115024,357.15071343954713,399.5884691997114,454.9584317622476,474.2985733387694,499.50592763940415,617.7385435483645,649.1574704186809,635.0376152575225,,481.86633665714777,402.18812850860854,390.96874370196286,620.6167775493565,489.4645915597595,591.5722320796845,515.0002341916902,,432.2755027577103,506.863839705117,630.2544328441096,698.2188239986889,563.1444516526827,539.2216724868272,,,680.9925329586933,701.631028229599,662.8472456117852,478.0025835523893,680.8119129549486,634.9905894384744,566.9059682468177,577.9355255805519,490.90321250075283,565.4986491957721,423.3983567501356,487.7730137634841
v_10.1h,589.3321132994337,,,918.9214391719397,515.7986829234073,542.1407996608164,542.1407996608164,515.872895923774,452.2113705325121,,524.8210285060885,488.66711321245924,396.6081379496073,532.298878032267,756.1887265367059,676.3053039598284,513.5656203916114,483.11912496856525,483.11912496856525,443.75916140958986,590.6533184938745,510.5360839977274,388.97366530281846,534.4541507731502,697.0425540400854,424.4469968108743,578.9069313037068,,,516.7877748184767,459.3917606840409,589.8776349724097,577.5082631468536,508.390445974263,,452.64058951834306,452.64058951834306,477.3879550611277,580.7401168010495,611.3255997032858,464.5397530162111,464.5397530162111,350.99340281483154,626.4096781381039,,619.0433797388794,675.91631687855,586.8506289831129,481.6923278631861,542.6989381038857,490.0962213825733,706.0133774805852,589.3471747551589,517.2253633827239,616.9041073464044,403.7015728960597,485.8369779603732,434.38539950607134,384.0209781210881,326.49426149762627,357.30769881668704,400.538717386076,456.21985558206114,474.2588683726326,499.5058892838053,620.6951883367803,650.2131352856852,635.0376152575243,,481.79823503042473,402.08148341047166,390.96874370196286,620.630971417614,490.84990632044685,592.9366536972553,516.3456697300298,,433.40030576031916,506.863839705117,630.7420669619526,699.3413033100585,563.1444516526827,541.2202839736511,,,683.3491936186326,704.2665236422505,665.6537783089669,479.0125794381743,681.0371878352828,636.9250637452558,568.1244153787171,578.0140591226414,492.02862266147133,565.4986505901936,422.31243411694044,489.2675728749868
v_10.2h,589.1437450205965,,,923.8320119123174,515.8225915416012,542.1408518599661,542.1408518599661,515.8728959694234,455.9061634305363,,526.4310215584804,490.64715929403627,396.4538766717913,533.7246327530847,759.9527813743922,679.066842532711,514.6984643128546,484.5045068941163,484.5045068941163,443.7591618763094,590.6538175106699,510.82291276993,388.97366530281846,536.4216091423516,699.525768499529,425.63124267065695,580.1986678928163,,,517.042542340369,460.7599718434542,591.1652998195236,577.5112335521183,510.28782385239936,,452.6406823074983,452.6406823074983,477.29140164226317,583.3487723897723,611.3255997032858,466.9014055567606,466.9014055567606,351.06724243065884,626.4096781381039,,620.966030936485,677.8188544390041,586.8246570045229,481.6923278643107,544.2935421239283,490.0962213825733,707.0588247051658,590.8804366641422,517.2253633827239,616.9041073464044,403.7015728960653,485.31755352367514,434.38540346556766,384.5842632198171,326.49569395262176,357.4634631110728,401.46391431221895,457.4178468110644,474.2166129601029,499.50591091582606,623.6506487328486,651.2581263681311,635.0376152575258,,481.7268792832294,401.9727254590806,390.9687441887708,620.6453047173068,492.32014184497245,594.314832896503,517.6714643120556,,434.4923010125682,506.863839705117,631.2241654422107,700.4264062601388,563.1444543852456,540.9572850139701,,,686.0692732132784,707.0313236441165,668.9331465215927,480.0275604462417,681.5252144228551,638.7636484342073,569.3241944039034,579.2101631063018,493.1358156429909,565.4986520201182,423.24592552383564,490.8104782464626
v_10.3h,591.1046658979344,,,929.2205380390529,515.8221210353694,542.1408518322738,542.1408518322738,515.8728960171644,459.6567194579092,,528.2025219569421,492.63265788604275,395.75214803155075,535.3585200571126,764.0445689012614,681.4684595066298,514.6984643128546,485.82983116833725,485.82983116833725,443.7591623624283,590.6543283292569,511.1106290438854,389.8527952359122,538.3246143248015,701.847076152703,424.44436157722436,581.47292885949,,,517.2980729320508,462.07020709166295,592.5318665609419,577.5143409120122,512.1005829968645,,452.6403086688171,452.6403086688171,478.31379676672947,585.766381975212,611.3255997032858,469.2300230935224,469.2300230935224,351.14147064183675,623.9542712063542,,623.2797830658541,680.1067749902073,586.7968120758737,481.6923278643107,545.804942529874,492.0771463754881,708.0783410058814,592.585730019877,517.2253633827268,616.9041073464044,403.70157289607175,485.31755352367514,434.3854075677118,385.1482744367575,326.49714518364163,357.61798880029136,402.41197875513376,458.68060901569504,474.17164459443444,499.50587063852015,626.6565717500456,652.3629982224999,635.0376152575275,,481.65225690386615,401.86182972265715,390.6931222020878,620.6597730118073,493.7293518139451,595.6679293233562,519.1264575854016,,435.56196961887747,506.863839705117,631.7006550247418,701.4807527343073,563.1444572592238,542.9960604515929,,,685.7415111762074,709.4082556314486,671.7222349200134,481.09560936002583,682.0011227097584,640.5336053611857,570.6327246659398,579.2878576132762,493.1358156429909,565.4986520201182,424.1837301686804,492.33709599160204
v_10.4h,592.91779984311,,,933.7219574421139,515.8462510974855,542.1409066137306,542.1409066137306,515.8728960671317,455.72062060909525,,529.8778823783632,494.66050612530046,395.60382449027367,536.8655874980376,767.8009316158283,683.9704674833346,515.8221478047461,487.2346833552359,487.2346833552359,443.75916286868375,590.6548513264113,511.40441306148074,390.72439761645217,540.2944676861064,704.5506061882959,425.6208283606191,582.751159660295,,,517.5589807575035,463.4564802660152,593.8723666081471,577.5175901628476,512.1914313181285,,452.63990212732864,452.63990212732864,479.3850309945321,588.3064324928978,611.3255997032858,468.97364365055233,468.97364365055233,351.13788906064815,623.9542712063542,,625.36447593799,684.090051880306,586.7968120758737,481.6923278654732,547.26306105447,494.13389997759583,709.1149628651294,594.2527835119018,517.2253633827302,616.9041073464044,403.70157289607823,485.31755352367514,434.38541181695695,385.1482744367575,326.4987051153749,358.1070305761426,403.34418141785864,458.6456816568796,474.1237905752815,499.5058510171076,629.5247752415811,653.4128784945311,635.0376152575293,,481.57435762958056,401.74877155805984,390.6931222020878,620.6743725318612,496.56786725959745,596.9969264855304,519.1612085052352,,436.68289831623304,506.863839705117,632.171462463982,702.5387648868472,563.1444601754656,544.9518037714222,,,688.4142309827439,712.274755479435,674.9481402779757,481.2936898018079,682.5163909973742,642.2139352742904,571.89566293401,579.3671573313985,494.23549787180775,565.4986534864614,425.1322572417305,493.83458914308164
v_10.5h,594.8905249547015,,,938.8913229695872,515.8705368642165,542.1409640950919,542.1409640950919,515.8728960671317,459.4212164836395,,531.5425008785245,496.6370167490285,395.4613072964522,538.3349884366154,772.0841164365187,686.5606097087282,515.5869400310339,488.5687377993196,488.5687377993196,443.75916339583483,590.6553868921246,511.69478988445667,391.581778111814,538.1980276075042,706.8897048298492,426.799491746003,583.9845614671116,,,517.8176638860917,464.7738811274172,595.1878893556127,577.5209864744452,514.0597457600472,,452.6394598542951,452.6394598542951,480.4747793085251,590.7754793719274,611.3255997032858,471.3167788211796,471.3167788211796,351.13788906064815,626.4096781381039,,627.4111401094175,686.1291745783612,586.7735644071505,481.69232786682306,548.827312041905,496.1645452129611,710.1295568828565,595.8309230516404,517.225363382733,616.9041073464044,403.70157289607823,485.3175535236752,434.38541621786845,385.71706447536,326.5003789619448,358.2549948354408,404.26451698713277,459.9098759041373,474.0728673958421,499.5058510171076,632.5978080763531,653.1906658569279,635.037615257531,,481.4931735840365,401.6387674298206,390.69312286934223,620.6890985211239,497.95927845605013,598.3070921252943,520.5632142043111,,437.7550962073875,506.863839705117,632.6365144886639,703.5894663704278,563.1444631351513,546.9600324221276,,,690.8001465067277,714.767606907911,677.7668403675509,482.33546115261584,682.5163909973742,644.1298530278514,573.1485244068789,579.4478979178266,495.3771936604566,565.4986549901604,426.06650483881043,495.38682995621105
v_10.6h,596.8389683294911,,,944.2362705020146,515.8949786233411,542.1410244024275,542.1410244024275,515.8728961193907,463.1695353310963,,531.6071586427496,498.63667912805687,395.32444061028804,539.916212223444,776.3573933569168,688.8151180934403,516.7186408272776,489.8608117245043,489.8608117245043,443.7591639446676,590.6553868453474,511.98177918537795,391.40134969013155,540.2074253203054,709.3390533750902,425.6047564610574,585.2112613913573,,,518.0740971749003,466.1267576603019,596.4795027249924,577.5245354054545,515.8929062136255,,452.63957649166366,452.63957649166366,481.5009053746898,593.2608698742605,611.3255997032858,471.3167788211796,471.3167788211796,351.21176760434105,623.9542712063542,,629.6788384956903,688.3005935481671,586.7419427126226,481.69232786682306,550.3251299883813,495.9118369291038,711.1248108984183,597.3639898051862,517.225363382733,616.6547135511465,403.70157289608426,484.8329293121852,434.3854207751226,386.2833100408736,326.50217014165554,358.40168069179794,405.2052038460037,461.11158105813644,474.0255391595646,499.5058303668267,635.3566526882399,653.1906658569279,635.037615257533,,481.40869941674293,401.6387674298206,390.4123063439604,620.7039463814141,499.3400398644851,599.6840912252773,521.9181607989053,,438.84042446238436,506.863839705117,633.0957377482508,703.5894663704278,563.144463051204,548.8992267635504,,,693.3085879448585,717.3352235210243,680.9270369808038,483.33111822648823,683.1019373942535,645.9668467173931,574.3651332117711,578.4319845526076,496.5010915149727,565.4986565321798,426.98647984538076,495.3078192687676
v_10.7h,598.6773185175742,,,948.7241222236283,515.8946396831666,542.1410243790991,542.1410243790991,515.8728961740785,462.9890325132995,,533.3647155689416,500.6493732353836,395.1930686801219,541.463196359637,780.3364363343874,691.4793150184321,517.841065070767,491.2934713044736,491.2934713044736,443.75916451599244,590.6559353878405,512.2653986562505,392.25054517944267,542.0631242241116,711.8922609708642,426.7921944747731,586.4552475868937,,,518.3282558611332,467.4664300381567,597.7482504797031,577.5282444055141,517.7068239396913,,452.63910468326435,452.63910468326435,482.5165454014138,595.7491339020767,611.3255997032858,473.58699408115365,473.58699408115365,351.285480438637,621.5102690157428,,631.6770306682727,690.2820508267836,586.708008297722,481.692327868071,551.7920967876711,495.9118369291038,712.0968338933885,599.035065717274,517.2253633827366,616.6547135511465,403.7015728960902,485.3175535236752,434.38542549351206,386.84695960752265,326.504082118133,358.5470719448537,406.1216801772349,462.34678184890987,473.9773543928956,499.50578231598496,638.5073541305625,654.26770557242,635.037615257535,,481.32093244410584,401.5297865178363,390.6931235639114,620.7189097051911,500.7773768688102,601.0132582916002,521.9181607989053,,439.94439575707236,506.863839705117,633.5490587367979,704.6288832442305,563.144466060848,548.8992267635504,,,695.8340933034674,719.9748450774509,683.7142804779508,484.385321189541,683.3286073672625,647.7091262072319,575.5552933248805,578.5197210878891,496.46494097737155,565.4986581135049,427.90992067235095,496.83110973359845
v_10.8h,598.6773185175742,,,953.9192660011478,515.9193092499454,542.1410876463773,542.1410876463773,515.87289623129,462.9890325132995,,535.0445563819212,502.562683897686,395.06703622272033,542.9060477331366,780.7655401578535,693.9008658952425,518.9540610918151,492.59952767860165,492.59952767860165,443.7591651106495,590.6564973201768,512.5456640411861,393.11784391352506,543.9968195346047,714.1091539190413,426.7762991947777,587.7584320333117,,,518.5801155736026,468.76508489903034,598.9951500119424,577.5321139395788,517.7068239396913,,452.63859149195673,452.63859149195673,483.6341797114972,598.2107154578832,611.3255997032858,473.29572792941485,473.29572792941485,351.28102343110885,621.5102690157428,,633.8249831572329,692.1256525502376,586.6715808228822,481.69232786949937,550.2460487543584,497.97791081974447,713.0784401633163,600.6910809047948,517.2253633827402,616.6547135511465,403.701572896096,485.31755352367526,434.38543037794216,387.4079667486155,326.50611839929905,358.6911526628536,407.04374873883336,462.34678184890987,473.92607480855435,499.50578231598496,641.267601308035,655.236353216655,635.0376152575371,,481.2323265185664,401.41866726635806,390.4123072562202,620.7339530589202,502.1578438558002,602.3586326195011,523.2314873067086,,441.00156502475056,506.863839705117,633.9964036753232,705.6642944693515,563.1444691159413,550.8962856673078,,,698.1366056064184,722.2559606777346,686.8706061256967,485.44244214103,683.9038594241126,649.3674253868296,576.8253404103513,578.6087775716617,497.595738961816,565.4986597351495,427.7709079024052,498.2689798688688
v_10.9h,600.5884462561738,,,959.3545390471049,515.9441919369622,542.1411540080817,542.1411540080817,515.8728962911425,466.59827256517104,,536.6452784911852,502.562683897686,394.94618876943287,544.4711285488373,785.1925140215332,696.2130258284506,520.0575189790794,493.91486643438975,493.91486643438975,443.75916572950405,590.65707307523,512.822589168742,393.96689268183354,543.8587991572855,716.6203771948235,426.7762991947777,589.0360899596376,,,518.8296523439761,470.13175967472193,600.3286117950119,577.5361521639527,519.5379073401657,,452.6380333672531,452.6380333672531,484.70156551743304,600.7170684665145,611.3255997032858,475.6204072542169,475.6204072542169,351.3542882897523,621.5102690157428,,636.0310477854273,694.2186590324169,586.6324651109339,481.69232786936215,551.7809410290876,499.98007082813507,714.0446846025087,602.2800653934634,517.225363382744,616.6547135511465,403.7015728961014,484.83292931218523,434.3854354280709,387.2544645745842,326.5082825362883,358.83390718692027,407.9703190741887,463.57948006610576,473.8715034152347,499.50575815289005,644.3450511595207,656.2356708929855,635.0376152575391,,481.1405999805618,401.30538494784815,390.9687464016432,620.7490748948793,503.5186015275444,603.6705523205641,524.6563612606309,,442.0966698906273,506.863839705117,634.4500839401844,706.6873086758995,563.1444722176786,550.6180569832686,,,700.6466308739313,724.968041999565,689.5907412491392,485.44244214103,684.4687132792972,651.2641828628092,578.1056401718774,578.6989997220934,498.709365418087,565.4986613981533,428.67981504613334,499.8477105420124
v_11.0h,600.3739738356329,,,963.941172705629,515.9692754840539,542.1412236073254,542.1412236073254,515.8728962911315,466.429228398061,,538.4145576990475,504.61364746907026,394.83037297986226,546.0145938195528,789.393659799201,698.8299759962869,520.0575189790794,495.3159722117194,495.3159722117194,443.75916637345017,590.6576631012816,513.0961859835054,394.8106268545149,543.8587991572855,719.0619533055217,427.9610911161318,590.2984737933308,,,519.0768426175875,471.4327750441513,601.6498152735396,577.5403647925973,519.6128635857489,,452.63817995101545,452.63817995101545,485.72740547022767,603.1672505147524,611.3255997032858,477.8674496791745,477.8674496791745,351.3542882897523,621.5102690157428,,637.9972207455704,696.3040656436982,586.5924910043075,481.6923278708403,553.2084908705141,499.7848604108104,714.9922828278264,603.8062996331722,517.225363382744,616.6547135511465,403.7015728961054,484.83292931218534,434.3854406599689,387.8170332156926,326.5105781223019,358.9753201354153,408.873371439401,464.75267666390465,473.8134309348121,499.50575815289005,647.1729962977427,657.3041930629525,635.0376152575416,,481.04558532687025,401.18991515121303,390.4123082055897,620.7642736334476,504.9500945304677,604.9731663614574,525.9984179133219,,443.18847087659185,506.863839705117,634.9073986020666,706.6685075409524,563.1444753672554,552.6197820798153,,,703.1024270098105,727.3848369433556,692.7465202628641,486.45349480142784,685.0149505809267,653.078126317687,579.3468640665425,578.79023868144,499.80631228695023,565.4986631035828,428.67981504613334,501.31631027002595
v_11.1h,602.2720306258461,,,968.8700709994887,515.9689757991571,542.141296575783,542.141296575783,515.8728963537479,466.429228398061,,540.0476733832301,506.4898194045026,394.26739635167513,547.4823915526146,794.2202577723588,701.1250904546524,519.8665650612934,496.61411919010584,496.61411919010584,443.7591670434116,590.6582678626272,513.3664645762228,394.8106268545149,545.812914286928,721.1717835278583,427.94842067587985,591.5364265019608,,,519.321663263437,472.76305971335654,602.9482546927644,577.5447575189132,521.3514916375494,,452.63758471371864,452.63758471371864,486.8376577021319,605.699136601482,611.3255997032858,477.8674496791745,477.8674496791745,351.4273399910002,619.080060792761,,640.2308517161048,698.2328917867125,586.5576616672104,481.6923278708403,554.7105930721402,501.7492713549809,715.9073845620582,605.4196710174843,517.2253633827481,616.2606570074249,403.70157289611024,484.83292931218534,434.3854460733335,388.37694462035034,326.51300879140103,359.1153764084048,409.7942256717182,466.01372212279085,473.75819132579943,499.5057327191475,646.9071144927467,658.3974348760598,635.037615257544,,480.9472840124777,401.07223381085726,390.12399430454496,620.7795476635653,506.3262949442017,606.2554933032095,527.3214706995204,,444.23511606838264,506.863839705117,635.3596878834095,707.6429904350317,563.1444785000119,554.5409887246708,,,705.3143546857965,729.6856282712555,695.4002312906027,487.47364005645716,685.5524932849592,654.8107635589573,580.5651002833174,578.967074425871,500.91439099791944,565.4986648525313,429.6184915630951,502.83774515340696
v_11.2h,604.234368152478,,,974.5549343165098,515.9943009407274,542.141296575783,542.141296575783,515.8728964192521,470.0750570331788,,541.7059837217066,508.5723639361133,394.26739635167513,548.9624907707904,794.2202577723588,703.5174334625115,520.9787428244088,497.92595681822775,497.92595681822775,443.7591677403414,590.6588878293314,513.6334332112996,395.6627938934052,547.5796372188909,723.6887008085787,427.94842067587985,591.5656249902072,,,519.5698892387672,474.09515203554673,604.2248902691858,577.5493362544877,523.2045712170072,,452.63693745595606,452.63693745595606,487.9299091363542,608.1453962976874,611.3255997032858,477.53294265164004,477.53294265164004,351.50096423422735,621.5102690157428,,642.3763406743047,700.0275898021163,586.5202198448059,481.69232787222774,556.2222765689427,501.7492713549809,716.8166167314265,607.0827300332345,517.2253633827522,616.2606570074249,403.7015728961147,484.8329293121854,434.3854516735507,388.93416170331966,326.5155782172378,359.5548490064964,410.70899549865686,467.2215741453048,473.70328454801415,499.5056753604156,649.8414057667819,659.418108529804,635.0376152575467,,480.7408433487289,400.9523172364976,390.412309193383,620.7948953431976,507.65235609790017,607.6108722208618,528.6451445895906,,446.4176543131689,506.863839705117,635.1274632914306,708.6158157745142,563.1444785000119,556.523461125439,,,707.8159787467921,732.2966326524695,695.5250740036673,488.5511005954169,685.5524932849592,656.4719312872677,581.7346727903036,579.0600471564303,502.04982252219,565.498666646121,430.5429222205664,504.35699494258216
v_11.3h,606.0669054990742,,,979.349499228802,516.019821228992,542.1413731060661,542.1413731060661,515.872896487768,469.9071768547689,,543.4394204900875,510.4889569329373,394.1559228758281,550.5323977539929,798.252765473374,706.0219272984045,522.0814407366214,499.3043046649838,499.3043046649838,443.7591684652234,590.6595232960306,513.8973022731977,395.4477782607544,547.4875029276301,726.0401916291082,429.12755462473814,592.7688316201558,,,519.8207426170829,475.3648734759618,605.4806576507356,577.5541069697655,524.9843618329509,,452.6362337222711,452.6362337222711,488.95440268404485,610.6499177622575,611.3255997032858,479.81794866869404,479.81794866869404,351.49733663308194,619.080060792761,,644.3140263508919,702.0975551768701,586.4799570280628,481.6923278737961,557.684504499457,503.6871162105659,717.7272789277156,608.6792414255427,517.2253633827572,616.2606570074249,403.70157289611905,484.83292931218546,434.38545746613136,389.48865200975115,326.51722266802045,359.0748972236645,411.6014252188673,468.4049815127377,473.6448495464583,499.50570594575663,652.7330913401173,660.4761437848118,635.0376152575494,,480.6327234930642,400.83300884462636,390.12399559893555,620.8103149998325,509.0849369777815,608.5163523432007,530.0178165214327,,447.45807718849244,506.863839705117,635.5695055190695,709.5644530423888,563.1444817530347,558.4741563523053,,,710.1911064315096,734.5393504016248,698.4399628426459,489.5822031276447,685.8245978204466,658.247930717476,582.9399753009525,579.0600471564303,503.1651706417133,565.4986684855041,431.453190641928,505.7660155126132
v_11.4h,607.8547846678131,,,983.6173514752962,516.0474806901537,542.1414533408125,542.1414533408125,515.872896487768,473.52231130161056,,545.0387828692964,510.4453232418406,394.0491720813508,550.509156714983,803.4013041078586,708.2122146272241,523.2161943762019,500.584692113539,500.584692113539,443.7591684652234,590.6601747625739,514.1618039467764,396.29447877732264,547.4875029276301,728.0874788391117,429.118400195789,593.9693331057045,,,520.0694144848233,476.720311925486,606.7164664604841,577.5590770461139,526.795692966218,,452.6356675682589,452.6356675682589,489.97256700567755,613.1135197770433,611.3255997032858,482.09821992595624,482.09821992595624,351.5706784192443,616.6642853525397,,646.5952607340539,704.1518089870694,586.4453548818741,481.69232787366377,559.1478959447261,503.55830261012204,718.6083747423402,610.2309064010254,517.2253633827618,616.2606570074249,403.70157289612297,484.83292931218546,434.38546345671097,390.0403875682287,326.51722266802045,359.20996442681263,412.5186921955717,469.6529071428628,473.5826618295897,499.50564566822135,655.2383517679971,660.2314640700673,635.0376152575519,,480.52135626669747,400.75783621407084,390.12399694542523,620.8258049309854,510.46346656218566,609.7959432502738,531.339266807343,,448.5522903137792,506.863839705117,636.0063518585494,710.4927341903709,563.1444850572315,560.3604320339923,,,712.3573448718322,736.932318380711,698.4399628426459,490.57054825000404,686.3771756754282,660.0534154692718,584.2314887472044,579.1536236679588,504.26098586594713,565.4986703718613,431.311237975927,507.3388238451725
v_11.5h,609.8495081095518,,,984.5314349730103,516.0474806901537,542.1415374344164,542.1415374344164,515.8728965594535,473.52231130161056,,546.6948038731637,512.4881282911655,393.94699894880597,552.0786666892241,807.731657262809,710.6531762096029,524.3458906973262,501.8860636912917,501.8860636912917,443.75916921907265,590.6608428233089,514.4369833763952,397.1233212783694,549.346816688398,730.5599032302665,429.118400195789,595.1660518280117,,,520.3158818638311,478.0250711113205,607.9331991536085,577.5590770461139,525.0798740662062,,452.6356675682589,452.6356675682589,491.10278932520146,615.5904232440902,611.3255997032858,484.3245720767703,484.3245720767703,351.64380770049644,616.6642853525397,,648.7410018914837,706.0576356300177,586.4453548818741,481.6923278752882,560.6315766713869,505.498143072489,719.4897442266362,611.710167568589,517.2253633827618,616.2606570074249,403.7015728961268,484.8329293121856,434.38546345671097,390.589344741786,326.520084465481,359.3436298967766,413.4254247923455,470.8422891715525,473.5164829617309,499.50564566822135,657.4159643106073,661.2097262937964,635.0376152575551,,480.4067606148001,400.6404236054395,390.12399694542523,620.8413634047324,511.79103159667847,611.1052976091613,532.6387342037377,,449.6333242858901,506.863839705117,636.4379528461533,711.4359604221144,563.144488413831,562.4019705232262,,,714.7832468213471,739.3440332481214,701.3027017991244,491.65464708280035,687.0264632886384,659.9432011896778,585.4725417169864,579.2476759574033,505.3378325950733,565.498672306404,432.22384345980316,508.8243867511938
v_11.6h,611.7162110095485,,,989.3405381387845,516.0774337620825,542.1416255943124,542.1416255943124,515.8728966344427,473.3059907258454,,548.412524000179,514.3727036721143,393.8492602899619,553.5567567995075,807.9423015014459,713.0638874436492,524.1150226270994,503.25920650630366,503.25920650630366,443.7591700029372,590.6615280155439,514.7125924513485,397.9475906878088,551.2275746204284,732.8461502250437,430.29165941720197,596.3472655826089,,,520.5601222539665,479.2983864186461,609.2395175428998,577.5642500540725,526.7938559322347,,452.634851867116,452.634851867116,492.18145192225705,618.1089519629666,611.3255997032858,484.3245720767703,484.3245720767703,351.64380770049644,616.6642853525397,,650.6724728085775,706.1738788817761,586.3993341070548,481.69232787695626,562.1148342118602,507.46413106791834,720.3495923830974,613.3752874959072,517.2253633827672,616.2606570074249,403.7015728961302,484.8329293121858,434.38546965105127,391.1355040775824,326.5230963805943,359.3436298967766,413.2612953268887,470.8562811914466,473.4546138740763,499.5056144093514,659.5871815923917,662.2458017972122,635.0376152575581,,480.2889594276,400.52077863277174,389.8257679095702,620.8569886602511,513.1780293242888,612.4086446081218,532.7328639914462,,450.6716869529787,506.863839705117,636.8642605026164,712.3652312854277,563.1444917688282,562.1135956778494,,,717.1023728825867,741.4411479235805,704.1081436704864,492.71080137624625,687.6674329288136,661.7586958036457,586.6987243525246,579.3420811002973,506.44488542501244,565.498672306404,433.12243070642614,510.26521118778095
v_11.7h,613.4784280202483,,,995.2278830505321,516.1075897858861,542.1416255943124,542.1416255943124,515.8728967128793,476.9195893793511,,549.9890297322303,516.4379723244897,393.75581493570974,554.9716817609514,813.0272165829516,715.1706925361773,524.1150226270994,504.55718820240236,504.55718820240236,443.7591708178965,590.6622309245489,514.9886203243851,398.7809537295531,551.1413002504996,734.8332799557274,430.2863033021512,597.6239921912105,,,520.8021136478962,480.64366437089916,610.5308844530788,577.5696335293836,528.6814587571371,,452.63419661231177,452.63419661231177,493.2187737659251,620.5322489183652,611.3255997032858,484.02134511184937,484.02134511184937,351.6391800998988,616.6642853525397,,652.9369202673379,708.0615224517085,586.3497985011392,481.69232787683376,562.0319474669185,507.46413106791834,721.1983759197134,615.0215516058809,517.2253633827726,616.2606570074249,403.7015728961302,484.37839488200734,434.3854760550439,391.67885015588485,326.52626223012714,359.47587984577456,414.1683348492305,472.0290324799354,473.4070010723244,499.5055458960015,662.9799601204564,663.2663739018981,635.0376152575612,,480.16797968300074,400.39887788372954,390.123998344568,620.8726789083925,514.5655090788184,613.6921925754342,534.0210377600091,,451.75346132043785,506.863839705117,637.2852283950986,713.2977255131941,563.1444917688282,562.1135956778494,,,719.2041299025045,743.8681106743994,707.0142894291257,493.7235574524449,688.2814296643312,663.5010214114624,587.8871490175263,579.5223485079144,507.55525566908165,565.4986742903758,434.0254588927056,513.2396969924363
v_11.8h,615.3681958496351,,,1000.2081035764131,516.1377734085959,542.1417179877832,542.1417179877832,515.8728967128793,476.9195893793511,,551.6847999004741,518.3055369200396,393.666523901462,556.5302949628724,817.3340263088924,717.6030629848162,525.2491597164441,505.8280324116431,505.8280324116431,443.75917166506616,590.6622309245489,515.2650556571226,399.5968132536389,552.9833057551322,737.2212547740372,430.2863033021512,598.8877460429561,,,521.0418345459407,481.9278927972711,611.8020598066812,577.5752417370066,530.4136350874774,,452.6332514624766,452.6332514624766,494.3091610939806,623.0832380606984,611.3255997032858,486.2720932673249,486.2720932673249,351.71183912043074,616.6642853525397,,655.0746477219735,709.8033069921125,586.2964632085564,481.6923278785623,563.4785322838495,509.4244873261091,722.04427648065,616.5765082421045,517.2253633827778,615.7139700306029,403.70157289613337,484.37839488200734,434.3854826747088,392.23049752885345,326.5295858631193,359.60670080045736,415.0537038435436,473.2471279058143,473.3413720556094,499.50558149839964,665.8505376508236,664.2614366437741,635.0376152575645,,479.88902729703614,400.27469838118384,389.8257697390791,620.8884322854454,515.902853651238,614.9607659367334,535.3212898678709,,452.83566609086586,506.863839705117,637.7008116999691,714.1970140077601,563.1444952374272,564.0736121065443,,,721.5239849525888,746.1453610084002,709.6267615098044,493.9454977151103,688.553074371748,665.1535240359449,589.0477762279467,579.6172456762729,508.64687684152665,565.4986763250521,434.0254588927056,514.7320424341561
v_11.9h,615.1352577361737,,,1004.513613274919,516.1377734085959,542.1418147939554,542.1418147939554,515.8728967949376,480.56225915303014,,553.3855507994882,520.3797747704504,393.5812505315195,558.0431111819479,822.6182881185476,719.9336122935977,526.3801780498657,507.20751630244126,507.20751630244126,443.75917254559465,590.6629521577037,515.5418866225785,400.4079126230748,552.9833057551322,739.4551696622707,430.27159154611115,600.1294002694117,,,521.2792639709513,483.2091530718569,613.0538798055537,577.581065394969,532.2214769857153,,452.6332514624766,452.6332514624766,495.435299130227,625.385736184406,611.3255997032858,488.486840008642,488.486840008642,351.78427235685706,614.2621370042626,,657.0192076532271,711.7599320170909,586.2413028388175,481.69232788022623,564.8989642454533,509.1661827637433,722.8683478039455,618.0907736936932,517.2253633827778,615.7139700306029,403.701572896135,484.832929312186,434.38548951619754,392.77991846126963,326.5330711592445,359.7360796070671,415.9540059282565,474.4643703246004,473.2715243343197,499.5055094741687,668.6288408161674,664.2614366437741,635.0376152575682,,479.76167616953387,400.1482176154988,389.8257716434542,620.9042470465006,517.2223086721475,616.2343850275676,536.6751984528514,,453.87605586233553,506.863839705117,638.1109672662823,715.0730840547182,563.1444987619311,565.9032642858648,,,723.8071577470631,748.3512604566918,712.6150252473982,494.9404939155799,688.553074371748,666.7562983886662,590.2479060953871,579.6172456762729,508.6244401878858,565.4986784117418,434.9432855327791,516.2509554426689
v_12.0h,615.1352577361737,,,1010.333824970655,516.1684593283977,542.1419162385425,542.1419162385425,515.8728968807679,480.3614342680157,,554.9450492591823,522.2464500150628,393.499860623866,559.4805178234856,826.9136560792156,721.9959767480298,527.502327568837,508.49746211108294,508.49746211108294,443.7591734606673,590.6636923454085,515.8191009079072,399.3797859154052,554.7670899506855,741.3875983665109,431.45223135359896,601.3500130495386,,,521.1742701815984,484.53812229270676,614.2871561755874,578.5642516037923,533.9783009316886,,452.6322242206396,452.6322242206396,496.51046426422727,628.0434361106853,611.3255997032858,490.70270159416265,490.70270159416265,351.8567591990894,614.2621370042626,,659.2668911057361,713.7918223204257,586.1935361162912,481.69232788022623,564.8989642454533,511.1811452979395,723.67175361892,619.577511711587,517.2253633827844,615.7139700306029,403.70157289613746,484.37839488200757,434.3854965857942,392.08812408937587,326.5367220271113,360.134349425448,416.8558714883019,475.62656022132853,473.1971899746933,499.5055468451633,671.5585262939353,665.2513394753528,635.037615257572,,479.6372295468529,400.01941357754566,389.8257716434542,620.9201212680535,518.6255031039819,617.4806852550238,537.9929958498843,,454.9358926749968,506.863839705117,638.5251628979693,715.9318457268319,563.1445022941175,567.9399063612686,,,725.8917338425962,751.0254341783902,715.0960358934914,496.01252691284003,689.1594896504687,668.5141239450684,591.4965108150425,579.7121573999694,509.7186418006884,565.4986805517859,435.8471798926424,517.6721645958442
v_12.1h,616.9767407844415,,,1015.8786714481203,516.1993896245953,542.1419162385425,542.1419162385425,515.8728969705588,483.96809515095583,,556.6218873366338,524.308655752172,393.42222253679967,560.9263187154336,832.3576226933615,722.2079195463136,528.6156403454238,509.73587061202755,509.73587061202755,443.7591744115054,590.6644521420543,516.0966857173282,400.1908473276855,554.6988877132413,743.649629583134,431.45223135359896,602.5506060198677,,,521.4176585564506,487.08764418657086,615.5026753867654,579.9716180544381,534.0422615635778,,452.631398554213,452.631398554213,497.52884972302394,630.3309283420457,611.3255997032858,488.15074169183197,488.15074169183197,351.8567591990894,611.871789688431,,661.4351908527094,715.6440392142333,586.1420460972141,481.69232788206915,566.3699722060793,513.0804232118595,724.451682586511,621.236626973992,517.2253633827908,615.7139700306029,403.70157289613974,484.37839488200757,434.38550388991723,392.63047301628154,326.5405424025027,360.25680319486577,417.7366039408382,476.84394274823245,473.12808966126295,499.50547112326984,674.1824574438679,666.2514466755074,635.0376152575756,,479.51573299450763,399.8953360237354,389.5151342026365,620.9360530537426,519.9790655298348,618.7213784132844,539.2657850039819,,456.02359550006264,506.863839705117,638.9468279295952,716.7707607036656,563.1445059373783,569.8162097978982,,,728.0299619567678,753.3617407660411,718.099676636925,497.0802125273015,689.7565621777715,670.2817304918015,592.7288832638365,579.8069801051652,510.7947283533924,565.4986827465626,435.69572254488577,519.1568579856107
v_12.2h,618.9000130935884,,,1020.6363606388363,516.2303908188826,542.1420225156262,542.1420225156262,515.8728969705588,483.96809515095583,,558.3217971649617,526.1914409165362,393.3482072787436,562.4796771317938,836.700856812996,724.1936342287686,528.4280503917685,511.0992643830634,511.0992643830634,444.38487984492275,590.665232227017,516.3746277752612,400.9880028403373,556.5330973259842,745.8499670537793,431.44142150521833,603.723790241652,,,521.658768599336,488.4068559234049,616.7011980821753,581.3210888202613,534.0422615635778,,452.63020881740243,452.63020881740243,498.6210948625708,633.0068238426819,611.3255997032858,490.42625671183686,490.42625671183686,351.8530394676014,614.2621370042626,,663.372526743474,717.3898943842183,586.0968849838763,481.6923278819509,567.8311041582933,515.0298845217628,725.2362076007394,622.8432888418876,517.2253633827975,615.7139700306029,403.7015728961414,484.3783948820079,434.38551143512,393.17001316803197,326.5445362465526,360.3777963772775,418.62380338987896,478.0546330641418,473.05787511596225,499.5053892304975,677.196302398277,667.2622895831332,635.0376152575798,,479.3972284867733,399.77094575729484,389.51513678597115,620.9360530537426,521.2858602099168,619.9363223067653,540.535482954789,,457.07009196553133,506.863839705117,639.363150881663,717.6145406230149,563.1445096402015,571.7183293139625,,,730.2960075608878,756.0005342313797,720.6437440696074,498.1052460758593,690.3355093792508,671.9902272719745,593.9540168570911,579.9880383791564,511.85324901768485,565.4986849974849,436.60273241007286,520.654775700135
v_12.3h,620.7286666465216,,,1024.826308896142,516.2303908188826,542.1421338314364,542.1421338314364,515.8728970644826,483.7896902550609,,559.8951135287414,528.2280367371776,393.27768858254177,563.982479843298,842.2291668403398,726.6705619291838,529.5526867780773,512.4233456067338,512.4233456067338,445.4349606755765,590.6660332929329,516.6529133296373,401.8049066211606,558.3849329966152,747.8262171892065,432.61631906971877,604.8875625299988,,,521.897579352254,489.66906044608584,619.1653526980128,582.6188455111254,535.7723484454759,,452.63020881740243,452.63020881740243,499.7291568026962,635.3717825748806,611.3255997032858,492.5986056955574,492.5986056955574,351.9257626005247,614.2621370042626,,665.5217313841522,719.1242244845967,586.0377243298457,481.69232788386216,569.2916572980645,512.8966154738091,725.9984257324829,624.4131386039818,517.2253633827975,615.7139700306029,403.7015728961428,484.37839488200797,434.38551922809137,393.7140051406694,326.54870754386764,360.49731766111984,419.5226453767274,479.21183982446007,472.9831421203346,499.5054307377026,679.8058793855963,666.9548774042338,635.0376152575839,,479.28175440526906,399.6442531808625,389.51513678597115,620.9520404819812,522.6329290029805,621.2281887422663,541.8915714564889,,458.09705352546376,506.863839705117,639.774088199341,717.5076740372241,563.1445096402015,573.6925153025674,,,729.9775060192816,758.6696275259698,723.4164351003226,499.090926249167,690.9796297242916,673.6156619786175,595.1250339846365,580.0825317630025,511.85324901768485,565.4986873060017,437.4960023757624,522.0747555640693
v_12.4h,622.4611100467898,,,1031.2367860690063,516.2618697419801,542.1422504335967,542.1422504335967,515.8728971627236,487.3463403519116,,561.5218494796329,530.1184074471707,393.34184743929933,565.4165707496983,842.2291668403398,728.8598827412878,529.5526867780773,513.6551490228579,513.6551490228579,445.42876129726517,590.6668560990518,516.6335899500926,402.604815032682,558.3849329966152,750.3329224431504,433.7972898030136,606.1265000556505,,,522.1340703831361,490.9353189864734,620.4208359944032,583.8504593576005,537.5387530147913,,452.62891600886184,452.62891600886184,500.80950879321966,637.9003607094778,611.3255997032858,494.77871453550915,494.77871453550915,351.99826061150463,611.871789688431,,667.7332834750804,721.1378160630587,585.9738916014502,481.6923278857213,570.6619227207345,514.8226642044068,726.7555729263788,625.9094324309169,517.2253633828047,615.7139700306029,403.7015728961437,484.37839488200797,434.3855272756594,394.25967672060176,326.55306030058944,360.6153560897103,420.40084783690634,480.4181462011372,472.9036035720127,499.5053446188016,682.7334943468428,667.9589653713574,635.0376152575884,,479.1693455454063,399.5152362512679,389.51513947202113,620.9680816066317,524.0094253465546,622.5238833344184,543.2068334854099,,459.1946392289836,506.863839705117,640.1795979975399,718.3482147963938,563.1445134039081,573.3885815654181,,,732.246170650316,761.0174044271581,726.0567061507564,500.1957189149568,691.2285118075089,675.1743501852501,596.2847054742022,580.1766532966398,512.899038413734,565.4986896735996,438.37572243247706,523.5658240803555
v_12.5h,624.3305103661874,,,1036.664250416801,516.2934367287039,542.1423725455389,542.1423725455389,515.8728972655018,490.93267840178993,,563.221720329528,532.1452401420388,393.2777208602327,566.8567435133676,842.3091006867596,730.8057636876753,530.6649919783295,514.9503252456869,514.9503252456869,446.51876019598103,590.667701392116,516.914737676829,403.38794819943865,560.1297186499171,752.6805235492892,432.6096856858246,607.3784254758314,,,522.3682218010496,492.25113975398983,621.6587659507154,585.067093602492,539.3186611104372,,452.62787645430046,452.62787645430046,501.8515342869876,640.3791236086922,611.3255997032858,494.5120149475341,494.5120149475341,352.0705292039575,611.871789688431,,669.7243314826118,723.0254975032492,585.9049969509658,481.6923278857213,570.648266532565,516.7165564492817,727.5002822685237,627.368307785006,517.2253633828125,615.7139700306029,403.7015728961441,484.3783948820082,434.385535584789,394.8025782847101,326.55657254611185,360.73190106692124,421.26960323219595,481.62808148190396,472.8222074495707,499.5053882059088,685.4262652436289,668.9888641149921,635.0376152575928,,479.06003313043436,399.3838734637407,389.51513947202113,620.9841744577027,525.339268627584,623.8030858320745,544.4562043752337,,460.2513844359659,506.863839705117,640.5796401295198,719.1596273705777,563.1445171882334,575.3228517198427,,,734.2690882926736,764.0158607149727,728.5438737361997,501.25646276595893,691.9488587612108,676.8648510562346,597.4305462044449,580.2703174509489,513.9938897769479,565.4986921018057,439.2634244112505,525.0478959794602
v_12.6h,626.2172247400653,,,1041.3837416071824,516.3254522729732,542.1423725455389,542.1423725455389,515.8728972655018,487.1476829898648,,564.8243523062384,534.0045691996282,393.2167383836432,568.4098603484548,847.3069672731858,733.1755431807268,531.7650128705568,516.3034951990034,516.3034951990034,447.5699730177767,590.6685699623891,517.1961519642953,404.1889620611146,560.0841884600725,754.7621060974974,433.77873196464844,608.6104244577322,,,522.6000142713754,493.5114014652009,622.8798423162193,585.3485627715016,541.0011078327063,,452.62637973357454,452.62637973357454,502.96637836104077,642.7396426492581,611.3255997032858,494.5120149475341,494.5120149475341,351.99348565675183,611.871789688431,,671.7320788882673,724.7657805295444,585.8320552294457,481.6923278877644,572.0423341297795,518.6275498859993,728.2287589927944,628.988922209802,517.2253633828205,615.0090205307907,403.701572896144,484.3783948820085,434.38554415939245,395.34270441192535,326.5613052234024,360.84694236289596,422.16755691731436,482.7857280533154,472.7471294498895,499.5052976344328,685.2145578106716,669.9146700206595,635.0376152575978,,478.9538448327708,399.25014388669666,389.1895660330939,621.0003170420596,526.6251776493921,625.0664461871445,545.6622930908308,,461.26990675662654,506.863839705117,640.3292571317985,719.9829909687078,563.1445210803297,577.1510933200065,,,736.1710030807756,766.7257665225501,728.525707915938,502.27646931252497,691.9488587612108,678.6145865064647,598.6468850018214,580.2703174509489,515.0712737537945,565.4986945921829,440.1646097380016,526.4764386008967
v_12.7h,625.9802985394839,,,1041.3837416071824,516.3577530371246,542.1425004033617,542.1425004033617,515.8728973731949,490.70681214042474,,566.3540223921251,536.048366510664,392.517393919259,569.8847013020529,852.2067903434221,735.3366614766728,531.5975508120383,517.5574729545204,517.5574729545204,448.60850661862565,590.6694626308347,517.4778174974008,404.9792044677279,561.8486676749916,757.5466390808052,434.9705433994567,609.823428958659,,,522.8294290309401,494.751517311788,624.0847413980123,586.5401204471328,541.0984417359723,,452.62475363073355,452.62475363073355,504.1007749483831,645.359711140354,611.3255997032858,496.66790785512586,496.66790785512586,352.0654915660696,611.871789688431,,673.9949672674932,726.3879059329408,585.8320552294457,481.69232788977035,573.47666094275,520.5303059453527,728.9270862819053,630.5946711731814,517.2253633828287,615.0090205307907,403.70157289614315,483.94969676410614,434.3855530127939,395.88005296376963,326.5662315875389,360.6272429328277,423.0453179931472,483.9690190828972,472.66721445274317,499.50519967937095,687.8007948809889,670.8660653922889,635.0376152576029,,478.85080480230664,399.1140271971897,389.1895696675428,621.0165073441606,527.9795162133464,626.3146021244141,545.6622930908308,,462.34476409463656,506.863839705117,640.7182187524915,720.7559953075108,563.1445250371913,577.1510933200065,,,738.4286708435001,769.2426759682735,731.2295475208091,503.2771242483465,692.6474237855859,680.2738212575152,599.8818431402634,580.3634430351932,516.1317144910671,565.4986971463385,439.1318536412218,527.9205838904022
v_12.8h,627.8864790769471,,,1045.6724267149696,516.3577530371246,542.142634293129,542.142634293129,515.8728974860165,494.2202388147472,,568.093032336563,537.9296568094811,392.45932905118764,571.3124358393297,857.4199886891204,737.2542600916123,532.7021148228721,518.768351687753,518.768351687753,449.6988285332133,590.6703802504114,517.7597185050514,404.73097534317736,561.8486676749916,760.0049930352012,433.7765417555026,611.0183377421614,,,523.0564479030862,496.0702337994797,625.2741157647882,587.737573538457,542.7761768780199,,452.62475363073355,452.62475363073355,505.1895005301845,647.6269793688798,611.3255997032858,498.8146863398289,498.8146863398289,352.13725910552046,611.871789688431,,676.0387276581907,728.235375990191,585.7700370636348,481.69232788977035,574.929505550551,518.3648946144559,729.6247557656418,632.1637564451378,517.2253633828287,615.0090205307907,408.07408961607996,484.3783948820086,434.3855621409422,396.4146249461481,326.5713557085534,360.7384759101624,423.90349650134243,483.955268363767,472.5821550025949,499.5052481469308,690.6477839252381,671.821060475095,635.0376152576081,,478.75093370135863,399.023030650472,389.1895696675428,621.0327433267981,529.339230705113,627.5389250783592,545.7781993724216,,463.41603703423334,506.863839705117,641.1015865664207,721.5208995465405,563.1445250371913,579.1137217288536,,,740.4722021553315,772.4145567830849,733.7930784355545,504.38003556202415,693.3383369550053,681.8861252937471,601.1105377603665,580.5433245878895,517.1757384473719,565.4986997659191,440.0012429706481,529.4235413930122
v_12.9h,629.7044576481468,,,1046.8459831799573,516.3902858555132,542.142774712322,542.142774712322,515.8728976041717,490.5212567710898,,569.7241276666837,539.9500498755685,392.40418979791633,572.7042411824464,862.1398408778653,739.4888214670962,533.7945275563698,520.1339686517322,520.1339686517322,450.7310691773979,590.6713237074352,518.0418387644227,405.5249164581852,563.7189768768684,762.2035957952348,434.9488255829188,612.1960164057998,,,523.2876900665636,497.33446903187837,626.4485940753797,587.737573538457,544.5595003730269,,452.6234457257422,452.6234457257422,506.2409886486327,650.2788944625995,611.3255997032858,500.9985351376159,500.9985351376159,352.20878401986766,609.4909126409359,,677.8954363411211,730.1176406970739,585.7030224748581,481.69232789185213,576.3606794840069,520.3343720074204,730.3108824037229,633.6921547082951,517.225363382838,615.0090205307907,408.0740896160785,484.37839488200876,434.3855715511918,396.9464243681527,326.57668166743974,360.8481888120145,424.78868116507863,483.955268363767,472.49162479535585,499.50514510095144,693.3619809116329,672.7915729910592,635.0376152576137,,478.6542487459189,398.89191248923424,389.18957344559504,621.0490229318671,530.6547568424446,628.7756096592288,547.0062397940668,,464.4491687321649,506.863839705117,641.1015865664207,722.283682458816,563.1445290228747,580.9950984177228,,,740.4722021553315,775.2000069111209,736.1806693110203,505.44048440925434,694.0051757563674,683.4285626749818,602.2995860253724,580.6352901094237,518.2038721542481,565.4986997659191,440.90167901579173,530.8715892712715
v_13.0h,631.4238260862961,,,1051.4115577428336,516.4703270585545,542.1429219321441,542.1429219321441,515.8728976041717,494.0296707052336,,571.2349945813157,541.8600761756235,392.35186789569644,572.8028356905726,867.652750036999,741.6469797492452,533.7945275563698,521.4274222684497,521.4274222684497,451.8082655053873,590.6713237074352,518.324161605426,405.5249164581852,563.6088382960204,767.7917276775677,434.9421757689079,613.3572975724223,,,523.5207132375459,498.5478190370167,627.6087810163308,589.0543919922214,544.5595003730269,,452.62156379747626,452.62156379747626,507.3607767072575,652.6705794350391,611.3255997032858,500.70588274728226,500.70588274728226,352.28084153092794,607.1172440045342,,680.1837350188871,731.8784142976502,585.6431650722183,481.6923278941237,577.7187594723302,522.1638141716552,730.9784115258169,635.1505626600582,517.2253633828476,615.0090205307907,408.0740896160785,483.9496967641067,434.3855812510522,396.7985198424148,326.58221355387764,360.95637282523353,425.6680813034996,485.1557358394303,472.4090327775999,499.5050876068196,693.3619809116329,673.7804812320101,635.0376152576194,,478.56079037313174,398.75842958503057,388.8465448726892,621.0653440811446,531.9286746196095,629.9818375784849,548.3205626070704,,465.468144371952,506.863839705117,641.479328385292,723.0364090701903,563.1445331157843,582.7949785032594,,,742.3265957297504,777.876040249611,738.8776684074217,506.4616379395535,694.2844974028715,684.9585181278806,603.4628882507345,580.7264981720383,519.2506114361594,565.4987024526148,441.79210784613576,532.2185275157466
v_13.1h,633.2150777844957,,,1057.8115598994293,517.1205655663229,542.1429219248239,542.1429219248239,515.872897727882,497.53546811403817,,572.9125503701383,543.8472045973567,392.3022578671342,574.199477730569,872.0082997436624,743.5283632182758,534.8748886679019,522.6550034609243,522.6550034609243,452.8818163345459,590.6722939154457,518.6066699153588,406.3061624748649,565.4021779533881,770.123717296473,434.9421757689079,614.5029812221628,,,523.7513581413043,499.8611911004385,628.7552573339711,590.3500679300636,546.2459014967188,,452.6195194861599,452.6195194861599,508.50306313301263,655.0633478263236,611.3255997032858,500.70588274728226,500.70588274728226,352.2767939138431,607.1172440045342,,682.3018440647016,733.519403847869,585.5657664944569,481.6923278941237,577.7187594723302,524.1346281811309,731.6532775066955,636.6101537286277,517.2253633828574,615.0090205307907,408.07408961607626,484.37839488200905,434.38559124819034,397.3326325814877,326.587955463913,361.06301953518715,426.5282859601372,486.36048511482784,472.32361820530093,499.5050876068196,695.9487239116861,674.7223028591494,635.0376152576255,,478.4711132677064,398.622561546515,388.8465448726892,621.0830358980926,533.2667918747999,631.1752838623839,549.616896173625,,466.55844120167535,506.863839705117,641.8598429496541,723.7615144168761,563.1445372775357,582.633931853842,,,744.3252267680604,781.1490094818809,741.123413612514,507.45779318691416,694.9483020895209,686.687507768405,604.6164164492714,580.8168781921237,519.2517614349646,565.4987052081588,442.6689123827304,533.754510481102
v_13.2h,633.2150777844957,,,1063.3164808540587,516.8227568520158,542.1430762258966,542.1430762258966,515.8728978573628,497.3610236206618,,574.5810356159222,543.7091623648373,392.255257018434,575.7541480766805,877.937155987558,745.6086140173247,535.9583004436918,523.9047145073298,523.9047145073298,453.8997109136482,590.6732918475567,518.8893461437433,407.07919345652533,567.1445146505388,773.184989741072,436.1250462749351,615.6904539081122,,,523.9796064568815,501.1353562459898,629.1004196023974,591.5833626382173,547.9648152325068,,452.6195194861599,452.6195194861599,509.6061242515645,657.6509194716364,611.3255997032858,502.81847487721177,502.81847487721177,352.2767939138431,609.4909126409359,,684.219654850013,735.0591122154921,585.4820549738022,481.6923278963723,579.1091356673667,523.8639041752923,732.2844399181882,638.2404281089568,517.2253633828574,615.0090205307907,408.0740896160739,483.9496967641071,434.3856015504336,397.86430989446114,326.5939114975824,361.1681209315462,427.38316912065716,487.5147821524807,472.2326989340842,499.50502718076615,698.7854581977971,673.5132112024181,635.0376152576318,,478.38454142333416,398.48428863013623,388.8465499714516,621.108657502602,534.6190291957226,632.3861055089177,550.8701737372613,,467.6104477011318,506.863839705117,642.2495904191485,723.7615144168761,563.1445415095801,584.4218206686775,,,746.4373062208542,784.0328417814075,743.745049334731,507.70416393483254,695.6067565937008,688.3460538409604,605.7379586623384,580.9062674933908,520.2686357750357,565.4987080343298,443.5323299619004,535.2236858190062
v_13.3h,635.1046372312951,,,1068.12864735617,517.4764354640055,542.1432378959652,542.1432378959652,515.8728979928479,497.3610236206618,,576.1323561966826,545.7664063216756,392.2107654297429,575.7541480766805,882.5644219886934,747.8391522868598,535.8088804731276,525.2310107109239,525.2310107109239,455.0096024994281,590.6743184906228,519.1721723073484,407.87603130492573,567.1445146505388,775.9757460006992,436.1067993717397,616.9239041477734,,,524.2054404518839,502.35926667022443,630.2478749671337,592.7996244503726,547.9700878934423,,452.6178750027109,452.6178750027109,510.6745644215844,659.8943715269406,611.3255997032858,505.0018299607988,505.0018299607988,352.34861388167104,607.1172440045342,,686.2453523352907,736.9270409478594,585.3914892112149,481.6923278963723,579.0881083892922,523.8639041752923,732.0637759256615,639.8284691702077,517.2253633828682,615.0090205307907,408.07408961607086,483.94969676410733,434.38561216576846,398.3935656590454,326.60008575649283,361.2716694140289,428.2662920602437,488.67543998946314,472.1359257828951,499.50502718076615,701.2629149848235,674.4563134719604,635.0376152576387,,478.30108593648333,398.48428863013623,388.8465499714516,621.1343249609428,535.9290544763096,633.6479829059191,552.0943847961248,,468.62659241610237,506.863839705117,642.6337866888485,724.4893347263312,563.144545813391,586.3911043769784,,,748.4368739105656,784.1032202904607,746.1257670903436,508.74647213550537,695.6067565937008,689.9442966443034,606.8991935705251,580.0225749570117,521.3208818842339,565.4987109329536,444.38871613502823,536.6000759872151
v_13.4h,636.9107074493472,,,1072.428278161934,518.1390696620784,542.1434072325592,542.1434072325592,515.8728979928449,500.84629949205396,,576.2209919812907,547.633279440992,392.16868593929996,577.2616219414874,883.181497053937,749.8514749223842,536.8822319761578,526.4925874662321,526.4925874662321,456.0710804858725,590.6753748792148,519.4551299953991,408.6603142334663,567.0921513654321,778.4623243968491,436.1067993717397,618.1398198298064,,,524.6497975852133,503.61857294056125,631.3994035107795,593.969837039848,549.7477978619434,,452.61550978454835,452.61550978454835,512.9052946435814,660.0734522558279,611.3255997032858,504.6970808801486,504.6970808801486,352.4201918688729,607.1172440045342,,688.4733660718538,738.7211070491724,585.3091923033778,481.69232789870796,580.4289281013788,525.7936075575142,732.7180265472018,641.3660298781213,517.2253633828798,614.142992600962,408.07408961606694,484.37839488200945,434.38562310234596,398.9204165259541,326.60008575649283,361.373657798079,429.1305562114245,489.8925375878981,472.04368757878575,499.5049037962455,704.0661673661943,675.4022275957436,635.0376152576457,,478.22075472110674,398.3435917772887,389.18958583399143,621.1600348891043,537.1993198504935,634.896144514729,553.2978795775007,,469.67097576575077,506.863839705117,643.0123989079949,725.1941986543694,563.1445457819476,588.2614986556695,,,750.6598548996725,786.9292817878405,748.683980337258,509.83976908113544,696.2369085715171,691.4898419357028,608.137212006237,580.1194329160268,522.3757676325882,565.4987139059008,444.2706274254461,538.0672593405544
v_13.5h,638.6349395586651,,,1078.797594419678,518.8291589662393,542.1435845367889,542.1435845367889,515.8728981345727,504.38780674715963,,577.757936825945,549.6475677025984,392.12892412205724,578.6867677658341,887.9076839835003,752.1936440483204,537.9464260575542,527.7306908227911,527.7306908227911,457.1050173344838,590.6764620890124,519.7382003749746,408.4191576403157,568.7496537156657,781.4990340952951,437.30040157605947,619.3126877884338,,,524.8682883387642,504.9087838342355,632.6173529728362,595.3156709647158,551.4695427845885,,452.6129407797251,452.6129407797251,514.0139528440009,662.3606754699881,611.3255997032858,506.8041895162442,506.8041895162442,352.49152361387956,607.1172440045342,,692.3022942923841,740.397253011802,585.2272339572256,481.6923279012407,581.8992428227853,527.6137188845746,733.355204792002,642.8609172440243,517.2253633828918,614.142992600962,408.0740896160625,483.9496967641077,434.3856343684823,399.44488181706896,326.6064823413506,361.47407932044933,429.9765539558479,491.05954848893293,471.95243292897436,499.5048338473375,706.6865219255742,676.3565797985581,635.0376152576533,,478.14355256588163,398.2004526520531,388.48360489786745,621.1857838321109,538.4936026860391,636.1311661239279,554.6216663316717,,470.74642522543354,506.863839705117,643.3853963066845,725.8767052867928,563.1445501609708,590.051989162432,,,752.9862211736884,789.8827825952017,751.3740045233169,510.89310084263406,696.9121097815445,692.984899946281,610.5200908043048,580.2152259616366,523.4152476218263,565.4987169550922,445.1242757807788,539.53762043894
v_13.6h,638.5317623606205,,,1084.6690551061047,518.4955045345405,542.1435845367889,542.1435845367889,515.8728982827896,500.68864909418846,,579.2954362351419,551.5718214150351,392.12892412205724,580.0712643071793,893.7028633854152,754.5559651754055,539.0459241788512,528.9823612035009,528.9823612035009,458.2152573978418,590.6775812385762,520.0213641965877,409.2074116024942,570.6011476765897,784.5086186145021,437.27643735131767,620.4713051191843,,,525.084300032034,506.149023943021,633.8201800817486,595.4963290895931,553.0986574979266,,452.61087423047513,452.61087423047513,515.100987853611,664.9945805616346,611.3255997032858,506.8041895162442,506.8041895162442,352.4860723598084,607.1172440045342,,694.4757126722999,741.9653341771004,585.1384595828184,481.6923279012407,583.3312825462766,529.5299143334234,733.9862834963394,644.3083357653745,517.2253633828918,614.142992600962,408.07408961605717,483.9496967641081,434.3856459726601,399.44488181706896,326.6136940862674,361.57292764464137,430.8360742053436,492.179967986671,471.8552905059504,499.5048338473375,709.1293284980918,677.3273171048011,635.037615257661,,478.06948119588446,398.0625900645688,389.18959024732965,621.2115683317516,539.8472760898977,637.3536147099165,555.8886392110858,,471.78560754811133,506.863839705117,643.7527502673674,726.549327140007,563.1445546146438,590.051989162432,,,755.1315865061878,793.2440430190126,753.8643751179678,511.90942480683225,697.1869567007077,694.4827079100502,611.6996827174021,580.3099008898967,524.43981074192,565.4987200824986,445.1242757807788,540.9681642573125
v_13.7h,640.2737514646925,,,1089.8053523694575,519.1820629333301,542.1437701358807,542.1437701358807,515.8728984377475,504.1648867413486,,581.0046684395529,553.4984350976864,392.21845945854943,581.5618676937593,893.7028633854152,756.6913918294493,539.0459241788512,530.285037236903,530.285037236903,459.26912124213965,590.678733491194,520.3046017999568,409.9832010821468,572.3766184032464,787.1827198199836,437.27643735131767,621.6328069664654,,,525.297818102132,507.34259348573465,635.0084231385226,596.8263900291724,553.0986574979266,,452.61087423047513,452.61087423047513,516.1586762192278,667.2972837774322,611.3255997032858,508.9704886199439,508.9704886199439,352.4860723598084,606.6939313914843,,696.5899406985329,743.427637133174,585.0422744455539,481.69232790376674,584.6991959734451,529.266086859786,734.606800887436,645.7180930484238,517.2253633829047,614.142992600962,408.0740896160502,483.9496967641085,434.3856579235304,399.96698342682737,326.6201185812757,361.67019686615185,431.706448136098,493.3989676575691,471.75188685403793,499.504760325072,711.9271985723558,678.268679467751,635.0376152576691,,477.9985393383684,397.92408554544494,388.84656665389883,621.2373849108461,541.1602527504912,638.5640486356778,557.1297301822262,,472.7908211905656,506.863839705117,644.1144343956934,726.4815384568764,563.1445591445114,591.9860707439518,,,757.446863048075,796.2194549066169,756.866499206223,512.9218587853852,697.9489235079345,696.1451257216949,612.8331252698705,580.4034078466408,525.4499423406139,565.4987232901418,445.9898600558543,542.3287512542039
v_13.8h,641.9424156369159,,,1094.3837411327158,519.8881129037923,542.1439643487271,542.1439643487271,515.8728984377449,507.6702200547109,,582.6013657442397,555.4964334572236,392.18292691789645,583.0794977913578,898.2389288250122,759.16164926914,538.8750434282066,530.121820505573,530.121820505573,458.2192945784806,590.6799200568121,520.5878931199616,410.7517284467354,570.4519843358217,790.0054454745208,438.47512957994593,622.7721484211451,,,525.5162847328877,508.646710300728,636.1825988885911,598.1183274023114,553.2285248829461,,452.6079027056176,452.6079027056176,517.3205389059196,669.7538127975191,611.3255997032858,508.6285432417877,508.6285432417877,352.55687216278494,607.1172440045342,,698.5135977782538,745.2242465715977,585.0578561653496,481.69232790649096,586.0632495627436,529.266086859786,735.2039583037988,648.8968474840345,517.2253633829175,614.142992600962,408.0740896160436,483.9496967641085,434.38567022991526,400.4867457270356,326.6278984974685,361.76588151744016,432.55882681759016,494.58427055669006,471.65137530533417,499.504760325072,714.3589426492499,679.203580997035,635.0376152576777,,477.930722792281,397.78315607736187,388.0983682291931,621.2632300746775,542.4348697963032,639.7630179636358,558.336248765796,,473.84747497836463,506.863839705117,644.4704245905748,727.1432797298974,563.1445637517677,591.6170375573568,,,759.9596299438863,799.0156555803574,759.4099366017462,512.9218587853852,698.7108727856236,697.7471115661791,613.9599070682638,580.495700256269,526.4461228442485,565.4987265800951,446.8666567530635,543.833080986977
v_13.9h,643.7795149736476,,,1099.4509089761223,520.5879617078962,542.1441675051788,542.1441675051788,515.8728985997037,507.47721430389043,,584.1052339974727,557.2849774277845,392.1494518507723,584.560608721285,904.1392791178139,761.6880801329592,539.9303418578617,531.452362671156,531.452362671156,459.30989867636373,590.6811421940555,520.8712176927922,410.7517284467354,572.3034229052034,793.2780055642586,438.4558451255657,623.906460814729,,,525.7357752093839,509.90934008617035,637.3432024577683,599.3834384392453,554.8312990231408,,452.6046754299298,452.6046754299298,518.4699528830187,672.2680272318489,611.3255997032858,510.7378813537319,510.7378813537319,352.62765560343826,606.6962275790883,,700.3039399921528,747.0154663436622,584.9547997103872,481.69232790639205,587.3983312800125,531.1689960416709,735.7883800484432,650.4336010248685,517.2253633829316,614.142992600962,408.0740896160358,483.9496967641088,434.38568290080866,401.0114871925491,326.6359385255772,361.8599765725223,433.3937907108211,495.72294411379227,471.5539148818418,499.50468304037037,716.9309373091244,680.1150232713921,635.037615257687,,477.8660245011986,397.63978339440393,388.84657260631724,621.2891003124498,543.6733787330766,640.9510648797474,559.5155768556219,,474.914430795195,506.863839705117,644.8206991132716,727.8007485084759,563.1445637252535,593.5771984327406,,,762.28109598897,802.5981856680796,762.5537988337398,514.02862657768,699.4570146032927,697.5967412237914,615.0800476630739,580.5831298839198,527.4614988177572,565.4987299544867,447.73040270262476,545.2957749886948
v_14.0h,645.6235277870912,,,1105.983452430619,520.2422834667859,542.1441675051788,542.1441675051788,515.8728987689326,507.47721430389043,,585.6792187824607,559.37007843326,392.1179502720797,585.9496072906071,909.1946456374096,763.9677598537256,541.0110449883426,532.7283176282648,532.7283176282648,460.35641643318894,590.682401208577,521.1578592784612,411.54435788139483,574.0157232531276,796.1995300363961,438.4558451255657,625.0279933658666,,,525.9527883470887,511.12518349797637,638.4907073463924,600.59345401401,556.6124828658747,,452.60207967282827,452.60207967282827,519.5840974752186,674.4618343628908,611.3255997032858,512.8465016350049,512.8465016350049,352.623542153137,606.6985681587396,,702.5494462032657,748.7142644246885,584.8430747559956,481.6923279092244,588.8385024856068,532.9749649211195,736.3799534107569,651.9333462875494,517.225363382947,614.142992600962,408.0740896160272,483.94969676410926,434.38569594537796,400.8777534322253,326.6442430046075,361.6056847056092,433.24785463937815,495.7455178947362,471.4501591684948,499.5045274662755,716.5575070385632,681.0370057762472,635.0376152576962,,477.80443462933204,397.49395000240236,388.48362731188547,621.3149920987524,545.016137585071,642.1287242100666,559.632017887212,,475.94677100261663,506.86383970511696,645.1652386553358,728.4516019483569,563.1445684062421,595.4175177052292,,,764.54086342893,805.7543967891661,762.2655354367475,515.0959747820908,700.1712972143914,699.2150421069838,616.1745980344418,580.6743043302646,528.4968331508685,565.4987334154993,448.5813567752155,546.6837606433252
v_14.1h,647.3806839977611,,,1111.6765457333388,520.9343332957969,542.144379958693,542.144379958693,515.8728989457063,510.96478349680245,,587.3655815669828,561.2396105241631,392.0883407630545,587.3122787479165,914.3289697436879,766.4811199936711,542.0932066264712,533.9302270746332,533.9302270746332,461.44719912431015,590.6836984706645,521.4464941499406,412.32467158213984,575.7441081856354,798.8250624724114,438.44143984358493,626.1373432856053,,,526.1673093230252,512.3378000860667,639.6255654713476,601.7867493090648,558.2559061629845,,452.60207967282827,452.60207967282827,520.6750191574198,677.0645860417259,611.3255997032858,512.8465016350049,512.8465016350049,352.6946376198182,606.7009482590914,,704.5825681260616,750.3215302019398,584.7455433841424,481.69232791215893,590.2523097671337,532.8342604140861,736.9501522291681,653.3886163088388,517.225363382947,614.142992600962,408.07408961601755,483.94969676410926,434.38570937296686,401.3981666531614,326.6528162530708,361.6056847056092,434.0874711626243,496.87918706862837,471.33970895488204,499.5045274662755,719.1733965060688,680.7842536783182,635.037615257706,,477.7459406402718,397.34563921853334,388.4836353178805,621.3409018950443,546.3403834041106,643.2587889793929,560.7949919324569,,476.94667900733157,506.86383970511696,644.920642942757,729.0806644930561,563.1445731609932,597.129066134912,,,767.2455642375455,808.578023936005,765.4648600761087,516.1267783765053,699.7293743877569,700.778745557158,617.3857305920135,580.7641792774639,529.5180355661778,565.4987369653717,448.4434497935079,548.0523221607434
v_14.2h,649.0735712120086,,,1116.7265257281513,521.6741040988218,542.1446020576357,542.1446020576357,515.8728989457046,510.7954169808334,,588.9482407252823,563.1881922054305,392.0605444286151,588.8415627287638,920.0886479232938,769.1927326366817,543.1641121348638,535.1129422684925,535.1129422684925,462.53376547073077,590.6836984706645,521.7349005908037,412.08637085229947,575.6460045754791,802.1977648742728,439.6351464845876,627.3034244986435,,,526.3793239833487,513.6293097394754,640.7482072458118,603.0438137375515,559.8786202104567,,452.5983474934206,452.5983474934206,521.7770864646784,679.4619702235519,611.3255997032858,512.5093765989956,512.5093765989956,352.7654786035633,606.7009482590914,,706.4374266833073,752.1132173665783,584.6439741977415,481.6923279120671,590.1308895314946,534.6401604045336,737.4955394081876,654.8042970837494,517.2253633829629,614.142992600962,408.07408961601755,483.9496967641099,434.385723193096,401.9163357520987,326.66166256600826,361.6959316095313,434.92016607206386,498.0337578202414,471.232528028033,499.50443804426885,721.7171880468468,681.7119509787739,635.0376152577161,,477.6905273781571,397.23579312131744,388.4836353178805,621.3668261511478,547.6272477213947,644.3998483754289,562.0117896392179,,478.0011359424827,506.86383970511696,645.2775441027942,729.709966969129,563.1445779913233,599.1136672511943,,,769.7579089308238,812.0530814394027,765.4648600761087,517.1237378074693,700.4631308310315,702.2869664727732,618.5899982214506,580.8527174779879,530.5255573276766,565.4987369653717,449.2984956098422,549.5723144019692
v_14.3h,650.6993331495476,,,1121.2831578555522,522.0153905063864,542.1448341613665,542.1448341613665,515.8728991303067,514.2420751273016,,590.4361262205923,565.1635252625317,392.0344848525291,590.3429721038331,920.2605972156642,771.6388131236793,544.2239194475104,536.4359002051503,536.4359002051503,463.5672811927507,590.6850353939258,522.0230563360685,412.8709558598231,575.6460045754791,805.4056893215023,439.6351464845876,628.4857568286432,,,526.5888188579003,514.8735820514913,641.8590416861955,603.0438137375515,561.6460317942099,,452.594294315642,452.594294315642,522.9623692616473,681.5947958614354,611.3255997032858,514.650535364278,514.650535364278,352.7654786035633,606.7033741243223,,706.7165770113791,754.1077735540435,584.5337292976133,481.69232791511945,590.1308895314946,536.5338641324163,738.0527461932554,656.2187460167403,517.2253633829798,614.142992600962,408.07408961600714,483.9496967641102,434.38573741368924,402.4322922286229,326.67078621198215,361.7846625035602,435.7863434336761,499.2390099480081,471.12846848857106,499.50443804426885,723.9600526453108,682.6088561462491,635.0376152577275,,477.638177150943,397.09151295812245,388.0983982871109,621.3927613067564,550.1104526385008,645.5325006529687,563.2950200937083,,480.0967634122706,506.86383970511696,645.6287564313797,730.3213178063871,563.14458287668,600.9556020212027,,,769.5268853195547,815.4655655365123,768.1767804021115,518.210188340635,701.1756862269651,703.7601189176405,619.7546859573578,580.9398846800814,529.4602218663944,565.4987406064022,450.14101441370525,551.0023438286038
v_14.4h,648.9432193851125,,,1122.6336994162207,522.0153905063864,542.1450766507049,542.1450766507049,515.8728993230305,514.2420751273016,,592.0464050335166,566.964499112004,392.01008805074997,591.8010201488258,925.4606089357877,774.0809461900419,542.9595240532449,537.7029352176116,537.7029352176116,464.6671972397245,590.6864134538322,522.3109387855072,413.64334134016286,577.3891632019472,808.2802646554749,439.61007612042044,629.6539662739681,,,526.7957811744465,516.0736849681645,642.9584565344871,604.3714338222643,559.9640168256087,,452.5910350169339,452.5910350169339,524.1121300366109,684.2685968983167,611.3255997032858,516.6910601754087,516.6910601754087,352.8360608745952,606.7058429735149,,708.5412448366595,755.9911050489202,584.4140347665845,481.69232791502384,591.5252363750714,536.5338641324163,738.5844010780113,657.8042974555426,517.2253633829973,613.1163302722092,408.0740896159955,483.9496967641102,434.3857520482472,402.95310839115564,326.6801914300431,361.8732157252652,436.63527553998665,500.3978703562124,471.0176799478855,499.5043440147602,726.5950188962373,682.6088561462491,635.0376152577387,,477.5888698154725,396.94586712285127,388.48364363566395,621.4187037929462,551.4543889420063,646.6956070737723,564.5569720615472,,481.096694085613,506.86383970511696,645.9742606458565,730.9071675511905,563.1445878651406,602.6697982107909,,,772.0700809976419,818.4977771942945,771.4438914347777,519.2980286887437,701.872873226056,705.1797202743905,620.9310624427977,581.1140536465836,530.4875335196402,565.4987443409489,450.14101441370525,552.3968047548412
v_14.5h,650.6616228517438,,,1127.2524975095664,522.7415121749832,542.1450766507049,542.1450766507049,515.8728995241729,514.0156035910525,,593.7104726752802,569.0336101112257,391.98729109424914,593.1942541837955,930.4083446715724,777.0121969584178,544.0364234495657,538.9302281185281,538.9302281185281,465.75493837587845,590.6878341861172,522.5985250114987,414.4036892723653,579.1815938284138,811.0660697896185,440.81461338713456,631.9698362845528,,,527.0001988726066,517.2941777871398,644.0468183810947,605.6642300643767,561.6207545482089,,452.5910350169339,452.5910350169339,525.2288105868012,686.5960171786514,611.3255997032858,518.8041547624588,518.8041547624588,352.83047978845104,606.7058405160308,,710.4220108536251,757.7789340184016,584.2840816644168,481.69232791819974,592.8994488284376,536.3288462965331,739.1182296526005,659.3488148840918,517.2253633829973,613.1163302722092,408.07408961598145,483.54296614083273,434.38576710498427,403.47620779435755,326.68988242666495,361.9615803795017,437.46752282026847,501.5135339000011,470.8997358744353,499.50415749401554,729.0098442486609,683.4613042581378,635.0376152577505,,477.5425828640469,396.79774582019724,388.09840902973895,621.4446500337068,552.7615214456291,647.8995290819014,565.7539344702672,,482.13270209945483,506.86383970511696,646.3140400091881,731.4747963273727,563.1445878651406,602.4852380354815,,,774.4382506656583,821.4941586181885,774.5278913101791,520.3493844354983,702.571538751883,706.555264408025,622.0712912920189,581.1985232138004,531.5011323229683,565.4987481706598,450.97128115220096,553.7589688027854
v_14.6h,652.3063863368266,,,1132.334262361129,523.4734153437529,542.1453299040958,542.1453299040958,515.8728995241729,517.469690210394,,595.2866275099834,570.9321908719114,391.9661774389047,593.2845068852217,936.4708424401306,779.646314893229,545.1022883630877,540.122475395098,540.122475395098,466.79071560682394,590.6892991894241,522.8857917671219,415.1890980428214,579.0614980965969,814.6697015373753,440.81461338713456,633.108899621557,,,527.2020606174151,518.5736144731706,645.1814259855255,605.9141227277873,563.3397198909589,,452.586348432956,452.586348432956,526.3147251340588,688.7797738739893,611.3255997032858,518.8041547624588,518.8041547624588,352.9005080307832,606.7083530067544,,712.5526447078735,759.4788315590506,584.1791571915992,481.69232792149404,594.2334102111429,538.1794424902635,739.6234754441579,660.8468511639929,517.2253633830161,613.1163302722092,408.07408961596724,483.94969676411137,434.3857825941439,403.99715409442996,326.6998633726521,362.0497457024239,438.2864815838949,502.69198185099395,470.78769824781807,499.50424513182566,731.1597046732235,684.3344942704946,635.0376152577628,,477.49929151221755,396.6471332855808,388.09842018826276,621.4705964474663,554.0339196774614,649.0940065014742,566.921923316663,,483.20048406630576,506.86383970511696,646.648080401721,732.0323519498997,563.144592934779,602.4852380354815,,,777.0520181845737,825.2240576210988,777.4345042357138,521.3669042931658,703.2410024767252,708.1564999147873,623.197251217497,581.1985232138004,532.5014579917786,565.4987520995347,451.8195164775757,555.2647383604785
v_14.7h,654.0544256397155,,,1139.113251171604,523.8103808462334,542.1455943109551,542.1455943109551,515.8728997340447,517.469690210394,,596.7950551628339,572.8241676998124,391.94666963722324,594.7070428784934,941.2955942908651,782.0645828028491,546.1572881847201,541.3747220753369,541.3747220753369,467.8910102849513,590.6908101280749,523.1727154944814,415.96753831729484,579.0614980965969,817.8705073324583,440.79359813060637,634.2361026876531,,,527.4013558125075,519.8080635860948,646.3306078553892,607.2164079022162,564.9785230888416,,452.58125887967515,452.58125887967515,527.473414108331,691.3761250740062,611.3255997032858,518.4920770743828,518.4920770743828,352.9702645744172,606.710909137656,,714.4932031733464,761.5856285494931,584.0631498877337,481.6923279214053,595.551163868831,539.957673194155,740.12745728073,662.3134067054682,517.2253633830361,613.1163302722092,408.0740896159518,483.5429661408342,434.38579852615686,404.51598054701395,326.7101384000318,362.13770106387227,439.14679080950503,503.88212076490925,470.6766159620053,499.5040487620979,733.7919800997522,685.2016093069907,635.0376152577762,,477.4593482253399,396.494014661114,388.09842018826276,621.4965394456842,555.2735741453362,650.2770194714932,566.921923316663,,484.2359334585807,506.86383970511696,646.9763703917024,732.5877588674715,563.1445980875774,604.2245185047489,,,779.8302091415904,831.5213397154537,780.9437818748042,521.6135013674777,703.5587824616459,709.7037876764696,624.3017529736305,581.2815345270728,533.4889441079242,565.4987561293717,451.6870664572358,556.7007485619085
v_14.8h,655.8897824083399,,,1145.0390137287243,523.8103808462334,542.1458702803169,542.1458702803169,515.8728999529696,517.2113350046374,,598.3581971993322,574.8390772446583,391.928693049236,596.075417242813,947.0121870239462,785.0363104542929,547.2016057738351,542.6465974780809,542.6465974780809,468.98428481563195,590.6923687326683,523.4592723332747,415.96753831729484,580.8324565954348,820.7586835679871,441.9945324196926,634.2409930000223,,,527.6049657719407,521.0004354654577,647.4670496677464,608.4677474322494,566.5557757738195,,452.577167528374,452.577167528374,528.6622402652145,693.6581759601844,611.3255997032858,520.5667506379792,520.5667506379792,352.9702645744172,606.7135073237506,,716.2742867820258,763.6856620501469,583.9377603786943,481.6923279248347,596.9213288875159,541.8299165423762,740.6133854301627,663.7539421848896,517.2253633830569,613.1163302722092,408.07408961593484,483.5429661408342,434.38581491163956,405.03272260935614,326.72071159891885,362.22543596975066,439.9905406219619,505.0282330614957,470.55834287239514,499.5040487620979,736.0857390678678,686.0636144429375,635.0376152577898,,477.42235279577164,396.3382909312864,387.68866636406125,621.5224754465366,556.4823995183139,651.4386142720986,568.0675429595218,,485.24104644641585,506.86383970511696,647.2989013044256,733.1271477281971,563.1446033065739,606.096021867753,,,782.4229001570586,834.8902051766611,783.9318439983454,522.6232433042258,703.5587824616459,711.1934277422677,625.409793654345,581.3630645351831,534.4640172669124,565.4987602627842,452.5096352921876,558.0679351727789
v_14.9h,657.6438044621309,,,1150.336313926615,524.584088321252,542.1461582210603,542.1461582210603,515.8729001812555,520.7106530837381,,600.0422655220729,574.7300558067933,391.91217576672784,597.5317705343356,947.0121870239462,787.9231494961753,547.0248413971316,543.8975729224628,543.8975729224628,470.0263688619154,590.6939768125349,523.7454381296066,415.727308416331,582.5226011985997,823.7560138959338,441.9945324196926,635.3817728585286,,,527.8102163557485,520.8192094013774,648.5910886351065,609.6869099510022,568.3012822308165,,452.57128318937396,452.57128318937396,529.8135337390748,695.8311644946382,611.3255997032858,522.6257981475236,522.6257981475236,352.96577426261297,606.7135073237506,,718.0669206174815,765.6755223703162,583.9377603786943,481.6923279283123,598.308601825503,541.8299165423762,741.098924430498,665.154287674857,517.2253633830569,613.1163302722092,408.07408961591665,483.5429661408351,434.38583176139383,405.54741788148146,326.73057548449066,362.31294006440066,440.81827303873126,505.0282330614957,470.4324229532608,499.5039343892206,738.1949345990017,686.933114131502,635.0376152578043,,477.38826815797785,396.1836058028714,387.68868129723256,621.5484008576635,557.8144088201515,652.5888596714294,569.3305842200534,,486.24001208176037,506.8638397051169,647.6156672898877,733.6384394654322,563.1446086329718,607.9467943138073,,,784.8462692745868,838.5654585804,787.3027538288653,523.6617682641032,704.2440561425987,712.6260425642123,626.4963837851236,581.4430928242499,535.4270963382022,565.4987645024524,453.3613199236954,558.0365401561506
v_15.0h,659.3278389166796,,,1155.146070036246,525.3374385993174,542.1461582210603,542.1461582210603,515.8729001812555,524.1707247645237,,601.6328112554263,576.6818000434589,392.02196479690684,599.054452966844,952.7205080671552,790.5361717070394,548.0755704028152,545.1100714548364,545.1100714548364,471.11720824713467,590.6956362444718,524.031188445049,416.5103411604878,582.5213077152516,827.3920902084302,441.9802558684537,636.5108398338953,,,528.0129134078021,522.0255549296035,649.7032251684171,610.8822535017986,568.2392571983817,,452.57128318937396,452.57128318937396,530.9298527395722,698.4033335983543,611.3255997032858,524.6472240994933,524.6472240994933,353.03609915039027,606.716151943822,,720.1762626523605,767.5670981832816,583.802241635714,481.6923279283123,598.1381575787989,541.6003170685505,741.5726079874133,666.5257732331297,517.2253633830792,613.1163302722092,408.0740896158969,483.542966140836,434.3858490864138,406.0601060513223,326.74176473262816,362.4002031329644,441.63052819857916,506.13334041759276,470.3175178623611,499.50371062560714,740.7063579024206,686.8613640216103,635.0376152578043,,477.35705604899596,396.02945769058294,387.68868129723256,621.5743120906599,559.1156829526129,653.753122321026,570.5860427447477,,487.3168390722093,506.8638397051169,647.9266653888791,734.1505517080993,563.1446086329718,609.7169700551542,,,787.6747144709049,841.8753869043292,790.7275228356942,524.7685253927518,704.9967048910097,714.028123840732,627.606675852141,581.6109447645621,536.4022412177452,565.4987688511278,454.20917815364703,559.4309341764732
v_15.1h,660.9560172345515,,,1159.5846861996747,525.6837355871977,542.1464585529544,542.1464585529544,515.872900419246,524.1707247645237,,603.1467820309913,578.4811664198475,392.00810507791556,600.505934472703,952.9820040571017,793.1286662320218,548.0755704028152,546.2608318092517,546.2608318092517,471.11342200675773,590.6973489859233,524.3164985659544,417.28145297833925,584.1702848524857,830.6356755464418,443.1765652865219,637.6286872031287,,,528.2130459950085,523.192099967215,650.8050593052394,612.1495900854167,568.2392571983817,,452.56489283404676,452.56489283404676,532.0136132845644,700.6439330612893,611.3255997032858,522.2799136401627,522.2799136401627,353.10615713151554,606.7188394168709,,722.0926711830735,769.3725358919091,583.6557895099606,481.6923279320204,599.5550993191451,543.4465332009604,742.029175211786,667.9887004378559,517.2253633831032,613.1163302722092,408.07408961587544,483.542966140836,434.38586689787985,405.91843031775085,326.75326420221336,362.4872151037479,442.4710120111397,507.317254087565,470.1989363074551,499.5038140722528,742.9056229422762,687.7377503174855,635.0376152578195,,477.3286765492443,395.8711213301687,388.0984565189036,621.6002055592537,560.3843123477336,655.9905111140556,571.795458653712,,488.3619996976151,506.8638397051169,648.2318955974087,734.0686851040325,563.144614048683,611.439099455962,,,790.5161345621092,844.8681386394309,793.674423945277,525.8393868087348,705.8026782338749,715.3868070669175,628.8049430354181,581.6880475562803,537.4050024460229,565.4987733116352,455.04505537502774,560.7564436883904
v_15.2h,660.8875621428947,,,1166.4422283028287,526.433288540075,542.1467717137642,542.1467717137642,515.8729006672795,523.8534615588787,,604.6173307287594,580.5108405926883,391.9955094536629,601.9229815422876,958.213610490945,793.3613182075001,549.1158715687408,547.5442329969227,547.5442329969227,472.23521589821536,590.6991170759502,524.6013435130279,418.04081908440367,584.1702848524857,833.5813622604454,441.96607284356355,638.735787391389,,,528.4106039305941,524.4677594276487,651.8969385403269,613.4862242098465,569.9568228482307,,452.55975791256503,452.55975791256503,533.1718247949374,705.2865494750159,611.3255997032858,524.4200207468132,524.4200207468132,353.1759440160138,606.7215736399229,,723.8407806241744,771.6351526677171,583.5144835396281,481.6923279319343,600.9269671227756,545.189302998212,742.4709649201034,669.5013888974863,517.2253633831281,613.1163302722092,408.0740896158522,483.5429661408369,434.3858852071658,405.91843031775085,326.76507778173595,362.5739660505739,443.3123984139168,507.27989508669094,470.0726596126353,499.5035784329686,744.9432094589758,688.5682827097629,635.0376152578352,,477.30308817522155,395.70851930787074,388.0984565189036,621.6002055592537,561.6221452078775,657.1122106212163,571.7747889219851,,489.3773361554972,506.86383970511685,648.5481502283875,734.5596144303744,563.1446195558823,613.3326069284294,,,793.1721450053365,848.3962753743468,797.4345977100883,526.8769052256139,706.5891247297321,716.718779989969,629.9709495735741,581.7636004182839,538.3954407143141,565.498777886872,455.86922590597567,562.2108779312854
v_15.3h,662.5334752579968,,,1172.8800151710798,526.433288540075,542.1470981428741,542.1470981428741,515.8729009257091,527.3340417054371,,606.3317207277569,582.4369113476207,391.98411599154616,603.2966881734836,963.1447738611676,796.0622763319419,550.1459475831508,548.8110630914152,548.8110630914152,473.3253390455698,590.7009426388826,524.8856980511607,418.803321714319,585.9107922894963,836.6068278069384,443.16932006499684,639.8220784492227,,,528.6055777868492,525.7166976950944,652.9791956783408,614.7914152012692,571.5972674060511,,452.55236995973615,452.55236995973615,533.1692160701961,707.5325680646846,611.3255997032858,526.4184031834695,526.4184031834695,353.1759440160138,606.7215736399229,,725.473811784851,773.8599575348119,583.3822770593179,481.6923279357967,602.2830287503789,547.0828554351293,743.3295229030698,671.0017619081249,517.2253633831544,613.1163302722092,408.07408961582723,483.5429661408378,434.385904025837,406.434542512531,326.77720930191265,362.660446195132,444.1383531247942,508.4588663664946,469.9414416840851,499.5034393350592,747.4994643517372,689.4374174415334,635.037615257852,,477.28024797125414,395.5415744009457,387.2523862508494,621.6260776808502,562.8309538209365,658.2246369184361,572.9944601448288,,490.36413272274353,506.86383970511685,648.8660241985208,735.0438165319747,563.144625140656,612.9096443731968,,,795.6724598831804,852.1127742038377,800.8335567928741,527.8834803144406,706.867707100557,718.1806029646933,631.1115734645604,581.7636004182839,539.3739489904488,565.4987825798131,455.86922590597567,563.6613531843517
v_15.4h,664.1286572236959,,,1178.6230900026694,526.7638815755706,542.1470981428741,542.1470981428741,515.8729009257091,527.3340417054371,,607.9672313702862,582.4369113476207,391.97386512567925,604.6424336714726,969.5228301471659,799.2297833912958,551.1660108451988,550.0409669111704,550.0409669111704,474.36609110723924,590.7009426388826,525.1695366995352,419.5820404995998,585.8210419751339,840.333518803015,444.36099824902175,640.9091619403285,,,528.7979589073851,526.9245318030296,654.0521491140162,616.0754401672199,573.1376576079425,,452.55236995973615,452.55236995973615,534.2888166422094,709.5179943580389,611.3255997032858,528.4720649736165,528.4720649736165,353.1702464340085,606.7243529481174,,727.576145651572,775.9791906489841,583.2595823094845,481.69232793973146,603.6145932434171,545.0431827895591,743.7475189522823,672.4598126747997,517.2253633831544,613.1163302722092,414.5758677484456,483.5429661408388,434.38592336565165,406.9487420153219,326.77720930191265,362.3869339702303,444.9493955126445,509.6419802380318,469.8225720176955,499.5034393350592,749.7695919798122,690.2550295007002,635.0376152578698,,477.260111600128,395.37020971132876,387.68872985405494,621.651924878046,564.091479673107,659.3280530343436,574.1776985243769,,491.40704129713055,506.86383970511673,649.178183690248,735.5138346705221,563.1446308385305,614.8239358010851,,,798.5227362657453,855.4518904943216,803.7855156706314,528.9368846493552,707.6436940682154,719.6646666975334,632.2550616160703,581.8375927162366,540.3409129414817,565.4987873935119,455.7295824780702,565.063311457618
v_15.5h,665.9032305258443,,,1183.8207436961663,527.5718615537984,542.1474382925212,542.1474382925212,515.8729011948927,527.1317103611464,,609.5104673178388,584.2091244834795,391.9646995858019,606.1687705623939,974.6386097472521,802.1219408715077,551.0157067615424,551.2272978147346,551.2272978147346,475.4653406590251,590.7028278881497,525.4528337420088,420.3491464350756,587.5461388036674,843.6964316428246,443.15122257068646,641.9867857257285,,,528.9877394189039,528.0939196653529,655.116103123521,616.3638124368372,574.8158423349525,,452.546443055145,452.546443055145,535.4855792147819,712.0541801133896,611.3255997032858,528.1570312892972,528.1570312892972,353.2394571357921,606.7271762812579,,729.4896420565453,777.9948507678611,583.1067415933132,481.69232793973146,603.6145932434171,546.7828059655056,744.1399165336203,673.8961553783463,517.2253633831823,613.1163302722092,414.5758677484456,483.5429661408388,434.3859432385624,407.46107360481136,326.7896625325031,362.4721867146964,445.75598731946326,510.7832498020461,469.6959687411667,499.50317070999023,749.6145198121111,691.0899490567471,635.0376152578879,,477.2426334324649,395.1999580171955,387.68872985405494,621.6777435801512,565.397474338647,660.4227091378518,575.3534987895232,,492.4653058462225,506.86383970511673,649.4846293807419,735.9814012308536,563.1446366346735,616.6226812543828,,,801.4779861194122,858.4931470839032,804.1262014597856,530.0431641834932,707.6436940682154,721.1074009069116,633.3858073515079,581.1588073321308,540.3042061886248,565.4987923311024,456.55872134680726,566.4186008796839
v_15.6h,665.9032305258443,,,1188.6166646444533,528.3603046727048,542.1477926229694,542.1477926229694,515.8729014751966,530.5620334941176,,610.9833233826355,586.285487961647,391.9565643273754,607.6466360751527,979.9019949057184,804.7458161634235,552.0426171344551,552.3829458855082,552.3829458855082,476.57162829017875,590.7047751303021,525.7355632377886,420.11807741472285,589.299906587245,846.739561132109,444.3610465840803,643.0553444343585,,,529.1749122424222,529.3230275463632,656.1713481641365,617.6351059054637,574.7377029704195,,452.5379021482495,452.5379021482495,536.6464840827924,714.2954258258954,611.3255997032858,530.1838630415766,530.1838630415766,353.3083838830086,606.7300466873041,,731.236759199313,779.9234113264515,582.9415725635447,481.69232794391525,604.8993625129682,548.6799415680816,744.5316349494352,675.290211937225,517.2253633832121,611.9331013106897,414.5758677484234,483.5429661408399,434.38596365671714,407.9715841207867,326.8024411791243,362.55714229952866,446.59773562670483,511.88551759986115,469.56113968248405,499.50329295829323,751.9070438532193,691.895440453826,635.0376152579073,,477.2277666347047,395.06598948394526,387.68874722985976,621.7035302246838,566.6723320985584,661.5088427614838,576.5019364994472,,493.49352432829926,506.86383970511673,649.2778728069537,736.4321783809988,563.1446366346735,616.6226812543828,,,804.2419963433314,861.9365371959911,807.3875767546973,531.1152445311135,708.4068596919452,722.4905880849626,634.4993982428598,581.2382016743035,541.2779921390345,565.4987923311024,457.3763981296868,567.767622946583
v_15.7h,667.6720195708205,,,1188.6166646444533,528.3603046727048,542.1481616102242,542.1481616102242,515.8729017670003,533.9560792546865,,612.5886916631513,588.1976039588462,391.9494064629569,609.0930319817081,986.2461516283271,807.6535772548116,553.0597944776631,554.9095836775289,554.9095836775289,477.6281874231331,590.7067867679019,526.0176990324173,420.8900795451885,589.299906587245,849.5401344857802,445.5480943541551,644.1521474317907,,,529.3594711039473,530.5798773942075,657.2181611796889,618.8766645099633,576.4624358540997,,452.5286258433596,452.5286258433596,537.7739290491459,716.2803069901281,611.3255997032858,530.1838630415766,530.1838630415766,353.37726468279897,606.7300466873041,,732.8439094420746,782.1174763559441,582.7841596578287,481.6923279481931,606.1668666989257,550.4268985533647,744.8432631653479,676.6641754076943,517.2253633832427,611.9331013106897,414.57586774839916,483.54296614084086,434.38598463245927,408.48032242853674,326.81554888007724,362.6417916120923,447.4245588155209,513.0431624481655,469.4304398065089,499.5030100007938,754.5146960182049,691.895440453826,635.0376152579277,,477.2154632555782,394.89221975785716,387.25245105542956,621.7292812588624,567.9177802681223,662.5992482799192,577.6238512327357,,494.49350287579534,506.86383970511673,649.5729134631209,736.8604322290912,563.1446425168538,618.3493800400205,,,806.839648498869,865.7841405964068,811.2570890048222,532.1555058076871,709.1528438939024,723.8311928917572,635.590140014575,582.1404908963832,542.2405229238213,565.4987973959946,458.18289086965694,569.2341338766688
v_15.8h,669.383671704718,,,1193.095609890097,528.6903860712196,542.1485457339899,542.1485457339899,515.8729017670003,530.3644053223974,,614.2611956752023,589.9872192317466,391.2583216826985,610.4906427329357,991.3557196147424,810.8701423631167,553.0597944776631,556.1415359605389,556.1415359605389,478.6918542241305,590.7088653093191,526.2992147690801,420.8900795451885,589.2058929730749,853.4435488706929,444.350196548303,645.2929927060873,,,529.5475297199238,531.7966789526922,658.2568059094123,618.8766645099633,576.4624358540997,,452.5286258433596,452.5286258433596,538.8701809556537,718.6289575340222,611.3255997032858,532.2004035222594,532.2004035222594,353.3727131591814,606.7329617196887,,734.7217728874816,784.5118775770235,582.6349717254968,481.6923279481931,606.1880459406024,552.2363088632574,745.3022160786612,678.001855201459,517.2253633832427,611.9331013106897,414.5758677483737,483.54296614084086,434.38598463245927,408.98733938718766,326.8289892031816,362.7261256983449,448.23695516397544,514.2284898420893,469.3035331263843,499.50284083892154,757.1688683505149,692.71100953926,635.037615257949,,477.20567431096026,394.71387554061965,387.25245105542956,621.7549931410838,569.1354756830905,663.6689626083285,578.8685777204438,,495.46695989963774,506.86383970511673,649.5729134631209,736.8604322290912,563.1446485176418,620.0758288131443,,,809.5172678955744,869.2515430400175,814.5859460475299,533.1660684369381,709.8839025600342,725.1353948351466,636.6899356379254,582.2082976180394,543.1921636316657,565.4988025928601,458.98777441585304,570.6608175421845
v_15.9h,671.0255282175534,,,1195.066560095103,529.4531711278852,542.1485457339899,542.1485457339899,515.8729020706857,533.7741584490012,,615.8577952381105,592.0444625146301,391.2525769561228,611.8410618264362,996.6819243243043,813.8099897675819,554.0674653815173,557.3325466411053,557.3325466411053,479.81833638467,590.7110133651405,526.5800839002776,421.65061920594155,590.9365595705101,860.1915608224107,445.5555649763089,646.4228583730378,,,529.738019994109,532.9759830937957,659.2875331981642,620.0973157947539,578.1107544244733,,452.5211875693701,452.5211875693701,539.9473511427918,720.9070770691001,611.3255997032858,534.2212958877477,534.2212958877477,353.3727131591814,606.7359240788444,,736.6279417559688,788.9487522977454,582.4737209990551,481.69232795265316,607.4628195842448,550.2376118245031,745.8026086463301,679.324085026178,517.2253633832757,611.9331013106897,414.5758677483458,483.54296614084205,434.386006178329,409.4926878219351,326.8427574133957,362.8101357651715,449.03541821584406,515.3732365165083,469.1916157165859,499.50284083892154,757.1688683505149,692.6472852189197,635.0376152579712,,477.1983498670096,394.530878564743,387.252474339067,621.7806623424191,570.3270045543608,664.7308013793092,580.080373277693,,496.52945059873514,506.8638397051167,649.8622479783007,737.3043267399399,563.1446546240056,621.9468021151174,,,812.6031331126436,872.4059713274004,817.9433359124437,534.2012714013997,710.1990569146219,726.418023885484,637.7697738213684,582.2745209778709,544.1332710003289,565.4988079248474,459.82128358002797,572.0349733885726
v_16.0h,672.6187221210845,,,1199.672552178576,530.2509536213021,542.1489454842776,542.1489454842776,515.8729023866497,537.1789664832158,,617.3756086246692,593.9383477234884,391.2525769561228,613.1790839215222,996.9016766107603,816.5094593046282,553.925634115136,558.4866365514016,558.4866365514016,480.89533562879353,590.7132336586509,526.567920241825,422.399890728028,592.583605820718,863.1340023083704,446.73529687025024,647.5421524514142,,,529.9259045206068,534.1271337305591,660.3105813061244,621.2781309239612,579.6799790264323,,452.5104630432302,452.5104630432302,541.1535425243815,722.9156311092568,611.3255997032858,533.943891028617,533.943891028617,353.44194259081615,606.7359240788444,,738.3773948932267,791.0284683254653,582.2994530152449,481.69232795738577,608.7538956483636,551.9939380540688,746.3259627288498,680.823702703026,517.2253633833104,611.9331013106897,414.57586774831606,483.1546609969609,434.38602830606055,409.9964225001296,326.85670546184116,362.89381318271785,449.84135072031944,516.4801261991696,469.0491212566977,499.5026627639765,759.5174910903535,693.4582289391662,635.037615257995,,477.19343912150754,394.530878564743,387.252474339067,621.8062853481949,571.5883111961708,665.821346883292,581.2801229841666,,497.5758691977427,506.8638397051167,650.1458908047723,737.7431336409434,563.1446608385215,621.5079788996121,,,815.5201412758358,875.4888909856176,821.9088743736075,535.3151352829576,710.9401115125521,727.666978243868,638.8425565806454,581.5556582813151,545.0641930900998,565.4988133951713,459.6711462019107,573.373591501319
v_16.1h,672.5262018515225,,,1206.1350332649706,529.7906695498291,542.1493613655518,542.1493613655518,517.2970254500665,533.493294335694,,618.8270254090377,595.7028847857262,391.2477208626259,613.3459778564938,1003.0309388369699,819.4374828247512,554.940564848916,559.6980003089795,559.6980003089795,481.92667475018845,590.7155290295183,526.8487814646703,423.1585245107356,594.2204482403461,866.5892073797955,445.5494537314829,648.6512653350367,,,530.1111766453523,535.3999195320388,661.353665802602,622.6124977799656,579.7271216432803,,452.4989089780534,452.4989089780534,542.3250974478494,725.0081049413923,611.3255997032858,535.8885620462327,535.8885620462327,353.5108886475705,606.7389315930537,,739.9903819525932,793.0210344566073,582.2994530152449,481.69232795738577,610.1431229837663,553.8005674752305,746.8510126492887,680.8668470004933,517.2253633833474,611.9331013106897,414.5758677482842,483.54296614084325,434.38605103063605,409.87680799513555,326.8699068214106,362.97714948672547,450.6716250679431,517.5912540251264,468.9178156673033,499.5026627639765,762.4153667536106,694.2621437009822,635.0376152580193,,477.19089048332467,394.3431513915006,387.68880394031635,621.8318586598434,572.8790418262193,666.9225468779664,582.4488668354745,,498.59407654790556,506.8638397051167,650.4376387359348,738.1824490118422,563.1446608385215,623.4197321170396,,,818.2598710787142,879.552115555112,825.3250712638974,535.4868273787126,711.6589230956289,729.0436526616589,639.9039763461265,581.6285490681481,545.9852690180032,565.4988190071158,459.6711462019107,574.7449445119843
v_16.2h,674.145149178952,,,1213.032472628805,530.5534676100473,542.149793886785,542.149793886785,517.2970254500665,536.8948391595069,,618.9931654672561,597.7708764653468,391.24370627440976,614.6681997152333,1003.0309388369699,822.7598362549629,555.9462873108321,560.970773108777,560.970773108777,483.0606347525504,590.7179024391746,527.1288907916974,423.92834252505406,592.5525914989165,870.387984982397,446.7453114216368,649.7505702214045,,,530.2938305270644,536.6332787485269,662.4258594309565,623.9254031974274,581.2654215763516,,452.48647148687866,452.48647148687866,543.4642920769616,727.3312905925361,611.3255997032858,535.8885620462327,535.8885620462327,353.5795472113354,606.741986648774,,741.5896527785939,795.4332101542971,582.136902729448,481.69232796224054,611.4842732079223,555.6121217306974,747.3826438139472,682.1848253266861,517.2253633833474,611.9331013106897,414.57586774825063,483.5429661408444,434.3860743641441,410.38456049180866,326.88422660025884,363.0601363808577,451.4878825552024,518.7861954846115,468.64075868986504,499.5023227354563,765.1396593914263,695.084338853242,635.0376152580452,,477.1906516499523,394.1575393837298,386.7878415182151,621.85737800074,574.1412785671257,667.981129007776,583.5955575504977,,499.58574796661094,506.8638397051167,650.7341479355481,738.5954115412159,563.144667151337,625.2063411427363,,,820.8537993814549,883.2212685408441,828.6361326154909,536.5963809846947,711.6589230956289,730.4307004649676,641.0314166650312,581.6997757399669,546.9382467839043,565.498824764034,460.47135604107814,576.2098936839294
v_16.3h,675.7175127440205,,,1219.2063946831765,531.3831041062348,542.1502435680898,542.1502435680898,517.2174533184259,540.2875585371412,,620.4485820409107,599.6802878756995,391.36295006166074,616.1148110464933,1009.1061278155684,825.8002215603934,556.9430402126015,562.2021802153532,562.2021802153532,483.0606347525504,590.7203569764763,527.4082213353877,423.6916724146115,594.2117819425688,873.8387361426145,446.7415168193039,650.8404235476211,,,530.4738611468787,537.82967426739,663.4888658529899,625.2242776150867,582.8181396320496,,452.48978293376587,452.48978293376587,544.5732805101156,729.3878887279008,611.3255997032858,537.9481845201079,537.9481845201079,353.5733232513951,606.7450882317918,,743.5100992395028,797.9206524150875,581.9690322591524,481.69232796224054,612.8076750060859,555.3793298755064,747.9240614259136,683.6073711044284,517.2253633833861,611.9331013106897,414.5758677482134,483.15466099696465,434.3860983199174,410.890825429258,326.8987302733372,363.1427657390328,452.29059559567787,519.9415908900149,468.49699177924225,499.5021169994003,767.5901968178841,695.8750954100431,635.0376152580724,,477.19266968304174,393.9714662599982,387.6888243167251,621.8828344290495,575.3765817061361,669.0639483796227,584.7129767780833,,500.5524767625007,506.8638397051167,651.0250274000045,739.0082626471797,563.1446735908828,626.934695148597,,,820.8943143490139,886.559762774187,832.7524752693735,537.6733834528426,712.3781126059756,731.7754617877679,642.1704810966106,581.7693397893947,547.8977140357696,565.4988306693479,461.2992379978947,577.6139400134747
v_16.4h,677.3238568971459,,,1224.8281036051692,532.1769482006911,542.1502435668231,542.1502435668231,518.801391292474,540.01303883137,,622.0573616846796,601.4549531979875,391.36047462557667,617.5915839979367,1014.0633283388472,828.5997176399029,557.9310679257131,563.3960356221164,563.3960356221164,483.02672782711824,590.7228958636471,527.6867460835282,424.4587673540844,595.8175264709109,876.9963883249657,446.7415168193039,651.9190847679863,,,530.6512657800245,538.991453945466,664.5429219358867,626.4863983312782,584.5119856827085,,452.47667228877185,452.47667228877185,545.6540983484695,731.2263327088098,611.3255997032858,537.5789115419827,537.5789115419827,353.5733232513951,606.7450873131115,,745.2731842282011,800.2732389881265,581.800525494745,481.692327967292,614.0991787834766,557.1813184511985,748.4731196922625,685.0556331614777,517.225363383427,611.9331013106897,414.5758677481747,483.15466099696647,434.3861229114872,411.39566354094524,326.9134191873581,363.22502960774926,452.12042650363054,519.908650532869,468.36248620178696,499.5021169994003,770.6801349363046,696.6597049038457,635.0376152581013,,477.19689108191244,393.7805694815353,387.25255015679454,621.9082252797215,576.5864466657004,670.1378010432686,584.7926874115273,,501.60941035199306,506.8638397051167,651.3102468536797,738.9900545934748,563.1446801466622,628.59001848359,,,823.5664851696243,889.6365865479403,836.2983567490998,538.7200810134325,712.715308009211,731.5972619977955,643.307985865178,581.8372445941778,547.8977140357696,565.498836726553,462.11608847921184,578.9841917883159
v_16.5h,679.0784890730866,,,1230.01759940459,531.6998205549862,542.1507109377029,542.1507109377029,520.2855765012362,540.01303883137,,623.7390881931937,603.4849714092296,391.3587132329245,619.0452943731328,1019.8980764882926,831.3432118395064,557.9310679257131,564.5741686914401,564.5741686914401,484.18371983142254,590.7255224625212,527.9644379157917,425.22262181088166,597.5733992878705,879.9154913148617,447.92799771197593,652.9910287116238,,,530.8260511820996,540.161789824381,665.5882526308006,626.7503548302014,584.5119856827085,,452.46257772387213,452.46257772387213,546.7875206412951,733.5551223416322,611.3255997032858,539.6473728026857,539.6473728026857,353.64137484830263,606.7482356923457,,746.9377632509726,802.5298519374811,581.6184005957324,481.69232797263044,615.3679350875143,557.1813184511985,749.0146528582064,686.4907669861944,517.2253633834708,611.9331013106897,414.57586774813353,483.15466099696647,434.38614815258455,411.8991375939764,326.9282946776736,363.3069202084148,452.9311177156934,521.0688719647345,468.219181817838,499.50190034838374,773.5233068024812,697.4606389251855,635.0376152581312,,477.0473901621497,393.58477047009313,386.7879076191066,621.9335479054521,577.7723043637884,671.2028536451078,585.9315040196477,,502.6512452528675,506.8638397051167,651.5894969660751,739.3874301615039,563.1446868215254,630.4886978300801,,,826.1650771489697,893.2790134175708,839.4191430754121,539.738587806393,713.4353603143171,732.9720466881332,644.4438841805488,581.903495349017,548.8468626784912,565.4988429392175,462.92217356197034,580.2973243893814
v_16.6h,680.7807761643464,,,1234.8749911000161,532.495786318247,542.1511965364397,542.1511965364397,518.6964725464071,543.3933174416252,,625.3331592202645,603.2505311244468,391.357625803311,620.4551904781744,1026.3290542837678,834.8307668088432,557.8131219516451,565.7200034832991,565.7200034832991,485.2784550982272,590.7282402803546,528.241165164128,425.97547214660005,595.8128865076313,883.7636585098148,447.9265408500969,654.0544943043154,,,530.9982148188632,541.4196225592196,666.6250711957505,628.0127741194922,586.1108180970083,,452.44743557948794,452.44743557948794,547.9787142077213,735.6599843717231,611.3255997032858,541.5658007031794,541.5658007031794,353.709126333503,606.7514308741271,,748.5029407155527,804.6978974976802,581.4215845823677,481.69232797263044,616.6276784799422,558.8459520951463,749.5664786051028,687.8912491000908,517.2253633835165,611.9331013106897,414.57586774808976,483.15466099696863,434.38617405714047,412.4013123818503,326.9433580678199,363.3069202084148,453.728567251631,522.1922117533815,468.0665178437266,499.50190034838374,776.0924066137075,698.2338308228256,635.0376152581628,,477.05609622840944,393.3839919482119,387.2525773577222,621.958799676966,578.970518485263,672.2592618498019,587.040986703844,,503.6662708813594,506.8638397051167,651.8627930745109,739.7696734090097,563.144693618395,630.4886978300801,,,829.3836549718077,897.2498023348962,843.732679755777,539.738587806393,714.1793822313817,734.304945140167,645.5636789656377,581.9935713272182,549.7860119277804,565.498849310982,463.7177603557134,581.6504961958744
v_16.7h,682.4233581244463,,,1239.641016837003,533.2754381296758,542.1517009103732,542.1517009103732,520.2520586689302,546.7928314032126,,626.8556554694377,605.3056808855963,391.35717391610075,621.8263036594885,1031.5743277199056,838.0251167474996,558.8089522888672,566.9548821673733,566.9548821673733,486.32788950956456,590.7282402803546,528.5161705068442,425.97547214660005,597.4387868270413,887.5422881475056,447.9265408500969,655.1097753847102,,,531.1677550175282,542.6406233322999,667.6535794180328,629.2632816744105,586.0825411428053,,452.45157195961144,452.45157195961144,549.1381599964803,737.5399191540992,611.3255997032858,541.5658007031794,541.5658007031794,353.7040800822437,606.7546729795425,,750.5904434144807,806.7839737434097,581.2209391519177,481.6923279781117,615.3468522847805,560.7104184615968,750.1118650790008,689.2531541071913,517.2253633835165,611.9331013106897,414.57586774808976,483.1546609969707,434.556770639095,412.9022547203689,326.9589291335955,363.016242444603,454.5132334219096,523.2811311440123,467.92934282410107,499.5016721827663,779.270999743337,699.023089811154,635.0376152581958,,477.06690960773346,393.18272484062993,386.7879424695537,621.9839779839338,580.2588641563356,673.3071704853146,587.040986703844,,504.6560518656059,506.8638397051167,652.130153449319,740.1379916102222,563.1446936076889,630.1004065686043,,,832.4051921834312,900.8575552611499,847.4766950194294,540.7200435253382,715.0193464077289,735.6086064938546,646.6684102012172,582.0582850912714,549.7190218880826,565.498855845565,463.57453311548824,583.1195733666424
v_16.8h,682.4233581244463,,,1247.2841080423593,534.1071428536465,542.1522246146244,542.1522246146244,521.7582093867306,546.58285988271,,628.3167722423942,607.2355509054123,391.3573207563906,621.8263036594885,1036.658606392951,840.9664580114107,559.796382912998,568.2100873696701,568.2100873696701,487.41989017474486,590.7310529794282,528.7894292252954,426.7175219677174,599.2060293038786,890.9983749025319,449.10380559622047,656.1571512309927,,,531.340669385692,543.8270760318104,668.6739678345523,630.4854451507027,587.7004736584051,,452.43564391055384,452.43564391055384,550.2679263854109,739.5293974416808,611.3255997032858,541.3388648693672,541.3388648693672,353.7724359171942,606.7546722679541,,752.5458920100324,809.114150577366,581.0430146460621,481.692327983898,616.642254205521,560.4163513951825,750.6624933680139,690.5986312712481,517.2253633835649,611.9331013106897,414.5758677480428,483.1546609969707,434.83615538634245,412.9022547203689,326.97574331762155,363.0967056263748,455.3048472296568,524.4191027830997,467.78564264701885,499.5012411629056,782.2668333784862,698.8757493509303,635.0376152582306,,477.07977714217736,392.983579920228,387.2526056057479,622.0090802358775,581.5206782985605,674.3467136833286,588.1748089121805,,505.6220763424704,506.8638397051167,652.391599306013,740.517463246352,563.1447005301812,631.9295269460598,,,835.2680829072094,904.1687538538204,850.7456327026649,541.8413737506229,715.8354236716116,736.87590075624,647.7639571659008,582.1213580120798,550.6653906365856,565.4988625467611,464.3757640017894,584.5199572950369
v_16.9h,682.1402859572415,,,1254.125121346867,533.592462026419,542.1522246146244,542.1522246146244,523.2225457048751,546.58285988271,,629.9026695453869,609.0161591281745,391.358031062401,623.1542943493774,1037.3817950652297,843.7061111980237,560.7756685751692,569.4396190976063,569.4396190976063,488.54608470072435,590.7339643793595,529.0609164488791,427.45843643125795,600.87031674427,894.1803563613599,449.104693510656,657.1968869912303,,,531.5161181200601,544.9811563899417,670.691092441642,631.6875174692843,589.2171051706874,,452.4185546640195,452.4185546640195,551.369971120935,741.7243315947889,611.3255997032858,543.21929723773,543.21929723773,353.8404962228568,606.7579614906758,,754.3601933105772,811.7227415365862,580.8507010359797,481.69232798382365,617.8899337002498,562.2550883505909,751.2156244378939,691.9221458016219,517.2253633836159,611.9331013106897,414.57586774799324,483.154660996973,435.11455773763845,413.4020334465409,326.9927629978908,363.17677609150235,456.12271353048857,525.5995134233985,467.6325322443173,499.5012411629056,784.9800253268251,699.6607586782543,635.0376152582675,,477.0946452909517,392.77935391842976,386.78797863390633,622.0341038630719,582.7573815280833,675.3780150132676,589.4024012634953,,506.64474809653774,506.8638397051166,652.6471548124038,740.8687056635113,563.1447075807137,633.7491289285135,,,837.9784331188362,907.2485725343103,851.0871102754631,542.9372016358145,715.8354236716116,738.1011693429681,648.8568299864103,582.1828003227839,551.6018270711897,565.4988625467611,465.1666944305859,585.891799554058
v_17.0h,683.8100474343161,,,1260.345483530948,534.3905244073261,542.1527682156336,542.1527682156336,521.7095638821867,549.9710599790458,,631.5838721260305,610.9756901886409,391.3592710743043,624.4742218748994,1043.1948434690128,846.9538027040593,561.7470682841897,570.623826004537,570.623826004537,489.6260058903188,590.7369813822601,529.3306071713869,427.2602207258455,600.7916175082754,897.1465232687964,449.104693510656,658.2292341071112,,,531.688946442858,546.133587479742,671.6881553789754,632.8712981332828,590.7651154450508,,452.4002319872331,452.4002319872331,552.4461449243829,743.6450322946534,611.3255997032858,545.2785907552494,545.2785907552494,353.8404962228568,606.7612978158666,,756.0632141680138,814.2000199333194,580.6693163948736,481.6923279898566,619.1392490592873,562.2550883505909,751.7704307835467,693.2279008267137,517.2253633836698,611.9331013106897,414.57586774794015,483.1546609969752,435.39198175627945,413.9007194203188,327.0099894860509,363.25644682524546,456.9276224863059,525.5995134233985,467.4854719421251,499.5009775389794,784.8907817930474,699.6607586782543,635.037615258306,,477.11146019396085,392.60476807642624,386.2934442173346,622.0590463174381,582.3564340950543,676.4011876081834,590.5951691227885,,507.68877759098456,506.86383970511656,652.4665558615673,741.2057090792886,563.1447147624418,635.4686221495637,,,840.5716280041588,911.1256586948346,851.0871102754631,544.0031601799539,716.1137892398594,739.2947746567758,649.9317782202857,582.2426238063397,552.5286291943638,565.4988694184415,465.1666944305859,587.2155318385088
v_17.1h,685.4331111737021,,,1266.0709059274102,535.2435109535818,542.1533322851009,542.1533322851009,523.1578471195068,549.6554993339149,,633.1813576138056,612.952455341509,391.3610084844541,625.9765042631327,1049.88528255627,850.3701590906561,560.6641911782059,571.7788983784856,571.7788983784856,490.66318650800906,590.7401294628781,529.5984762676215,427.99677827036584,600.7916175082754,901.0598729726804,450.2729268181927,659.254430730012,,,531.859152328496,547.3873058198704,672.6777524077266,634.2104289497356,592.4297828659954,,452.38613835236805,452.38613835236805,553.5872520808189,745.3725698112726,611.3255997032858,547.1797846774645,547.1797846774645,353.9082569402383,606.761297185622,,758.2107879516025,816.5766822808127,580.4468341642199,481.69232799614207,620.3970433461369,564.0353691967359,752.3188681179687,694.4937083846801,517.2253633836698,611.9331013106897,424.30318627720146,483.1546609969752,435.66843212038486,413.80791698180064,327.0274240779851,363.3357109984171,457.7200122502441,526.7432394301497,467.3413728953094,499.5009775389794,787.6387455212487,700.4355561587236,635.0376152583466,,477.130167733336,392.39061626190613,386.7880161535523,622.0839050734237,583.6249486231721,677.416334280746,591.7746667342128,,508.7070068440491,506.8638397051165,652.7342042682162,741.5467165617484,563.1447220694032,637.1158462770579,,,843.7514733734754,915.1202859331722,854.3331632638859,545.0412884211281,716.9299404001424,740.4554136163638,651.005837979515,582.3917506842212,553.4460867642272,565.4988764645597,465.94758722686305,588.5001723520272
v_17.2h,687.0137877510637,,,1271.415077961427,535.5449791620158,542.1539174029782,542.1539174029782,524.6957401157744,549.6554993339149,,634.7215945833814,614.7693527668208,391.36321238902804,627.4284353979035,1055.3619596479427,853.5104091513683,561.6518419142159,572.9163564911112,572.9163564911112,491.79647531956095,590.7434130024012,529.8644985102787,428.74250581698425,602.4682526012332,904.9321493968149,450.27615309243515,660.2727021285334,,,532.0267346211986,548.6061636608366,673.6600209462729,634.2104289497356,594.0286732754718,,452.38613835236805,452.38613835236805,554.7759229630656,747.6506556152805,611.3255997032858,544.9214006007659,544.9214006007659,353.9018156884599,606.7646807633209,,760.346685944578,818.8629900019968,580.4468341642199,481.69232799607227,621.7367022317392,563.8221918807528,752.8679308664011,695.7509704303106,517.2253633837271,611.9331013106897,424.30318627715457,483.1546609969778,435.94391415266364,414.3113939691954,327.04506805332835,363.41456196971933,458.50031418166606,527.852678130611,467.18781250666353,499.5006998067808,790.7306779358521,701.1816579954861,635.0376152583891,,477.1507212413698,392.1731017327505,386.2934921010196,622.1086776288811,584.8685724255863,678.4216753573264,592.9154470168564,,509.70090787187576,506.8638397051165,652.9959494921085,741.8778392233191,563.1447220694032,638.8582783860766,,,846.8588638792799,918.7771666985119,858.4593854177563,546.0535058720723,717.7411641891442,741.591144061856,652.0725324424438,582.4484781006241,554.354481162668,565.498883689147,466.71870416097676,589.9414695237857
v_17.3h,688.538178274781,,,1272.7494956311157,535.5449791620158,542.1539174029782,542.1539174029782,524.6320037305691,552.9955790262563,,636.1986511690926,616.5733163662071,391.3658532410491,628.8433973524077,1060.0093770155204,856.4364931544334,562.6317017463886,574.1323487274433,574.1323487274433,492.91233520182914,590.7468364589154,530.128648587078,429.50099779781385,604.1052570262416,908.4848187925542,450.27615309243515,661.2842610867684,,,532.1916930411807,550.9477317342141,674.6350883637558,635.4976943708984,592.3111471205386,,452.3655451543045,452.3655451543045,555.9350029851865,749.7836754998806,611.3255997032858,546.9456331764785,546.9456331764785,353.9690394376095,606.768118491936,,762.3339842786893,821.078388427618,580.2470278791334,481.69232800263194,623.0647225218855,565.5572262437522,753.4198094974427,697.0513103888716,517.2253633837868,611.9331013106897,424.3031862771038,483.1546609969804,436.21843385189607,414.813948287677,327.0619800507908,363.49299328808553,459.26895216282634,528.9301011076573,467.03207011713613,499.50018086010573,793.9901607682224,701.9233909326242,635.0376152584339,,477.17311913250927,391.9605010578979,386.7880956443037,622.1333615059228,586.0886403360311,679.4210449756414,594.0405716514939,,510.67188138378447,506.86383970511645,653.251814971346,742.1937610443756,563.1447295238473,640.6860069460286,,,849.8163028583864,918.6276618146607,862.4413862406766,547.0683720830779,718.5223409293147,742.8653801213837,654.1822954068347,582.4484781006241,555.2540852991121,565.4988910963194,467.50822069535855,591.3656677901693
v_17.4h,690.0212488780758,,,1278.362852776755,536.3722032322871,542.1545241592129,542.1545241592129,524.6320037305691,552.828179481483,,637.6576332291892,618.6128885637721,391.36890280477917,630.234236392057,1067.3161496292294,859.1656501524533,563.6040363774621,575.3744624268326,575.3744624268326,493.98418641468515,590.7504043646469,530.3909011181589,430.24891756195586,604.1088630123222,911.7727427014515,450.26443486238986,662.3427175724445,,,532.3540281900289,552.0744079677881,675.60307214858,635.6630707095015,593.9886660061638,,452.3498603762264,452.3498603762264,557.0663954204462,749.7792883422143,611.3255997032858,548.8176726894811,548.8176726894811,354.0360380992743,606.7738590789577,,764.1986735175866,823.211616291521,580.0457056768918,481.6923280025591,624.3404366808676,567.2435412758066,753.9640629988804,698.4461751985607,517.2253633838505,611.9331013106897,424.30318627704946,483.1546609969832,436.49199792638035,415.3156583038562,327.0800548235836,363.57099869502423,459.26895216282634,530.0844170211918,466.887562618637,499.50040718441556,796.9175831265264,702.6768585056559,635.0376152584811,,477.19730537040414,391.7425628859707,386.7880956443037,622.1579542517854,587.2864306581004,680.42808422858,595.1502087643555,,512.6792017254054,506.86383970511645,653.5018271121708,742.5092315994746,563.1447371194273,640.2374545418362,,,852.626657773819,922.3928387260593,865.9292492268359,548.1908587803143,719.3060763251083,744.119648952753,655.225572904946,582.5036282566931,556.1451635464241,565.4988986902749,467.37855765274855,592.7544602981354
v_17.5h,691.7101738864868,,,1283.6353077598262,537.1703933676001,542.1551531487115,542.1551531487115,526.2329039339775,556.1614354659481,,639.3614355795366,620.5023953452483,391.37233411146246,631.5923068082258,1067.3161496292294,862.667472335651,564.5691154349215,576.5941805198297,576.5941805198297,495.016994571831,590.7541213252787,530.6512306737098,430.98647069775365,605.6988621164729,914.8484073462653,451.44110658774264,663.4086569876629,,,532.5137415552681,553.2989178638645,676.5640800647449,636.9823632314756,595.60155647691,,452.3267808665731,452.3267808665731,558.1719032993198,751.9018281939848,611.3255997032858,550.8737799909615,550.8737799909615,354.0360380992743,606.7738590789577,,768.6099575757456,825.6829887074899,579.8281213408375,481.69232800940836,624.1959624723238,567.2435412758066,754.5070811342913,699.8153931030224,517.2253633838505,611.9331013106897,424.3031862769914,483.1546609969832,436.7646138296912,415.8166045828057,327.0800548235836,363.6485721269696,460.07082910884554,531.2557289605003,466.73354177692073,499.4998600026067,799.6881526334172,703.4022121866958,635.0376152585303,,477.22322390338496,391.5192122896642,386.29359341812983,622.1824534396613,588.463165977843,681.4120146754526,595.197117037912,,513.7067983074097,506.8638397051164,653.7460152868892,742.8160365264957,563.1447448596441,640.2374545418362,,,855.3189131789811,925.8583779500746,869.4333444758894,548.346115004964,720.0721762266239,745.3395481716436,656.2652589680421,582.5572184836321,557.027971705692,565.4989064752974,468.1456829674817,594.1000525612487
v_17.6h,693.3654838540388,,,1288.6471014584924,537.4802100732621,542.1558049736532,542.1558049736532,527.6589659096417,556.1614354659481,,640.988408082348,622.2725302257671,391.4977344656905,632.9190528976937,1073.497942907116,866.087240661812,565.5506043231131,577.7949417970639,577.7949417970639,496.17494902161366,590.7579920143453,530.9096117918601,430.98647069775365,605.6988621164729,918.4267299996538,451.44110658774264,664.4660634626083,,,532.8253133362579,554.5253523955258,677.5182102948241,638.2695921538942,597.1124028285226,,452.3267808665731,452.3267808665731,559.2532328459157,753.8235207880017,611.3255997032858,552.7764880609808,552.7764880609808,354.0305240031925,606.7796770818494,,770.795112250253,825.9104502658349,579.5930025574266,481.692328016556,625.5105256688217,569.0588909068501,755.0528174662752,701.1532083762652,517.2253633839177,611.9331013106897,424.3031862769286,483.15466099698597,437.0362897992598,416.3168698995899,327.0983426632678,363.7257077176383,460.8732429278765,531.1826654915492,466.57027239203103,499.499267062144,803.2059905713376,703.2398748678512,635.0376152585826,,477.2508187178283,391.2903769498101,386.78813745113507,622.2068566695357,589.6200142066797,682.3882886460405,596.3175807301002,,514.7106357304272,506.8638397051162,653.9844118264351,743.114118038381,563.1447527401631,642.1122184311163,,,858.0662790874893,929.0860462145837,873.8094029579081,549.4687974300488,720.4098654458102,746.6176291862181,657.3434137328112,582.6092673386859,557.9027569968067,565.1248478201616,468.9191838177595,595.4127587541897
v_17.7h,694.9780164528445,,,1293.458686304428,537.4802100732621,542.1564802447984,542.1564802447984,527.6636713037685,555.8892275469394,,642.548944810776,624.2093239663657,391.50187056369856,633.0479321722582,1078.6642045396018,869.2724242130329,565.4539749305806,578.9663309963294,578.9663309963294,496.1418746376485,590.7620211721566,531.1660189967928,430.77530768411395,607.2583876566018,922.5163613852419,451.43146703053753,665.5151620923033,,,532.9842956519416,555.7203477314467,678.465551568391,639.5357993308809,598.5649376494165,,452.302119159357,452.302119159357,560.3466295922669,756.2405638332461,611.3255997032858,550.5208920505187,550.5208920505187,354.0983195120911,606.7855715135497,,772.8438520502616,828.0343000172472,579.3679986504211,481.6923280164874,626.7849222397535,568.7493036121913,755.5906946717265,702.4656028277216,517.2253633839885,611.9331013106897,424.30318627686194,483.154660996989,437.30703489856177,416.81653925283445,327.1168447797579,363.8023998003957,461.66375038508096,532.36298096805,466.42534067702144,499.49952185395637,806.3908660598269,703.9662683216717,635.0376152586376,,477.28003388945257,391.0618000060209,386.29364667737707,622.2311615689072,590.8444938600275,683.3569485526941,597.4316597798634,,515.6920428434324,506.86383970511616,654.2170520074823,743.3954271610024,563.1447607809811,643.8883130076656,,,861.3363414883993,932.3230709015828,877.6294177513728,550.5619855291542,720.4098654458102,747.8836991463011,658.4517941327334,582.7514737007216,558.8057954428281,565.124860279967,469.7144756593479,596.6833816424964
v_17.8h,694.6494185412546,,,1301.3386400643813,538.267238131001,542.1564802447984,542.1564802447984,527.6636713037685,559.1973842056188,,644.058051572251,626.1673638939575,391.5063160297396,634.3885353756286,1079.6630182145993,872.2346704332654,565.4539749305806,578.8934026084864,578.8934026084864,497.29771604916164,590.7662136020471,531.4204268170978,431.5182685239507,607.3131117251855,926.2737238439596,452.5997479220383,666.5561656279931,,,533.1446026622566,556.8858205125537,679.4061832746296,640.7885110731645,598.6444714023171,,452.28358850667246,452.28358850667246,561.5444748852688,758.6008684192442,611.3255997032858,552.5400648104431,552.5400648104431,354.1658944551339,606.7915416649396,,774.7748740569403,830.7388607195713,579.1551582306877,481.6923280239578,628.0542226957562,570.5814216620385,756.1286829982203,703.7534853527242,517.2253633840631,611.9331013106897,424.30318627679003,483.154660996989,437.27862502749053,417.31985396822284,327.13556236431685,363.8786429106265,462.4427569986869,533.5085842766595,466.2708423431204,499.49889649395897,809.2863298525143,704.7094196761298,635.0376152586952,,477.3108136325546,390.8344056397262,386.2937018129811,622.2633906256139,592.1033775420591,684.318026860904,598.5236201573349,,516.6522834943696,506.8638397051161,654.4439740340507,743.3676520453193,563.1447607809811,645.5908446430636,,,864.4520226401256,936.631021563804,881.0135530010238,551.6276350188524,721.1788939582831,749.1408554629118,659.5631813139169,582.8005903094463,558.8078842620957,565.1248730474842,469.7144756593479,598.1340969802471
v_17.9h,696.3006376419414,,,1308.617356498521,539.1391212639192,542.1571795772625,542.1571795772625,529.1542493652499,559.1973842056188,,645.4999316422854,628.0110702684631,391.5110484589429,635.7053467735551,1084.7266672675028,875.0186945804962,566.4213646881668,580.0669697036907,580.0669697036907,498.4085389371918,590.7662136020471,531.6728098043451,432.2510204788723,608.8760322270871,929.7496448152153,452.5997479220383,667.5892748074305,,,533.3022903424113,558.0235950985152,680.3401755577852,642.0008454722497,600.1248467566219,,452.2560659915631,452.2560659915631,562.7142597485922,760.7289327214268,611.3255997032858,554.3855733104801,554.3855733104801,354.23324431071643,606.7915416649396,,777.213284457993,833.3759146316714,578.952292233706,481.6923280316973,628.0542226957562,572.3183849926122,756.6633481442922,705.0321431010458,517.2253633841422,610.6012347915688,424.3031862767134,483.1546609969922,437.54811441422754,417.827527967474,327.15449658907096,363.95443178812343,463.2106608916428,534.6217017136521,466.10616360513086,499.49916544897167,812.4356028043137,705.4225306595218,635.0376152587559,,477.34310234723046,390.60141242756896,386.2937018129811,622.3002886684264,593.3397089929838,685.2356654134476,599.6372008327568,,517.6054475673068,506.8638397051161,654.6846908995011,743.659552713883,563.1447689774832,647.2278479465684,,,867.4174398487131,940.5762929567757,885.0230155767839,552.6675906263092,721.9164620884654,750.3830840689925,659.5108348056476,582.8482255465652,559.6807112028682,565.1248861295899,470.4999716004139,599.5496354229329
v_18.0h,696.3006376419414,,,1315.2912419827367,539.4108998737299,542.1579035922789,542.1579035922789,529.1243421574671,559.0019876213562,,647.0255104218693,629.7399451364037,391.51604651518636,636.9879736971777,1090.7771152277812,878.4799826415198,567.3821817680135,581.230038200186,581.230038200186,499.47770116020445,590.770574166879,531.9231425518831,432.9737777447702,608.8760322270871,933.001916578324,452.5921554746533,668.6146786798935,,,533.4573616298995,559.1400800488256,681.2675893940353,643.1977399360868,600.1248467566219,,452.2560659915631,452.2560659915631,563.8577597414138,762.9789945053566,611.3255997032858,556.396840389627,556.396840389627,354.30036458132446,606.7975887865364,,779.640817548674,835.9066758925482,578.7058632606249,481.6923280316973,629.2969556457118,572.3183849926122,757.1905615262648,706.2868422444598,517.2253633841422,610.6012347915688,424.30318627671255,483.15466099699546,437.81669720720316,418.3347511826208,327.1736486065321,364.0297613794797,463.9678523168496,535.7044436236662,465.9557571771113,499.49850867439375,815.9289913301633,706.1288872708345,635.0376152588194,,477.3768446646073,390.36275045721106,385.76809444695255,622.3370117223474,594.554668908333,686.1815377493426,600.8415928153483,,518.6485662467652,506.8638397051161,654.9233793950157,743.9466921207867,563.1447773262992,648.9134765556253,,,870.2449607306032,944.2134243188813,889.2852580897708,553.6835905190344,722.6622056924103,751.6663908508867,660.5492947240023,582.8482255465652,560.5458153808158,565.124899533295,470.3134920876126,600.9287212305558
v_18.1h,697.8862244706343,,,1321.48756253711,540.2777353156185,542.1586529181155,542.1586529181155,530.6261220177787,562.3622247226428,,648.7013322779234,631.7638008726041,391.5212898943478,638.4500077277971,1097.85698781363,881.9987460282026,568.3397783837307,582.3722201292394,582.3722201292394,500.52451963361193,590.7751077852888,532.1713997138306,433.7128555766286,610.5732959902601,936.0610909955061,453.7522763170514,669.6325549252875,,,533.6098203606953,560.3837328608133,682.188476648235,644.3834011342515,601.7436803765305,,452.2267176457309,452.2267176457309,564.9766594200531,765.6081998043614,611.3255997032858,556.0186012605009,556.0186012605009,354.2271993743252,606.8037114538434,,781.9059274606685,838.342943601,578.453556820765,481.69232803986233,630.51158627767,572.1349243552154,757.7176215202996,707.5177762596294,517.2253633842257,610.6012347915688,424.3031862766306,483.15466099699546,438.0842512694093,418.25617451504587,327.1930195491116,363.71862172019456,464.7610723787349,536.7940541598367,465.8007580774831,499.4981029352605,819.1037682112485,706.828421683272,635.0376152588866,,477.41198549012705,390.1183533135243,385.7681668570033,622.3735564064482,595.7493880705812,687.1180862136106,602.0242764532084,,519.6681654776905,506.86383970511605,655.156329403119,744.2133821982553,563.144785846353,650.750137045078,,,872.9664135227982,947.602077245092,893.040518763547,554.6772708603025,723.3971112227097,753.1376163542592,661.5784424578742,582.8944022764422,561.4169952471691,564.1614022641616,471.1051816834754,602.2775114992193
v_18.2h,699.4385044058539,,,1327.3025760378105,540.2777353156185,542.1594281865157,542.1594281865157,530.6261220177787,565.7136849759224,,650.3110558612773,633.693405311454,391.52675928873754,639.8814634870608,1103.7137360122895,885.2754315360357,568.2692309203901,583.4882028087627,583.4882028087627,501.6838071156099,590.7798194276822,532.4175560242779,434.4583876616395,610.4575124521142,940.1338136447762,453.7522763170514,670.6430701668552,,,533.7596712706498,561.5967479285197,683.1028801088497,645.5463173936705,603.3665944656719,,452.2049804679269,452.2049804679269,566.0789526308763,767.978802197747,611.3255997032858,556.0186012605009,556.0186012605009,354.29406941993886,606.8099106993255,,784.0360750213931,840.6957149229454,578.2302903996771,481.6923280483403,631.7219795880808,573.8572468590129,758.2371167647074,708.73542240518,517.2253633843133,610.6012347915688,424.30318627654316,483.1546609969992,438.3536365026415,418.7606092717235,327.2126105286429,363.7923763744117,465.5526681592397,537.9765762009862,465.6355184639065,499.4981029352605,821.9991975751045,707.5438781191889,635.0376152589573,,477.44847004491976,389.88061891747236,385.7681668570033,622.3735564064482,598.0823834696997,688.0649044871839,603.1648252639122,,520.6655157089729,506.86383970511605,655.3835780657353,744.4794778857497,563.1447945340583,650.3071758108168,,,875.5905807523029,950.7897145188214,896.4024437953468,555.7975798595545,723.7801054631857,754.59450862983,662.6662278381514,582.3416937541275,562.3159317441075,564.1614022641616,471.88721861399085,603.5782580562872
v_18.3h,700.9407808877485,,,1332.8196804680827,540.5604695415078,542.1594281865157,542.1594281865157,532.0710402283275,565.7136849759224,,651.8561379038363,635.5052757251558,391.53243635267916,641.2824558164305,1108.7203308996714,885.1815874756788,569.2339701079247,584.7172906466599,584.7172906466599,502.7994605861725,590.7847141117096,532.6615863166737,435.19393604758886,612.1343851382362,944.2037518296485,453.74668724393354,671.6463802770479,,,533.9069199959768,562.7809496888697,684.0108334992186,646.8370074749569,604.9055822414246,,452.1723680218094,452.1723680218094,567.153053976723,770.1349877713342,611.3255997032858,558.03754544495,558.03754544495,354.3607005162678,606.8099106993255,,786.053040714452,842.9790910803364,578.2302903996771,481.6923280483403,631.6990151863951,575.5053264570519,758.7509478238177,709.9257282561905,517.2253633844058,610.6012347915688,424.3031862764497,483.1546609970026,438.62248087527286,419.26495314989234,327.2324226358995,363.8656613571316,466.3332498331919,539.1258638604719,465.479767995376,499.4973589970307,825.3442491857045,707.5438781191889,635.0376152590319,,477.486243905304,389.63750751307373,386.2938791762254,622.4099193921668,599.2226808785848,688.9882013505628,604.2950575475845,,521.6418267140707,506.863839705116,655.6051654609846,744.7248379933358,563.1447945340583,652.1003415000812,,,875.8264791329641,954.5634911359386,896.875489140755,556.899804799521,724.5060622394061,756.0258132871916,663.7670803215036,582.3918079525597,563.2065082543646,564.1614235610663,472.65984082988336,604.8661994119902
v_18.4h,702.4029410735205,,,1338.105723377994,541.4093595437748,542.1602300339847,542.1602300339847,532.0688636143921,565.3990871714874,,653.3454882281605,635.483141246574,391.53830366921716,642.6552540648883,1115.2591765986303,888.5468337904947,570.1928924123772,585.9492098307832,585.9492098307832,503.8747106834754,590.7897968988256,532.9034655433892,434.96723944107515,613.8196997175437,947.9703427022106,454.898894778324,671.5892756138669,,,534.0515730728098,563.9380773455666,684.9123614631009,647.1063615113558,604.8724033511346,,452.13766540235775,452.13766540235775,568.278770981799,772.8386525382767,611.3255997032858,559.9391072673887,559.9391072673887,354.4270882516079,606.8161851878342,,788.6880246783678,845.1952973996982,577.9889727945858,481.69232805728245,632.9163449074456,577.3158650652334,759.2601631658179,712.2465459601582,517.2253633844058,610.6012347915688,424.30318627635023,482.78151977766504,438.8894219750732,419.26495314989234,327.2524569401179,363.9384724929595,467.10319133960814,540.2440116285649,465.32423894897164,499.49767852760334,824.9464031783268,708.2292836388845,635.0376152591101,,477.5252530404628,389.4202158164433,386.2938791762254,622.4460974044038,600.429455836367,689.9038974178317,605.3997535262415,,522.5982490876926,506.86383970511594,655.8211345756007,744.7248379933358,563.1448033936301,653.8723380502072,,,878.5468447192815,958.8251915044873,900.2476064417227,557.9757477026014,724.5060622394061,757.4391503851189,664.873233254722,582.4404081020127,563.2065082543646,564.1614453714876,473.4232840596638,606.2228453766985
v_18.5h,703.8261018679159,,,1343.2140737425088,542.2295744925015,542.1610591023763,542.1610591023763,533.5678915764186,568.6548067911947,,654.7776513735374,637.3029472443019,391.53830366921716,644.001781524638,1122.368455956834,891.6900200267163,570.1928924123772,587.1638825526695,587.1638825526695,504.91259835251276,590.7950728878594,533.1431687954429,434.96723944107515,613.8196997175437,951.4810567358033,453.72490897809234,672.5999910534136,,,534.1936379358062,565.0697865101541,685.8074795222133,648.3101984938965,606.4305829830305,,452.13766540235775,452.13766540235775,569.4699464334878,775.4937306535704,611.3255997032858,559.6879532468765,559.6879532468765,354.4944036197776,606.8225357506641,,791.2274521290417,847.4824071964948,577.7281968913851,481.69232805721805,634.1215776833185,577.0171292653748,759.7622836044861,713.4893343963641,517.2253633845032,610.6012347915688,424.3031862762438,483.15466099700654,439.15445116586994,419.76930778453567,327.27185830074995,364.01080582432724,467.86285911352616,541.3330058968656,465.15840713358637,499.49689763761796,828.0939683470924,708.2210162528635,635.037615259192,,477.5654438483272,389.16579610959053,385.76831933560555,622.4820872225835,601.6711108397936,690.8119529114565,606.5029660201564,,523.5358758956287,506.86383970511594,655.6486866476364,744.9569945725738,563.1448124231083,653.8723380502072,,,881.192691026141,962.75656518341,904.5024435134652,559.0271321742393,725.2301403833119,758.8206695026693,665.9649888471316,582.4875195839362,564.0889395212591,564.1614677065638,474.1777812849286,607.6495615119197
v_18.6h,703.8126766611375,,,1349.4095107292317,542.2295744925015,542.1619160358656,542.1619160358656,533.5678915764186,571.9985304402454,,656.259851325265,638.9922257963025,391.54434471792064,645.3197052310238,1128.3061203137274,894.6499908632087,571.1459223856649,588.3388083791212,588.3388083791212,506.07514075634276,590.8005472111071,533.380671322393,435.708418475174,613.7299524318761,954.7824525190199,454.8952536858472,673.6032264891608,,,534.333122915814,566.1776512145237,686.7043208776871,649.6056141050257,607.9437996838723,,452.1123528310653,452.1123528310653,570.6357499345463,777.9026402869055,611.3255997032858,561.5545564162338,561.5545564162338,354.42257281894615,606.8225357506641,,793.6060803703697,850.2573161861939,577.4583371643,481.69232806658647,635.3293385561165,577.0171292653748,760.2575633311396,714.7414679936086,517.2253633846061,610.6012347915688,424.30318627613053,483.15466099701047,439.4175598719505,420.2737775156475,327.29234780961144,364.0826576140026,468.61261175458253,542.3947275347616,464.99822145665826,499.49641515221856,831.7194036201764,708.8970177726993,635.0376152592787,,477.64915842082104,388.9108582480487,385.7683992491591,622.5178856816999,602.8929135124173,691.6965183118791,607.5846263510581,,524.5471161035763,506.8638397051158,655.8665017219538,745.1621450846663,563.1448216398709,655.572847759729,,,884.5382951734895,966.4146192566585,908.8152692125659,560.0555842722467,726.0756381933415,760.2082849602476,667.0360844430836,582.5331686979495,564.9634326355853,564.1614905776376,474.92364611926524,609.0338156118651
v_18.7h,705.2630858299772,,,1349.4095107292317,542.5210512011992,542.1619160358656,542.1619160358656,533.516794206611,568.4793484368909,,657.9267576511245,641.0024971980188,391.5505438437667,646.6248601664694,1121.841641087872,897.4526836728444,572.1089381357945,589.4912092588171,589.4912092588171,506.07514075634276,590.8062250287446,533.6179399023392,436.43987465934026,615.3937116088472,957.9098416777484,456.0398086998523,674.5991191424795,,,534.4797655434826,567.3955081298752,687.6155505705101,649.6056141050257,607.9437996838723,,452.07395859643185,452.07395859643185,571.7777777784844,780.1081003891059,611.3255997032858,561.5545564162338,561.5545564162338,354.4897871691292,606.8289611241045,,795.8480573206081,852.9297534869669,577.2478162732805,481.69232807633904,636.4999843839963,578.8208811109298,760.039774242345,715.9898186013081,517.2253633847143,610.6012347915688,424.30318627601025,482.78151977767624,439.67873958480084,420.784242993882,327.3130625370482,364.15402434763996,469.37537610813393,543.547053899526,464.84212767919274,499.49641515221856,835.0209294778389,709.5878967129415,635.03761525937,,477.69257742392307,388.9108582480487,385.7683992491591,622.5534896733275,604.0958775118107,692.5890135931073,607.6169748812829,,525.5661347665131,506.8638397051158,656.0883899281868,745.4527082189811,563.1448310418277,657.2214588061802,,,887.7294623831364,969.8460824693359,912.6342381050289,561.0626366454939,726.3360411668283,761.5698650028738,668.1149922032791,582.5331686979495,565.8301870416636,564.1615139962659,474.0269160637091,610.3860232400632
v_18.8h,706.6817239702801,,,1351.1635906153454,543.326475514136,542.1628014818309,542.1628014818309,535.0412186142763,571.8044905259526,,659.5205822499828,642.930159786106,391.5568862270667,647.8996750493585,1128.8783700954757,901.1209117511216,572.0390467452282,590.6304492728696,590.6304492728696,507.20210924615054,590.8121115232799,533.854500208085,437.1626393855017,617.0345705852753,966.1227246708739,454.87516245475314,675.5877962657548,,,534.6249532636583,568.6075590803786,688.518791265593,650.8846637042707,609.3662191858402,,452.03319140158067,452.03319140158067,572.89754613852,783.1329887414255,611.3255997032858,563.4848233310239,563.4848233310239,354.5567625808045,606.8354619533294,,797.9725501380237,855.5161773432769,576.9943463557056,481.69232807633904,637.768970416779,580.5664398452099,760.5247886472897,717.2231286343932,517.2253633847143,610.6012347915688,424.30318627588207,483.1546609970146,439.9379818700205,421.29467670147585,327.33505608867785,364.22693185395417,469.23324493769394,543.5280792045854,464.6756663599077,499.4955314622297,838.0620461188757,710.2696268099717,635.0376152594662,,477.7369686366562,388.65756777688256,385.76848177001256,622.5888961466022,605.2809737170111,693.4736753333248,607.6169748812829,,526.56394407835,506.86383970511577,656.0883899281868,745.781609354239,563.1448406336766,658.7920389417612,,,890.7975749290177,973.089495233936,916.0626790255974,562.0955994193824,727.1784864269441,762.9567163390209,669.1901332098076,582.6688323036776,566.6893945584933,564.1615379742192,474.7881142778661,611.716818464592
v_18.9h,708.0905329527787,,,1356.3345560551752,544.1817775063132,542.1637160911553,542.1637160911553,536.529070950295,575.0876761493352,,661.0633857328437,644.7466612575003,391.5633578544209,649.2805740184036,1134.7768154347589,904.6957234779751,572.9886860787616,591.7474378670444,591.7474378670444,508.2895287235147,590.8182118937402,534.0889434878853,437.87691026365854,618.6096985924403,970.0316867293883,456.0380490225665,676.5693754129096,,,534.7675514545624,569.7927524111642,689.4140467777642,652.1372832468991,610.9889765016709,,452.04628803703446,452.04628803703446,573.9964939429111,785.8502220830594,611.3255997032858,565.4138742624901,565.4138742624901,354.6234946198551,606.8420374168253,,800.5650542631228,858.0088993802264,576.720433451491,481.6923280866301,639.0331685328641,582.2232979533278,761.001671303978,718.4190207525277,517.2253633848289,610.6012347915688,438.7094360709742,483.1546609970193,440.19527837442087,421.8028894114511,327.35798534039446,364.30558276214396,469.98234502539646,544.6196391956719,464.5118472123038,499.49591066662043,838.0620461188757,710.9224680390911,635.0376152595671,,477.782281079593,388.3982496426256,386.4467833460329,622.6241021091786,606.4491312468973,695.2191365913039,608.7175798298749,,527.5416555559198,506.8638397051157,656.3046684243395,746.1226975140092,563.1448406336766,658.671228589809,,,893.7335951669894,976.803354043057,920.2586231952448,563.2167769296368,727.9992461879533,763.1082968801819,670.264702841725,582.7117162453427,567.5412394142201,562.4244827168225,475.5411694725846,613.013782286201
v_19.0h,709.6772194170478,,,1362.3419701441817,543.6277076647588,542.1646605156243,542.1646605156243,536.529070950295,571.4934630356037,,662.5518030468406,646.4489563774623,391.69094844217926,650.7025154685168,1139.8794285429656,908.0392330338002,573.9301478436017,592.8853493046995,592.8853493046995,508.3496971624008,590.8245313496103,534.3212432257345,438.59046511387163,616.991686300308,973.6849924991034,457.17522457778654,677.5439647031209,,,534.9075681519339,570.9526860181683,690.3013103655302,653.380731074206,610.9008785674495,,452.00929501195037,452.00929501195037,575.0759858284885,788.3338226176063,611.3255997032858,565.1165595536842,565.1165595536842,354.6175832068807,606.8420374168253,,803.249216062955,860.428254319274,576.4315413596927,481.6923280973633,639.0331685328641,582.0789632121316,761.4738897533533,719.6051798526217,517.2253633849498,610.6012347915688,438.7094360708612,482.781519777689,440.45062083328924,422.3089121439616,327.3811574159031,364.3880850693983,470.7231084986361,544.6196391956719,464.35514858073157,499.4949834976866,841.1078576093391,711.5458356571343,635.0376152596739,,477.8284643823549,388.1328475894067,386.29414448035334,622.6591046281529,607.6012385716614,696.0797217256479,609.7936852944036,,528.5003268165942,506.86383970511565,656.5153827338311,746.4739581574612,563.1448504147721,660.2700272521702,,,896.5647652739468,981.1897190574348,924.715746041425,563.3610639934275,728.8164532671706,764.5057716590885,671.3229805991333,582.7532195371142,567.4908925250915,562.4245204310472,476.2863097789823,614.2926926171349
v_19.1h,711.2239976623322,,,1370.5311717477439,544.4326218421288,542.1656354087123,542.1656354087123,536.5003502013165,574.6944718904889,,662.5887302551414,648.4000956787287,391.6976688128298,652.1021796665824,1146.3885461530506,911.1875322851901,574.8636119832532,594.115567146967,594.115567146967,509.43897895415796,590.8245313494459,534.5513730909745,438.40745698686015,618.6402916101175,977.1222739521236,456.01957668083276,678.5116630776689,,,535.0450122898569,572.088882452872,691.180564462344,654.5950869611305,612.4543326650472,,451.9738576383303,451.9738576383303,576.1583118322043,790.6736347682785,611.3255997032858,567.012715398828,567.012715398828,354.6175832068807,606.8486868270542,,805.7671620700148,862.7799254127186,576.1829578697252,481.6923280973633,640.2812784973713,582.0789632121316,761.9369034815053,720.7672633868349,517.2253633850769,610.6012347915688,438.7094360707414,482.78151977769573,440.7040010778151,422.8127759601881,327.4045732197491,364.47253724897587,471.50774149216204,545.7942857022431,464.18801474568545,499.49441066854087,844.8617217732944,712.1829961834204,635.8674573196505,,477.8754688082465,387.8648224759984,386.38826658026215,622.6939008309549,608.7381446982837,696.9266525502734,610.8579313322588,,529.440963128451,506.86383970511554,656.720581252478,746.8270478584659,563.1448604013067,661.8628914880323,,,899.3106849305076,985.2593396471035,928.6718131748112,564.4871500696148,728.8164532671706,765.8880116245873,672.361624448792,582.7933717308723,568.348140876545,562.4245590279543,477.02376035827876,615.6378811900213
v_19.2h,711.2239976623322,,,1378.0779102572671,545.3267543734277,542.1656354084577,542.1656354084577,537.9975728522817,578.0699184891685,,664.1120561683676,650.3498041347021,391.70448142350637,653.4773003540248,1153.8588880736722,914.1667574841896,574.8636119832532,595.3381514275154,595.3381514275154,510.49200410697125,590.8310751043704,534.7793069582016,439.12076713839286,620.2135565270207,980.3945386324409,457.17526903376194,679.4725605499339,,,535.179893696702,573.2027909096258,692.051780350892,655.8118185777315,614.0647495625219,,451.9363089298895,451.9363089298895,577.3581288788245,793.812510155606,611.3255997032858,567.012715398828,567.012715398828,354.6838001815645,606.8554105182362,,808.1425904600966,865.0744219365743,575.9142707537372,481.6923281086297,640.0816065476946,583.740721199485,762.3903193807427,721.903140354976,517.2253633852109,610.6012347915688,438.7094360707414,482.78151977769573,440.95541104267704,422.7470123213549,327.4282336290454,364.47253724897587,472.2822709214536,546.9382436181382,464.0212473227077,499.49441066854087,848.2888561003303,712.8566489171935,636.9327385386913,,477.923245277455,387.6003833023362,386.38826658026215,622.728487906183,609.8606604133595,697.7707430071121,611.9105271149152,,530.3645190553963,506.8638397051154,656.920315206484,746.8099623381521,563.1448705925905,663.6687584554139,,,901.9792063040467,989.0537488352268,932.2372006066347,565.5877478395221,729.6135072340336,767.4619626500009,673.4152700172205,582.8322030942626,569.1979940562071,562.4245985259786,477.753743119445,617.0527771099687
v_19.3h,712.7238643790186,,,1385.1067314479212,546.1675323584503,542.166641424376,542.166641424376,539.4114510787331,577.8835928633065,,665.5646002860352,652.1702766856351,391.71137516805135,653.4258594927662,1160.1257831900784,917.0015693310394,574.8036753429113,596.5255234828555,596.5255234828555,511.6182638592142,590.8378483695437,535.0050189272982,439.83051576312937,621.7217063411246,983.5775863152649,458.3053488245638,680.4267384486195,,,535.3122230900933,574.3259031532618,692.9149177722957,656.9978663863012,615.6234026711447,,451.9486034401855,451.9486034401855,578.5345459304018,796.6445377154579,611.3255997032858,568.8413189654153,568.8413189654153,354.74976022045274,606.862207689415,,810.3975844930261,867.3188037646672,575.6239211808094,481.6923281205259,641.3608831591114,585.4137896328115,762.8359858324995,723.0171572977882,517.2253633852109,610.6012347915688,438.7094360706139,482.781519777703,441.2048427737803,423.2452370755492,327.4521394929969,364.5589650222306,473.0470334215981,548.0534061319578,463.86389857000637,499.493811956285,851.4488881105569,713.4992031414977,637.991046087637,,477.97174538886713,387.3297438429533,386.3331047705833,622.7628631045504,611.0437169738913,698.5894357863651,613.0233082056732,,531.3808481253819,506.86383970511537,657.1146386051023,747.1766421785026,563.1448809938594,665.4034809583216,,,905.2938040027728,992.625782327376,936.0364502803816,566.6644757570052,729.9144556677784,769.0683842118135,674.466021305348,582.9242722257986,570.0406190600712,562.4246389438829,477.63806723139845,616.9147913700181
v_19.4h,714.177956050209,,,1391.715383419251,545.5744308326119,542.1676792173339,542.1676792173339,539.4114510787331,577.8835928633065,,666.9739718026925,653.8906273627857,391.718339618567,654.8148876504206,1165.5483029221036,920.7394818578579,575.7418427118348,597.6839436567498,597.6839436567498,512.7664971509907,591.5283833534717,535.2284833435704,440.5695854850819,621.7624479330075,988.101600469588,457.1583362353923,681.3742696545153,,,535.4420120708713,575.5487881875771,693.7699244601206,657.3326213558121,615.6234026711447,,451.9096720237295,451.9096720237295,579.6890244129239,799.2257643939519,611.3255997032858,568.6232202516507,568.6232202516507,354.8162758273063,606.862207392514,,812.6608426867758,869.8296146725861,575.3266053332234,481.6923281205259,642.5972528262447,585.2187188497068,763.2740859406372,724.130272256512,517.2253633853519,610.6012347915688,438.7094360704783,482.78151977771034,441.4522884361354,423.741485936061,327.47629163242874,364.26886003462505,473.80235841999416,549.1415690762163,463.6960436759841,499.493811956285,854.3792515145791,713.3938780585127,639.0461701970027,,478.0209214405405,387.0528557932418,387.99703439246264,622.7970237394984,612.2653396713954,699.4160754221804,614.1873346256283,,532.3853881486096,506.8638397051153,657.3036081880817,747.5427108689166,563.1448809888217,667.0670099994713,,,908.5480701713567,996.0129792013664,940.7530359834036,567.718863722925,730.7137855481717,770.6603051156845,675.510312556852,582.9618630097397,570.8761755357477,563.7032516941698,478.3752031381564,618.2397713492139
v_19.5h,713.9067924749698,,,1397.9852346747523,546.4288897496092,542.1687494200744,542.1687494200744,539.4262797339835,581.1623321635068,,668.3440123574347,655.701674475282,391.7253650020062,656.1714581174008,1166.785966859588,924.3844188415146,576.6720748283439,598.8271667686524,598.8271667686524,513.8759184846582,592.44039025107,535.4496748179706,440.5695854850819,621.7624479330075,992.3075805613387,458.30710983762833,682.3152188301596,,,535.5692731160728,576.7462066278752,694.6167355859851,658.5351802118146,617.104446199852,,451.86848159427757,451.86848159427757,580.8229543501689,801.6088465089848,611.3255997032858,570.4536305209816,570.4536305209816,354.812096213184,606.8690776354888,,815.5550167207347,872.6300282868277,575.3513130685697,481.6923281329603,643.8448157224524,586.8822210843646,763.703551391095,725.2149393896427,517.2253633855007,610.6012347915688,438.70943607033445,482.78151977771034,441.4250188404082,424.23579136021436,327.47629163242874,364.36166345701554,474.54856792083945,550.2044335384136,463.5268894899137,499.49271260962445,858.0650650959566,714.0019950627749,640.0889131281153,,478.0707264488756,386.7730109532839,386.27284731948316,622.8309671880899,613.469882976678,700.2337709630754,615.3080407918816,,533.3703617233435,506.86383970511525,657.4872833680063,747.9179510213555,563.1448916057301,667.0670099994713,,,911.6699692399891,999.2453042823349,944.9420438066109,567.718863722925,731.4998923882348,772.2270515775119,676.5441232926967,582.9980340896644,571.7048158423238,563.7032516941698,479.1049891939129,619.6592263412025
v_19.6h,715.4040215896698,,,1403.9879604055302,547.2693348226611,542.169852534942,542.169852534942,540.8441379692955,580.8294750394866,,669.9885027140771,657.675437481575,391.7324421776653,657.5076576652259,1172.2485473242957,927.8120821067846,577.5945388217084,599.955737878499,599.955737878499,514.9493768673683,593.3442686580487,535.4436991336783,441.3002734633175,623.3001348921719,996.2389187868313,458.2916264503134,683.2496426425442,,,535.697280108018,577.9196473960614,695.4552730985838,659.7176228885035,617.106167464543,,451.8249338535563,451.8249338535563,581.9376568024092,804.8078335588667,611.3255997032858,572.422106202426,572.422106202426,354.8786512189375,606.8760204278697,,818.2634583307397,875.3362833586374,575.0895586610494,481.6923281329603,645.0588007444326,586.8822210843646,764.1234290956489,726.2816171566291,517.2253633856577,610.6012347915688,438.70943607018165,482.78151977771824,441.6689211652538,424.7350815856506,327.4998111321651,364.4551131395222,475.2859763332813,551.3005489311223,463.3688402758656,499.4920335898399,861.6957398738634,714.0019950627749,641.1203044132695,,478.1211141665267,386.496893811014,387.9340240190537,622.8646908917036,614.6581957335467,701.0423001280064,616.4197261796194,,534.3367508016805,506.86383970511525,657.6694891424256,748.2880799588496,563.1449024435215,666.7472324507626,,,911.6699692399891,1003.5624008723817,948.7155663673359,568.7523566959491,732.2711587850781,773.7862022581073,677.5825232012661,583.0328220846128,572.5266851170334,565.0508384060405,479.1049891939129,621.0520015668212
v_19.7h,716.8452955009665,,,1409.7794870904333,548.0843230690346,542.169852534942,542.169852534942,542.3700078733611,580.8294750394866,,671.5917410807162,659.5363858561567,391.7395626155701,658.8241269644827,1177.1770660717712,931.0427514058745,578.5093976583298,601.0650589028545,601.0650589028545,516.0101794256983,594.2403825574628,535.6608399658754,442.02277328882053,624.8515209064731,999.9437796541727,459.4337667615275,684.1775899800308,,,535.830092968253,579.0705317201058,696.2854449292063,660.8815339050979,618.6181668118866,,451.7946025511493,451.7946025511493,583.0343863797661,807.7926017789513,611.3255997032858,572.422106202426,572.422106202426,354.8786512189375,606.8760201662725,,820.8144418528209,877.9621173433318,574.8066347538557,481.6923281460319,646.2649366150417,588.6688866335244,764.5609160446802,727.3221425058974,517.2253633856577,610.6012347915688,438.7094360700188,482.7815197777263,441.9108045948454,425.2324905571995,327.5244661973894,364.5491549203215,476.01489033944307,552.4679084209833,463.2002102696798,499.4920335898399,865.0343830053819,714.6016655796586,642.1403091003671,,478.17428048891327,386.21441579003744,389.61044529016715,622.8981923567245,615.8310916531301,701.8418629264828,617.5036314078787,,535.2854896426136,506.863839705115,657.864166574611,748.662984324002,563.14491350788,668.4667717351073,,,914.6855785179938,1007.9241438088674,944.6560579774717,569.7663183421708,733.019903664669,775.3268901875086,678.6167422504616,583.0662634678844,573.3419213476542,566.3446114563257,479.82763873996737,622.4142477533724
v_19.8h,718.2545399971526,,,1415.4049612408603,547.5327132827392,542.1709892243232,542.1709892243232,540.9168546771615,584.1816554332424,,673.1405907744013,659.5363858561567,391.7467183757579,660.1234078043228,1185.6368601754941,934.1168058112346,579.4296813325531,602.1561395361423,602.1561395361423,517.1852690837371,595.1290817569995,535.8756179134547,441.81085744521596,624.86507965898,1003.4607241625528,459.4337667615275,685.0991021565127,,,535.9603630305821,580.2002149814858,697.1071440199809,662.0349016506285,620.0708414809288,,451.7946025511493,451.7946025511493,584.1143339841159,810.5122820520296,611.3255997032858,572.0616268987199,572.0616268987199,354.94494928998074,606.8830350311728,,823.2360018989389,880.5081912937311,574.5009047234923,481.69232815984276,647.4600000383033,590.3619629965976,764.9963597844097,728.3598215957527,517.2253633858227,610.6012347915688,438.7094360698464,482.7815197777263,442.1549024850363,425.7278808416313,327.54936976894163,364.6461546378653,476.7796482034638,553.6066887769691,463.02910230363847,499.4913241689553,868.1319013305983,715.1703202658229,643.1894815221863,,478.22842472733385,385.9544644907312,387.88296829216523,622.9314691552089,616.989350433759,702.6516448389636,618.579578111917,,536.217466301205,506.86383970511497,658.0535064177902,749.0344319652645,563.1449248046519,670.1138046989375,,,917.6005478038096,1012.0016582367082,948.9492167936688,570.7620346872847,733.019903664669,776.8446847530597,679.6441053131109,583.0983945291873,574.1506554496053,567.6026584960504,480.58442214076354,623.754869123792
v_19.9h,719.6338199720839,,,1420.901086217124,548.3611939775533,542.1721601490304,542.1721601490304,542.3532605792702,583.980025428528,,674.6291214357051,661.2818905284184,391.753902088469,661.378798281696,1192.71653634936,937.0538858812457,578.4503411458488,603.3557279589027,603.3557279589027,518.321517688925,596.0387960100495,536.0880091246893,442.5411840220417,624.86507965898,1006.8227319629303,459.41963224756955,686.0142131039806,,,536.0881025179752,581.3099887611564,697.9202470951485,663.1765909476293,621.490446422358,,451.7470493185492,451.7470493185492,585.210264494775,813.0232218185843,611.3255997032858,574.0346805532369,574.0346805532369,354.9394198457314,606.8901213868993,,825.5417085209035,882.9862876237029,574.1941388283326,481.69232815984276,648.6272666256626,590.123113313392,765.4226128314975,729.389021771534,517.2253633859963,610.6012347915688,438.70943606966415,482.7815197777351,442.39875755040333,426.221282704072,327.57452254965636,364.74237950483297,477.54352095019584,554.7186187826997,462.8702970750601,499.49002241840515,868.0966378864853,715.7977238284168,644.2775261298074,,478.28308849368165,385.66165721451773,389.56665134624984,622.9645189255025,618.1337190210405,703.4403677224379,618.4846747211884,,537.1335241670316,506.8638397051149,657.933977945136,749.4063472624127,563.1449363356775,671.717974548986,,,920.4318380190017,1015.8333097653605,952.8020897245415,571.8737999963565,733.3714620947607,778.3606517307799,680.6502472442471,583.2220131732264,574.9530113468302,568.8192895752946,481.33609286598437,625.0649067496421
