Angular_Width,35.0,30.0,43.0,60.0,30.0,46.0,46.0,56.0,50.0,38.0,72.0,69.0,36.0,55.0,60.0,50.0,31.0,30.0,30.0,47.0,27.0,31.0,30.0,32.0,66.0,35.0,58.0,30.0,30.0,35.0,40.0,40.0,25.0,63.0,29.0,45.0,45.0,39.0,45.0,27.0,22.0,22.0,50.0,29.0,37.0,47.0,45.0,40.0,41.0,38.0,43.0,50.0,58.0,45.0,45.0,37.0,35.0,26.0,29.0,22.0,19.0,24.0,27.0,17.0,30.0,41.0,50.0,27.0,11.0,35.0,38.0,45.0,31.0,45.0,61.0,35.0,35.0,46.0,30.0,41.0,49.0,32.0,58.0,39.0,45.0,43.0,44.0,45.0,45.0,45.0,40.0,45.0,42.0,45.0,19.0,29.0,45.0
Velocity,920.0,950.0,830.0,1950.0,650.0,600.0,600.0,720.0,1507.0,1150.0,930.0,1020.0,301.0,815.0,2250.0,1364.0,535.0,730.0,730.0,650.0,570.0,447.0,450.0,825.0,1485.0,520.0,675.0,300.0,300.0,440.0,600.0,610.0,790.0,851.0,396.0,202.0,202.0,676.0,1400.0,236.0,917.0,917.0,296.0,576.0,354.0,1250.0,1155.0,329.0,567.0,744.0,861.0,780.0,850.0,483.0,350.0,243.0,487.0,375.0,386.0,260.0,309.0,471.0,594.0,262.0,232.0,1383.0,680.0,717.0,275.0,393.0,287.0,649.0,561.0,628.0,677.0,702.0,422.0,553.0,247.0,539.0,767.0,452.0,920.0,750.0,749.0,1204.0,1494.0,1651.0,635.0,901.0,934.0,729.0,466.0,523.0,786.0,467.0,782.0
Observed,2.795138888888889,2.388888888888889,2.5805555555555557,1.5041666666666667,2.3694444444444445,2.5625,2.9256944444444444,2.677777777777778,1.9083333333333332,2.56875,2.4305555555555554,2.484027777777778,3.7743055555555554,2.582638888888889,1.7576388888888888,2.1555555555555554,3.245138888888889,2.607638888888889,3.7430555555555554,2.834027777777778,3.0944444444444446,3.8625,2.8590277777777775,4.253472222222222,1.8722222222222222,2.7243055555555555,2.44375,2.8506944444444446,4.979166666666667,4.941666666666666,2.861111111111111,2.5756944444444443,2.0840277777777776,1.9090277777777778,3.9694444444444446,2.2493055555555554,2.9298611111111112,3.222916666666667,1.8284722222222223,4.590972222222222,2.463888888888889,3.0395833333333333,4.506944444444445,3.5236111111111112,4.628472222222222,1.5638888888888889,1.6798611111111112,4.254166666666666,2.4631944444444445,1.8520833333333333,2.4895833333333335,1.95,2.3381944444444445,3.426388888888889,4.215277777777778,3.261111111111111,3.740972222222222,4.004861111111111,3.34375,4.544444444444444,3.3291666666666666,2.8715277777777777,2.9659722222222222,3.9611111111111112,4.444444444444445,2.30625,2.310416666666667,2.6131944444444444,5.304166666666666,3.4430555555555555,4.185416666666667,2.907638888888889,3.1277777777777778,2.7666666666666666,2.4034722222222222,3.082638888888889,2.6215277777777777,2.8854166666666665,3.7854166666666664,2.9069444444444446,1.9201388888888888,3.853472222222222,1.442361111111111,1.5430555555555556,2.3881944444444443,1.8534722222222222,1.8930555555555557,2.3944444444444444,3.0625,4.3493055555555555,1.8736111111111111,2.111111111111111,1.8493055555555555,1.8965277777777778,1.7479166666666668,2.870138888888889,2.591666666666667
Spheroidal,3.439034763723612,,,2.816450691316277,3.2521822042763233,3.9272352773696184,3.9272352773696184,3.22046856302768,3.7411946770735085,,2.6511965920217335,2.6037413822486997,4.891132151242346,3.1814900268800557,2.5559388152323663,3.0862232791259885,4.31066041206941,3.4725110162980855,3.4725110162980855,3.5485613523051143,3.704122938681394,3.9699448253959417,3.9514541546814144,3.260775689035654,1.9818617375567555,4.305512241087854,3.228702903725207,,,4.123985253740102,3.5611283550970256,2.5286440164782107,4.09534753812477,3.046480159740895,,5.728309233672917,5.728309233672917,3.6516103674657643,3.2031566710211337,4.645036725793034,3.5582608776167035,3.5582608776167035,4.7210786286741495,3.593090367037803,,2.7818817272782326,3.0990076013840735,4.103726904373616,2.6073259278200567,3.0198512859642506,2.438310857396573,3.1136802746914327,2.3431381611153483,3.7776739420369267,4.511820643208921,5.441470735240728,4.2283103172667325,4.355471967253834,3.0697011626325548,5.37237198324874,4.8418778465129435,4.112276386935264,3.8164451215416193,4.246572928503156,4.537590745370835,2.833513271994889,2.1932660010643303,3.9519862988963723,,3.6337268478237092,4.994121411815286,4.205096362158656,3.7956083421595395,3.401069272775203,3.2874341886490583,3.6849928107112646,,3.5426037088036537,5.577152471989393,3.9681723532266915,3.199573839083314,3.4799473248422146,3.072441658936441,,,3.285575211048126,3.205613932572305,3.3279201756231487,2.5002144975587726,3.5400241357274354,3.40043189143762,3.40479340730235,4.080790433567017,3.853661945555359,3.5644223038107157,3.5800544498488307,3.2350593032315373
tt_0.1h,,,,,,,,,,,,,,,,4.925718446262181,,4.935923944693059,4.935923944693059,,,5.241440708283335,,,2.5499991811811924,,4.536240053363144,,,5.096584694925696,4.6597497053444386,3.1868775743059814,,,,,,5.446607851423323,5.078128976281732,,,,,,,5.00689555099234,4.531367127317935,,,,,3.338690430857241,2.4306862731464207,,4.573118154425174,,,,,,,,,4.2313394346274436,,,,,,4.279033574275672,,,,5.099720391910523,5.037646144628525,,,4.527686543762684,5.444171405397356,,,,,,,,5.204617707524449,,,,,4.565240367781371,,,,,5.12482272554189
tt_0.2h,4.269461725372821,,,4.931723054498434,3.422867062035948,5.222480253782123,5.222480253782123,5.160428608302027,5.08934855973348,,3.363602706696838,4.942042239475995,5.367153281811625,5.22850391920656,3.169720349367708,4.787362516392022,5.5364990956149995,4.861585000064224,4.861585000064224,4.679580173455179,3.9461992494761944,5.209918751846999,4.795852618291974,4.733217672910541,2.5443655038252473,5.121117697097361,4.4904392822645605,,,5.0817527156323195,4.622691038064659,3.163495502900332,5.158361439127475,4.921187708619982,,4.001263503916562,4.001263503916562,5.38379687583074,4.95211789291352,2.411812635604292,4.397172252181917,4.397172252181917,4.578484618570656,3.765873875003308,,4.809643568471074,4.428783585317433,4.025926358066499,2.4820649130269885,5.111526474356651,3.446033664047718,3.3345647691749036,2.430188155733049,4.135420287959278,4.570766960270703,5.245537658687681,4.781246514990926,4.878915045410395,2.22556095616892,5.343623070511967,4.987473683431745,5.231738302856684,4.803261284250766,4.2312118033878505,4.451022346504033,3.7187412180937827,2.355981261935085,5.108737461268902,,4.264984012115747,5.119594885036349,5.244360469281673,4.780120362062007,5.047995899338275,4.999764510430396,4.875018038786948,,4.5195842906832695,5.446115388069302,5.436198434792459,5.343001029454172,4.142550352495164,4.412197255995125,,,4.169423027895391,5.051271901000291,4.988902958109975,2.5344092384912074,5.30510703381151,5.392117166426033,4.5270510679110885,5.341202202253044,4.805479748174548,4.693931522779167,4.4107934343628585,5.066808721516281
tt_0.30000000000000004h,4.227486465126276,,,4.793449696153402,3.4198373542167246,5.180631740018725,5.180631740018725,5.071074670180678,4.923690219875425,,3.3553374451585114,4.828031454235315,5.3601342854090035,5.143975214567035,3.1552143217995763,4.668685776181519,5.495068995747715,4.783272827044129,4.783272827044129,4.658564248587936,3.9424089449457824,5.176995096262544,4.768863854929805,4.605061260983348,2.5399816427379847,5.127745919395238,4.446100808214396,,,5.066163084004074,4.586064914707094,3.138644746504724,5.107573576737195,4.905846610665321,,4.004144633654505,4.004144633654505,5.316782315261662,4.843193702865392,2.42309106932953,4.292611772660166,4.292611772660166,4.580522920470685,3.7631631116382778,,4.619194064754993,4.340715559665114,4.031143694650382,,5.008371146861464,3.3560402262955904,3.330466015264392,2.429809403140098,4.133295173756778,4.568427927792072,5.249023875687271,4.77234793594107,4.869170562829822,2.242034315597266,5.3442656504921615,4.984738788101822,5.196469428949058,4.748221887275577,4.231083031278104,,3.672341052442789,2.3479633033275604,5.0760402721352875,,4.250167014542967,5.117184870410711,,4.749508956912905,4.993951094336808,4.959058696869761,4.829585108440369,,4.510001285467297,5.448088502511382,5.399787648580968,5.262042603455484,4.120628301054239,4.378186755813658,,,4.157680686563253,4.926053964998573,4.913553215097636,2.5343810520134866,5.219158866908401,5.289574544876814,4.490769003517926,5.308465198613703,4.7952240207232535,4.610589174553752,4.383008073549718,5.0036555686965585
tt_0.4h,4.187882229220122,,,4.682459232863039,3.41985973296687,5.137172325048596,5.137172325048596,5.079320488497615,5.094226719811559,,3.3471544138155878,4.713038199581206,5.3530243202112615,5.057349085342139,3.142018602695316,4.574759680777788,5.452084810007364,4.706403082236648,4.706403082236648,4.637454846873879,3.938613472972065,5.142616526223719,4.741145275998861,4.464575473219156,2.536071414593607,5.127745919395238,4.405922085046768,,,5.049781209323555,4.550810220185667,3.112935997545719,5.0546334413811564,4.874137951526791,,4.004172940738499,4.004172940738499,5.2495096498169005,4.752692646812648,2.436951213516295,4.191748805809766,4.191748805809766,4.582410272210836,3.7658853945322335,,4.460275823716074,4.271142382640392,4.036243795417249,2.4901458201929927,4.893783842679113,3.263942137826234,3.3263832102529705,2.4295026785694063,4.13331824215129,4.566103028599173,5.252474477514625,4.781641900539398,4.859100623521954,2.2585501121357083,5.344927983358502,4.981984776444733,5.159969191532582,4.691330726724118,4.230953166261315,4.454153075814247,3.6316472445614636,2.3395525091327727,5.037257480900735,,4.234516510274261,5.114782296586782,5.251453811768442,4.718240240123123,4.939733639359474,4.917249966878444,4.783502469304949,,4.498686830978841,5.450091165024787,5.361995475366712,5.175417682621628,4.097755375318229,4.3437123778276145,,,4.145958571694791,4.822812044527382,4.814745793584734,2.534352988936007,5.132478361018002,5.18602713663131,4.457698633428663,5.274680437985808,4.7848168085329235,4.523677058517933,4.354450491722673,4.940620320849121
tt_0.5h,4.1519989194348454,,,4.589129937347025,3.41985973296687,5.183948002755642,5.183948002755642,5.079320488497615,4.92825991101563,,3.339119135402143,4.608914164826274,5.345783280674368,4.9760681530460715,3.130111751612276,4.496989258565009,5.40809365035966,4.633401672821492,4.633401672821492,4.6164786159060895,3.934830790851265,5.1075536254793406,4.7127430606633425,4.618928036652505,2.53260155627504,5.08499702019617,4.37072248570621,,,5.032792154233903,4.517695360817015,3.0870998851023614,5.0028136796317995,4.816331036388874,,4.004172940738499,4.004172940738499,5.1847046366892755,4.674107033293694,2.4250742578879,4.199960444588214,4.199960444588214,4.596246073022485,3.763186135329306,,4.328488862141967,4.214977204333991,4.041215458884835,2.4901956617832184,4.77912123920396,3.279592207632959,3.3223434858955443,2.429146435111761,4.13331824215129,4.563790360931307,5.255940860137343,4.7727941372431815,4.848726799245924,2.2750609326176345,5.345610400196165,4.9792112852446735,5.122306457720697,4.634904698468745,4.230822172947228,4.457260115072131,3.5953174685128033,2.331170490011573,4.99496952444315,,4.218149181455374,5.112387745641172,5.258541097864509,4.686811169143766,4.887293119449168,4.875711259897798,4.738792762160301,,4.485848888289183,5.452123677823693,5.323205063119531,5.090534707996994,4.107116261962801,4.309612827375531,,,4.134381239302456,4.7325738104991615,4.721203798893839,2.534325063228607,5.052178627811372,5.09164928086102,4.427754115778953,5.23987137619406,4.774287716951221,4.44071949319914,4.325100461021066,4.8803071663714945
tt_0.6h,4.119982489850372,,,4.509576561395079,3.416841298341751,5.140473726205528,5.140473726205528,4.9803631152026355,4.800572027917951,,3.3312263237312436,4.5180410128086805,5.338446782901883,4.90257845306769,3.118604937568307,4.430848739575595,5.412224647123367,4.565524409990758,4.565524409990758,4.595847913529724,3.9310636851005256,5.072431762237102,4.684325063135475,4.478890227619559,2.5292697744444013,5.091547688469291,4.340185466688126,,,5.0153948077932,4.486896221991628,3.061556181870401,4.953629234340042,4.8205436510033906,,4.007083156146109,4.007083156146109,5.1237825164571404,4.604562225751579,2.439650731626898,4.199960444588214,4.199960444588214,4.596246073022485,3.7604875303804874,,4.213680210523307,4.166800146456808,4.046047389041632,2.4983195159584284,4.669923689682037,3.279592207632959,3.3183914055116475,2.4288408691063523,4.13120293058455,4.561492920387536,5.2593964478001,4.763311729300767,4.8380360994488,2.2915544384159148,5.346313272602856,4.976417159195989,5.084625084884465,4.581530482508242,4.2306900676339865,4.457260115072131,3.5625349525362253,2.3227897132746875,4.951649297494441,,4.201489483937621,5.110001383349299,5.258541097864509,4.656092538498342,4.837669073604047,4.835460156667978,4.696500847581774,,4.4717842428945005,5.454186339862645,5.284572828561068,5.01053810864687,4.107116261962801,4.276325119659305,,,4.122955500148237,4.652071356307715,4.637688667979091,2.534297282807529,5.056177635677159,5.008391096256673,4.4005091935396194,5.244698233902454,4.763653136789799,4.364500490948558,4.295784474350512,4.823994463775307
tt_0.7000000000000001h,4.090832376852632,,,4.43684492027387,3.4138424661941826,5.096607106272131,5.096607106272131,4.879720541648567,4.8049242328852415,,3.3233219874091446,4.437675360124558,5.330996077507734,4.836860897485167,3.107177678961307,4.373881840612739,5.412224647123367,4.5032269661314785,4.5032269661314785,4.575654494110495,3.9273256538435817,5.037628214340657,4.656347681302577,4.344359209295362,2.5259067569859326,5.091547688469291,4.313483237288892,,,4.997722025029361,4.458372680936009,3.0368009586818516,4.907644668128341,4.750457459595054,,4.010029128752649,4.010029128752649,5.06733207218349,4.542937892489135,2.457153932657093,4.112515452783555,4.112515452783555,4.597783144097775,3.760522094555199,,4.113266189116985,4.125084909144789,4.050690224394202,2.498292751610279,4.569404448848218,3.1940314122475684,3.3144651893526316,2.428535634186119,4.129089017864317,4.559211930260062,5.262840283103287,4.773232653271407,4.827247795648873,2.3078844724223018,5.347034913953394,4.973622850608081,5.047556516714394,4.532329216599464,4.2305568642914295,4.464427071623504,3.5312532358802855,2.314723779913038,4.909166025929153,,4.184634989127517,5.107623584102839,5.187416029162705,4.626442322507501,4.791341882199049,4.797010600566864,4.657076185569167,,4.456944420002401,5.4562791818752885,5.246652747504413,4.936828808858991,4.083216233178973,4.244319511577487,,,4.111463307868689,4.578629523981363,4.564512638375163,2.5342696513980627,4.983910902868956,4.93540884880349,4.375494108535349,5.244698233902454,4.752909230999649,4.29597415914759,4.304885260295123,4.771529147401452
tt_0.8h,4.063976505305618,,,4.370353376958519,3.413887464441359,5.053729270584881,5.053729270584881,4.888913589064032,4.8049242328852415,,3.3156591155566275,4.365296300966293,5.323502602055669,4.777814824599773,3.095477277878672,4.321889750659466,5.368749810848385,4.445616024080664,4.445616024080664,4.555967828258872,3.923579915892333,5.003510579932481,4.662789610680193,4.222906579263508,2.5226038889959455,5.047206816263497,4.289839601144195,,,4.979925999417901,4.4320198483765125,3.0131823318079114,4.86463827919215,4.750457459595054,,4.010081182233989,4.010081182233989,5.015127360355109,4.484782180283219,2.4773874287493527,4.040970943402499,4.040970943402499,4.599151625297964,3.760522094555199,,4.025963381398469,4.087396832183003,4.055080172140151,2.506500522606075,4.478535266127437,3.1186393266543746,3.3105524936690927,2.428310291375965,4.129129264969379,4.5569568537175655,5.266245122533292,4.763812266290188,4.816431223414838,2.324034033343196,5.347777915652841,4.970807828940451,5.011467453092337,4.487951405346394,4.230422559194267,4.460344337392598,3.502232854254544,2.306657786015421,4.868518356233835,,4.167698865290731,5.105268878862262,5.194584486074746,4.5981106366962194,4.748472621664405,4.760529961902648,4.6204139133915305,,4.441852249670774,5.458386898972094,5.209911277983338,4.8691761046648026,4.058895063120872,4.2452738881111145,,,4.099962312262505,4.509719170164317,4.496396230533719,2.534242174588144,4.983910902868956,4.869389487896115,4.352138597052544,5.209764595609158,4.742124250158668,4.234556498005986,4.275880156084895,4.722264159936458
tt_0.9h,4.0654079131782055,,,4.307375683449209,3.413887464441359,5.057042065542191,5.057042065542191,4.888913589064032,4.705822756513953,,3.3080481202341616,4.298699198756367,5.316017537377775,4.724338016007096,3.0956787574104965,4.2747088060714304,5.326411393471062,4.392010643146932,4.392010643146932,4.536737431306392,3.92363874707371,4.970386812463403,4.635352245066315,4.237390413414687,2.5191437862813473,5.053642640821636,4.268292078748345,,,4.96214676136151,4.407577475532889,2.9907002951949835,4.824571760371327,4.68199615040794,,4.010081182233989,4.010081182233989,4.966351464390755,4.4316137121059,2.4818680956959724,4.047767934855074,4.047767934855074,4.600344103761017,3.757845956366509,,3.9461751361377537,4.05224235355854,4.070058326702565,2.506500522606075,4.491024227812886,3.1324847997166216,3.306718488689512,2.4281139662489295,4.129129264969379,4.554710266645998,5.272450068499893,4.753627706319094,4.805616688448936,2.339989405591041,5.34853500733152,4.967992756515741,4.976755518466234,4.448425278067589,4.2302871574647725,4.467521823011339,3.4745229240506887,2.312098171096295,4.82988289790228,,4.150813681073487,5.102967065293342,5.194584486074746,4.571270519401878,4.708579977974296,4.725730700884014,4.586318225599825,,4.426857240498066,5.4605051428079605,5.1746296333149076,4.806377193424851,4.034513209015131,4.214292022865266,,,4.0887735420838,4.446580522693694,4.434403298422694,2.5342148575000465,4.91947178915143,4.80932244239375,4.330375287216157,5.175175348762423,4.731303922832012,4.17914941906929,4.275880156084895,4.676270256750286
tt_1.0h,4.040017324499786,,,4.247645408846438,3.4108999599702656,5.057042065542191,5.057042065542191,4.7918255678378046,4.709983733482659,,3.3003753409720957,4.2372653093189,5.308519749902189,4.675077909138054,3.083980835508555,4.230886426754296,5.2857202985323966,4.342591415625066,4.342591415625066,4.517946048174053,3.9199105598963797,4.938513230998069,4.635352245066315,4.237390413414687,2.5154992267489433,5.053642640821636,4.248363892547786,,,4.94453857652843,4.384624479804188,2.9692773460410535,4.827208921778947,4.6192786721512675,,4.013037797994912,4.013037797994912,4.920666034799069,4.381261188071221,2.4818680956959724,3.988192301709205,3.988192301709205,4.613538506440818,3.757892120629549,,3.875246917363256,4.0204284666106105,4.073951318394393,2.5063128820620477,4.408215832430869,3.067639645189047,3.302884173579514,2.4278517621569335,4.127025282941759,4.552480925805867,5.275791280902922,4.75419368641451,4.794876591768116,2.3557432321831584,5.349305601790547,4.965180187020451,4.943576178047806,4.4134092684835196,4.230150694493204,4.454490289092064,3.447753103915602,2.3044906305149198,4.793089332059026,,4.1341115538962185,5.100672112777829,5.185592522379011,4.545866818167269,4.671160083729774,4.692524040583521,4.554216431453824,,4.412114913575351,5.462636582087725,5.140987242106348,4.748299840837717,4.043706338386983,4.214292022865266,,,4.077382744755596,4.386103889439255,4.375143548473716,2.5341877001337707,4.8605168531648815,4.753272460307926,4.309663757216185,5.141278826165944,4.720449454151094,4.1862683105282485,4.2475424711592495,4.632743219379336
tt_1.1h,4.015967966988683,,,4.191784832626581,3.4109563175588846,5.015862463507801,5.015862463507801,4.801342784892768,4.709983733482659,,3.2930860025808215,4.181817674543709,5.301061541307718,4.629335337784141,3.0721784699708223,4.18984673731029,5.246993022039533,4.296496560331434,4.296496560331434,4.4995640981942415,3.91619490692392,4.908001881092787,4.608817940112203,4.13132347445935,2.5112444520927966,5.044009504374117,4.229736191686243,,,4.927192230708897,4.363034012261778,2.9489372549578547,4.789360321126878,4.561159289442003,,4.01601134147495,4.01601134147495,4.877786360215396,4.333858931902796,2.504831283353269,3.988192301709205,3.988192301709205,4.613538506440818,3.755243342369795,,3.8101428048685193,3.9896414517425,4.077572203241289,2.4987020711414516,4.3318849336355925,3.067639645189047,3.299074998125434,2.427601494360715,4.124922277871519,4.55027181096375,5.27908228058368,4.75419368641451,4.784281749743968,2.361203575041145,5.350088999141008,4.962374137248844,4.912162012420595,4.381890163756907,4.2300131232477725,4.454490289092064,3.4219827777706087,2.297352498397231,4.758109566755593,,4.117744241841137,5.098410973791033,5.185592522379011,4.5217758519575,4.6360319862142205,4.660822887439281,4.5239378940314054,,4.397708754986525,5.4647775730118155,5.108959533739835,4.693829442374408,4.0194524792023,4.18438392970711,,,4.06587622826919,4.330372754018754,4.320973034948111,2.534160705283284,4.805854316800833,4.700876801274717,4.28983925934881,5.1461879960261285,4.709626469761133,4.135472685564309,4.220061261206865,4.591329439077526
tt_1.2000000000000002h,4.015967966988683,,,4.138837303034961,3.407991756219417,4.97682517580688,4.97682517580688,4.710726852994412,4.62739514419809,,3.2856115526519716,4.128664277959615,5.293623017147183,4.586555046029389,3.0603559017181396,4.15070781018585,5.251225171610713,4.2533433847129345,4.2533433847129345,4.481574957724661,3.9125067023560405,4.878715257626027,4.583385671023279,4.0404233587905765,2.5063609811477363,4.998406658414751,4.212294223252684,,,4.9101282032206655,4.342638170812279,2.92976449476555,4.753447751514614,4.566710962448269,,4.016087238211185,4.016087238211185,4.837383115198463,4.288386763073504,2.5290890838950872,3.9379046242684126,3.9379046242684126,4.614326351787895,3.755243342369795,,3.751574440859258,3.9611969008110464,4.077572203241289,2.4984326232224703,4.3318849336355925,3.0110605913214386,3.295401580631733,2.427341136150062,4.124980140477419,4.5480814557522535,5.282294136472046,4.743413933552802,4.7738562962040305,2.3767631025984883,5.354721418116242,4.959596900269389,4.882482354529202,4.387466473504901,4.229874493088573,4.457541509531438,3.3972611483186483,2.290525322780013,4.725156443193555,,4.101865899283439,5.096186407376081,5.109696595929563,4.498789197765291,4.6029999209567904,4.630521149374545,4.52672562841326,,4.3836669344455,5.46692614024505,5.078229004982859,4.64254084136337,4.0194524792023,4.1551083591766655,,,4.054681523703039,4.277147283777595,4.269494865089655,2.5341338752768934,4.810036411974579,4.651899615302682,4.270764280110598,5.113315152004361,4.710003990214318,4.088699033018202,4.193660912569612,4.551811988931149
tt_1.3000000000000003h,3.993550572078675,,,4.088521445635706,3.407991756219417,4.980174784548581,4.980174784548581,4.710726852994412,4.6153050707653165,,3.2785136187449098,4.078837352339178,5.286258558742702,4.546291115228087,3.0603559017181396,4.114235805347562,5.214575007092208,4.212869502604008,4.212869502604008,4.4639615514315665,3.9125067023560405,4.85050090868026,4.559150711167604,4.054544574581087,2.501038038171828,4.998406658414751,4.195617519784719,,,4.893311175983399,4.32329027634114,2.911687894258648,4.719236061442643,4.5128763960674405,,4.019090284593403,4.019090284593403,4.7992134052328765,4.245957997627556,2.5347799034789205,3.943739743437618,3.943739743437618,4.6149093033745885,3.752609292976558,,3.6982501540333033,3.933379123453051,4.08091707341373,2.5067715803161263,4.262177553027868,2.9623526534996927,3.291719775646925,2.4271584204398096,4.124980140477419,4.545912571251392,5.282294136472046,4.7279507839120924,4.763667949009687,2.3920646915212274,5.355532177723944,4.9568151431158185,4.854128368198872,4.358745047356933,4.229734797496349,4.457541509531438,3.373384398408234,2.290525322780013,4.693697080016136,,4.086412293370813,5.094000708311796,5.116925845388323,4.476889110170305,4.571829612366855,4.601489717606455,4.498369964770973,,4.370038037188351,5.469080237671733,5.0487811476923525,4.593994395341724,3.9955915631726384,4.126616468653083,,,4.043234667740762,4.226041916757822,4.220079041086137,2.5341072124429047,4.759358625859022,4.6061116508208215,4.25233325175941,5.081652333494276,4.699218059889972,4.045330601744354,4.168544616084546,4.513916852418333
tt_1.4000000000000001h,3.971807365771383,,,4.040881953667849,3.405034293886274,4.943418454844505,4.943418454844505,4.627241705544293,4.544211527798325,,3.2712885066866875,4.032763171941042,5.290092739742249,4.5083857318386436,3.0484740817919374,4.078751561231911,5.214575007092208,4.174755667336285,4.174755667336285,4.465092783328146,3.908812024164945,4.823354857508093,4.536203732714057,3.9735604035668075,2.4953491636551917,5.004753535613418,4.17955076508224,,,4.876791025046259,4.304876695852727,2.894625667948276,4.68652688479051,4.4627715279348195,,4.019090284593403,4.019090284593403,4.763397738803178,4.204119982197881,2.5600567483343184,3.899401994422078,3.899401994422078,4.627640630118549,3.7365737450309098,,3.650012838188559,3.90725374314934,4.08397711487487,2.5067715803161263,4.197748627979308,2.974483431316912,3.288040435872972,2.4269444313831627,4.122881461400539,4.543764729984105,5.285476058721542,4.7279507839120924,4.753774628508836,2.407092850189656,5.35635388083756,4.958024182356894,4.827059032861143,4.332781513221562,4.229594016913325,4.464767587836832,3.350124217569828,2.2837665271945298,4.6635788744315505,,4.071241138502955,5.096536808181554,5.116925845388323,4.455968834925443,4.542311464436352,4.573909706901759,4.471389885991812,,4.356801729183644,5.471237367019057,5.020580505486578,4.600414636079222,4.004651823081076,4.0995691902935505,,,4.031911329366267,4.178135910537094,4.174045286141336,2.534080701880157,4.711274049244821,4.561819662805647,4.234484160318971,5.081652333494276,4.6884183920919895,4.045330601744354,4.177382749971002,4.477494646795094
tt_1.5000000000000002h,3.950779559556395,,,4.044303030706942,3.389008446596563,4.943418454844505,4.943418454844505,4.621308343484998,4.544211527798325,,3.2644125730730593,3.988380699418485,5.282811549026519,4.47277707234025,3.0365422992035747,4.0450468813069165,5.179963923525065,4.138831339776516,4.138831339776516,4.447893723379821,3.9051221068948507,4.7972763371653855,4.542114051058888,3.9735604035668075,2.4894116269424558,4.959806444123387,4.163982118945569,,,4.860593863762915,4.2872814713045955,2.878459157422185,4.68652688479051,4.4627715279348195,,4.0221114116720855,4.0221114116720855,4.729262513574213,4.165136276278645,2.5600567483343184,3.8602588935755193,3.8602588935755193,4.627815977670252,3.7365737450309098,,3.6054030139930546,3.8820356549695134,4.086746271234006,2.506328902207315,4.137885487638414,2.931304860394448,3.284428935032338,2.426768088247627,4.1207694644108415,4.541637618094683,5.288599559105933,4.716595432255417,4.7440818613395095,2.421901669818908,5.357185415457934,4.955288186203688,4.8012751173228025,4.309166848659515,4.229452195111662,4.467807374894619,3.351718097459525,2.278401038609445,4.634665567427874,,4.056404577568173,5.0944263762794435,5.1240997994318604,4.4588763187639415,4.514230614993721,4.547317146789283,4.445633070543408,,4.343925742898136,5.473395026288927,5.0242435545660555,4.55433579813689,3.981352945789695,4.101044819690287,,,4.020413038320839,4.132427920587361,4.177790516987443,2.5340851596556604,4.711274049244821,4.519439643714577,4.217486736364663,5.051310642622411,4.677661499474198,4.004896160215139,4.1535478020086884,4.443093692418188
tt_1.6h,3.9308758224360645,,,3.998753346502781,3.3860707208514214,4.908859274815768,4.908859274815768,4.54467194294557,4.548116608988494,,3.257505068089813,3.946120713837445,5.275603194721043,4.4774516127072275,3.0246206843294203,4.012669450137764,5.146937845740467,4.104963240213692,4.104963240213692,4.431030817329884,3.901442226022482,4.772256601136178,4.520136286970228,3.9015624481253326,2.483412256464362,4.959806444123387,4.1488348306156695,,,4.8447406170889735,4.270406597759575,2.8631416563875973,4.655152985360473,4.416189557407051,,4.00610717991367,4.00610717991367,4.696671469602734,4.127207633573562,2.585578120313585,3.8602588935755193,3.8602588935755193,4.627788457553834,3.7339555523358285,,3.5662749358452857,3.8576309788040817,4.089219436980784,2.5146838016808033,4.0819697715342045,2.931304860394448,3.2809367016889155,2.426546167116612,4.104742587078363,4.5395407932810485,5.291661823168397,4.717319893185049,4.734600367024541,2.4364985446445644,5.35802550567314,4.952574661001563,4.776654747780412,4.287575085181743,4.229309293441474,4.467807374894619,3.3294570529833436,2.2726537249982357,4.6068683732301,,4.041948437225074,5.092360072769225,5.047352897934616,4.43887851992622,4.48744191788137,4.521662524435669,4.420907946769148,,4.3313741884194314,5.475548286456615,4.997239803429693,4.510348473209888,3.958848311100155,4.074562750291079,,,4.0090073007158935,4.088424409274012,4.134104324970394,2.5340589825063944,4.665682804305106,4.480121085420251,4.200751448515803,5.022395136766136,4.666935440618545,3.967189976479858,4.130624836310744,4.410021153278649
tt_1.7000000000000002h,3.932494196575135,,,3.9556730426847935,3.3860707208514214,4.896097764838487,4.896097764838487,4.54467194294557,4.484884813893586,,3.250527529977262,3.907125325873494,5.268522628583014,4.443379377946258,3.0125442165881395,3.9817252880893648,5.151233991142362,4.073616646695882,4.073616646695882,4.4144871472381055,3.897774090990424,4.748247708659619,4.4991215812042356,3.898970248643309,2.477282547391951,4.966074612457305,4.1340726357884705,,,4.829269097186625,4.2541975770145655,2.8486586213111877,4.62498468067497,4.372036227490753,,4.009158348664641,4.009158348664641,4.665486080106348,4.090525114908814,2.611145750619471,3.8260248210281134,3.8260248210281134,4.627788457553834,3.7340357340872288,,3.529911629855633,3.834389719646424,4.102804078254849,2.5146838016808033,4.095048883464187,2.8926570657640696,3.2774393521249294,2.4263623133301735,4.102638443000615,4.537458228413016,5.294659317471087,4.717319893185049,4.72535725357011,2.4364985446445644,5.358872512355447,4.949886726681143,4.753182330634445,4.267666751984507,4.229172311257571,4.47082694247365,3.307816273532808,2.26713535329327,4.580060910899192,,4.027928170282394,5.090340896975249,5.047352897934616,4.419704273343086,4.461833497975022,4.496900935657322,4.397152107208967,,4.319145078305155,5.4776709489524364,4.97132193017751,4.468287573195994,3.958848311100155,4.048572967760265,,,3.9973878827877343,4.04670971725136,4.092258907854557,2.5340329809114337,4.623311063274741,4.441477530635893,4.184546448756009,5.027387210167944,4.6562220132909715,3.9320804039016366,4.108675703871995,4.377550293691456
tt_1.8000000000000003h,3.91286573279649,,,3.9137200280092657,3.3831402845680714,4.863320621661842,4.863320621661842,4.555005591828376,4.484884813893586,,3.243928987532854,3.9135729428380728,5.261554585304111,4.410500378347933,3.012936851475388,3.951462797820568,5.119760295376182,4.043637664057314,4.043637664057314,4.398250177502632,3.8978915638290346,4.7251953524537385,4.479078446049243,3.8344826297834516,2.4710057117044926,4.922467524185777,4.119654173497111,,,4.814175230450928,4.238600950222462,2.834942519199103,4.596634364221245,4.377634657081217,,4.009158348664641,4.009158348664641,4.635590153746307,4.055499467533082,2.6016756296157837,3.814894111827016,3.814894111827016,4.627561157569289,3.7314535682089627,,3.4967620065435767,3.811511503532529,4.104758895933628,2.523157997056842,4.042545304633677,2.88799005234614,3.2739034863188863,2.4261200721375644,4.102638443000615,4.535401060245931,5.300502241589129,4.705419262871146,4.729544159956276,2.450886722188443,5.359716872218996,4.947234928142279,4.73071832023561,4.249154355376959,4.229043275117874,4.47082694247365,3.286920402664691,2.2723323479294777,4.5541801867075264,,4.014399570412934,5.088383739348501,5.054647158365697,4.4012808706611395,4.437280444893986,4.472926635760814,4.374230556190014,,4.307176154106855,5.47975016431883,4.946410885546356,4.428750331513584,3.937329852953553,4.023746328894049,,,3.985609471332282,4.007155091967434,4.051778569817543,2.5340071101672947,4.627693156711757,4.403991766739637,4.168527953326702,4.999602399300784,4.645567996427417,3.8987904614768922,4.108675703871995,4.346104933414608
tt_1.9000000000000001h,3.8937517842277884,,,3.8741177218034863,3.3832415440119803,4.863320621661842,4.863320621661842,4.4835677915252745,4.426637855358422,,3.2372782710008323,3.8752745743840933,5.254689960740507,4.379139496479183,3.0009883232414722,3.922404260840267,5.089724050834775,4.015287863556296,4.015287863556296,4.382478307001293,3.8942547594197094,4.70302645303309,4.479078446049243,3.8344826297834516,2.464807692915201,4.922467524185777,4.105542576871812,,,4.7994533334858716,4.223559116013348,2.821951225399971,4.5690314238891006,4.337009375914931,,4.009270284324884,4.009270284324884,4.606856887694448,4.021676759235561,2.6274150065146387,3.7831317307427526,3.7831317307427526,4.623519766610116,3.7314535682089627,,3.4664843436330557,3.78929415717721,4.106454565189779,2.522456358652562,3.99307862482965,2.854495908599347,3.270572162233293,2.4259372632950544,4.102726157288998,4.533369279466569,5.3033876973204315,4.70623429492116,4.720419635530561,2.465070752426982,5.36055458849296,4.944615510292351,4.7092141271568835,4.231879523489624,4.228922206908464,4.457722549326718,3.2664384520612657,2.267848936840892,4.5294249365106225,,4.001344112679362,5.086436580866575,5.054647158365697,4.3835324151441455,4.41370362509042,4.449728591367602,4.352110722567886,,4.29546468006447,5.481782303191721,4.922435479238629,4.39073207648471,3.9301167433150113,3.9997864081524312,,,3.9734914395958185,3.969106291886419,4.013381408993155,2.533981359563768,4.586765335407108,4.368514800444245,4.152828658930957,4.972867749165744,4.634954358451068,3.9056914942339063,4.08774030348286,4.315616155043244
tt_2.0h,3.875752697698772,,,3.8356653563678265,3.380337532609701,4.832156171556562,4.832156171556562,4.416967012919486,4.430375314783305,,3.230641689617187,3.840076360385865,5.247889367863536,4.348774808458984,2.988943701144308,3.8947215788066387,5.061051377095282,3.988676563836634,3.988676563836634,4.366984538733959,3.890604680404067,4.6816801922395825,4.459941929671913,3.77695905091241,2.4585478720255196,4.928632732015103,4.091874942649156,,,4.785091639496386,4.20902782632038,2.8096245587803423,4.5720597566105425,4.2977757868357,,4.012370690703392,4.012370690703392,4.57923065777868,3.988853713963181,2.6274150065146387,3.7536391275934875,3.7536391275934875,4.622899319510907,3.7315449989400804,,3.438921690918505,3.768206687644124,4.10791747784242,2.522456358652562,3.9463083338923752,2.8231402272358537,3.267201670911163,2.4257089095190167,4.100628732237965,4.531363555695862,5.306204709224403,4.693909431807697,4.7114770375192165,2.4790232139639556,5.361383678391576,4.942045715171844,4.6885680430568755,4.2156546311452985,4.228809150401503,4.46499764546752,3.246492854785174,2.2629741900600493,4.505651029758155,,3.988738400861621,5.084515620954335,5.045781604014337,4.366411940660328,4.390999987255782,4.427212401293218,4.3306819424033165,,4.284009025432169,5.483779690228403,4.8993129171431065,4.353823579847813,3.9092951281927526,3.9997864081524312,,,3.961098786909133,3.932269799988717,3.9766496871598065,2.5339557309634984,4.5471845073625445,4.334562541451305,4.137884458061308,4.94718815991655,4.624359516426921,3.8737489487975836,4.096430802252144,4.286986282095313
tt_2.1h,3.85765332961455,,,3.798900282010436,3.380337532609701,4.8355403686873615,4.8355403686873615,4.416967012919486,4.377559334039688,,3.2242369172163308,3.805511939805001,5.241192698013037,4.320455844979733,2.9768491280265152,3.8674381733871996,5.061051377095282,3.9632195471785963,3.9632195471785963,4.351759707555175,3.88696030061692,4.661108899861574,4.441675926093012,3.7897064173594117,2.452311522793025,4.8868862902745605,4.078433242626488,,,4.771075707860291,4.19496915768832,2.797917017713189,4.545150665100664,4.260721799917519,,4.015470062382519,4.015470062382519,4.552610286977142,3.956860737875104,2.6530336318537593,3.7536391275934875,3.7536391275934875,4.6221344457007945,3.7289763325825334,,3.4129583230242133,3.747401232365519,4.109156817663461,2.5148427416570485,3.9029539320617914,2.8231402272358537,3.263797042891383,2.425466255750507,4.098528239410371,4.529383598361164,5.308949411846697,4.693909431807697,4.702747978270054,2.4847389752976596,5.361383678391576,4.939492603763938,4.6686917138285935,4.2156546311452985,4.228704111650586,4.46499764546752,3.2273693433962762,2.2588943005539477,4.509236460085958,,3.9765446265228093,5.08262200281024,4.971272426191717,4.34986865054816,4.36911615729332,4.405379876494408,4.3306819424033165,,4.272745070978999,5.485743241384625,4.8769997814670205,4.318266162648797,3.889174362178892,3.9759384845383465,,,3.961391804739833,3.897228959482163,3.941353565081954,2.533930226229131,4.5090814479626715,4.300851200707257,4.123025746550411,4.94718815991655,4.624359516426921,3.84331925958395,4.076251031365246,4.258700936101377
tt_2.2h,3.8404489806853235,,,3.7632330185733736,3.380449728574604,4.80593885993585,4.80593885993585,4.427630002610385,4.377559334039688,,3.2180632022209466,3.7727037291042507,5.234587389975786,4.2925826432183385,2.9647343577817082,3.8411221923306584,5.03361706668511,3.9391138404607773,3.9391138404607773,4.336795696057379,3.8833241229876876,4.641266133170575,4.447108841035515,3.7369346865452826,2.4460409660823643,4.918682043906301,4.0653505944646895,,,4.757400028407574,4.1813497841358185,2.7867722916416824,4.519111214205623,4.260721799917519,,4.015470062382519,4.015470062382519,4.526911119464785,3.926228233613074,2.6601862823590636,3.758287134114653,3.758287134114653,4.6221344457007945,3.726415735669434,,3.388381258584559,3.7269967584870756,4.1101771784015,2.5148427416570485,3.8613190641626716,2.7947111101821065,3.2605603295378387,2.4252460645511746,4.098528239410371,4.527430078480393,5.311617074068636,4.6948199002072215,4.694203303195536,2.4985086657106876,5.362208240665495,4.936976545024663,4.649569170083851,4.200340029317886,4.228607119992375,4.467986184637994,3.208432207349688,2.255132898222655,4.485988235566765,,3.9647183320485055,5.08075659815222,4.971272426191717,4.333862486295402,4.347968123853207,4.384378829039633,4.310141401831061,,4.261678719893098,5.4876721245236695,4.855430837254971,4.283969401847571,3.8697956106625497,3.9778615212999284,,,3.948208397720009,3.8631331552751362,3.90728093823418,2.5339048481546342,4.5090814479626715,4.2693497110158205,4.108307858929038,4.936167797539383,4.613832772243768,3.8150139655917883,4.056949793361127,4.231165594886988
tt_2.3000000000000003h,3.8235210082493722,,,3.728832225315273,3.3775575761683285,4.777731200680137,4.777731200680137,4.366241167765111,4.381261481437832,,3.211711603682488,3.7413425748236477,5.228061620611697,4.265422164462507,2.9526149542070925,3.8155241888016462,5.021880723070353,3.9171472135931253,3.9171472135931253,4.32208511326462,3.8797106915153563,4.622124242596328,4.429563709069043,3.6898517506197095,2.4397589187137783,4.876825042068958,4.052350996993482,,,4.744059183169156,4.168138529639691,2.776173509657383,4.49399632634595,4.250181200448424,,4.015603804960847,4.015603804960847,4.502341988030821,3.8960845097899437,2.685882525984198,3.731666193343699,3.731666193343699,4.63380806799978,3.7290796996094286,,3.365702347829938,3.7074981364421546,4.1101771784015,2.523457433562726,3.8220158545300364,2.8053528629243374,3.2572937132790685,2.4250607206486166,4.098636810667813,4.525502705946565,5.314202514942735,4.682154667563736,4.685852887574583,2.5120675577782094,5.363027573097497,4.934497271198779,4.631131310015917,4.185812141280621,4.228518212214112,4.475266908295453,3.1903843181207776,2.2511783661320806,4.463438705075532,,3.953296430874616,5.078920139465481,4.978604229632765,4.318352667149156,4.327522537205368,4.363931719679385,4.290380344260484,,4.250796628184617,5.489565565716475,4.834563356358558,4.2517530606128275,3.8697956106625497,3.95543842529878,,,3.9347920273430645,3.8310034037567675,3.8745738426223397,2.533879599068314,4.497509680688381,4.238211493007839,4.093837425112724,4.911549094133079,4.603355839382857,3.7876686798408628,4.038450947031379,4.2041547782719135
tt_2.4000000000000004h,3.8235210082493722,,,3.695805363357067,3.3746856739744544,4.777731200680137,4.777731200680137,4.30871899286285,4.331597838085145,,3.205456300638616,3.711011353880167,5.221655972767621,4.239130543079227,2.9403226412832737,3.790775022469461,4.995584703981876,3.895819891244173,3.895819891244173,4.30762144876644,3.8760841195471585,4.603636951651424,4.4127850122749805,3.6898517506197095,2.4334803130477667,4.837377900723368,4.039554565679282,,,4.731038600672036,4.155307585839182,2.766073756851256,4.470288549084216,4.21458192076534,,4.018728086724877,4.018728086724877,4.4785550576634705,3.867094775661826,2.711458357051015,3.7061457755044103,3.7061457755044103,4.632778727449477,3.7265289244242013,,3.344314359128475,3.688193155452609,4.110986467450857,2.5224952143616974,3.8220158545300364,2.7796307601965964,3.2540781293064356,2.424843696411699,4.096543269697577,4.523611289914697,5.3166927504353225,4.682154667563736,4.6777048939839005,2.525443831924349,5.3677756721153855,4.9320571529679,4.636757700704038,4.189549349248409,4.228437406942248,4.470955775119364,3.1724528199993074,2.2477713534608483,4.441683761309832,,3.9422654705122113,5.077113412320614,4.908050049562007,4.303306750487536,4.307717447169125,4.34423104673624,4.293405739590526,,4.240107741672546,5.491422910708934,4.814358873758465,4.220268494449556,3.8785789674147964,3.9333371808752418,,,3.9203897695988417,3.7995033604092896,3.8429886754602194,2.533854480832815,4.462364706210792,4.2077188631519675,4.08000481268391,4.8878916767425835,4.60414154920727,3.761435827706009,4.020682712085545,4.178511337377131
tt_2.5000000000000004h,3.8072460773400962,,,3.6636190419085324,3.3746856739744544,4.7811608160845935,4.7811608160845935,4.377019667066634,4.284718441776931,,3.199444501660764,3.6821340969763696,5.221655972767621,4.21475242683664,2.928048370871693,3.7666524960659444,4.970310807228088,3.8753523067571223,3.8753523067571223,4.30762144876644,3.8760841195471585,4.585772320162505,4.3967127446085215,3.7019352125935256,2.427236942574382,4.882905261591077,4.026972929947078,,,4.718332581687719,4.142840911168605,2.756430275272578,4.446624263655394,4.181372509803623,,4.021867863368243,4.021867863368243,4.455737946555018,3.8383625452406704,2.711458357051015,3.681898341048509,3.681898341048509,4.631638698745519,3.723987376317382,,3.324023644439876,3.6694815452210605,4.1234002551063895,2.5224952143616974,3.784211761318147,2.7552215582691133,3.2510474254377186,2.4246119619347155,4.094446153379977,4.521736797410995,5.3166927504353225,4.667063165921718,4.6697205123491585,2.538644004613161,5.368597476743162,4.929656985215843,4.6189350401982665,4.175619561225176,4.228364707902074,4.478264889214188,3.1550270039588213,2.2444806466810405,4.420371057000011,,3.9315822795033455,5.075336792971939,4.98592927120626,4.288692954927683,4.288509404286742,4.324864238500595,4.274027472361922,,4.22955864854157,5.493241653777659,4.794767051003873,4.18974399426952,3.859981157351285,3.911596059333533,,,3.9046865440905094,3.7691676821559668,3.8124435893259943,2.5338294939137995,4.427340193185955,4.213119610678405,4.066247021779418,4.8651508232578635,4.593737273011357,3.736027767881751,4.003601650241762,4.153527015354484
tt_2.6h,3.809095185250044,,,3.6325750243850052,3.374824217054993,4.754200667142868,4.754200667142868,4.319650324061513,4.319173353724182,,3.193455943837762,3.654130502138287,5.215334087610245,4.190330254845321,2.928048370871693,3.7434568349272013,4.945970600005239,3.8558878041803837,3.8558878041803837,4.293398286681622,3.876244360115379,4.568497376982123,4.38128318823874,3.658525221981108,2.4210002846084535,4.843334909062833,4.014555467292666,,,4.70592735754326,4.130714212544262,2.747232688125223,4.423781343270093,4.149262043181807,,4.025023298338056,4.025023298338056,4.4333947859704494,3.81135058356449,2.719068736769259,3.7105796416290104,3.7105796416290104,4.630401523783803,3.723987376317382,,3.304408364929259,3.651096811518073,4.123829383403063,2.531129670329392,3.797145382501185,2.733346008695662,3.2479007351212204,2.424418894108385,4.094446153379977,4.519888530485332,5.3191483886912465,4.654131773393601,4.66192333586514,2.551668133586645,5.369414619170129,4.929656985215843,4.601708278991282,4.162305381614715,4.228300153277814,4.473906397819519,3.138092888519168,2.2444806466810405,4.400014735758305,,3.921263081487268,5.073590484447777,4.915472134947777,4.274486094713211,4.269857489038259,4.305991780478507,4.2551642139442265,,4.219161929562688,5.495025469921529,4.77575640194118,4.160190703812987,3.8421445759013295,3.891091272700578,,,3.888225059490651,3.740213431417942,3.782915633637458,2.533804642036557,4.3932147501036525,4.184591587167233,4.05268772225827,4.843286192975938,4.583411056082696,3.712212473154068,4.003601650241762,4.1287406026385725
tt_2.7h,3.7929919408634305,,,3.602482025977224,3.371970401145518,4.728389961179346,4.728389961179346,4.265689174178988,4.272298861294985,,3.1875284761190414,3.6276336475275457,5.219274832401425,4.166416465304792,2.92862929450348,3.720746983308345,4.92249539680779,3.837888101115823,3.837888101115823,4.295147808268666,3.8726272713392973,4.551778317894787,4.366462286096066,3.618389403447509,2.414766391273588,4.806304899044335,4.002684144768864,,,4.693812123965472,4.118909096810967,2.7384329442866147,4.401358248665929,4.11823035730049,,4.0220166919752955,4.0220166919752955,4.411731807515025,3.784717773552984,2.744732214603573,3.6862253826111555,3.6862253826111555,4.629057145677507,3.7080032783560455,,3.285682779736817,3.633379878476262,4.124071576632559,2.5299158026464283,3.760986528825015,2.76525911455974,3.2448771968483925,2.424163688905537,4.094575841445476,4.518067700788379,5.324725154321641,4.654131773393601,4.654299126472324,2.5645171920768917,5.3702266020700336,4.9312538001686335,4.585038843564689,4.149532685056329,4.228243762161583,4.48122249962762,3.1212770799174905,2.2493538577109575,4.380151799414307,,3.9112787628546357,5.071898703929037,4.993199551012367,4.2606604802422225,4.251727807801217,4.287590821273625,4.236783577129245,,4.208931609988213,5.496772243175656,4.757294257637113,4.160190703812987,3.825065065640956,3.8707040208391845,,,3.8703170991502702,3.71217845659703,3.754572825971991,2.533779928460717,4.361268173903227,4.156131614930928,4.039331518113613,4.843286192975938,4.573142998851836,3.712212473154068,3.995688860770315,4.104744876734912
tt_2.8000000000000003h,3.7772804321721196,,,3.5731310402043164,3.3691215943545103,4.703561118338257,4.703561118338257,4.214647891931236,4.22844747826457,,3.181698945350945,3.6022319747135043,5.213063498027623,4.143867805134505,2.9164597913622856,3.698503138963133,4.950382424984127,3.820534653495997,3.820534653495997,4.281210060231388,3.8690150077454746,4.535581548232585,4.366462286096066,3.5818214821629226,2.408547974191606,4.849335403647274,3.990734322927892,,,4.681978614535183,4.107405429705977,2.7300267592072487,4.380358302034438,4.0885769706219435,,4.02518137358129,4.02518137358129,4.390679768286645,3.75873092841357,2.770277177914977,3.6641157274134457,3.6641157274134457,4.641664323862642,3.7054829611442983,,3.2679050639271736,3.6158982068300247,4.124137598089874,2.5397992972284555,3.727454422041774,2.7433992167934775,3.241822533775121,2.4239512076601386,4.092485655564815,4.516272743232548,5.327079432085156,4.655248897150159,4.646825473289937,2.5772004541940987,5.371032936964184,4.928930542897433,4.5688915848731995,4.137243710458279,4.22819554945454,4.488505000248551,3.105113821104169,2.2458308516070247,4.360635433346033,,3.9016002379357815,5.0763597642071545,4.922877871897072,4.247194551862776,4.234075972810388,4.269640588667244,4.218835041858256,,4.1988175958395,5.49848205037415,4.7393500111065805,4.167176376096904,3.8508594357408583,3.8509103395044804,,,3.8515532799065113,3.6846727458760142,3.754572825971991,2.5337553545832634,4.329716268926859,4.128721741959453,4.026514810975641,4.848423353862017,4.562910511158407,3.7188934460282326,3.9791676243767142,4.081886399071664
tt_2.9000000000000004h,3.7619372154586017,,,3.544822661206126,3.366322438698262,4.7318621897138655,4.7318621897138655,4.260580501053482,4.275989912450314,,3.182265237439424,3.5775528624653816,5.206972815096378,4.121665019541979,2.9041182044893503,3.676755191758275,4.9269222929142416,3.803817759733647,3.803817759733647,4.26750039216131,3.8654104340821505,4.519891655538231,4.355350167024881,3.629780139774084,2.3962510963901877,4.8121892949566245,3.978969348128885,,,4.670417609158903,4.096196342725307,2.7219700571149588,4.404583469964564,4.12373489048332,,4.028380693867803,4.028380693867803,4.370220502372831,3.733514946885407,2.7957177767530084,3.6426121327094734,3.6426121327094734,4.640189317986369,3.702966663520783,,3.250753696076572,3.59886052692309,4.1240381160750985,2.5383747229352593,3.6946448292583227,2.7226891638711095,3.238775665871799,2.4236920359544456,4.090381211135536,4.514505704399198,5.329371622763574,4.642153931315988,4.639535139780492,2.589712089393288,5.3718331307172775,4.926663374528289,4.553234076593071,4.125400808174163,4.228155544027686,4.468032341450453,3.089012729935348,2.243110217154026,4.3417521342635155,,3.892246468923986,5.074659607838839,4.857247381936759,4.234068952035159,4.2168969376944005,4.252286744304001,4.201810368336737,,4.188857026863843,5.50015522679314,4.721895910333842,4.138825936242938,3.833758310880512,3.8372286553494632,,,3.831914706621319,3.658340208232403,3.7584151127375662,2.533786114770919,4.365732409060001,4.102047452237457,4.0135460193268955,4.8273721523582935,4.552762955892831,3.695916689466685,3.963275987189263,4.059531273320317
tt_3.0000000000000004h,3.746872036252171,,,3.5486449347808957,3.3531821751967072,4.707052018959075,4.707052018959075,4.209662231151015,4.232127830386162,,3.1764884581789374,3.553978169336915,5.2009631702676415,4.100094404071569,2.891758012585342,3.6559143564663827,4.904261209536344,3.7878415156155825,3.7878415156155825,4.253991435281932,3.8618237925693393,4.504673104267567,4.3410280998796225,3.5928055653348565,2.3900946085341275,4.7775626461952925,3.96734202792868,,,4.659117106813937,4.085264971945435,2.714261350687593,4.383605582173914,4.094058516900986,,4.031576343346387,4.031576343346387,4.350704627111554,3.708724295720458,2.77837802330032,3.6224104426801205,3.6224104426801205,4.638613428920507,3.705610401928425,,3.2340535861440003,3.5823039915412664,4.123782949056476,2.536789647769183,3.663450009189546,2.703374657779932,3.2358948751352727,2.4233884275890887,4.0882660751231015,4.512764660641551,5.3315746653825045,4.628775014542043,4.63238641154021,2.6020793840289116,5.372626857832074,4.92441744171083,4.5380390216596425,4.113928474485874,4.228123764041811,4.475290290545672,3.1072161602787673,2.240460859145969,4.323175218421966,,3.8831784636713564,5.072989393025637,4.914111599326134,4.237146446947008,4.200153090059757,4.235494701191783,4.185022548306733,,4.179001305717975,5.501792365219444,4.743376585189253,4.111585125792772,3.8173622782342136,3.8372286553494632,,,3.81106099486351,3.6329225599765778,3.7306606671772897,2.5337616759352386,4.334475123789161,4.076302840840071,4.000988858751953,4.80701937712729,4.5426572961732745,3.673504230566323,3.9479683097451925,4.037216992583126
tt_3.1h,3.732186616398394,,,3.5486449347808957,3.350396712310612,4.683180113788694,4.683180113788694,4.161352054681629,4.189402234740555,,3.170672329608351,3.5308604277670383,5.195066929329187,4.079190190881491,2.879361161030829,3.6354107847437263,4.8823465295135975,3.773080041166395,3.773080041166395,4.240860564634204,3.858221013098955,4.4899126389063895,4.327248634770513,3.559409045614302,2.3840918987989426,4.818116557318717,3.955869772937149,,,4.648070359136909,4.07459521247074,2.706861204467714,4.362507209181786,4.066167601849884,,4.012440545018762,4.012440545018762,4.331706682685763,3.684447943698615,2.804035014938563,3.646629246417433,3.646629246417433,4.636924480553716,3.703102996107191,,3.2178039606660604,3.565921172965318,4.123381310142577,2.5307171060703695,3.6332165892235935,2.6855228967033327,3.2329919426701963,2.4230597158893943,4.074435607530177,4.51105141453445,5.333740827161819,4.643377358093858,4.625404408667237,2.6080206530168653,5.373413986992091,4.9222092824056745,4.523279720451683,4.102803042624146,4.22810022206977,4.470896202605218,3.0912826717831194,2.2374636195600033,4.305513639934361,,3.874413225799799,5.071372646838427,4.848578996490687,4.237146446947008,4.183821361511946,4.218912576325238,4.16845888691023,,4.169268085155636,5.503394448664039,4.725937296636403,4.084866131190211,3.801606693305075,3.8182915253564715,,,3.7901442470028996,3.6081988159567118,3.7037660530768335,2.5337373805232346,4.303779597394168,4.051287412177771,3.988372900057584,4.787361504044384,4.532638506963849,3.651855368167162,3.9332143957726657,4.016045801807195
tt_3.2h,3.7179049220867455,,,3.5208345213904977,3.3476333990693092,4.660125283058733,4.660125283058733,4.172492895275354,4.193083696998656,,3.165168379433453,3.5089889112859964,5.1892628711648285,4.083902066107839,2.86693222168833,3.639373860321939,4.861125625204295,3.758819541428238,3.758819541428238,4.227939143776894,3.8546203481964767,4.475578417535871,4.313977857120335,3.528588095214218,2.3780491347424686,4.783405003603548,3.9448762531392276,,,4.637268112041056,4.0641839052550495,2.6997707174159586,4.342154905665666,4.0390672674402595,,4.015645478386432,4.015645478386432,4.313011198770255,3.661098833195865,2.829585334751755,3.626556107774377,3.626556107774377,4.647779340390116,3.7006174940615892,,3.2022042758762836,3.5499651222489774,4.122842603828758,2.5289234262891114,3.604447714984417,2.7129775565117598,3.230195584241301,2.4226585868746042,4.072329797316343,4.509364772122353,5.335843664593995,4.630122979637235,4.618557041045278,2.6202559182420373,5.374194431118667,4.920039822347462,4.508931121323258,4.092009779065847,4.228084933478385,4.478150651790202,3.0758485221304,2.2355010765604675,4.288118191994727,,3.8659111582674086,5.069760056212544,4.855995170306414,4.224355873186141,4.167879499029368,4.202726995572448,4.152256383560598,,4.150173367001116,5.504962878767401,4.708962272852659,4.058703854680061,3.7864561160095036,3.7994645973667502,,,3.768993003293872,3.5841601728461683,3.677813806105405,2.5337132336571813,4.274651703424752,4.026809650473297,3.976460282225162,4.76835493510589,4.522688779048622,3.631834205240011,3.918979037553072,3.9953565942123532
tt_3.3000000000000003h,3.703846727963537,,,3.493888189084828,3.3478242359124124,4.670562878251076,4.670562878251076,4.172492895275354,4.193083696998656,,3.159578059799969,3.4876599544659257,5.183532188646495,4.063680307939649,2.8544329558499157,3.619265499524772,4.840548888314515,3.7449774076230824,3.7449774076230824,4.215222893748432,3.851025159470737,4.461660968139768,4.30119027197361,3.5227492568083107,2.372027271427214,4.773138590157032,3.9339372431859374,,,4.626702334266156,4.05401712981984,2.6929535479284823,4.322327532339841,4.0126734199002385,,4.018866313621402,4.018866313621402,4.294790532905608,3.6383564830757678,2.855053990613669,3.606878889258951,3.606878889258951,4.647779340390116,3.700761280488223,,3.187039252836257,3.5343762948177755,4.118006340228021,2.53916396247223,3.577564117498696,2.6947310944087803,3.2273194235749543,2.422192291356623,4.070216896012425,4.507715048734099,5.337883013766259,4.616657135076821,4.61186700174585,2.6202559182420373,5.374968284741044,4.9179095989093184,4.494988521561027,4.0814890512265265,4.228077915497124,4.480940869543701,3.0605873954482377,2.2331319297663867,4.271090613212436,,3.857689945027232,5.068175353109837,4.855995170306414,4.211871353909373,4.152308429125696,4.1869025696069,4.136397927068174,,4.140804689377546,5.5064977440051734,4.692428489215672,4.033928289543837,3.795051734894514,3.7816974110901356,,,3.7476767376065254,3.5609671152196825,3.6525327297858894,2.5336892320774496,4.246070068329573,4.003391532227397,3.9644695492461324,4.77357102651149,4.512784859631211,3.6115686311386526,3.92684213956818,3.974677142687142
tt_3.4000000000000004h,3.689813259989023,,,3.46773799136281,3.3478242359124124,4.6475475751794875,4.6475475751794875,4.126671027392149,4.1532336180098355,,3.154123106505722,3.467365483287722,5.177911817096174,4.043730923440307,2.8418925618752837,3.599393659736961,4.845024524256587,3.731552006676793,3.731552006676793,4.2027076948434114,3.8474486912600696,4.448130745906383,4.288844371214509,3.5227492568083107,2.3660148517228663,4.773138590157032,3.923011596314609,,,4.616364270914346,4.044082344044,2.6864134538918734,4.30323953460902,3.987914744298905,,4.022103159688413,4.022103159688413,4.277022844646126,3.6159774092957377,2.88048411346972,3.588233392685652,3.588233392685652,4.645900148432702,3.700761280488223,,3.1723609641194344,3.519187050871551,4.117194044869393,2.537159100174904,3.5739753199741244,2.67750901915133,3.224580982234329,2.421652944292873,4.070397105999291,4.506083233747631,5.33985967701301,4.6314510852098465,4.605302440002561,2.632343939039856,5.3757358728908,4.915818283800036,4.4813970029354095,4.071231039706618,4.2280791834928095,4.480940869543701,3.045622495468706,2.230594501364976,4.25430632987991,,3.849709871225059,5.0666185836307704,4.7952914773486555,4.199676583986729,4.137090113479644,4.17157983686775,4.1214269693009555,,4.131522095296532,5.507997204549611,4.676312230527401,4.009993515908718,3.795051734894514,3.7637477880343795,,,3.7264657034538686,3.5384015874005854,3.627743382938206,2.533665366936475,4.217712969519198,3.9801926859654486,3.9525374500080943,4.77357102651149,4.502974500879645,3.592080448754132,3.913048963062465,3.9545718813315034
tt_3.5000000000000004h,3.6761503405869007,,,3.4424159047193825,3.3450705660507083,4.625282051973045,4.625282051973045,4.0830262172967196,4.115096480585635,,3.148621167987585,3.4733129129745066,5.172383218072355,4.024528875015676,2.8295193007215858,3.580445914529264,4.845024524256587,3.718979604076594,3.718979604076594,4.190368053968996,3.8315677265636623,4.434974120929837,4.276918595656753,3.493325083516538,2.3600788288749754,4.740331216249615,3.912225263658911,,,4.606246763374656,4.034379216842353,2.6801159037277102,4.284156582783908,3.993074388243258,,4.01904557319358,4.01904557319358,4.259687639772892,3.5942268539220095,2.847779495175928,3.576184631790966,3.576184631790966,4.643945112358779,3.6982926507480443,,3.15817787963897,3.5042217476293445,4.117194044869393,2.535039385315031,3.5474244337528944,2.661583758890629,3.221848956309259,2.421062270179391,4.070397105999291,4.504477786831558,5.3290604911744595,4.618107818998396,4.608531528152525,2.644287600647658,5.3764974740333855,4.913766568992287,4.468155188020319,4.06123316148296,4.228088750038296,4.48812607023865,3.0310358265414834,2.2288474710658193,4.237891889177263,,3.8419900480657816,5.0650896448642015,4.863367905840278,4.187745297793299,4.122208456508815,4.156714920885861,4.106477462220937,,4.122355478815734,5.509465392213315,4.66059636278078,3.9863234064541757,3.7804636019282043,3.747117329854518,,,3.7056357823312283,3.516339026391506,3.604161923751235,2.533641653135419,4.2226159810088575,3.957785354461521,3.9410548540763557,4.755190970841795,4.493214543443173,3.5740509927272797,3.913048963062465,3.935841869097203
tt_3.6h,3.6761503405869007,,,3.417567400727421,3.3423359682783484,4.603749346919358,4.603749346919358,4.094244328793138,4.156896767672151,,3.1432435461319983,3.4536776025779545,5.1669257576577365,4.024528875015676,2.814323296304792,3.5618191030807793,4.825066076591611,3.706928042229265,3.706928042229265,4.17824428062886,3.8279835134744644,4.441460024099797,4.281515666749328,3.466093285009265,2.3541598226875067,4.746109238360077,3.9016092638485134,,,4.596349790692329,4.024826786946505,2.6740752570331097,4.26580177154392,3.993074388243258,,4.022291871719062,4.022291871719062,4.243223829194903,3.5726958476006985,2.8734354781918228,3.576184631790966,3.576184631790966,4.641921781003475,3.695824381429702,,3.144220279995352,3.489514477085322,4.116267425473779,2.5453739827498794,3.5474244337528944,2.654710337985307,3.219084545504302,2.420406175777316,4.0682882545515895,4.502899257000536,5.330912283621728,4.604616362601519,4.602059013675898,2.656070022843778,5.381302832160145,4.911753362976015,4.455245138145983,4.0644473396241665,4.228099736385047,4.483683014288545,3.0166314002126455,2.2175414972007275,4.222516458015889,,3.8345188195817173,5.063588368706405,4.802731384057552,4.176092243287712,4.107660270296037,4.14215597556904,4.1097829644568264,,4.11332399584353,5.510894337669015,4.645261040423065,3.9631049600429833,3.7664333172142506,3.730137202423066,,,3.6849131830967963,3.4951051408424973,3.5807082219980657,2.5336180976592004,4.2226159810088575,3.9357416476123035,3.929622521623969,4.737390802707523,4.494452741462737,3.5561563703231514,3.8997064512223005,3.916730954311788
tt_3.7h,3.662566057406366,,,3.3933448372408748,3.3425542418845,4.607283880468458,4.607283880468458,4.094244328793138,4.118786551523954,,3.1378940823487937,3.434650331735611,5.16157563123852,4.005762194283307,2.8017359022051096,3.5436119199730456,4.805677022319287,3.6950718304142356,3.6950718304142356,4.166310442611575,3.8279835134744644,4.428653551731259,4.269934922922403,3.4756652084179223,2.348257106728852,4.746109238360077,3.9036731608211994,,,4.586667327675968,4.015413501765579,2.6682875361293554,4.248205826152116,3.9687407524324954,,4.025554394815117,4.025554394815117,4.227150207851082,3.55161870457232,2.899070314131677,3.5582608776167035,3.5582608776167035,4.6362659353762865,3.6959851714782417,,3.1305211847648025,3.475108905695379,4.115234963130206,2.5430565383285284,3.521851031575352,2.654710337985307,3.2165275756269693,2.419711198657751,4.066170439124107,4.5013461066409945,5.332730225287378,4.590042338240892,4.5957404198125005,2.6677277362905443,5.38206184329465,4.909796734340489,4.4426568150520325,4.054637400899082,4.228111828211695,4.49084541015327,3.0024833525530994,2.2158233439549804,4.206917722243816,,3.8273152275942266,5.062114488333464,4.810150920879096,4.164691365323961,4.09340886445716,4.127768840640783,4.095018588937819,,4.104382004123181,5.5122842425480485,4.630289548076689,3.941415702458471,3.752930859103799,3.732749179471284,,,3.6650371900759637,3.4742746469564736,3.5577758750878274,2.5335947037674487,4.196199547033757,3.914433357771486,3.918179636821151,4.720133408904076,4.484827527310699,3.5465043210424483,3.886830360163003,3.8980563692748547
tt_3.8000000000000003h,3.649405650794506,,,3.3696752269752324,3.3425542418845,4.607283880468458,4.607283880468458,4.053095880895853,4.082246759906411,,3.132619032636285,3.416247764136642,5.1563129224814475,3.987153230700642,2.8017359022051096,3.5256454343907535,4.786824389826506,3.683619084302336,3.683619084302336,4.15454229246825,3.8243976468220353,4.4161837147548795,4.269934922922403,3.4756652084179223,2.342394028324634,4.715061170980334,3.8934190394356847,,,4.57719242433086,4.006141659338027,2.662721659988165,4.230680521111935,3.9451514245010912,,4.025749161839485,4.025749161839485,4.211137438658625,3.5313743534497917,2.924687294755131,3.540971186477691,3.540971186477691,4.6362659353762865,3.6959851714782417,,3.1171454172581434,3.4609732418321073,4.114104620646685,2.551047441549599,3.497177582234144,2.639733743853867,3.2138433810323477,2.4189775567501783,4.066378545481712,4.499818984419107,5.332730225287378,4.590042338240892,4.589543959125876,2.6792458072304726,5.382799679879099,4.907859457656741,4.430392246693373,4.045058343093842,4.228125024121255,4.477434555534273,2.988883463665843,2.2136538811028004,4.191752077545971,,3.8203390748240054,5.060668685473502,4.810150920879096,4.15352423582226,4.0794527949765325,4.099870203062892,4.080660278443247,,4.09556988440454,5.513635628391057,4.615672056563199,3.9199175694957376,3.745320567395538,3.716765457764268,,,3.64516873518005,3.4538719337433577,3.5358902201987803,2.5335714295506477,4.170008501037955,3.8936619251035154,3.9073506430722773,4.703393558971584,4.4752807025797665,3.528799189720303,3.87437913287431,3.880553967319429
tt_3.9000000000000004h,3.63645888492465,,,3.3463833681307733,3.339838908985257,4.586423436179757,4.586423436179757,4.064294749405235,4.069843134842813,,3.127480183262378,3.3983500958420336,5.151116666849703,3.9697494134306908,2.7893563169054687,3.5079348478466272,4.791329445317388,3.672786958515644,3.672786958515644,4.142914593685418,3.8208133447915316,4.404041128233075,4.258725751191378,3.451278944965452,2.336542875505984,4.720807601697743,3.883425712119788,,,4.567917456384748,3.9969999762251973,2.6573754204437137,4.217959903180599,3.922758186701685,,4.029056776780635,4.029056776780635,4.195483560208231,3.5114898458123207,2.934311307966709,3.5449522947892547,3.5449522947892547,4.634066273923963,3.693533360492438,,3.1042245076969266,3.4469875851646066,4.112883892375976,2.551047441549599,3.4740914604626596,2.6251867385581136,3.2113168160431087,2.418203110806644,4.066378545481712,4.498318396508694,5.334489607252181,4.576575685292482,4.583492896519601,2.6906188703142107,5.383515914902091,4.905960239935666,4.418403102550656,4.035663005430251,4.2281393287703395,4.477434555534273,2.975266113411635,2.2136538811028004,4.1768906051293015,,3.8136102030985057,5.059250673279166,4.753568149637431,4.142569001298398,4.065780126024038,4.086456079501659,4.066455137915909,,4.0868426794186234,5.5149490693584085,4.6013938509859145,3.898911231197417,3.745320567395538,3.716765457764268,,,3.625626214314252,3.434149474836886,3.5142374746501446,2.533548276871443,4.14450014475733,3.8734456207603216,3.885786361992359,4.708648013416678,4.465788343921304,3.512453308328986,3.862330066971481,3.862844540271908
tt_4.0h,3.6240079109556973,,,3.324066325556487,3.3400695198215544,4.566150770988315,4.566150770988315,4.025364107452333,4.069843134842813,,3.1223946078680456,3.381404409185052,5.155122601427138,3.9522823062725365,2.776809719391167,3.4908289993181825,4.772992194164544,3.6776009807363153,3.6776009807363153,4.145160862710327,3.817235926631838,4.392212249338627,4.247871266212314,3.4277237178757787,2.3307579988613725,4.720807601697743,3.873447180259973,,,4.558837212156504,3.9879913674667478,2.6522471900098026,4.200846268329769,3.900828890502453,,4.029056776780635,4.029056776780635,4.180174567736685,3.515716735739261,2.934311307966709,3.5282917143777013,3.5282917143777013,4.631814420688897,3.6775978025980294,,3.0790377482771873,3.433309237472713,4.111593808047473,2.5483964988961816,3.451277139596641,2.6342502175830305,3.2087189136072993,2.4174185446463525,4.0642694709822536,4.496842876076698,5.336222008801997,4.578218340408057,4.577568720560521,2.7018329086713493,5.384210884105414,4.904098370112479,4.406694231554866,4.026470858603716,4.228154743090272,4.480081022717059,2.9619602439925075,2.211923028808087,4.162823165766895,,3.807089109439403,5.057860036380589,4.744922243990004,4.131842064671218,4.03924145270139,4.07355257961899,4.053013065829873,,4.078240778762847,5.516225193161517,4.587441842071712,3.8788286545313895,3.732294449582696,3.7010434065014124,,,3.606710432562977,3.4384954483248293,3.4932810072787106,2.5335252480581403,4.119780902285129,3.8533307388424873,3.875317169353366,4.692401856649667,4.456398392561823,3.512453308328986,3.869918063748628,3.8454101737588644
tt_4.1h,3.6113711479119956,,,3.3019278962165117,3.3373732776381075,4.569734034594148,4.569734034594148,4.025364107452333,4.034344645217061,,3.117253172211349,3.3648665035143495,5.150015400722623,3.934981578029692,2.7644146140664816,3.47394095081836,4.772992194164544,3.666942946612835,3.666942946612835,4.133853791281581,3.8136762459762394,4.38068939326331,4.237374430056661,3.4366877707652748,2.3249949575401843,4.691422638017684,3.8635091953910887,,,4.549944546073675,3.979104597121477,2.647306810133159,4.184301717206836,3.9060741984285414,,4.032361186109483,4.032361186109483,4.1651973011903465,3.496290653012693,2.9601518912240863,3.5282917143777013,3.5282917143777013,4.642027350142598,3.6775978025980294,,3.0668344805017114,3.419831918552518,4.122077093459666,2.5400654589757323,3.42904663272202,2.620677210390568,3.20629299338907,2.4166108048520982,4.062151648104191,4.49397115316242,5.337929389439523,4.578218340408057,4.571753460448235,2.71292070299387,5.384210884105414,4.906146301887929,4.395252609159797,4.026470858603716,4.228171268478036,4.480081022717059,2.9488463336601853,2.2104990957304835,4.148651557508856,,3.8007826460525393,5.056520587299019,4.744922243990004,4.121321491431445,4.026366790756583,4.0607954929582775,4.053013065829873,,4.069719509687275,5.517464593052864,4.573796823155135,3.8859227392822504,3.7197392862290144,3.6858017002232373,,,3.6104890517890453,3.4191888961941004,3.472747629508376,2.5335023468360305,4.124798364005983,3.8342053019441664,3.865128578618169,4.692401856649667,4.456398392561823,3.4957248298451304,3.8582020131871104,3.8290291195735335
tt_4.2h,3.5992686138488352,,,3.280360640026629,3.3373732776381075,4.550043642055243,4.550043642055243,3.987646562512964,4.038057239726186,,3.1122316638939083,3.348806348629296,5.145008641760796,3.9186707194894552,2.7519330848008394,3.457379919011146,4.755132029298693,3.656465816311538,3.656465816311538,4.122793328016996,3.8100994541309774,4.369449594523758,4.227205046918243,3.4142116978764534,2.319322812370956,4.697096193674952,3.853727176785469,,,4.532701102551073,3.9703432456590235,2.6425571222789586,4.167974594980478,3.88447085628286,,4.032571592833847,4.032571592833847,4.150943021290004,3.4770378130488098,2.986021406482905,3.5125474967062473,3.5125474967062473,4.639618705958128,3.6751663801260293,,3.055050759576261,3.4067496196366847,4.120618096552789,2.5400654589757323,3.4411226282827556,2.620677210390568,3.203819701448083,2.4158034906722605,4.06238852487877,4.492583258077502,5.339611615985632,4.564821925014257,4.56607069587335,2.7029322157613933,5.38488485943526,4.904354284517467,4.384084454737604,4.017440749332309,4.228320557624102,4.487157484982163,2.9361187019385397,2.209009253885597,4.152529250364751,,3.7946947822347283,5.059442592319101,4.752319048158824,4.11098762601614,4.013725240249187,4.048149438109249,4.039691971149296,,4.061319455504417,5.518667867407203,4.560456871055067,3.8661679476499557,3.728153637610376,3.670600268058479,,,3.5919737848453224,3.4003888689912856,3.452655500266701,2.5334795764647424,4.100207535084337,3.815137686673552,3.8549288799986243,4.6766216196119785,4.447065525688231,3.480224768165499,3.8468397022224963,3.812501006294042
tt_4.3h,3.601494380738586,,,3.2592792310751975,3.3346888008527458,4.550043642055243,4.550043642055243,3.982750970404595,4.004428442101926,,3.10715255420655,3.333421530202031,5.140083413571119,3.9022686262615025,2.739500121679157,3.4410662367008626,4.737723696511239,3.646668527740985,3.646668527740985,4.111789834219962,3.8103884672746062,4.358486814890057,4.231588600669056,3.4142116978764534,2.313645852264017,4.697096193674952,3.8442412042059004,,,4.524339147377759,3.9616957954131067,2.6379969213157892,4.1520672254264355,3.8643197887577116,,4.035902118310332,4.035902118310332,4.136968163307756,3.4583312273025513,2.9962456417270005,3.5163495782762766,3.5163495782762766,4.637148703448474,3.6753417546860874,,3.0434513557702303,3.3938836762681603,4.119106270372868,2.5478748944588006,3.4203605726361275,2.6077238200232387,3.2014192431233823,2.4149593133479357,4.060277043841779,4.49121226137504,5.341268330812454,4.566554465331137,4.56607069587335,2.7138872845098376,5.385538192465901,4.9025982385501266,4.373145375400782,4.0085757705383,4.228339300490916,4.48976346058771,2.9236927051097155,2.2072629178874195,4.138521317392588,,3.7887897160835564,5.05812030704692,4.752319048158824,4.100859070662409,4.0013189082965255,4.035743586719036,4.02638996578753,,4.052996173501015,5.520968208089471,4.547405239194632,3.846871755551547,3.716020632069558,3.6560541898943484,,,3.5739515447057784,3.3821542151272297,3.4565502097830176,2.5334876934066415,4.077213525772095,3.796852341853082,3.844775777310133,4.661276354454458,4.437835247721523,3.4648701660335064,3.8468397022224963,3.7961651338264346
tt_4.3999999999999995h,3.5896406448446214,,,3.263424949720502,3.3188433065079153,4.530886855442077,4.530886855442077,3.9465997824445367,4.004428442101926,,3.102162122260779,3.318381347693503,5.135218895971775,3.88631584122777,2.7406788747757673,3.4250643751583993,4.720744374208152,3.637026224285364,3.637026224285364,4.100934666115791,3.806826618965715,4.347790400031954,4.221706957090646,3.39404577575624,2.307979872915894,4.686706666368991,3.835087793879211,,,4.5161442663520575,3.9531666645780206,2.633599292486906,4.1520672254264355,3.8643197887577116,,4.035902118310332,4.035902118310332,4.123151463456452,3.4398207352496684,3.022355195134878,3.5009479289874434,3.5009479289874434,4.637148703448474,3.6729312953539193,,3.032010246999562,3.3811896187253296,4.117547232657671,2.5478748944588006,3.4000880303792655,2.595119862817228,3.198992783203721,2.414103162009269,4.060277043841779,4.4898673398420215,5.346473086159676,4.566554465331137,4.56050216127187,2.7246946268714964,5.386171261779964,4.900879938621074,4.362442564219236,3.9998861057683825,4.228359156288207,4.48976346058771,2.9263191442005336,2.206136662978679,4.124796375166625,,3.783088602591306,5.056824274826795,4.6992407334037125,4.090902426745743,3.989139678888023,4.02367552369833,4.01330396020785,,4.044790243729949,5.522066255100071,4.5515848570503294,3.8280570269562304,3.704322647303343,3.6589639890007675,,,3.5560824084095657,3.3643068121746182,3.4369498239830136,2.5334651861339808,4.077213525772095,3.7785417027771473,3.835204833652824,4.650442977901548,4.42866447288543,3.449792962986976,3.835795068182051,3.8016871493309736
tt_4.5h,3.577955523505807,,,3.242690986022353,3.3161886907182634,4.534490798134357,4.534490798134357,3.9465997824445367,4.008154253475368,,3.0973478704690933,3.318381347693503,5.130451459437609,3.8710599369369447,2.728475177194923,3.4094933620654047,4.709179733879864,3.6273553227074444,3.6273553227074444,4.0902253817766905,3.803269704338163,4.337355179246515,4.212119507603347,3.4022144195623696,2.302325680386275,4.658825812395662,3.8257650495506823,,,4.5081108352169394,3.9447476603090763,2.629364968277514,4.136571312323213,3.8442168864421546,,4.039249569643289,4.039249569643289,4.109494755510241,3.421762720681727,3.022355195134878,3.4860684853047132,3.4860684853047132,4.634695037268102,3.6729312953539193,,3.020842964760959,3.368719581514597,4.115946230478585,2.544735827483237,3.3802524460479617,2.603593072388321,3.19656733982265,2.413242875598371,4.0581486145965755,4.488547627814114,5.348073931410909,4.553258263971657,4.555031168740243,2.7353500379249454,5.386784427333623,4.899197483435273,4.351984043139964,3.991330297663808,4.228380125481635,4.492350730579346,2.913900993298739,2.2109058094210923,4.111958377528936,,3.7775545231997967,5.055578261613846,4.706677201204002,4.094097199384123,3.977180778514594,4.012069153599441,4.000900201499462,,4.036657242570072,5.523130246438086,4.538820398040116,3.81030425010249,3.704322647303343,3.6445002472028136,,,3.5386251960881054,3.3469036375172436,3.4177694180980325,2.53344281995669,4.0540215112268925,3.761045827064663,3.8254665615968406,4.635520755778998,4.419596202205867,3.435549048241228,3.825090597383678,3.786252222955227
tt_4.6h,3.566496969666332,,,3.2224678336642683,3.3161886907182634,4.515862833242863,4.515862833242863,3.9577815174125135,3.9753676052205265,,3.0924746389500797,3.304065561387688,5.125761399045587,3.855607460718602,2.7161108599975705,3.394090148154646,4.692618332337588,3.6181097803637385,3.6181097803637385,4.0796387465670705,3.799732397776097,4.327161056455225,4.202816567383707,3.3828181107528508,2.296760610770434,4.658825812395662,3.816567766480148,,,4.50023526744917,3.9364326470531523,2.6213743537664413,4.121476684696972,3.8333408748731017,,4.023371617309749,4.023371617309749,4.096110166981816,3.4043579613789916,3.0484851179644465,3.4860684853047132,3.4860684853047132,4.6446389015764,3.6731135779991746,,3.0098662972450256,3.3565382547676563,4.115946230478585,2.5524123306386173,3.360847913660109,2.592112671583891,3.1943572186864913,2.4114660657942295,4.042319742962718,4.487254556734115,5.349675967358053,4.555075069423765,4.549681009724736,2.745876828674227,5.387378067709506,4.897551567759365,4.341727219056338,3.9829347166232765,4.228402209933847,4.499343633651733,2.9018846987746656,2.209742489270866,4.098936733789742,,3.7721949024125934,5.054333762265742,4.706677201204002,4.084337041247636,3.965446307323873,4.000653477851301,3.9884784813039005,,4.0286378394812346,5.524158697575331,4.526317578274757,3.792361429426819,3.6930398917756975,3.6306940633803606,,,3.521856329869479,3.329763803165406,3.3989444449543953,2.533420597668737,4.043013945687562,3.7435269244015217,3.815697248093784,4.620995603967458,4.410611084662378,3.44186966214329,3.814693934749812,3.771019517444074
tt_4.7h,3.5549867642112076,,,3.202628626022488,3.3135347990319133,4.497724606655538,4.497724606655538,3.9233644250780344,3.9753676052205265,,3.087724500335753,3.2899636174552143,5.121147229336202,3.841008795425296,2.7039335928857327,3.378943274728954,4.676446498837322,3.609377047047019,3.609377047047019,4.069215056486428,3.796179003547877,4.317208953201771,4.202816567383707,3.3641439294442534,2.291220777668059,4.6644669296219945,3.807599924970418,,,4.492512247990817,3.928224570583552,2.617592425085604,4.106343227438629,3.8142329761758447,,4.02676524175331,4.02676524175331,4.083459897898138,3.387206860817969,3.059270092751831,3.4716372578404844,3.4716372578404844,4.642125038430095,3.6707152710296214,,2.999158342834562,3.3444068473763764,4.114308185875416,2.5524123306386173,3.3431243300437927,2.580815142020583,3.1920412462204695,2.4105717949569225,4.040180902928114,4.485987537540495,5.351252853404731,4.541880147065967,4.54443423775956,2.7562606600113213,5.387952528428286,4.895942062139511,4.331680971663445,3.9746597935445607,4.22842540871352,4.4788358067162335,2.8900352749042213,2.2085615741088986,4.086135751567781,,3.7815257771871984,5.053114560432732,4.714100765995681,4.074736176524311,3.95390742411837,3.9892340363003314,3.9762634015642107,,4.020687876269221,5.5251561580225825,4.514077556319535,3.774996721185744,3.7013713703490794,3.617014018818736,,,3.505104466807097,3.3129916479811072,3.3805672973394394,2.5333985234610736,4.020850948989391,3.726838016882539,3.8066410799510777,4.606822970788926,4.401684491895139,3.4277625707909465,3.82199397822842,3.756069465074688
tt_4.8h,3.5549867642112076,,,3.1832516845315695,3.313819447066635,4.497724606655538,4.497724606655538,3.8899804330430925,3.9790852004662156,,3.0828655012883246,3.2764614396728575,5.1165892062708735,3.845771414693445,2.6917374660260975,3.3641187618486583,4.676446498837322,3.600540284998715,3.600540284998715,4.058908530976623,3.792623281478882,4.307480774819851,4.193791903555393,3.3641439294442534,2.2857144391164184,4.638042957987636,3.7989031937904656,,,4.484938734211028,3.920114020816982,2.6139490283094347,4.091867932118475,3.795474835205823,,4.030157278757542,4.030157278757542,4.070816521067172,3.370244518853724,3.0856154710054398,3.4754851921461523,3.4754851921461523,4.63961730664596,3.668338043615222,,2.9886661246418953,3.332560097333044,4.1126377591863275,2.5601418898440897,3.3431243300437927,2.580815142020583,3.1898698969744146,2.409667106810957,4.040180902928114,4.484745524358004,5.352805107366294,4.541880147065967,4.539274030830711,2.766485268715769,5.376556077506393,4.894384901504964,4.337066523265094,3.96171510592103,4.228449719026685,4.485786950681359,2.8782202596776187,2.2071562106721103,4.073668605647981,,3.7762800841592252,5.0519203981384635,4.66428854316473,4.065316382329911,3.942568765487522,3.9781362800858915,3.9636496058665216,,4.01284791668877,5.526121188420802,4.502085659652948,3.758539935108274,3.690463209990412,3.6038971189409494,,,3.48886127397418,3.2966016056016088,3.362760102376342,2.5333766005933285,3.999188661109656,3.710278950165957,3.797329763416201,4.606822970788926,4.3871841551736,3.4140764786861837,3.8118520290590823,3.7417937428690493
tt_4.9h,3.544029364362359,,,3.164295009803027,3.3112327293492854,4.485299895983189,4.485299895983189,3.8899804330430925,3.947808970697224,,3.078127507586032,3.2633891575969756,5.1165892062708735,3.8310730601660907,2.6796875409781933,3.3496140125207603,4.660643963608891,3.5919610746204853,3.5919610746204853,4.048761322163045,3.792623281478882,4.297972394619137,4.18501712474972,3.3559803389944136,2.2802587198093534,4.638042957987636,3.790343124885112,,,4.47751046391204,3.9121033935807645,2.610439375974238,4.09534753812477,3.776999045163393,,4.030157278757542,4.030157278757542,4.0582862119190395,3.3535038102418184,3.111978637520224,3.461584337055683,3.461584337055683,4.63961730664596,3.668338043615222,,2.9783294908702374,3.320777513086796,4.122541239950806,2.556566026993096,3.3253608737140894,2.5895009678788483,3.1875576861202717,2.408766157925129,4.040451123844832,4.483529954217374,5.354333030525595,4.527670435607433,4.5342244524508715,2.766485268715769,5.377100767567754,4.892845805734396,4.327220180537552,3.9535708744078875,4.228475145529956,4.485786950681359,2.866819183342159,2.2062705657444894,4.061633544974029,,3.7711964906193316,5.050750910770148,4.66428854316473,4.056058019399643,3.931435724720359,3.9671192499808967,3.951656462159008,,4.0050741084851325,5.527054334525019,4.490333606023341,3.7419678205624223,3.679927215911448,3.6038971189409494,,,3.4730923040769994,3.280683543998748,3.3450293065980077,2.5333548318594694,3.97796736843884,3.6941333198919892,3.7881149644963443,4.593032924924046,4.378397307358682,3.400906180497259,3.8019730038940907,3.7272724681533873
tt_5.0h,3.533071650657803,,,3.1456797723658383,3.3112327293492854,4.467650521546602,4.467650521546602,3.901139518711716,3.917459664400667,,3.073522777762264,3.250577076803893,5.112122372258455,3.816780981607735,2.667700143996626,3.335273244418204,4.665203694719821,3.583936685230583,3.583936685230583,4.048761322163045,3.7890694751404226,4.288681996520609,4.18927388638258,3.3389969118870795,2.2747778086923063,4.643637733068317,3.781708945054561,,,4.47022295743227,3.9041829365305603,2.6070664864964783,4.081305195577443,3.7596617839299142,,4.030400785151869,4.030400785151869,4.046125500462949,3.3372134319506586,3.111978637520224,3.4477857486344874,3.4477857486344874,4.637098850682378,3.668536876793951,,2.968150586821139,3.3091028537601233,4.1207555322907865,2.556566026993096,3.3081542584113777,2.5785271106287837,3.185477538499981,2.40783434221521,4.038301829714328,4.482340466231108,5.354333030525595,4.514630804769695,4.529268446844071,2.776577651500702,5.377627001609653,4.891341557726264,4.317586225923151,3.945568311959505,4.2285016886889935,4.488316458649933,2.8554335250519216,2.2053205519914627,4.04960396932438,,3.7662830953486264,5.049605781212449,4.65561637096107,4.046943903900683,3.9204808734357357,3.9566768216900527,3.940170637331903,,3.997406701091677,5.527956143021584,4.478807984385639,3.7260075765661895,3.679927215911448,3.590688509400934,,,3.45749613083899,3.2650510016828775,3.3279201756231487,2.5333332209847867,3.9574602567590773,3.6998292598873377,3.779436284676194,4.598315864801407,4.369668390136212,3.3877561087720096,3.7923850216902792,3.7133111502043903
tt_5.1h,3.535418611485511,,,3.1273475256748497,3.311529119964689,4.45043715974316,4.45043715974316,3.86969401454553,3.917459664400667,,3.068862799089402,3.2382139237597585,5.107727854046971,3.8031465825624764,2.667700143996626,3.3211113843135536,4.649764196947217,3.5756973293609917,3.5756973293609917,4.039057107642293,3.785520211327821,4.279591327067465,4.180716348346323,3.3224931051954627,2.2693805573508143,4.618482209742069,3.773290382232517,,,4.463073829654604,3.8963555051013827,2.6038063098676503,4.067081294488162,3.7596617839299142,,4.0338202537968755,4.0338202537968755,4.051090722437948,3.3212539488449693,3.138350125402212,3.4477857486344874,3.4477857486344874,4.6468723942525685,3.6661773934029043,,2.9582535959780216,3.298001596238464,4.118949002120644,2.5480349180288613,3.319608639460057,2.5680359788239002,3.1833460931666195,2.40691678551957,4.036134289111942,4.481176051776856,5.355836750008166,4.514630804769695,4.524389502592385,2.7865257491357625,5.378135132137686,4.891341557726264,4.308124788105488,3.937674544751644,4.228529348503798,4.495210747234523,2.844507958739996,2.2042337022721767,4.03785760095343,,3.761505316477269,5.048484698403627,4.65561637096107,4.0379949221387506,3.909709864296019,3.946248129475862,3.928676330950111,,3.989802010823041,5.5288271475583315,4.46751193376258,3.7108807312324643,3.6882008435204625,3.59377508983016,,,3.442105266265571,3.249706075526774,3.31102350121364,2.5333117712289095,3.9574602567590773,3.683873536065221,3.7704350603744388,4.584875092841685,4.3610442550852895,3.3755297185853124,3.7830571867525578,3.699689193163067
tt_5.2h,3.5248190513812006,,,3.1095256144180894,3.3089603357948363,4.45043715974316,4.45043715974316,3.839362998958677,3.9051151950843632,,3.064311028458178,3.2262195479124784,5.103384996298701,3.789323713630438,2.6556505244225264,3.3071816214360297,4.634664163924754,3.567652835510671,3.567652835510671,4.029254253488034,3.785904801916331,4.270704236347228,4.1723973620682955,3.3224931051954627,2.2640005336143076,4.618482209742069,3.7648841999471188,,,4.456058533396572,3.8809538981877267,2.600663844961673,4.053665573708713,3.764823288656771,,4.037257604300976,4.037257604300976,4.039030015002936,3.3055179910734296,3.1338342665694654,3.4355287603102624,3.4355287603102624,4.644326225388795,3.6661773934029043,,2.9485257333144546,3.2868343964219093,4.117125595919788,2.5442723855376244,3.303362313657999,2.5583699829876423,3.181216019205749,2.4060035813599825,4.036134289111942,4.480037457775325,5.357316746842116,4.516597943846136,4.527202288154513,2.7926965821534395,5.378625502344221,4.889871727209538,4.298845878336579,3.929913473315537,4.228558127768338,4.490827822592109,2.833513271994889,2.2042337022721767,4.026515016332269,,3.7568721463903785,5.047387348487973,4.6630331124179065,4.029180555604398,3.8991281841881573,3.9359720801003277,3.9173800977878273,,3.982300164178014,5.5296678729355335,4.456432785838842,3.695391410961747,3.678003310225904,3.5814603860490024,,,3.427149216644466,3.2346344511024654,3.294430439826101,2.533290463965386,3.9626472601667047,3.6684895949438214,3.7616162886843085,4.571763206273317,4.352478158194572,3.363155802246183,3.7830571867525578,3.68595630582422
tt_5.3h,3.514471891336143,,,3.0919788042083383,3.306405538227409,4.454187042079866,4.454187042079866,3.8808432361111045,3.875775102060288,,3.0596528984606266,3.2312995865941048,5.091319689992815,3.7761452649720013,2.6571080000139773,3.2937662140466273,4.619887850712985,3.5600700578652322,3.5600700578652322,4.015595064032823,3.782386685721576,4.262003453448415,4.164296204224229,3.3300432288087904,2.258711532689631,4.624058134388179,3.7570039588026702,,,4.449170298874378,3.8733791350387037,2.5976341692730784,4.040118478238583,3.7474328237585723,,4.037257604300976,4.037257604300976,4.027386339381337,3.2900231168605387,3.1604737732559443,3.4225862761959434,3.4225862761959434,4.641793738119304,3.650280548259616,,2.938860602211207,3.2757458332926035,4.115288982633501,2.555656522978097,3.2872409680858254,2.5583699829876423,3.179161607287824,2.405070312321186,4.036418572533876,4.478924099355936,5.362519348971546,4.503719442058355,4.5223903469741344,2.8024971401318908,5.37909648148343,4.888437028042972,4.289760584011674,3.9222527923993766,4.228588026948273,4.497701766900718,2.8226522086188197,2.2031491212546825,4.015257095452398,,3.752377573866397,5.046313418541104,4.6161942589096725,4.02052292553708,3.888709907885641,3.925780249759555,3.9061509328894317,,3.9748598458245397,5.530478846747428,4.445558302570134,3.695391410961747,3.668145148549229,3.5689855189993978,,,3.41264987597242,3.2200141409412026,3.278162922244519,2.533269325271249,3.9421462840400636,3.653309663757682,3.7531420718878508,4.558943047188222,4.344016131013632,3.363155802246183,3.774044025223702,3.6730825724080205
tt_5.4h,3.5040038404986262,,,3.074803102761507,3.306405538227409,4.4374125567264855,4.4374125567264855,3.850512382108718,3.875775102060288,,3.055220903363079,3.2195235011167824,5.087049845606089,3.763115333393216,2.645256553776562,3.280430343002081,4.605423992034048,3.552453057374805,3.552453057374805,4.0059602740220726,3.778849975671619,4.253493023104966,4.156412020791322,3.314481295645237,2.2534216730855405,4.6000639903359115,3.748895538970828,,,4.442374001722783,3.8659239942207932,2.594709302764386,4.026861708145589,3.7306905249133706,,4.037518627941608,4.037518627941608,4.016176651697606,3.2748707463033497,3.187140803784132,3.409885139670223,3.409885139670223,4.639276136178523,3.6479310053400695,,2.929428628180176,3.265127266291529,4.113442566245794,2.551697307266295,3.2717154319398105,2.5506352791562676,3.1806723354384303,2.4041519430465996,4.034241017885506,4.477829708252102,5.363945850171149,4.503719442058355,4.5176774566061795,2.8121307594701648,5.379552288912237,4.8747059549205005,4.280830267816782,3.914717744104564,4.228620357811451,4.493342096917331,2.812103285919875,2.2078721337020397,4.004190596751869,,3.7480320180766284,5.045262577012181,4.670388152357191,4.011991157196462,3.878461041022092,3.915779824834317,3.895475617144257,,3.967534222174436,5.531260640360415,4.434892793186009,3.6806970359757543,3.658610683400184,3.5569544304162264,,,3.3982146098278463,3.205613932572305,3.2621066197752953,2.5332483584061265,3.922886990942061,3.6385861914604902,3.744754177518189,4.558943047188222,4.335612395312637,3.3512308597564697,3.764930311590433,3.6601072596386075
tt_5.5h,3.4937905380502343,,,3.057913950178772,3.3067658548243344,4.4210300436243415,4.4210300436243415,3.8209882522933185,3.87954244017601,,3.050658905878663,3.2081573167815804,5.082865878008306,3.7502803057432175,2.633533735293895,3.2672113440930843,4.605423992034048,3.544960823841393,3.544960823841393,3.9964301642030478,3.775312331970781,4.245156282093376,4.148726144805551,3.2997948401607573,2.2481575831770897,4.613518989179283,3.741068162024021,,,4.43566880421713,3.858589215669781,2.5918947951868176,4.0140929077751935,3.7143031912855804,,4.0409843609668314,4.0409843609668314,4.004855716601014,3.260000446345657,3.187140803784132,3.3974922178313136,3.3974922178313136,4.635339925065637,3.645589580293745,,2.92006519343704,3.2439702511765063,4.111589516047388,2.551697307266295,3.2569202687591314,2.5411936440505087,3.1787726576440036,2.4032423817552626,4.03204296855256,4.476763351354748,5.365375486202538,4.505754379089922,4.5130470232106745,2.821624029427767,5.379991318099201,4.873332807794213,4.272082197014242,3.907275569625199,4.228663371875882,4.500175477471203,2.8016221248544753,2.2072027111425996,3.9932073899544775,,3.7438122713938355,5.045262577012181,4.623607269022614,4.00360851129517,3.8683885796926916,3.9062713207677007,3.884984437841922,,3.960280025843531,5.532013767398894,4.424424781929702,3.6714808684773743,3.64938643341884,3.5452328315004706,,,3.384272674098611,3.19141158554703,3.246570925693959,2.5332275670953095,3.9033280196599662,3.6238348581828177,3.7363684894517064,4.564230001531541,4.327311814762652,3.3574188286438584,3.7560379011556506,3.6472491566091776
tt_5.6h,3.4839253439567983,,,3.04137597233057,3.3042250964790583,4.405021362937987,4.405021362937987,3.7927359309978783,3.850962356198579,,3.046197624411434,3.1971983988769352,5.078748841304332,3.7380114258266985,2.621951494831592,3.254169353749603,4.610006025992334,3.5377951841801405,3.5377951841801405,3.9870460187084973,3.7717772694304585,4.236997495871037,4.148726144805551,3.2854757690802217,2.2429786971770227,4.589473995845765,3.733169008977711,,,4.429051774088293,3.8513634214177728,2.589168298058212,4.001296140253544,3.6981529383920133,,4.044487682636827,4.044487682636827,3.9938258873298764,3.2454601172357798,3.1993308318778872,3.413665248081088,3.413665248081088,4.63276706635952,3.64814761467278,,2.9110342506319284,3.2337590330280364,4.1097327917814255,2.5591636756435037,3.2420916161499918,2.5321946255862713,3.17669538827613,2.4023163644596934,4.029829247388989,4.475706626661122,5.366782083176076,4.493049485143274,4.508486059494317,2.8309486364014447,5.380413901526481,4.871993743814528,4.26347700227052,3.899953299202025,4.228717079851776,4.506948844064027,2.7914555594325066,2.2064252169802785,3.982838858384639,,3.7397275217808783,5.0322496350854635,4.57933973101899,3.995344392955303,3.8584666065871716,3.8968313806690276,3.8744501075707376,,3.953137365169823,5.532738754060119,4.414142282679677,3.657403674442321,3.650701254606247,3.533728268928826,,,3.3704200671054423,3.17743440810591,3.246570925693959,2.5332069494761527,3.8849390177056193,3.609680509660393,3.728361544664949,4.5517385196872056,4.31906914152205,3.3459434867836535,3.7473953585140407,3.6350419078953564
tt_5.7h,3.473974679131061,,,3.0250650900416076,3.3016931088641286,4.42484530294314,4.42484530294314,3.816017131321132,3.8234150274656713,,3.047534197103232,3.18645121762529,5.074697670061141,3.7254865197464824,2.6104951705783606,3.2414932250976562,4.595848094206303,3.5307431127876043,3.5307431127876043,3.977761489339173,3.7682609371840954,4.229001448489726,4.1367593430913985,3.307039326056838,2.237782094627619,4.566548365633935,3.725613641086966,,,4.422520495951176,3.8442515381611884,2.586535835172981,3.988967652898282,3.6828968580812216,,4.041252692230046,4.041252692230046,3.9829948958940804,3.231116450857371,3.2262833416461945,3.4013480339199305,3.4013480339199305,4.630211214534938,3.6458162367343903,,2.901908002793789,3.2235615802928805,4.121017975732684,2.555186802521348,3.227819891180843,2.5237097167409956,3.174917542375624,2.401416698936373,4.032337172422558,4.474669197574258,5.368165930267423,4.4804198034107685,4.504037832375616,2.840128432493657,5.3808167185634375,4.870685571338981,4.255042612552643,3.89271735586226,4.22878147335723,4.486527414992452,2.781322092283517,2.205655764788389,3.972358150873333,,3.73578533064574,5.031234431546181,4.631003985181451,3.9872241779230535,3.8487010961398482,3.887396748177707,3.863992182072252,,3.94608380459249,5.533436108846217,4.404046031180769,3.6432212414219975,3.6414561509154737,3.5223779138177633,,,3.3570766048505902,3.163855555932969,3.234392296988517,2.5331864771433175,3.8661798522807658,3.5956521769985557,3.720130375120789,4.5395362405106425,4.310929519124329,3.3342403983697295,3.738956037443131,3.6227818494662642
tt_5.8h,3.464363399427384,,,3.0090917930938303,3.2991885007359087,4.408860133960843,4.408860133960843,3.7877570521086454,3.8547386527061462,,3.043083628639579,3.1758888619951904,5.070692617446184,3.713453909382224,2.5990793211385608,3.229004107415676,4.581977613270283,3.5236928705126047,3.5236928705126047,3.968615981284529,3.764727933332324,4.221172832883894,4.129249879624695,3.292508971877396,2.2275822199881077,4.5950255417265,3.718137593474239,,,4.416073750704527,3.83724335860461,2.5839941343292594,4.0048391544260085,3.703262750990689,,4.044766477774829,4.044766477774829,3.972350717987865,3.2169919814914465,3.253291757311672,3.389380468055606,3.389380468055606,4.62767314305529,3.643493866547942,,2.893065096344799,3.2134527121670544,4.119089592713863,2.5667951279319823,3.214446481782943,2.540341145824641,3.1730232895351946,2.4005109649151564,4.030137774068862,4.4736505364999175,5.369527169503272,4.49512695800513,4.499684185255319,2.8491352847777307,5.3811776004731655,4.869392118882388,4.2467418713495135,3.8855985775589943,4.228856559842825,4.493303105700761,2.771367886569351,2.204826235305518,3.961987919639796,,3.7319546625949442,5.030243207700551,4.586817124392837,3.9792170813307166,3.8391006640158594,3.8780934792011976,3.854144821409136,,3.9390967367216945,5.534106351900846,4.394125500693917,3.6295597488060594,3.6325071272440255,3.509455787949264,,,3.343847544398159,3.150458993855864,3.218940491322428,2.517113127745688,3.8902044245041907,3.5821167365647852,3.7122011315077543,4.527589386329055,4.302854421548545,3.3235222920775414,3.73074871301651,3.6108292737044394
tt_5.9h,3.454892197623849,,,2.997121077030897,3.2859393497928977,4.393230694811791,4.393230694811791,3.760230529587716,3.827198694460094,,3.0388177656568587,3.1659362842328846,5.066770127043128,3.701571124140173,2.5877206902951,3.216687216889113,4.5683843162842095,3.516978548374027,3.516978548374027,3.959584448952228,3.761190560646355,4.213496578857303,4.121919533237815,3.2794101019389927,2.2225262448191643,4.5720293102785945,3.7107043201103806,,,4.409708770457655,3.8303432925604284,2.581540080253035,3.992518929298967,3.6880090963095427,,4.048279074952006,4.048279074952006,3.962155206594616,3.2031566710211337,3.2803295459598303,3.3776400638744235,3.3776400638744235,4.625153802335262,3.641183049418032,,2.8843285674229264,3.203550879843533,4.117162603884935,2.5627807904966176,3.2390994946472347,2.5314467237330973,3.1712040416896343,2.3996013714931905,4.0279168942943215,4.472650076262653,5.370864720083773,4.482603856828064,4.495423205662519,2.8579812669195235,5.3814976378344,4.868114240467548,4.238603848498315,3.878561550285667,4.228942348156124,4.488966294564307,2.7582745729014277,2.2039198125712574,3.9519862988963723,,3.7282429463230073,5.02927561243996,4.578155357390642,3.9663517619483173,3.8296388145536184,3.869039351120591,3.844163686968386,,3.932216457556933,5.534750007092953,4.382286089006811,3.616389735136181,3.6238403245806694,3.509455787949264,,,3.3308265674859285,3.1372761917300522,3.2038435293361545,2.5170927974395454,3.8714642552658916,3.56866910494864,3.704408271703869,4.515933069400489,4.29488762980327,3.3125015078112483,3.722727447748184,3.599297163076699
tt_6.0h,3.4669365705922246,,,2.981248783413321,3.283445082604885,4.377941498998553,4.377941498998553,3.7341563324443996,3.8007671926170588,,3.034576989710331,3.1559508363716304,5.062909935135394,3.6899849884212017,2.5764352683909237,3.2044253470376134,4.555058030877262,3.5102132512256503,3.5102132512256503,3.9506451096385717,3.761685368604958,4.205978084355593,4.114774772897363,3.266357885207981,2.2175331548787653,4.550063185859472,3.7033505174331367,,,4.403424391523004,3.8235413362272084,2.579170748591423,3.980440082028508,3.672709701117128,,4.051810020580888,4.051810020580888,3.9518663003109396,3.18951119389385,3.2660914324223995,3.366514537949115,3.366514537949115,4.637170986738056,3.6437293053604662,,2.875839688349515,3.1938846250995994,4.115241167601198,2.5589374909177423,3.2256743013858795,2.523089749738574,3.169405350461602,2.3986944435164332,4.025662602856755,4.471668988466263,5.372171287890524,4.47018833970651,4.491238318383694,2.866651833523065,5.3860083245672286,4.866851687896997,4.230590965598822,3.881740180775523,4.229038854595274,4.495727296452969,2.7582745729014277,2.2035746281035244,3.9421334313228726,,3.7246474707499146,5.028331317007542,4.578155357390642,3.9584856117144227,3.82033390365541,3.860342181753367,3.84779601264745,,3.9254000913351774,5.535367578268051,4.382286089006811,3.6031924560666084,3.615444537717849,3.4983480819500983,,,3.3181181508116424,3.124352825805545,3.188994785770774,2.5170726203359663,3.8539193281903863,3.555516881868243,3.696739966981113,4.5212245266884565,4.2968048132024705,3.302263834513724,3.737617104779929,3.587641095276922
tt_6.1h,3.457428469322622,,,2.981248783413321,3.28094711760059,4.3818181389942765,4.3818181389942765,3.771298467181623,3.8045599507167935,,3.0303068794310093,3.146167865488678,5.059110998176038,3.678729450330138,2.56529050366953,3.1923134024254978,4.55965934228152,3.503489150200039,3.503489150200039,3.9418378323316574,3.761685368604958,4.198602759744972,4.10779910068959,3.2731669154018164,2.212610714137554,4.577546969521791,3.6960401544347405,,,4.397218375466764,3.816838067956269,2.576883335597813,3.968407378066331,3.6580850714817643,,4.0360026909038424,4.0360026909038424,3.9419321878813207,3.1761141386814415,3.293378065340221,3.3814841941930354,3.3814841941930354,4.634599864017218,3.641428124625236,,2.867346553131938,3.1974350018426776,4.113337594550103,2.554460343439132,3.2122242534533143,2.5151768694631755,3.1676912368275225,2.3977860920131207,4.012119186576456,4.470707009080797,5.3773549678735435,4.468655206728727,4.487153669819236,2.8751316205598414,5.386253587435931,4.865603962447494,4.222731517162174,3.874803349841386,4.229146066587418,4.502412277273834,2.74851878779009,2.2030022218823433,3.9322916246019304,,3.72116272803396,5.027409973088652,4.536311325617135,3.9584856117144227,3.8111611427739263,3.851798940449953,3.84779601264745,,3.918687168508768,5.535959572065622,4.372536985203624,3.5906479484401643,3.631955114658922,3.4875503382645547,,,3.322313795797527,3.111769682262093,3.1743884282186627,2.5170526006259024,3.8362838099710643,3.5425150338560343,3.689200603403151,4.5212245266884565,4.2968048132024705,3.291771557647735,3.7295827898196876,3.576613604556769
tt_6.2h,3.448150088544935,,,2.9659263961948454,3.2813203744590282,4.3818181389942765,4.3818181389942765,3.7452285406179726,3.8045599507167935,,3.026002827566117,3.1368407770060003,5.055354662705213,3.6673867921344936,2.566996270325035,3.1806065440177917,4.55965934228152,3.4971788665279746,3.4971788665279746,3.933119017165154,3.758165357168764,4.191376471891999,4.100992502644658,3.2731669154018164,2.20767751801759,4.55551326693967,3.6891006994992495,,,4.391088245436549,3.810235873796046,2.574684531893581,3.956716605927795,3.6436096359975636,,4.0360026909038424,4.0360026909038424,3.931966020260006,3.1630219016224146,3.3207148551009595,3.3702575052157044,3.3702575052157044,4.632049923297018,3.639128423295915,,2.8590501095168293,3.187794824130833,4.1114532221108675,2.550573309417814,3.1991399959661067,2.507488097064197,3.1642717719078064,2.3968907012604177,4.009882349986583,4.469763633329421,5.3786190915852785,4.456323763355613,4.483153115957975,2.881214694585651,5.386253587435931,4.864371162373573,4.214989860076457,3.874803349841386,4.229263980407268,4.498138391412795,2.7389290183782578,2.202380292583257,3.9225892066024244,,3.7177985534071922,5.026511243544519,4.585610290057957,3.9507269938476384,3.8021382610313594,3.8431382621638477,3.838086348492652,,3.912035074084997,5.536526490002871,4.362953626085073,3.57817018404603,3.623538007494062,3.4766758582554758,,,3.3099372847937047,3.0993264610879123,3.1600808282382786,2.5170327429659665,3.819177009165287,3.5298556606285274,3.681768588256091,4.509804802015424,4.288931093644351,3.281980869360268,3.7217296045273542,3.565654757898301
tt_6.3h,3.439034763723612,,,2.950710250996053,3.2813203744590282,4.366876422893256,4.366876422893256,3.7202480882406235,3.778621343895793,,3.021894024219364,3.1276605241000652,5.051675637252629,3.6566503597423434,2.5559388152323663,3.184860726352781,4.546596109401435,3.490775073412806,3.490775073412806,3.924796401988715,3.754649009089917,4.184284619987011,4.094355715904385,3.260775689035654,2.2028306676074862,4.534427774138749,3.6821632431820035,,,4.38503320235759,3.8037234540097415,2.5725532937794924,3.945199209265411,3.6295649325475097,,4.03956307284534,4.03956307284534,3.92217750614509,3.1502394611015916,3.3480942179448903,3.3592298165895045,3.3592298165895045,4.62952236412093,3.6393822976388037,,2.8506990503519773,3.1783513631671667,4.109589246567339,2.5585063565522432,3.186992142815143,2.5231560836546123,3.1627215268090367,2.3959858771413565,4.007616752758622,4.468838250264525,5.3786190915852785,4.444107181858271,4.479234007187188,2.8895013500005007,5.386460675857961,4.863171370700002,4.207395119126886,3.8679759548977017,4.229392625391483,4.504810144659132,2.729385866317898,2.2072356836870313,3.9264676915481687,,3.7145246719010174,5.025634802412242,4.543814674951136,3.9430984957143664,3.793241855688393,3.8346298234537244,3.828487402293831,,3.899011248257011,5.537068827543408,4.353526507969946,3.5657769003883004,3.6153807402588427,3.466582277789712,,,3.297522397711873,3.0869894940406084,3.1460533128120005,2.517013050150126,3.8023627889342606,3.5172655479982495,3.6743007879704237,4.4986559501849115,4.281164353247732,3.2721939366310835,3.7140990933403373,3.5546280359849334
tt_6.4h,3.429937729611993,,,2.935799952596426,3.278889012057334,4.352246731054038,4.352246731054038,3.730997947510332,3.766318785957992,,3.017726225312799,3.1185627980157733,5.0480544422753155,3.645216614473611,2.5559388152323663,3.173364286776632,4.533781450707465,3.4844602975063026,3.4844602975063026,3.916377596091479,3.7511506844311953,4.177334051113576,4.098400149960071,3.2488878997974098,2.1980412704870105,4.5609990088269114,3.675267579499632,,,4.379050476010889,3.806112201884389,2.5704965190961957,3.9336231648921967,3.634615884628147,,4.043161702807993,4.043161702807993,3.912974525243044,3.137452911119908,3.361790608149022,3.348366155754775,3.348366155754775,4.638896208256483,3.6393822976388037,,2.8426803196780384,3.169136160518974,4.107746759895235,2.5585063565522432,3.1746551082469523,2.5153776071965694,3.1610565558075905,2.39508613711223,4.007944036275148,4.46793192345649,5.3798266695812345,4.458534660283476,4.475380631629378,2.89759126259014,5.386630661319941,4.861968295183033,4.199910143855959,3.861224651802331,4.229531975928694,4.50053710443899,2.7199943466112018,2.206590542104095,3.9172696117311716,,3.7113498183898628,5.024780318606645,4.551328544039279,3.9355720807798207,3.7844781214371324,3.8262325385585427,3.8193672969937325,,3.8925953544676304,5.537587073165923,4.344261534046382,3.5541676045395434,3.607470864895731,3.456314510665834,,,3.285575211048126,3.074965820182115,3.1322713727131486,2.5169935263693333,3.8077048980630934,3.505349396727979,3.6670968579128385,4.487745332997292,4.273457696661353,3.2782549783587456,3.7066465066745877,3.5440945592708886
tt_6.5h,3.4210445382632315,,,2.921081339009106,3.2764966934919357,4.340097452979535,4.340097452979535,3.730997947510332,3.766318785957992,,3.013559135142714,3.109891482628882,5.044490390922874,3.6343601853586733,2.5450655072927475,3.161890671122819,4.521207200363278,3.4785331594757736,3.4785331594757736,3.9080829094164073,3.7476333384402096,4.170509807299823,4.091906296089292,3.239285767544061,2.1932660923339427,4.539848185144365,3.668512800708413,,,4.373139292001724,3.7996995081193745,2.5685119600966573,3.922744221519679,3.634615884628147,,4.043479480780661,4.043479480780661,3.9036489031277597,3.124817414674908,3.361790608149022,3.352235193364322,3.352235193364322,4.638896208256483,3.637115982826799,,2.8347475486807525,3.1598820192739367,4.105928708333522,2.554746870882809,3.1625430388376117,2.50782875623554,3.159573073964566,2.394176655448973,4.007944036275148,4.467044475954026,5.381031430326402,4.446377403102815,4.471617586910725,2.89759126259014,5.386764600407332,4.860779488924891,4.192565217614174,3.854579130653292,4.229682045057416,4.507195509038866,2.7108432268723845,2.206590542104095,3.9079102957621217,,3.708270591683686,5.023971512913704,4.551328544039279,3.9281693869270384,3.7758564315736294,3.818338186480105,3.8100414322689176,,3.8862756709568202,5.538081718608737,4.335144112352282,3.542559092398733,3.615505421999842,3.446354603394866,,,3.27380551956594,3.0631838818080723,3.1186684886924922,2.5169741762802005,3.8077048980630934,3.493175618350506,3.65996405063197,4.4770397511310875,4.265856553800404,3.2685141852125525,3.699401594698429,3.5335674518719316
tt_6.6h,3.412311565130949,,,2.906710267998278,3.276893754955381,4.340097452979535,4.340097452979535,3.7068025707267225,3.7411946770735085,,3.0095078386366367,3.101249390281737,5.048529718536884,3.6236819685436785,2.534197462722659,3.150630621239543,4.508865459356457,3.4725110162980855,3.4725110162980855,3.8998683146201074,3.7441120888106525,4.163819697219878,4.091906296089292,3.227731223218143,2.188553504180163,4.529199261218309,3.6617319812066853,,,4.367297523654997,3.793373465538025,2.566597539000213,3.911735718138516,3.6207737578079104,,4.043479480780661,4.043479480780661,3.8944887975230813,3.1125605241395533,3.3894733558408916,3.352235193364322,3.352235193364322,4.6363240401260555,3.6212755851447582,,2.8269129125401378,3.150866087526083,4.098812147974968,2.566620583180338,3.151388057973236,2.500591617077589,3.158011752180755,2.393285325728357,4.005663264077157,4.466175667475909,5.382207366637886,4.4343595881946385,4.467929153703153,2.9055051538161933,5.386863537598401,4.859605316072702,4.185324389487505,3.848005546722561,4.2298428495414555,4.493484957609326,2.7017249995842576,2.206044176593423,3.898838322609663,,3.7052841717377305,5.023159910459071,4.51157413283363,3.9208636013790965,3.7673510550521314,3.810400737449527,3.800876938737929,,3.8800101578235626,5.538553252350539,4.326180763076991,3.5312513797543943,3.607812360394746,3.449807028286159,,,3.262296642176807,3.0515240794047713,3.1053038770332932,2.5169550026766956,3.791293188929558,3.4816274335607886,3.652883217204362,4.46622423036024,4.25831390125677,3.2593017471954226,3.7061191871762276,3.523332850076258
tt_6.7h,3.4037085827440023,,,2.892509828787297,3.276893754955381,4.325787608977407,4.325787608977407,3.6828977498225868,3.7166449879296124,,3.005522020161152,3.0929601048119366,5.045024016872048,3.6133865187875926,2.523442942649126,3.1394127821549773,4.497377701103687,3.4664529794827104,3.4664529794827104,3.9025670932605863,3.740591491572559,4.157253915909678,4.085562747437507,3.227731223218143,2.1839019213803113,4.529199261218309,3.6551490682177246,,,4.361522892024368,3.787133727222681,2.5647511812858284,3.90091837849468,3.607500718906522,,4.047088843770325,4.047088843770325,3.8764162259176373,3.100595543626696,3.4172113337554038,3.3418851415626705,3.3418851415626705,4.633798291906714,3.6212755851447582,,2.819081170950085,3.1419557188637555,4.0969698233529925,2.562826700974256,3.1461669504642487,2.508404339198023,3.1565971402451396,2.392391745466739,4.0033615017309785,4.465324829798192,5.3833549548871815,4.436696419026703,4.464313322678208,2.9132150392979383,5.386928503867239,4.858445917721838,4.1782162599265575,3.8415343491360545,4.230014365166426,4.493484957609326,2.692838174290955,2.205445548053831,3.8900059843435884,,3.7024014103226364,5.022369280457497,4.519140128977597,3.91366357030347,3.7589820344001055,3.8024585866369307,3.7920397338457406,,3.873838252387941,5.5390021544881165,4.317357029300183,3.5204001064412296,3.607812360394746,3.440043902490288,,,3.2508488935418427,3.0399661459960043,3.0921851862221956,2.5169360102154315,3.7752809026278555,3.4698543227277696,3.646076231263578,4.455760897137225,4.25087537849322,3.2593017471954226,3.6990406685508788,3.5134399067610502
tt_6.8h,3.3902290263213217,,,2.8786482382565737,3.2744942479766905,4.3117657313123345,4.3117657313123345,3.6938443295657635,3.720442176796496,,3.0015660896897316,3.084819103125483,5.041572970803827,3.6031239591538906,2.5128798903897405,3.128550957888365,4.485265490133315,3.4607797022908926,3.4607797022908926,3.8944842857308686,3.7370752920396626,4.150804860051721,4.079370042309165,3.216807830147445,2.179239092860371,4.508861804381013,3.648799488786608,,,4.355814774520695,3.780982855707407,2.5629710014909506,3.904677778016776,3.594591681379825,,4.050717086531222,4.050717086531222,3.8679731395095587,3.0887237838469446,3.4449778967536986,3.331624797079712,3.331624797079712,4.631312298588455,3.619028373621404,,2.811446809209883,3.1331361797638237,4.095152992289513,2.571107720490545,3.1349113592877984,2.5013060248456895,3.15512426616624,2.391504385974258,4.003706992138177,4.464492229279131,5.384474481455982,4.436696419026703,4.460754290688783,2.920742659829557,5.3869605185464025,4.860960951074958,4.171222989447415,3.8351473538205028,4.230196627322584,4.500071918126196,2.683972653001547,2.2051984262652695,3.881182678975165,,3.6995905060321093,5.021599309984595,4.519140128977597,3.906581631861627,3.7507241857238114,3.794614867772907,3.7832540161907673,,3.8677380341105163,5.539428907446563,4.308679773937911,3.5094779231585562,3.6003513047471642,3.440043902490288,,,3.2508488935418427,3.028769173193723,3.0791968759149313,2.516917201690376,3.7595455460250378,3.4586695157922804,3.6392135890200734,4.455760897137225,4.2434936673380435,3.2500819521956146,3.6921199234202504,3.5034573469311
tt_6.9h,3.3817821550183,,,2.8649449455551803,3.2749036820605397,4.315768877975643,4.315768877975643,3.6938443295657635,3.720442176796496,,2.997607317287475,3.0767681654542685,5.03815736901015,3.5931939696893096,2.502380001358688,3.1178147178143263,4.485265490133315,3.454983093775809,3.454983093775809,3.886478854343295,3.7215810995548964,4.144479292910546,4.07331167999655,3.2231553476303816,2.174676396884024,4.514288703445345,3.642473733983934,,,4.350171072874218,3.774910972919315,2.5612552082166076,3.894318771548569,3.583522057160735,,4.0510567696765065,4.0510567696765065,3.8595177070237696,3.0769827757030725,3.443409333471209,3.319263051263988,3.319263051263988,4.640581568237394,3.619301895145327,,2.8039076244458556,3.1244350024499,4.095152992289513,2.571107720490545,3.1236171177588403,2.5013060248456895,3.1537736034952104,2.39061834057793,4.001403669361025,4.463678329251707,5.385566566605121,4.424881825689226,4.447437332477421,2.928058683872223,5.3869605883955956,4.859823573380709,4.164324367418885,3.828827455639839,4.230389601085335,4.502419886179268,2.6753064463846385,2.2048010961152613,3.8723360248841345,,3.696862582117319,5.020849667023867,4.510567625053227,3.899587461259216,3.742597428150475,3.7869711704552174,3.77453873725608,,3.8616880271583796,5.5398319265805185,4.300135071389377,3.5162166487425566,3.5931111029349267,3.4303663996979594,,,3.239727647509426,3.0177092072553933,3.06643935944885,2.5168985817581415,3.748647863510996,3.4474886930547655,3.6323682982474566,4.445487342309207,4.236192358192056,3.241364034358412,3.6921199234202504,3.4937917487695813
tt_7.0h,3.3732767230831087,,,2.851434270851314,3.2725183884613216,4.302019861526787,4.302019861526787,3.6706794281490147,3.6966524510644376,,2.9937197724357247,3.065186051186174,5.034812697209418,3.583197036292404,2.4919492010958493,3.1071272883564234,4.473371114581823,3.449264509603381,3.449264509603381,3.878590313717723,3.71810008212924,4.138263400644064,4.067398475948721,3.2121008434332907,2.1701553533785045,4.514288703445345,3.636149501428008,,,4.344589528162032,3.768919412046671,2.559611357282847,3.883775415364653,3.570558536797762,,4.0510567696765065,4.0510567696765065,3.851102032698691,3.065454998984933,3.443409333471209,3.3093452299945056,3.3093452299945056,4.6381032625213265,3.617067836690694,,2.7965034530498087,3.1157736512832344,4.093362268060446,2.5674459584988654,3.113536389544606,2.494570835493505,3.15240018395707,2.3897334751673043,4.001403669361025,4.462882993742824,5.374580746516585,4.427262629382312,4.4439503396861255,2.935186168178916,5.386929703876376,4.858700434677303,4.157550156116486,3.8226044848561287,4.230593310203403,4.502419886179268,2.6667332141660154,2.204431200865656,3.8639339809305966,,3.6942148143425584,5.02409540489316,4.510567625053227,3.892705826088786,3.7345769400708377,3.779620054643601,3.765999614726752,,3.855727330315858,5.540215774439275,4.291729981545359,3.505542660597712,3.601073947735131,3.4209690275602043,,,3.228789437096566,3.006794448941946,3.0539389816112816,2.5168801438994706,3.733202999457717,3.436579276807606,3.6258761528879404,4.435442083980888,4.228990430012345,3.232571326661855,3.685387760400772,3.484217288903892
tt_7.1h,3.365091069601476,,,2.8382008555345237,3.2725183884613216,4.302019861526787,4.302019861526787,3.665463324636221,3.700432798359543,,2.989856270607561,3.05739828851074,5.031520011369139,3.583197036292404,2.4777490529231727,3.0966033712029457,4.46168660139665,3.443906888831407,3.443906888831407,3.870776431635022,3.7146013332530856,4.1321655213832855,4.071407894138247,3.2121008434332907,2.165659155230969,4.494725255295634,3.6298686088994145,,,4.339069650974125,3.763010884169489,2.5580193917267025,3.8736443240195513,3.5582281071692705,,4.054716146085411,4.054716146085411,3.8428252735175192,3.0540910796262324,3.471370253711939,3.3093452299945056,3.3093452299945056,4.6381032625213265,3.617067836690694,,2.789056019857526,3.107330416329205,4.091598194558173,2.559788514394313,3.113536389544606,2.485805143136531,3.151162809226662,2.3888652664609253,3.999074552208185,4.462105949874967,5.375635158736259,4.427262629382312,4.440543993841857,2.942096883431077,5.386868843343109,4.857591652311385,4.150866847019643,3.8164451215416193,4.230807737447321,4.5047563118860126,2.658258853945881,2.204027913045138,3.8557878616265953,,3.69164461735636,5.023378022480756,4.472743739373982,3.8859087703749537,3.72668272908777,3.772387174423784,3.7578006726689637,,3.849837748799473,5.540578874293715,4.2834555972367525,3.4953733077272773,3.594028272666037,3.411531280260533,,,3.218020536005497,2.9961288766935468,3.0578933800570667,2.516861881595105,3.7181020420975983,3.4259643028490245,3.619299414101988,4.440720077138394,4.221844765357673,3.2240872201509774,3.6788013190962374,3.474767094478011
tt_7.2h,3.365091069601476,,,2.825141614768654,3.270146318245679,4.288557824213058,4.288557824213058,3.6438748058862984,3.700432798359543,,2.985996590461582,3.0495799756608903,5.02827878203243,3.5736113591119647,2.467402500100434,3.0862232791259885,4.466312074102461,3.438475437927991,3.438475437927991,3.863076110370457,3.711103248875588,4.138127185869962,4.0656142039224505,3.202187015209347,2.161242291331291,4.5001016915775836,3.6236737710423768,,,4.333618927747011,3.757178246974945,2.5564830200746655,3.863668641541153,3.5582281071692705,,4.058418827131391,4.058418827131391,3.8345840545371175,3.0429911324754357,3.4993167384527624,3.2997515094466507,3.2997515094466507,4.635645447764546,3.6148373782634735,,2.7818817272782326,3.0990076013840735,4.08986320020631,2.559788514394313,3.1030813669785857,2.479212206788361,3.1498600877821445,2.3880022880621254,3.9994346988387406,4.461347036529332,5.376663194503635,4.415629897732288,4.437202468048781,2.948814864270389,5.39102428779006,4.856496940366924,4.156161425635219,3.8196741635911167,4.231032887008041,4.5047563118860126,2.649957260582596,2.192588778678328,3.84741491638124,,3.6891495776362717,5.022680202033371,4.480317058507353,3.879219208844006,3.718890158459544,3.7650447050109506,3.761640449054539,,3.8440043753944337,5.540925337001681,4.275304565671831,3.485125796869397,3.594028272666037,3.4026047359220684,,,3.2073981603607535,2.9854762759059668,3.0454513300210238,2.516874714754522,3.7181020420975983,3.415295665152371,3.6126936678774655,4.4308501509949565,4.223999813199043,3.2157420138828456,3.672373737208545,3.4657661765813828
tt_7.3h,3.357073391787708,,,2.812266846653074,3.2544820089824498,4.292600705288351,4.292600705288351,3.6438748058862984,3.677406774368137,,2.9822347704321146,3.042134274728596,5.02827878203243,3.564082258846611,2.457090286538005,3.0760432141833007,4.454837760422379,3.4329780475236475,3.4329780475236475,3.855447587557137,3.711103248875588,4.132125393953174,4.059946058318019,3.2084709741175175,2.1568440846167505,4.5001016915775836,3.626804143656045,,,4.328255289699882,3.751434102188796,2.5549923232756555,3.863668641541153,3.545843785163015,,4.058790193870664,4.058790193870664,3.826623040251434,3.03199013043195,3.5143571724183857,3.303516710177064,3.303516710177064,4.628768857102841,3.615131068043411,,2.774698163382709,3.0907014128752053,4.088153620716184,2.5684311506338418,3.093247839715332,2.4728725743480027,3.148619876243174,2.3871346130035818,3.997104147914797,4.460616868920624,5.377665224019438,4.401946164667606,4.433924086391926,2.9546160669997334,5.390904476400465,4.855415833182633,4.149575436953455,3.813596548512578,4.2312741805799305,4.507081066258252,2.653151371050626,2.1922800466418266,3.839181443210691,,3.686742161400616,5.02200162736699,4.480317058507353,3.8726102244108915,3.7112196441739798,3.7578884037211537,3.7534290053881705,,3.8382663163356483,5.5412632171064615,4.279581924434751,3.4755263063125312,3.587187506724149,3.406164698302746,,,3.196947802323848,2.9750585118308663,3.0334569946862757,2.5168568529188633,3.70332687580958,3.4049398745410144,3.6064973566681147,4.4211951470933855,4.216974346432835,3.2055163327604532,3.678992277942598,3.456563515588641
tt_7.4h,3.3490198738873005,,,2.816450691316277,3.2521822042763233,4.27941069053486,4.27941069053486,3.6224715975113213,3.6812483496032655,,2.978435207158327,3.0347730005159974,5.025087506044656,3.5547911124303937,2.4470067201182246,3.066111956257373,4.4435621695593,3.427875858731568,3.427875858731568,3.855447587557137,3.707609719596803,4.126229244749993,4.054395866114646,3.198223553597927,2.1525345598347485,4.481234094128013,3.620909681543708,,,4.322977969422936,3.7457710579037666,2.5535461115650833,3.8537210426293314,3.5339455851353705,,4.062513921875507,4.062513921875507,3.8189061828888953,3.0211229105480015,3.5424495358020067,3.293818673118949,3.293818673118949,4.626339372713119,3.612918475177139,,2.7676719715818763,3.082671443000436,4.096903329715133,2.5648701223544776,3.083463495131582,2.4728725743480027,3.1474087089300156,2.386287265922874,3.997104147914797,4.459896431770176,5.378641821909696,4.390534780919552,4.430707564111799,2.9610719471238554,5.390757089946419,4.854348405729979,4.143108559306711,3.807612428907305,4.2315430929884315,4.513595360331237,2.6449905186891556,2.1918502850458026,3.831388503778726,,3.682121619116515,5.021341990213841,4.487900524400175,3.8758905343711376,3.7036464298143983,3.7508150143548846,3.7451766850426793,,3.8325822157785296,5.541592665016651,4.271555883344263,3.4657983002252877,3.5805431259796023,3.397315884474665,,,3.1867344337515533,2.9648109837435186,3.021477000787854,2.516839195974171,3.688636397011578,3.394757991656661,3.600223652087152,4.411726343911141,4.210001142695546,3.197532832622528,3.672702775336802,3.4477044423110783
tt_7.5h,3.341183578595519,,,2.803790543228388,3.2521822042763233,4.2664682026952505,4.2664682026952505,3.6332630505785346,3.658592106308788,,2.9746914729475975,3.027505881153047,5.021927011664957,3.545620607212186,2.436935645993799,3.056157207582146,4.432478396221995,3.4226086204871535,3.4226086204871535,3.8479297095909715,3.704122938681394,4.120431450661272,4.054395866114646,3.188741325866431,2.1482545686885715,4.486584533471614,3.6150368014350533,,,4.31778480950743,3.740189166739583,2.552143240813166,3.8441111724823713,3.538889190647751,,4.062513921875507,4.062513921875507,3.8111763559281826,3.010472918394953,3.5424495358020067,3.284433217253536,3.284433217253536,4.623949945438653,3.612918475177139,,2.760727779008448,3.074651818256825,4.09518328635022,2.5648701223544776,3.073823109269142,2.466844502836466,3.1462144013494253,2.385435985866934,3.9947501560673118,4.459195390343666,5.378641821909696,4.390534780919552,4.4275341192260385,2.967328573577106,5.390583056490868,4.8532949117943645,4.1367304916493595,3.8017027559690177,4.23183973506093,4.513595360331237,2.6368929254822433,2.1915145376697183,3.8234802316874266,,3.6799174179323018,5.020700976718217,4.451768429484218,3.8693748717196286,3.696191216353327,3.7437968887388706,3.7372567346319556,,3.8269916400313377,5.541913828346878,4.263657188974321,3.45634777424857,3.5723328716121614,3.3886409774422646,,,3.1766787101514637,2.9547084467485547,3.0096465162932873,2.516821744851768,3.694028442259878,3.40043189143762,3.59393570991233,4.411726343911141,4.2031249278225005,3.1894070436246693,3.6665797610767186,3.4389982880093157
tt_7.6h,3.3333421079441905,,,2.791343269404024,3.2498534098267555,4.2664682026952505,4.2664682026952505,3.6124154906719923,3.658592106308788,,2.971063066739589,3.0203973003663123,5.018832720816135,3.53660297812894,2.436935645993799,3.0463187843561172,4.432478396221995,3.417527787387371,3.417527787387371,3.840480998624116,3.70064804982394,4.114739967044443,4.048970323521644,3.188741325866431,2.143984139431268,4.468357609584928,3.6092281718738377,,,4.312673609238118,3.7346913306973875,2.550782523583621,3.8344644363969564,3.5272559449076653,,4.046801180113107,4.046801180113107,3.8036145539954305,2.999962321482599,3.570529439020902,3.284433217253536,3.284433217253536,4.623949945438653,3.6132247638888657,,2.7539065182209015,3.0667607970535755,4.093492337502539,2.573699823115021,3.084337529260665,2.474209754727781,3.1451039337553084,2.3845808054320514,3.979019396007061,4.458513557445258,5.379566874820739,4.392993325833231,4.424421025440097,2.97335749771446,5.390383288264275,4.8532949117943645,4.130472064483911,3.7958521833643317,4.232164128683507,4.499792659189552,2.6288799047470093,2.1911888825707138,3.8156634364277124,,3.677780799102038,5.0200782786123455,4.451768429484218,3.86296100076288,3.688839515671134,3.7305029537528753,3.7296133316121995,,3.8214724250137806,5.542226850986481,4.255872264970094,3.4472514716908336,3.5658595180138946,3.3800443657673895,,,3.166810343042016,2.9447296345606446,2.9980602003633976,2.5168044953607023,3.6799997272901237,3.3905594632960856,3.587985219899565,4.402416136581451,4.196298866998404,3.181715657468885,3.660582066513598,3.4303781068883836
tt_7.7h,3.33615540061146,,,2.7789978249929845,3.250329081900418,4.270527652464807,4.270527652464807,3.6124154906719923,3.6463367850519717,,2.967366043943912,3.013441258110106,5.015788372606039,3.5277841119095683,2.4269861024804413,3.036732093896717,4.42158344713971,3.412572430446744,3.412572430446744,3.833121568430215,3.7013668892905116,4.1091465768404305,4.043658446520567,3.1947970991022885,2.1397964702919126,4.4758407031185925,3.6033450034447014,,,4.307643837295473,3.72926967125386,2.549462877213955,3.8219976578839123,3.5158171677030623,,4.0505646844394505,4.0505646844394505,3.7960379640571773,2.989753852132708,3.5860644411295652,3.275390054564923,3.275390054564923,4.621581050101668,3.6110371062532067,,2.747078001499176,3.05901580164209,4.0918306219391525,2.573699823115021,3.0753311244770885,2.4683565543964505,3.1439776089973748,2.3837420251220465,3.9766376931220293,4.4578506904654205,5.380493978969753,4.381763311102986,4.421353207435459,2.9791718469932675,5.390161089133471,4.8522555865347385,4.124314189422876,3.7900901390239596,4.232516312040389,4.499792659189552,2.621075603645295,2.1911057881079614,3.8081339225172997,,3.6757095474749804,5.019473576452583,4.459387821145356,3.8566230474971235,3.681580949574709,3.7238245652988553,3.7219069031998515,,3.8160040760412812,5.542531874962151,4.2482083276845515,3.4380885530263186,3.5595682580024004,3.371574338991195,,,3.157111955806613,2.9349251980893314,2.9865509998053312,2.5167874288745224,3.6659011538140476,3.3806424140930176,3.5758598996326327,4.407682651653886,4.189547140616924,3.1740999491885304,3.654741484671831,3.4221314284950495
tt_7.8h,3.328569136094302,,,2.7669594176113605,3.2480305661447346,4.257839934900403,4.257839934900403,3.6231357231736183,3.624291484244168,,2.9637639024294913,3.006621497683227,5.012798631563783,3.5189899196848273,2.41715548094362,3.0271593127399683,4.426218564622104,3.407635443843901,3.407635443843901,3.825878811068833,3.697896013967693,4.103644621092826,4.047645838931203,3.1852912632748485,2.1356705953367054,4.457579048350453,3.597599002532661,,,4.302693485748023,3.7239248757250607,2.5567088965326548,3.812605742830783,3.504358418751508,,4.054353090003133,4.054353090003133,3.788557205349207,2.9796104477718472,3.6142750778235495,3.279220828320831,3.279220828320831,4.630710363853723,3.6110371062532067,,2.7403974002227187,3.0512808016501367,4.090200193226337,2.5827417061664164,3.0663363207131624,2.4626057534478605,3.1429619058035314,2.3829155289568007,3.9766376931220293,4.4572062767110765,5.381397005170584,4.381763311102986,4.4183296407572925,2.9847800941206515,5.3899223315529525,4.8512311251834035,4.118239098228514,3.7843830082565546,4.2328962655738,4.502082714345306,2.6132444101385772,2.1911057881079614,3.8081339225172997,,3.673701487015933,5.01888657361269,4.459387821145356,3.850371078122407,3.674432734027505,3.7172748534940183,3.7142775584943593,,3.8106257477775216,5.54282904509455,4.240652440115809,3.429222524166107,3.5595682580024004,3.371574338991195,,,3.1474516945891082,2.9252117821015418,2.975293346680701,2.516770549118519,3.6524174427613616,3.3711057053878903,3.5702052977867424,4.39854636695236,4.182892356533557,3.1666269921697676,3.654741484671831,3.4136987812817097
tt_7.9h,3.3210095278918743,,,2.7550570825114846,3.2480305661447346,4.245383506175131,4.245383506175131,3.602858222089708,3.6027055089361966,,2.96025428827852,2.9998875837773085,5.01685621868819,3.5237862537615,2.4191248673014343,3.017835646867752,4.41550803091377,3.411546863615513,3.411546863615513,3.8187080598436296,3.6944284844212234,4.098241653293371,4.042436624877155,3.176158068701625,2.1315618637017906,4.439949040766805,3.591857336461544,,,4.297820528503507,3.7186600659042597,2.5554094067774713,3.803431023377925,3.504358418751508,,4.054353090003133,4.054353090003133,3.7813918590545654,2.984010072425008,3.6424385756254196,3.2702203933149576,3.2702203933149576,4.628371266182512,3.595253258012235,,2.7338236053474247,3.0436503356322646,4.088597012218088,2.579280677717179,3.0573854907415807,2.4626057534478605,3.141875720117241,2.383129583671689,3.9742323462851346,4.456580592319369,5.386458190623671,4.384266818407923,4.415349409915507,2.9901522458530962,5.389667638577521,4.850221193861216,4.112276386935264,3.7787626148201525,4.233303649351001,4.508497536182404,2.605622245464474,2.1908952496014535,3.8007000745274127,,3.6717545548453927,5.018316979985684,4.450867480132729,3.8442172622308135,3.6604212378151715,3.710776372347027,3.706821808591485,,3.8053156142123044,5.54311850015074,4.2332124300301075,3.429222524166107,3.56740215793252,3.3632927504368126,,,3.1380725083872676,2.9293536422774196,2.9642264330759645,2.5167538598179817,3.638841620646417,3.361556436866522,3.5643572700209916,4.389602914918214,4.176290103234351,3.1594815724529326,3.6490174923092127,3.405573034659028
tt_8.0h,3.3135096966288984,,,2.743323229253292,3.248523133341223,4.233151632361114,4.233151632361114,3.5837346422486007,3.6281420164741576,,2.9567291368730366,2.9932939233258367,5.013928439933807,3.515369977802038,2.4093482750467956,3.008577246684581,4.404976222664118,3.40677819121629,3.40677819121629,3.8214477566070855,3.690967535600066,4.092929109465331,4.037331257481128,3.1672386624850333,2.127516573294997,4.462936753872782,3.5862664435990155,,,4.293024559505284,3.713467493187636,2.554149175528437,3.794327243231237,3.4934673379175365,,4.054780782200396,4.054780782200396,3.774378953501582,2.973914959002286,3.6424385756254196,3.261571033857763,3.261571033857763,4.62607198022306,3.593090367037803,,2.720871550962329,3.036155409645289,4.088597012218088,2.579280677717179,3.0490280855447054,2.4702824391424656,3.1409485889598727,2.382306542247534,3.9746253192424774,4.455973949283361,5.387327518779784,4.373272318858653,4.412397944834083,2.9953030324541032,5.389397619757801,4.849225984420627,4.106392337940633,3.7732110409997404,4.2337385741993785,4.504361971281469,2.5980474958196282,2.195607495494187,3.793184815905988,,3.6698804018087685,5.017764498945326,4.4163010492920876,3.838133034296334,3.6535537177696824,3.704418566543609,3.6995634557679296,,3.800053298473358,5.543400378432125,4.22587565286085,3.420834770426154,3.561268572229892,3.366806455422193,,,3.128827402833849,2.9198031527921557,2.9533175923861563,2.51673736423254,3.638841620646417,3.3521596654318273,3.558638737536967,4.38080199342221,4.169783747754991,3.1594815724529326,3.639419475570321,3.3976217918097973
tt_8.1h,3.306325001642108,,,2.7319097532890737,3.246262028347701,4.233396539464593,4.233396539464593,3.5837346422486007,3.6065588677302003,,2.9532664283178747,2.9867703267373145,5.01105305319652,3.5068774968385696,2.3997045727446675,2.99943771911785,4.394617124926299,3.4019815865904093,3.4019815865904093,3.8144079772755504,3.687528213020414,4.0877025639638305,4.032335671596229,3.1672386624850333,2.123489716090262,4.445274577010423,3.580860909540206,,,4.288303740788251,3.7083479682914913,2.5529271415434778,3.7855925438925624,3.498494690284133,,4.058629763312638,4.058629763312638,3.7673502787947655,2.9640606842003763,3.658441960811615,3.261571033857763,3.261571033857763,4.623812166042626,3.59093099553138,,2.7145396224223077,3.0286746784113348,4.087025354150683,2.5724227759055793,3.0407098550349474,2.4646895295009017,3.139967728406191,2.3814784148707986,3.972200818825513,4.454817121382803,5.3881726381368935,4.373272318858653,4.409501496236771,2.9953030324541032,5.389112864620984,4.85180092882365,4.100616620853543,3.767711211461574,4.234201089479029,4.510786916594952,2.59065417945385,2.195342323742807,3.785897489171475,,3.6680497974157333,5.017228846438229,4.458461166359484,3.8321424648165703,3.6467907335609198,3.698349972255528,3.6995634557679296,,3.7948778877034783,5.543674817774445,4.218649839516729,3.412254423368722,3.555303426925093,3.3585413680411875,,,3.1170204216614366,2.9104923610575497,2.942528849001974,2.5167210665531456,3.6442520124837756,3.3429775089025497,3.5531871765851974,4.38080199342221,4.163327214308083,3.1522082462906837,3.6338104479946196,3.3896541772410274
tt_8.2h,3.299065507017076,,,2.720581342931837,3.244109927676618,4.221158124040812,4.221158124040812,3.5943269366398454,3.585920318029821,,2.949798904825002,2.980466263834387,5.008211061824113,3.4985411446541548,2.390067534521222,2.990470086224377,4.394617124926299,3.3972271364182234,3.3972271364182234,3.8074390259571373,3.6840742835775018,4.082567708566785,4.0274376049637794,3.1570444712415338,2.1195413996465504,4.428189903032035,3.575349709019065,,,4.283656152896583,3.703304568771273,2.551742264535278,3.776700526010245,3.4875374184921384,,4.062485478352755,4.062485478352755,3.760406194254756,2.954306827392429,3.6866855826228857,3.2653080099262297,3.2653080099262297,4.63510856218636,3.59093099553138,,2.708286940585822,3.0214195381850004,4.09558406053111,2.5690953098237514,3.0326473861932755,2.4593742336146533,3.1390051511116326,2.3806560952216387,3.969759049359709,4.454266625922173,5.388994071632624,4.375827820971608,4.406644987408072,3.0002444135025144,5.389112864620984,4.8508283123373985,4.0949315913021564,3.767711211461574,4.234691166784614,4.510786916594952,2.5832762997597456,2.1951226317323744,3.7788281850516796,,3.666274587623775,5.017228846438229,4.423937416169792,3.826220386661589,3.6401186105795205,3.6923210099339485,3.6921808049082756,,3.7897676024585962,5.543941953219473,4.21152313798666,3.418734003789723,3.5495018176734447,3.3507918124087155,,,3.107875328976661,2.90120472246781,2.9317824691534042,2.5167049700394273,3.631256813649088,3.3339106254279613,3.547579679172486,4.386058460455388,4.163327214308083,3.157997796777636,3.628327189479023,3.3820502408780158
tt_8.3h,3.2919551292434335,,,2.7092843032442033,3.241907684598118,4.2091586869210005,4.2091586869210005,3.5755134876817465,3.585920318029821,,2.946333967614919,2.9741966794244945,5.005437481217086,3.4903910839930177,2.3804692714475095,2.9815364880487323,4.399255388882011,3.3926241528242826,3.3926241528242826,3.8005791143514216,3.6806187639012933,4.077518868725747,4.022625409998,3.148437587544322,2.115633675828576,4.450597070623189,3.569930157624185,,,4.27457830356434,3.6983305271714926,2.5505934907123446,3.767875947058201,3.4770031310617924,,4.066366390325129,4.066366390325129,3.753496227785945,2.944763631094247,3.714874755125493,3.2568326415494084,3.2568326415494084,4.632820655591786,3.59129002597183,,2.7020642487332225,3.0141237969510257,4.094022509641945,2.58189501427114,3.0326473861932755,2.454290125053376,3.1380917807109654,2.3798385756090283,3.9725920651108027,4.45373452687636,5.389792312402278,4.3650279003195465,4.403827419504523,2.989570270292461,5.388813957106322,4.849869937635958,4.089319659862667,3.7622944116592407,4.235208806116134,4.513044483028352,2.5759505731984973,2.194890081882477,3.7717161662876606,,3.6645529586821795,5.016709733288735,4.391075871884823,3.820374823641032,3.6335276551544666,3.6861900188960135,3.6849928107112646,,3.784722337499261,5.544201921205968,4.204497707542032,3.4105531410314143,3.5495018176734447,3.342820566147566,,,3.0989870759658515,2.892043591476977,2.92136056907475,2.5166890784166753,3.6182531556114554,3.324992303736508,3.5420210952870548,4.377439340110868,4.156943113077432,3.1512545687146485,3.6229872768744826,3.3667936017736793
tt_8.4h,3.2919551292434335,,,2.698283428326249,3.2446382883936167,4.197370176203549,4.197370176203549,3.5568558373488486,3.589733529370278,,2.9429592532105744,2.968054438009858,5.002713186666369,3.482351400423795,2.3710324140265584,2.9727802528068423,4.389067146927118,3.388083395548165,3.388083395548165,3.7937878612428904,3.6771661792881787,4.072547605261207,4.022625409998,3.139891718979925,2.111738599371165,4.433513328898698,3.564638386014849,,,4.270145005080849,3.6934261457063258,2.5494798407889903,3.7594660315662622,3.4667164077982306,,4.062950097490102,4.062950097490102,3.7466965611092746,2.9354186090640724,3.74297056812793,3.2483412669971585,3.2483412669971585,4.630572324153036,3.5891549149528146,,2.6960135363042355,3.006919890176505,4.092497035861015,2.578541228082031,3.04280402418226,2.454290125053376,3.1372135719284415,2.3790300278924406,3.970170606393367,4.4532203818671405,5.390567704103887,4.354391014203429,4.401048075873405,2.9942282969132066,5.392709619831294,4.848925530910492,4.083810517564416,3.7655570916831493,4.235869001131505,4.519380049780011,2.5688875974155962,2.194661137647927,3.7594383624382317,,3.6628831434063613,5.020075255539268,4.4315381441265345,3.8146191043779254,3.6270349863916636,3.6802124022506177,3.6888373740948737,,3.7797209075652063,5.54445485631004,4.197577288374305,3.4023608337156475,3.557257051113993,3.33509234059602,,,3.090065849479288,2.883011717814952,2.92136056907475,2.5166733940131962,3.6056504603475332,3.316279871854931,3.5368353365920484,4.3689541020430624,4.159280746709555,3.1442506690509617,3.6177523001097143,3.359604558441788
tt_8.5h,3.294767144136131,,,2.6874137562699616,3.242454274557531,4.213311654049903,4.213311654049903,3.5699337562546134,3.5693618045188487,,2.944768624380231,2.9619421237148345,5.0000372575595975,3.4744423353113234,2.361598055344075,2.9640883305110037,4.379042644053698,3.383486077655107,3.383486077655107,3.7870831373147666,3.6737215374596417,4.067664618603885,4.0104816453531384,3.139891718979925,2.1079175053164363,4.416992067359388,3.559295136947185,,,4.265780023299158,3.6885912735015154,2.548400324303657,3.7510726233012974,3.456519214902073,,4.066847341135144,4.066847341135144,3.740159015636891,2.926147924736142,3.74297056812793,3.240246559958905,3.240246559958905,4.62836319161579,3.5870454818941653,,2.689986227080226,2.9999109664931893,4.091007062699646,2.578541228082031,3.034956149291247,2.4615888064727187,3.136316321324557,2.3782204147428274,3.9677243027836084,4.4527243645861745,5.391320662107319,4.351527350954711,4.398305902723223,2.998681377619505,5.392378741875291,4.847995076328516,4.078386813867837,3.7602094295434654,4.2364420760422945,4.499184452462941,2.561744563281536,2.1944757257588208,3.752423964906484,,3.661263494286686,5.019582932814956,4.398714106529951,3.808926360681653,3.620619245339185,3.6742582535371184,3.6819676542654634,,3.774801842402667,5.544700889382511,4.190749015193433,3.3942755088210106,3.551594026852399,3.327473029959947,,,3.0814652419649065,2.8741082306951284,2.925340284127742,2.5166579210199416,3.59312042593956,3.307742925360799,3.5314578316174448,4.360642681829631,4.153007306624204,3.1377306319773197,3.612637009937316,3.352303576655686
tt_8.6h,3.2877203705720603,,,2.6766268187202513,3.2402764172293246,4.201537071727216,4.201537071727216,3.551234838552773,3.5492499726824462,,2.941390411928296,2.956101013813168,4.997408799361438,3.4666004362516105,2.3522319039329886,2.9555231546983123,4.369176623877138,3.3791298111900687,3.3791298111900687,3.7804848882369697,3.67801067372784,4.062860784586519,4.0057428404688835,3.1457955152727664,2.104156795423478,4.438833457883447,3.5539877586998045,,,4.261483246926218,3.683829793240875,2.5473539573140442,3.742876705247909,3.446604332420975,,4.070770753547549,4.070770753547549,3.733720633201301,2.916984015610069,3.7434439319185913,3.2360588368028402,3.2360588368028402,4.626192874275148,3.5895147011615336,,2.684016120620072,2.9930171193554997,4.089553978294134,2.588209995534271,3.027230324689299,2.4566832706332207,3.1354310433380306,2.377426329534501,3.9652570742182434,4.452246710192412,5.392051703296602,4.340955636464059,4.403768266551197,3.002906149253249,5.392035164870322,4.847096312791109,4.073031168896705,3.754926247522235,4.237043061759323,4.50551039353013,2.554795240983367,2.194275124464184,3.7456624126061797,,3.6596924075856805,5.019106456078589,4.439148353878409,3.803306012414396,3.614299881272018,3.668417307548225,3.6750369356013834,,3.7699448480270803,5.545172769576311,4.184021535795182,3.3867689482867718,3.546083285473287,3.319910555612296,,,3.0728360801003873,2.865262275096029,2.914958660490811,2.516673625446856,3.5808900091797113,3.2992552439682186,3.5262359026819468,4.35245632333681,4.146780412178487,3.1310087735764682,3.6241564196534455,3.345258627086878
tt_8.7h,3.280827113892883,,,2.6660939301364124,3.2381487116217613,4.189946653787047,4.189946653787047,3.533036873675883,3.573218615259975,,2.938143828418106,2.960302230902016,4.994826915673912,3.4590303557924926,2.3430071379989386,2.947124037425965,4.359467398840934,3.3747134231962264,3.3747134231962264,3.7739513935521245,3.67458427650854,4.058129387907684,4.00109521439299,3.137546544894576,2.0967182042077184,4.4222908965311944,3.548752305097878,,,4.257253233343363,3.6791321942582726,2.546339771710336,3.754720457829535,3.4614022388122976,,4.074739933013916,4.074739933013916,3.7273562042973936,2.9079277189448476,3.7715694517828524,3.2278717258013785,3.2278717258013785,4.637301590293646,3.5874168067239225,,2.6781660872511566,2.9861542973667383,4.08813320286572,2.5847753356210887,3.0198512859642506,2.451805967837572,3.1346690650098026,2.3766461219638586,3.9681313415057957,4.451787285506725,5.397028896491975,4.330528057180345,4.401017852127552,3.0069195376709104,5.391679427120835,4.846193281468004,4.067773308604956,3.749691216275096,4.237671710550785,4.501414595171809,2.547932751942426,2.1940675075165927,3.7389081502333283,,3.6581683484837413,5.018645545933396,4.40636123996228,3.7977712051942945,3.6080637527629733,3.6627672421745956,3.6681176614947617,,3.7651292430236936,5.545398871414363,4.177382840309292,3.379086969885975,3.5407205866649747,3.307352213654667,,,3.0644503836520016,2.856676010414958,2.9047699635848403,2.516673625446856,3.598422121722251,3.2909200275316834,3.521185017656535,4.344433974009007,4.140622472856194,3.1247763126157224,3.619049973320216,3.3382152658887208
tt_8.8h,3.27408355101943,,,2.670300507918,3.224806380458176,4.17857686849311,4.17857686849311,3.5163206714205444,3.5530764870345592,,2.9349007038399577,2.9544148040004075,4.992272748611867,3.451495696324855,2.3452141783200204,2.9388059242628515,4.349908845033497,3.3703570598736405,3.3703570598736405,3.7675213208422065,3.671181468293071,4.053480298258364,3.996529908850789,3.129528530407697,2.0930621894076467,4.411504636052996,3.5437135375104845,,,4.253088852390647,3.6745015177875757,2.5453568096272647,3.746549712959677,3.451601040083915,,4.071272979490459,4.071272979490459,3.72102083126083,2.899136979598552,3.7995623792521656,3.219948007725179,3.219948007725179,4.635104604996741,3.585326902102679,,2.6723659769631922,2.9794168807566166,4.086746181361377,2.597914863843471,3.012513210065663,2.4470790312625468,3.133844196330756,2.3758682319894433,3.9656838956288993,4.451345983427018,5.397028896491975,4.343606263864785,4.398303533438593,3.0107255978509784,5.391312056686729,4.845303845591843,4.062596097122878,3.7445346587337554,4.238327470142394,4.507731833029538,2.5512090353295207,2.1938866656273603,3.7322268611751497,,3.656689841300249,5.018199932295829,4.374788478016853,3.7922948920167983,3.601901409216225,3.657187696546316,3.6613095430657268,,3.760393236298114,5.548370235133916,4.1816649842076,3.3716942192986608,3.548397207632661,3.307352213654667,,,3.0561251025646925,2.848147249314934,2.8946604849770665,2.5166585776023567,3.586196989286691,3.282602221239358,3.5160611644387245,4.341595482081175,4.134552652947605,3.1183491270057857,3.614043667446822,3.3437340720556676
tt_8.9h,3.267298341728747,,,2.659884577617049,3.222662893589586,4.182778439018875,4.182778439018875,3.5434377742931247,3.5334128327667713,,2.9315721788443625,2.9544148040004075,4.98978141695261,3.4440102805383503,2.3452141783200204,2.9304861039854586,4.3480083220638335,3.3662628340534866,3.3662628340534866,3.7612282065674663,3.6677660676650703,4.04890660662204,3.992040016222745,3.1217124024406075,2.0894866050221026,4.411504636052996,3.5386637076735497,,,4.2489885236136615,3.6699413880705833,2.5444132392294705,3.738325531128794,3.441591904964298,,4.075259032193571,4.075259032193571,3.7147852145135403,2.8904498666524887,3.8274372536689043,3.212044293060899,3.212044293060899,4.6329464628361166,3.585713744163513,,2.666650683619082,2.9726181984879076,4.085392313078046,2.594264853745699,3.0053930110298097,2.438310857396573,3.1331003443337977,2.3750864691101015,3.9632238750346005,4.450922662392259,5.397729013580829,4.333221742417663,4.395611436106265,3.0143415927886963,5.3909335671924055,4.844427709467709,4.057482399046421,3.7394397440366447,4.2390105333179235,4.514012968167663,2.5512090353295207,2.1986168809235096,3.725633528083563,,3.655269019305706,5.01776934042573,4.397845956496894,3.7956083421595395,3.5958301122300327,3.651611279230565,3.6548778545111418,,3.7557164602912962,5.548586659133434,4.1816649842076,3.364480552263558,3.548397207632661,3.2999634044244885,,,3.047931252978742,2.8396360320039093,2.8847758546471596,2.5166437486186624,3.5740515855140984,3.274601934943348,3.510932464618236,4.333548130001873,4.1285274820402265,3.112340767402202,3.60915083065629,3.336619189940393
tt_9.0h,3.2605842291377485,,,2.6495605926029384,3.2205406362190843,4.182778439018875,4.182778439018875,3.52671475475654,3.5408306042663753,,2.928415678907186,2.948723648209125,4.987334112171084,3.4367575645446777,2.336036692839116,2.9223833922296762,4.3384521012194455,3.362019131425768,3.362019131425768,3.7549420879222453,3.6643539872020483,4.044405787717551,3.9876350364647806,3.135237018112093,2.0859274892136455,4.395470692310482,3.533682076726109,,,4.244953223969787,3.6654443545266986,2.543489907402545,3.730152407195419,3.4321947428397834,,4.079252874478698,4.079252874478698,3.7085624639876187,2.881852041464299,3.8165149153210223,3.204335237853229,3.204335237853229,4.63082906184718,3.585713744163513,,2.660983210429549,2.9659983729943633,4.093803012743592,2.590621338225901,2.998473458457738,2.438310857396573,3.132313545793295,2.374313687440008,3.960717839654535,4.450519043020904,5.398408328648657,4.322997250594199,4.392967496532947,3.0177451986819506,5.390544465743005,4.843564657494426,4.0524619640782475,3.7343900348059833,4.23972093174234,4.5099624949507415,2.5444330987520516,2.1984728584066033,3.719194880221039,,3.6538772867061198,5.01735349977389,4.36630890192464,3.7902026902884245,3.5898283855058253,3.6460750116966665,3.648340961895883,,3.751078949775547,5.548801896162331,4.175118657760322,3.357207627967,3.543158008251339,3.2926886561326683,,,3.039898992050439,2.8313521184027195,2.8749450463801622,2.5166291422210634,3.5624286392703652,3.2667153091169894,3.5061384425498545,4.325661477167159,4.12258978607133,3.1061654877848923,3.6043855594471097,3.3300520004704595
tt_9.1h,3.2540945680812,,,2.6495605926029384,3.2211286486126482,4.1715950043872,4.1715950043872,3.509766331873834,3.5211720913648605,,2.925252598710358,2.943005965091288,4.984929977916181,3.4294022019021213,2.3269405742175877,2.914340775460005,4.3290452365763485,3.3577803201042116,3.3577803201042116,3.748757100664079,3.6609466774389148,4.03997180564329,3.9833052018657327,3.127453970257193,2.0824135239236057,4.400809766259044,3.5287490938790143,,,4.240982634946704,3.661004781257361,2.5417341543361545,3.7223820630460978,3.4226527740247548,,4.063689388800412,4.063689388800412,3.7024915064685047,2.8733043163083494,3.8444863446056843,3.21567306201905,3.21567306201905,4.623598464764655,3.583641071803868,,2.655408211518079,2.9595110206864774,4.093803012743592,2.587555583100766,2.991532796062529,2.43361804401502,3.1315917219035327,2.372785685118288,3.9475422059185803,4.450136841274798,5.399067207239568,4.33591595897451,4.39035688014701,3.020955734886229,5.390145247802138,4.84271471388638,4.047517811879516,3.7294159876182675,4.241228829603642,4.516228647436947,2.537656511645764,2.1984728584066033,3.7128119375556707,,3.652528101578355,5.016952144913375,4.373919036705047,3.7902026902884245,3.583916647359729,3.6406554407440126,3.6417799964547157,,3.7465192996896803,5.549020878504962,4.168667721096426,3.350440574809909,3.538056332617998,3.2856174795888364,,,3.031892967876047,2.8230707785114646,2.8652079356834292,2.516614755615592,3.550697274506092,3.258887043222785,3.501222582999617,4.317887266166508,4.116693936754018,3.1117704794742167,3.5997091601602733,3.3232370764017105
tt_9.2h,3.247634838335216,,,2.6394404438324273,3.2211286486126482,4.16062191920355,4.16062191920355,3.520062488503754,3.502216611523181,,2.9220772441476583,2.937440225854516,4.989071454852819,3.4224716490134597,2.3179345508106053,2.9064721651375294,4.319781597703695,3.3538593286648393,3.3538593286648393,3.742632322013378,3.6575491735711694,4.035613322164863,3.987194119486958,3.119839448481798,2.078934360295534,4.400809766259044,3.5238011050969362,,,4.237076062243432,3.656615671236068,2.5409015589393675,3.714607261121273,3.4113703025504947,,4.063689388800412,4.063689388800412,3.6964340028353035,2.8649913296103477,3.872269061859697,3.2080816770903766,3.2080816770903766,4.623598464764655,3.5679384819231927,,2.649903398938477,2.952992603648454,4.092459882609546,2.583700634073466,3.0012472406961024,2.4290831708349288,3.1309007019735873,2.372040106449276,3.945059946272522,4.449775909073651,5.3997060395777225,4.3257520464248955,4.387778752017766,3.023979005869478,5.3897363897413015,4.8418778465129435,4.042648508679122,3.7245010025799274,4.242033619899303,4.51844575162977,2.5310760671272874,2.1984197949059308,3.7064116885885596,,3.6512212664820254,5.016565012745559,4.373919036705047,3.784864178393036,3.5780817619524896,3.6352963959798217,3.6355350422672927,,3.742016419302672,5.5492434413172305,4.16230054711923,3.3435678821988404,3.53308794926852,3.278594466857612,,,3.0241241795010865,2.8148999107070267,2.855739450082183,2.5166005762293935,3.5400241357274354,3.2512616659514606,3.49636215204373,4.31026672758162,4.1108619584701955,3.10595820331946,3.595136953983456,3.3167182742618024
tt_9.3h,3.2504647178575397,,,2.6294866958633065,3.219041972886771,4.149830789770931,4.149830789770931,3.520062488503754,3.5060493792407215,,2.9190168022178113,2.93198479199782,4.986716073937714,3.4154018252156675,2.3090449045412242,2.8986582355573773,4.31066041206941,3.3498099762946367,3.3498099762946367,3.7455821093171835,3.6541757779195905,4.031323427800089,3.987194119486958,3.1123316697776318,2.07550552720204,4.385250912047923,3.5189271569252014,,,4.233231900725514,3.6522808033041656,2.540098002180457,3.707044315058738,3.4022818501107395,,4.067726854234934,4.067726854234934,3.6907246839255095,2.8567620692774653,3.899793582968414,3.200591739267111,3.200591739267111,4.621488535776734,3.5679384819231927,,2.6444403612986207,2.9466364518739283,4.091149229556322,2.592774140648544,2.9949892284348607,2.424671154934913,3.1301074675284326,2.371314997319132,3.9425490805879235,4.449436080176383,5.400325296446681,4.315728493966162,4.385232276748866,3.028983981348574,5.389318359084427,4.841053901705891,4.037836576811969,3.719628546386957,4.2428722637705505,4.51844575162977,2.5245234053581953,2.198360738810152,3.7003395413048565,,3.649955492466688,5.016191839706153,4.343532538041472,3.7796060987748206,3.5723132444545627,3.6300127119757235,3.629385542590171,,3.7375703011639416,5.5494694276712835,4.156020060181618,3.3367998199537396,3.5245887599885464,3.2716309591196477,,,3.01641881512478,2.806954227387905,2.8462835899554193,2.5165866259485483,3.528847038280219,3.2437261175364256,3.491684075910598,4.315489618573338,4.105114309117198,3.10595820331946,3.6014748835004866,3.3102200496941805
tt_9.4h,3.24415065953508,,,2.61963773611933,3.2169537246227264,4.154072989244014,4.154072989244014,3.5034995740279555,3.5060493792407215,,2.9159549679607153,2.926547315903008,4.984402171801776,3.408550149295479,2.3001470547169447,2.9029434812255204,4.315309409983456,3.345917166210711,3.345917166210711,3.739554466214031,3.6551427063532174,4.027100627310574,3.9829249158501625,3.11782896425575,2.0721386573277414,4.390566908754408,3.5141098056919873,,,4.229450058657676,3.6479907953180373,2.539322676602751,3.6994160329923034,3.4022818501107395,,4.071791890077293,4.071791890077293,3.6848907275125384,2.8486610525287688,3.916935350280255,3.193074972834438,3.193074972834438,4.619442300871015,3.5658892835490406,,2.639007847290486,2.940306148957461,4.0898724109865725,2.592774140648544,2.988409660756588,2.431921129114926,3.1294668619520962,2.3705756589770317,3.9400140941143036,4.449116948060691,5.400925425812602,4.318503798916936,4.382716806139797,3.031783076003194,5.388891623355448,4.843692055437714,4.033110771793872,3.714829167816788,4.243744974490255,4.504560204222798,2.5180370789021254,2.1983000156469643,3.694220348726958,,3.6580065549351275,5.0158323659561574,4.381470798514783,3.774400251917541,3.5666305096819997,3.6247460087761283,3.623191822785884,,3.72882494982332,5.549698682967573,4.149830512236804,3.330252753570676,3.5245887599885464,3.2647276683710515,,,3.008749932050705,2.7990371957421303,2.8370034229010344,2.5165729075670242,3.528847038280219,3.2363246162422,3.487016638740897,4.307972535956651,4.099405955057591,3.10004039760679,3.5969951301813126,3.30378114618361
tt_9.5h,3.2378448713570833,,,2.60984855517745,3.2176327351480722,4.154072989244014,4.154072989244014,3.487362860701978,3.4872644688002765,,2.912859233096242,2.921258228830993,4.982128981500864,3.413342121988535,2.291471194475889,2.8951515066437423,4.306326976511627,3.3420462370850146,3.3420462370850146,3.7336251283995807,3.6517795003019273,4.0229395385831594,3.978727024514228,3.11782896425575,2.0687919883057475,4.390566908754408,3.5093767317011952,,,4.233878582715988,3.6437481325119734,2.5385747542604804,3.691795167978853,3.3931164368987083,,4.072373829316348,4.072373829316348,3.6791735510341823,2.840633951127529,3.916935350280255,3.1968160863034427,3.1968160863034427,4.617439697962254,3.563848869409412,,2.633729164954275,2.9340629717335105,4.088624794501811,2.588758861180395,2.988409660756588,2.431921129114926,3.1287635690532625,2.3698501102626324,3.9404820618219674,4.448818805161864,5.401506872382015,4.318503798916936,4.380220721941441,3.034408727195114,5.388456602115184,4.842887314967811,4.0284543465822935,3.710086310748011,4.244652456138283,4.504560204222798,2.511665794532746,2.1981879263184965,3.688093884382397,,3.656767375767231,5.015486334450543,4.351116656791419,3.7692576977424324,3.5610208744183183,3.6195274549536407,3.6109873401001096,,3.7245434182696044,5.5499310521408916,4.143719580024481,3.323828402440995,3.5197332007810473,3.268392153084278,,,3.0012905155308545,2.791184446774423,2.8278413750231266,2.516559422016144,3.5175663819536567,3.22890943614766,3.4822779917158186,4.307972535956651,4.093758926726878,3.094481016509235,3.5969951301813126,3.297682153992355
tt_9.6h,3.2378448713570833,,,2.6002380698919296,3.2176327351480722,4.143443280830979,4.143443280830979,3.4973492748104036,3.491130535956472,,2.909939461387694,2.9159450456500053,4.979899582918733,3.406501385383308,2.2828154573217034,2.8875104263424873,4.306326976511627,3.338138945400715,3.338138945400715,3.7277487637475133,3.648421564605087,4.018848326057196,3.974595000501722,3.1105424049310386,2.0654770731925964,4.375455150380731,3.504714316688478,,,4.230171392671764,3.6395525662228465,2.5378535031341016,3.684538573026657,3.38423819700256,,4.076512455474585,4.076512455474585,3.6735314754769206,2.8326977510005236,3.9441343606449664,3.1968160863034427,3.1968160863034427,4.6262520723976195,3.5642768293619156,,2.6284697093069553,2.9279204425401986,4.087407791055739,2.6017483361065388,2.9819545769132674,2.427698648069054,3.1280931322835386,2.369138884358108,3.9404820618219674,4.448541573248804,5.40646047051996,4.308675227686763,4.377773007377982,3.0368675920180976,5.376042334828526,4.842093875166029,4.01763390051201,3.6972954059019685,4.245595118496567,4.510811630636454,2.50533828465268,2.1981515418738127,3.682228119112551,,3.655580600257963,5.015152724925429,4.3586873188614845,3.7641940144822,3.5554744470864534,3.614618631079793,3.604779270477593,,3.7203158191405237,5.55016638757661,4.137694477569312,3.3299991912208498,3.51500380737707,3.261690955609083,,,2.9938635234721005,2.7834767778404057,2.818773442413658,2.516546157654375,3.5066754147410393,3.2217450332827866,3.4778070421889424,4.30058007966727,4.08014200348407,3.088718076236546,3.5926140416413546,3.291443433146924
tt_9.700000000000001h,3.2316994261927903,,,2.590746237896383,3.2155789947137237,4.133003942202777,4.133003942202777,3.4973492748104036,3.4727847198955715,,2.9070087228901684,2.910827322397381,4.979899582918733,3.3999255215749145,2.284976629540324,2.879961945582181,4.297480401117355,3.3344479706138372,3.3344479706138372,3.7219380168244243,3.645071296952665,4.014820367563516,3.9705379409715533,3.103371435776353,2.062207030132413,4.380793266464025,3.50005672685802,,,4.2265246962197125,3.635408097412437,2.537158115301281,3.6882633436471224,3.3754529864527285,,4.076512455474585,4.076512455474585,3.6679240143857896,2.8248554742895067,3.971035487484187,3.1894610417075455,3.1894610417075455,4.6242749420925975,3.5642768293619156,,2.6232558176852763,2.921799562405795,4.0862207864411175,2.597530354745686,2.9759554718621075,2.423541393596679,3.1274523832835257,2.368437054567039,3.9379539894871414,4.448285098653287,5.407015328295529,4.295404294505715,4.375358820427209,3.0368675920180976,5.375590966083109,4.841310493182391,4.01304436288774,3.6926111723296344,4.246572928503156,4.513037724420428,2.4991020811721683,2.1980585898272693,3.67645079549402,,3.654417880810797,5.014830544125289,4.3586873188614845,3.7591838189400733,3.5500101037323475,3.6095880321227014,3.598950076382607,,3.716121532022953,5.55040453793481,4.131743177771568,3.3238092293031514,3.5103953988291323,3.2551027494482696,,,2.9865869279019535,2.7757987175136805,2.8098113550804555,2.5165331033058465,3.495770381297916,3.2146313753910363,3.4732940974645317,4.29333190061152,4.074569226242602,3.083338554482907,3.588346902281046,3.2853808077052236
tt_9.8h,3.2256227512843907,,,2.581325050909072,3.2162321293726563,4.121159885078669,4.121159885078669,3.482201431877911,3.4727847198955715,,2.90403218427673,2.905757592059672,4.977716811466962,3.3933160747401416,2.276411901693791,2.872532762121409,4.288764362689108,3.33075815346092,3.33075815346092,3.716213302221149,3.645071296952665,4.010854358784854,3.966546530369669,3.092771850991994,2.0589897190220654,4.380793266464025,3.4954521963372827,,,4.222937398124486,3.631304589100182,2.536487923003733,3.6810115380212665,3.380442100111395,,4.080666380934417,4.080666380934417,3.662376968190074,2.8172377455048263,3.988127112854272,3.182467409875244,3.182467409875244,4.6242749420925975,3.5622629397548735,,2.61814849358052,2.9158346420153975,4.0784216756001115,2.606201766524464,2.9698194549418986,2.430785012897104,3.126782516017556,2.3677438367158175,3.938435649499297,4.448049251455814,5.407552442513406,4.295404294505715,4.372977374587208,3.0391664286144078,5.375145361758769,4.840537190437317,4.00850629620254,3.687980297021568,4.247584096156061,4.513037724420428,2.4929339555092156,2.202823895961046,3.670609310735017,,3.6532917162403464,5.018301964737475,4.329406552948058,3.7542379344813526,3.544615312013775,3.6046457746997476,3.593102825805545,,3.7119983537122607,5.550645357463509,4.125868132803589,3.3175659608095884,3.517929193098098,3.2551027494482696,,,2.9794153687544167,2.7682986208237708,2.800953956786543,2.516520260833204,3.5011985381133854,3.207697419449687,3.4687967728823423,4.286180696915835,4.069079549983144,3.0778917190618813,3.584155230782926,3.279508408624679
tt_9.9h,3.2194901746697724,,,2.5720661687664688,3.2142111025750637,4.121159885078669,4.121159885078669,3.476224876008928,3.4549949946813285,,2.901150705758482,2.9007194554433227,4.975561921019107,3.3868309939280152,2.268008857499808,2.865183899179101,4.28017842490226,3.3270162702538073,3.3270162702538073,3.716213302221149,3.6417328999377787,4.006945064291358,3.970388827845454,3.085808624047786,2.05581988254562,4.3700219807215035,3.490881513338536,,,4.219409068115056,3.627245125826448,2.535842170007527,3.673844368197024,3.3719245744869113,,4.081307872664183,4.081307872664183,3.656951831653714,2.809664067812264,4.014632674865425,3.186137999407947,3.186137999407947,4.622340111061931,3.562704356852919,,2.613047015853226,2.9099547336809337,4.077244807034731,2.606201766524464,2.9641609033569694,2.4267928516492248,3.12617396004498,2.3670544093474746,3.9359243870712817,4.447833904530853,5.4080721298232675,4.285748544149101,4.370627883821726,3.04131128359586,5.374705485533923,4.839773858897388,4.004049419425428,3.6833875458687544,4.248629588168114,4.515265977475792,2.486789669841528,2.2027067174203694,3.6647781529463828,,3.652200995013118,5.0179984122514725,4.32084571197629,3.749369273893535,3.5392805971205235,3.5998302372172475,3.587254773825407,,3.7079265913926065,5.550888704601675,4.120073710568249,3.311364200897515,3.5134215839207172,3.2485167258419096,,,2.9723242530599236,2.7608571965247393,2.8049593307077885,2.5165076330304146,3.4907094896771014,3.1970364386215806,3.4644497795961797,4.291384232696146,4.063630464486778,3.0726409051567316,3.5904296287335455,3.273527525831014
tt_10.0h,3.2135592070408165,,,2.5629386748187244,3.2142111025750637,4.110873129684478,4.110873129684478,3.460818734485656,3.458866430912167,,2.898264511488378,2.89578517107293,4.973469793796539,3.3804604206234217,2.2596702873706818,2.8578999638557434,4.284828535281122,3.3234454807825387,3.3234454807825387,3.7104654237627983,3.638421562500298,4.003100623842329,3.966449643485248,3.085808624047786,2.0526778916828334,4.355313364882022,3.486330977641046,,,4.21593851223588,3.6232326668687165,2.535220178309828,3.666809253860265,3.3634382323361933,,4.085521048866212,4.085521048866212,3.6516103674657643,2.8021823139861226,4.014632674865425,3.179101003333926,3.179101003333926,4.620427465066314,3.5607145628891885,,2.6080343551002443,2.904107377398759,4.076097116805613,2.6018611774779856,2.9584631072357297,2.4267928516492248,3.1255080117844045,2.3663683044724166,3.9359243870712817,4.447638910263777,5.4080721298232675,4.288617885671556,4.368309609591961,3.0433083018288016,5.374271299224347,4.839020400773734,3.9996571810916066,3.6788620594888926,4.249710286036134,4.515265977475792,2.480802793521434,2.202641674783081,3.6593630854040384,,3.6511446773074567,5.0177057683467865,4.32084571197629,3.7445515911094844,3.5340246283449233,3.5949805760756135,3.581403885502368,,3.7038862123154104,5.5511344387196,4.1143486415967345,3.3056140025146306,3.5134215839207172,3.2420948096551,,,2.965323402546346,2.753460470587015,2.7962691076099873,2.5164952222257853,3.4802764942869544,3.1901812688447535,3.4600900509394705,4.284346606582403,4.0582425515167415,3.0782559644430876,3.5863202987238765,3.267820089124143
tt_10.1h,3.207739157602191,,,2.553888960275799,3.212197669316083,4.10076858010143,4.10076858010143,3.460818734485656,3.458866430912167,,2.8953415900468826,2.890923550352454,4.971421760972589,3.3740850668400526,2.2513922904618084,2.850690418854356,4.2763700732029974,3.3199198893271387,3.3199198893271387,3.704849713947624,3.6351036187261343,3.9993146834895015,3.962572682648897,3.079012797214091,2.0495516075752676,4.355313364882022,3.4819698575884104,,,4.212525586597621,3.6192613979801536,2.534621285740286,3.6597099783830345,3.3634382323361933,,4.085521048866212,4.085521048866212,3.6562799806706607,2.794770855922252,4.040755234193057,3.179101003333926,3.179101003333926,4.629181639757007,3.5607145628891885,,2.6030898224562407,2.898337653838098,4.074979808181524,2.594128716737032,2.9517696239054203,2.4229786903597414,3.1249074204824865,2.3656991329044104,3.9334030696190894,4.44996176706627,5.408577978610992,4.288617885671556,4.36602166807279,3.045178326778114,5.37384276278317,4.839020400773734,3.9953284300863743,3.674388031475246,4.250826381612569,4.517495973967016,2.4748527253977954,2.2025652211159468,3.653768460266292,,3.650121740065515,5.017423825338483,4.328376267105341,3.7397949500009418,3.528835067525506,3.590170245151967,3.575986333657056,,3.6999159632250667,5.551382421515882,4.10869609285146,3.2998035079799592,3.5090279262512922,3.235752778593451,,,2.969639897812158,2.7462810687720776,2.787595557048917,2.5165141471661627,3.4802764942869544,3.1834729574620724,3.455734712537378,4.284346606582403,4.052935028914362,3.0730551560409367,3.5822995216585696,3.2620749846100807
tt_10.200000000000001h,3.194680457469076,,,2.5449892967008054,3.1967796720564365,4.105046258307993,4.105046258307993,3.4462094893679023,3.4413435189053416,,2.8925678175874054,2.886049930471927,4.969416932668537,3.368019523099065,2.2513922904618084,2.8436619425192475,4.268033664673567,3.316377763170749,3.316377763170749,3.6993183186277747,3.631798137910664,3.9955859812907875,3.958752751350403,3.084446814842522,2.0465000583790243,4.360644709318876,3.4776844000443816,,,4.209169773384929,3.6153308204375207,2.5340448329225183,3.6597099783830345,3.355139333754778,,4.0897700330242515,4.0897700330242515,3.650953272357583,2.787473634351045,4.06650694552809,3.1722108484245837,3.1722108484245837,4.627312435302883,3.5611717919819057,,2.5981618403457105,2.892594378441572,4.0738958972506225,2.594128716737032,2.946171496529132,2.4299331004731357,3.1242637541145086,2.3650279380381107,3.9339188574813306,4.449806743301451,5.409073393791914,4.279168526176363,4.363750152289867,3.0469016595743597,5.37384276278317,4.838276726659387,3.9910467732697725,3.669949335977435,4.251958524808288,4.523694485425949,2.478257520124316,2.2024984010495245,3.648307716473937,,3.649131186772138,5.017152376938611,4.328376267105341,3.735111360438168,3.5237023388035595,3.5854822108522058,3.575986333657056,,3.6959941908717155,5.551632513292134,4.112977064680308,3.2940830886363983,3.5165098067373037,3.2393807265907526,,,2.962729543913156,2.7390766022726893,2.779131122864783,2.516502169892192,3.4701551785692573,3.176789408084005,3.4515886059962213,4.277444958221167,4.052935028914362,3.0679501644335687,3.578365036752075,3.2566123963333666
tt_10.3h,3.1888264403678477,,,2.549191859085113,3.19486339809373,4.09508634917438,4.09508634917438,3.456201643217355,3.429110568482429,,2.889773561619222,2.881353900767863,4.967454523313791,3.3618043763563037,2.243249459192157,2.836672395467758,4.268033664673567,3.3129798136651516,3.3129798136651516,3.693829861469567,3.616789113730192,3.99190925154835,3.958752751350403,3.077707930468023,2.0434597269631922,4.34633613191545,3.4734210087917745,,,4.2058698781766,3.6114408308640122,2.53349020332098,3.653025990817696,3.3469155533239245,,4.090491761919111,4.090491761919111,3.6456821276806295,2.780345931183547,4.067246105056256,3.1597249205224216,3.1597249205224216,4.627312435302883,3.559211299289018,,2.602883704472333,2.886931521818042,4.0738958972506225,2.6023950297385454,2.940854186192155,2.426285972353071,3.1236998438835144,2.364371482282877,3.9314238666556776,4.449671702925116,5.409558540210128,4.282073769252747,4.366384300868958,3.0515909870155156,5.373419840820134,4.837542730383575,3.986841860692948,3.669949335977435,4.253142174798995,4.523694485425949,2.472422816324979,2.2024984010495245,3.643004421610385,,3.648172087036073,5.016891219187528,4.300097104627639,3.738451920915395,3.518645403906703,3.5808058558031917,3.5704272454604506,,3.692121186759323,5.551884580869228,4.107394913211465,3.288468995131552,3.5122103285975754,3.233109774533659,,,2.955893346108496,2.732012136373669,2.77071770420298,2.516490414738655,3.4600647813640535,3.170137258246541,3.4474942600354552,4.2706323354505,4.047665585298091,3.0629626559093595,3.578365036752075,3.2510325154289603
tt_10.4h,3.1831305054947734,,,2.540365780238062,3.19486339809373,4.09508634917438,4.09508634917438,3.442039601970464,3.411892750300467,,2.8869683761149645,2.87667544092983,4.965533833019435,3.3558443505316973,2.235180185176432,2.8297528247348964,4.2598191308788955,3.3095253044739366,3.3095253044739366,3.68840245436877,3.6135173621587455,3.9882931006141007,3.9549994482658803,3.077707930468023,2.040500328876078,4.34633613191545,3.469160124193877,,,4.202625030186027,3.603785323444754,2.532956778537482,3.646192306187004,3.3518742476589978,,4.094802850857377,4.094802850857377,3.6406695512123406,2.7732639242894948,4.092470780480653,3.15309597318992,3.15309597318992,4.625483472831547,3.559211299289018,,2.597991011105478,2.8813488357700408,4.072840568143874,2.5977947153151035,2.9354410744272172,2.4225666681304574,3.123101843520999,2.36372640915215,3.9314238666556776,4.4495565253309906,5.410033593885601,4.27279039286077,4.364136634860188,3.0531593086197972,5.373002492357045,4.836818283889443,3.9826973248273134,3.6655757701955736,4.254360942635685,4.509849817492068,2.4665927928872406,2.202425202354789,3.6377606904134154,,3.64724349277094,5.016640149988234,4.307620788458735,3.7338334950618446,3.513652083929628,3.5761840869672596,3.564868065994233,,3.688296884763986,5.552138495258987,4.1018887790851295,3.2830104012973607,3.50801830785349,3.2270216676406562,,,2.9492255402728915,2.7249811966903508,2.7623984552919865,2.516478882636875,3.4654815942049026,3.163682386279106,3.4432932920753956,4.275819830596447,4.042454717680812,3.0580612709745765,3.57453253865242,3.245619577821344
tt_10.5h,3.1774348663166165,,,2.5316870189271867,3.1929229297675192,4.085301030892879,4.085301030892879,3.442039601970464,3.411892750300467,,2.884239500388503,2.8807913423515856,4.963654026389122,3.3499176129698753,2.2272011977620423,2.822874997276813,4.26447025872767,3.3029294251464307,3.3029294251464307,3.683057456277311,3.6102629881352186,3.98473119456321,3.9513047239743173,3.071216569747776,2.0375559320673347,4.351689053699374,3.4649472679011524,,,4.19943577516824,3.600013732444495,2.5324439760297537,3.6394877890124917,3.3439597096294165,,4.094802850857377,4.094802850857377,3.635686844587326,2.7662644824013114,4.092470780480653,3.1463711601682007,3.1463711601682007,4.634179176297039,3.5572523246519268,,2.593208198901266,2.8758059316314757,4.071815062314272,2.5977947153151035,2.93035685736686,2.4225666681304574,3.1224863161332905,2.3630836391821504,3.9289015512913465,4.449461079668254,5.398840865120292,4.27279039286077,4.361930565908551,3.054611179046333,5.372590674087405,4.8361032688990235,3.9786121039651334,3.6612515430897474,4.255614623427391,4.509849817492068,2.460857388563454,2.202368217986077,3.6416794755496085,,3.6463445276021957,5.016398969106376,4.307620788458735,3.7292623529210687,3.518189891707152,3.571600877214223,3.5593726485967636,,3.684500928968191,5.5523941265419126,4.096446727402508,3.2830104012973607,3.50801830785349,3.2208318863995373,,,2.9426519623957574,2.7180253942497075,2.754210094921291,2.516467574983835,3.4556193691678345,3.157349096611142,3.4392712763510644,4.26911334739998,4.037321518175304,3.0532258236780763,3.570764417294413,3.2402825532481074
tt_10.6h,3.1719671017490327,,,2.5230544777587056,3.1936763995327055,4.089596172329038,4.089596172329038,3.451944697648287,3.4156880979426205,,2.881521536037326,2.8761604609899223,4.951823154930025,3.3499176129698753,2.2133788163773715,2.816077144816518,4.256373890209943,3.29960952186957,3.29960952186957,3.670007014647126,3.6070421780459583,3.9812222863547504,3.955103334505111,3.07660782430321,2.034638037905097,4.337759818416089,3.4607634325511754,,,4.19630065606907,3.596278822980821,2.5319512160494924,3.64323007222265,3.3360608625225723,,4.09915002528578,4.09915002528578,3.630659967660904,2.7593907341361046,4.117237326223403,3.1463711601682007,3.1463711601682007,4.63237354811281,3.541633853688836,,2.5884864069521427,2.87037263950333,4.080043804831803,2.605779266450554,2.9252055869437754,2.418830080423504,3.121898076031357,2.3624473507516086,3.913358347956091,4.449385229498148,5.399304546881467,4.2757384944707155,4.359751592390239,3.0559536879882216,5.372184354811907,4.8353975168429315,3.974569996353239,3.6569757987745106,4.256901327520609,4.512090610340238,2.4551626732572913,2.202305738814175,3.636383653152734,,3.6454743458889425,5.01616747956723,4.315110569819808,3.724748316220939,3.513259422034025,3.567090522032231,3.554139500018209,,3.6807705177925527,5.552651347592473,4.091072749346495,3.2776454454287887,3.503929628059268,3.2148676165379584,,,2.936133734881878,2.7044209856539965,2.7460845024324954,2.5164564922451973,3.445811831392348,3.15112694632262,3.435290951281786,4.262535111512989,4.032223887741566,3.0532258236780763,3.5608477890491486,3.2350593032315373
tt_10.700000000000001h,3.166417358443141,,,2.5145243359729648,3.1917958515696228,4.079948415514082,4.079948415514082,3.437949439045042,3.3987117526121438,,2.8788087316788733,2.871645526960492,4.9499952918849885,3.3440295308828354,2.205512666143477,2.8094432232901454,4.248394282069057,3.29640965629369,3.29640965629369,3.6647115582600236,3.60381995793432,3.9777654479257762,3.9514541546814144,3.070170645136386,2.031753291375935,4.337759818416089,3.456644046586007,,,4.193219478707761,3.5925801754929125,2.5314779388718307,3.6366639961488545,3.3283655545674264,,4.0838106335140765,4.0838106335140765,3.625696385744959,2.7458700598217547,4.133795968722552,3.139903532806784,3.139903532806784,4.630606906488538,3.539712672587484,,2.5837528705596924,2.864985119085759,4.0790336090140045,2.605779266450554,2.9252055869437754,2.410040780901909,3.1246380391530693,2.3618166116066277,3.9108418617397547,4.4493288258090615,5.399758503306657,4.266667996998876,4.357598973438144,3.0571936615742743,5.37178348749876,4.834700982552022,3.970600549131632,3.652732747141272,4.258222771808505,4.51824743906036,2.4495319221168756,2.190944952890277,3.631132883951068,,3.6446320889517665,5.0159454848617315,4.287790111731738,3.7202906594611704,3.5083816847763956,3.5626320438459516,3.558051980100572,,3.677086287178099,5.5529100354760885,4.085771492682397,3.2723440448753536,3.511345506180078,3.2148676165379584,,,2.9296616902574897,2.6977538522332907,2.738103976007551,2.5164456362836063,3.4363187924027443,3.1449539931491017,3.431254047434777,4.2560392445884645,4.034823876339942,3.0485153384506702,3.5571695710532367,3.229911809321493
tt_10.8h,3.166417358443141,,,2.506120001897216,3.1917958515696228,4.070468132849783,4.070468132849783,3.4240113832056522,3.3987117526121438,,2.8761817649938166,2.8671558243222535,4.948206773493439,3.3382621267810464,2.197761538438499,2.8028683522716165,4.240526716224849,3.293310206849128,3.293310206849128,3.6594761325977743,3.600609597750008,3.983309387229383,3.9478597147390246,3.063951885793358,2.0289137549698353,4.34309034794569,3.452612272463739,,,4.190191465429962,3.5889214030466974,2.531023630872369,3.630149911157787,3.3283655545674264,,4.0882206917740405,4.0882206917740405,3.6208083513192832,2.739234124775976,4.157951896078885,3.143603927921504,3.143603927921504,4.628878520801663,3.539712672587484,,2.579141660127789,2.859604550525546,4.078051994089037,2.613638992421329,2.9203169783577323,2.406387981493026,3.1240369048900902,2.3611982045695186,3.908317934256047,4.449291755910963,5.4002028200775385,4.266667996998876,4.355471967253834,3.0583375990390778,5.375442862976342,4.8212569509632885,3.9666875866241753,3.656090995296836,4.25957930739969,4.514333549421281,2.4440204445272684,2.1908882497809827,3.626215046737343,,3.643816962838173,5.015732790809125,4.306440718472004,3.715903129428625,3.5035761073231697,3.558249863795936,3.5528118372894824,,3.6734487186186016,5.553170068189502,4.080531036481261,3.267238489817828,3.5073429667390883,3.2088558175601065,,,2.923379144631326,2.6911143520846963,2.7301524351350963,2.516435006633401,3.4363187924027443,3.138808617834002,3.4273302978836,4.2560392445884645,4.0297945169731975,3.043855609372258,3.553551863413304,3.224819840863347
tt_10.9h,3.1609912030398846,,,2.497773563954979,3.192531790584326,4.070468132849783,4.070468132849783,3.4240113832056522,3.4025833909399807,,2.8735213074833155,2.8627115339040756,4.9464567066170275,3.332620618864894,2.190067727584392,2.796331657562405,4.232771256007254,3.2901107841171324,3.2901107841171324,3.654319543391466,3.5974144069477916,3.9798938711173832,3.9443142311647534,3.063951885793358,2.0261405971832573,4.32951775053516,3.455921591259539,,,4.187201986089349,3.5853001717478037,2.530586911831051,3.623848594725132,3.3207231694832444,,4.092688722535968,4.092688722535968,3.6160158906131983,2.7326596211642027,4.181590053252876,3.1371460440568626,3.1371460440568626,4.628878520801663,3.5402143602259457,,2.5745362997986376,2.8491317690350115,4.077098214067519,2.6088356557302177,2.9293719199486077,2.402892683632672,3.1234934888780117,2.360602779779583,3.908317934256047,4.4492753692902625,5.400637681595981,4.2535387156531215,4.353369883727282,3.0593919311650097,5.375045918859541,4.820572930853814,3.9628301365301013,3.651896610856056,4.260969422757626,4.520498269237578,2.4384814519435167,2.1908426247537136,3.621170205529779,,3.643028194550425,5.015732790809125,4.27916718646884,3.711558151524514,3.4988306779414415,3.5539783746935427,3.547592537011951,,3.6698382678441703,5.553432291839272,4.075355474371463,3.262166001368314,3.503437910694629,3.2125038923695683,,,2.9171146424487233,2.6845726068131626,2.7223583087325096,2.516424604691565,3.426765327807516,3.132902794983238,3.4234970244579017,4.245106016751379,4.024840929545462,3.033311806153506,3.550010518170893,3.2198787750676274
tt_11.0h,3.16402555257082,,,2.489526146557182,3.1906509934924543,4.0747602242045105,4.0747602242045105,3.4338001389987767,3.386096579954028,,2.8709062007255852,2.858332322910428,4.944744607899338,3.3270078278146684,2.1824796311557293,2.7898791786283255,4.232771256007254,3.287073838058859,3.287073838058859,3.64920313609764,3.5974144069477916,3.9765241499990225,3.9408296304754913,3.0692040589638054,2.023395348340273,4.332353393547237,3.4518963010050356,,,4.184243282768875,3.5817212560214102,2.5301668886095285,3.6175128766335547,3.3256565807387233,,4.089023292995989,4.089023292995989,3.6112376330420375,2.7261890550144017,4.181590053252876,3.130780929233879,3.130780929233879,4.62141652032733,3.538319066632539,,2.5699863638728857,2.8439478729851544,4.0761715355329216,2.6088356557302177,2.92458962649107,2.399673496838659,3.122917118947953,2.3600055961869657,3.9089145963080227,4.449280192609876,5.401063280645758,4.244656467344612,4.351291960570961,3.0603764448314905,5.374654372688383,4.81989787472412,3.9590121577493846,3.647763540968299,4.262400308158249,4.520498269237578,2.4330556229688227,2.1907948767766356,3.616102013271302,,3.642264610156417,5.015529205091298,4.27916718646884,3.7072668033652008,3.4941345350816846,3.5497957770712674,3.5424198382534087,,3.6662923521362245,5.553697001654655,4.070249483920634,3.251920046284795,3.499628069344908,3.206661243457347,,,2.910922843962908,2.6781079382635653,2.7145627182908356,2.5164144160225987,3.432174428831786,3.126974995713681,3.4196661175228655,4.238705238327384,4.01991914678365,3.028735237661749,3.5465437066741288,3.2149423849768937
tt_11.1h,3.1586793777532876,,,2.4813729459419847,3.188777188770473,4.065431714989245,4.065431714989245,3.4204169302247465,3.3698741355910897,,2.8683778354898095,2.854040394537151,4.943051803391427,3.3317803530953825,2.174985559657216,2.783500460907817,4.221317240968347,3.284028234425932,3.284028234425932,3.6441451529972255,3.5986231537535787,3.9732097829692066,3.9373962581157684,3.0629050694406033,2.0206791711971164,4.318757648114115,3.447917055338621,,,4.181315871886909,3.5781847154721618,2.5297630676068366,3.611225268803537,3.3182277530431747,,4.0935176415368915,4.0935176415368915,3.606531568337232,2.719810341950506,4.197766073979437,3.130780929233879,3.130780929233879,4.6197101953439415,3.5364314415492117,,2.565482738893479,2.8388736373744905,4.075271244626492,2.6003173924982548,2.9197195507586002,2.4100460414774716,3.1224192306399345,2.3594218310900033,3.9064126452431083,4.449306069407612,5.4014797722920775,4.2358877416700125,4.349237605929375,3.0612691892310977,5.374268187209964,4.819231694098562,3.9552631014958024,3.643676317296922,4.263875909149647,4.52275160420686,2.427676516585052,2.1907510580495,3.611353258602321,,3.6415252946317196,5.0153345358558,4.286594173870981,3.703041144181043,3.489508515689522,3.5455815638415515,3.5374397542327642,,3.6627906672656536,5.553964040707797,4.065201398450881,3.2469574688002467,3.499628069344908,3.2009555767290294,,,2.9047477333806455,2.671653429977596,2.7069668397307396,2.516404445748776,3.4230170506052673,3.1211977140046656,3.4158502630889416,4.232422919478267,4.01505047082901,3.0243942299857736,3.5431497362442315,3.2099948385730386
tt_11.200000000000001h,3.1534412135370076,,,2.473307240754366,3.1869355803355575,4.056243601255119,4.056243601255119,3.4076982331462204,3.3899051281623542,,2.8658278486691415,2.8497696360573173,4.941413396503776,3.3261439502239227,2.1675962158478796,2.777220744173974,4.213671596720815,3.2809853148646653,3.2809853148646653,3.6391640319488943,3.5954673467203975,3.9699448253959417,3.9373962581157684,3.0569249484688044,2.0179959693923593,4.305512241087854,3.443966666702181,,,4.17841924354434,3.5746939326636493,2.5293749631382525,3.605083592236042,3.3107718750834465,,4.09803096530959,4.09803096530959,3.6018722569569945,2.713485786691308,4.220706442371011,3.1345457108691335,3.1345457108691335,4.618040916044265,3.5388375567272305,,2.5610468364320695,2.833883290179074,4.0743966428563,2.595481112599373,2.9152497979812324,2.4066415526904166,3.12182891741395,2.358851661439985,3.9039084971882403,4.449352836236358,5.401887317653745,4.247695001773536,4.347193024121225,3.0620895395986736,5.37388731399551,4.81857428047806,3.9515673224814236,3.6396340006031096,4.265395471360534,4.528912600595504,2.4223797260783613,2.19072409812361,3.606512926518917,,3.6408095634542406,5.002765873447061,4.260188696440309,3.6988576068542898,3.484940331429243,3.54143802030012,3.532476224936545,,3.659333547577262,5.554233250208199,4.060215225443244,3.2420634045265615,3.490876206662506,3.1952317878603935,,,2.8987412312999368,2.665334125980735,2.7069668397307396,2.516394703183323,3.413735357578844,3.115453014615923,3.412199059035629,4.226214013528079,4.010234158486128,3.020054515451193,3.5431497362442315,3.2053781440481544
tt_11.3h,3.1482376968488097,,,2.4653727309778333,3.189548747614026,4.047173551283777,4.047173551283777,3.4076982331462204,3.3737469795159996,,2.8632777254097164,2.845594756770879,4.939810778480023,3.320873793680221,2.160251802764833,2.770986426156014,4.206131123006344,3.2780980495736003,3.2780980495736003,3.6342214923352003,3.592331732157618,3.966728264465928,3.925048374570906,3.05082863336429,2.015326430555433,4.3240891033783555,3.4400792992673814,,,4.175552348606288,3.57124295597896,2.5290020992979407,3.5990134407766163,3.3036098573356867,,4.102583123836666,4.102583123836666,3.5972713585942984,2.7072391151450574,4.24306714721024,3.128394276369363,3.128394276369363,4.616404834669083,3.5369641934521496,,2.556634157896042,2.8289523823186755,4.073549000080675,2.6077905097045004,2.9106673132628202,2.403431316372007,3.1213152748532593,2.3582944576628506,3.907020720653236,4.449420280754566,5.401887317653745,4.238978838082403,4.345183998346329,3.0620895395986736,5.373511718120426,4.817925562150776,3.9479241091758013,3.6356211160309613,4.266958554275334,4.508903518784791,2.417105896398425,2.1907035331241786,3.601715106051415,,3.640116742812097,5.002586213406175,4.294010479003191,3.6947253444232047,3.4804288293235004,3.537324223667383,3.5275709400884807,,3.6559206657111645,5.554504478815943,4.055295678786933,3.2372340485453606,3.487144065555185,3.1896215942688286,,,2.8927988470532,2.6590496571734548,2.6949022538028657,2.5163851883262396,3.40486023388803,3.1097894622944295,3.4084880421869457,4.2200974631123245,4.005489468108863,3.0157207106240094,3.549322365783155,3.2006753548048437
tt_11.4h,3.1430322299711406,,,2.4574890141375363,3.187719234265387,4.044449666049331,4.044449666049331,3.4012666372582316,3.3577240305021405,,2.8494037627242506,2.8414730760268867,4.938243446405977,3.3154033655300736,2.1700357301160693,2.7648103679530323,4.1986964121460915,3.2751396810635924,3.2751396810635924,3.629336182028055,3.589226264040917,3.9635591967962682,3.921653968282044,3.0461936402134597,2.012703069485724,4.310821512714028,3.4362362870015204,,,4.17271526530385,3.567831745836884,2.5286440164782107,3.593043894972652,3.296358823310584,,4.098898551892489,4.098898551892489,3.5927270515821874,2.7010687035508454,4.2648579380474985,3.122221316676587,3.122221316676587,4.626662857364863,3.535098630003631,,2.5522997742518783,2.824052563868463,4.082569257821888,2.6028084149584174,2.9062914517708123,2.400282714050263,3.120762819889933,2.3577311914414167,3.9045423078350723,4.4495082520879805,5.406834313180298,4.230410712305456,4.3432069406844676,3.0665751369670033,5.373141345568001,4.817285434808582,3.9443175685591996,3.6316667697392404,4.268549433909357,4.515071934089065,2.4118937174789608,2.1906718919053674,3.5969772688113153,,3.639459644444287,5.002415005117655,4.267606271896511,3.6906435540877283,3.4759641299024224,3.529235953465104,3.5225800396874547,,3.652532281819731,5.554777574259788,4.050431645475328,3.2325970279052854,3.4835019414313138,3.183977553155273,,,2.886913752183318,2.6528706019744277,2.68732130760327,2.5163759007118642,3.3960268166847527,3.1041975668631494,3.40479340730235,4.214093612506986,4.000774546526372,3.01151708047837,3.5459915339015424,3.1961277099326253
tt_11.5h,3.1379028731025755,,,2.4497198439203203,3.1858926941640675,4.035407288465649,4.035407288465649,3.388672774191946,3.342053398489952,,2.84689029911533,2.8373875580728054,4.9367107432335615,3.3101478088647127,2.162737887352705,2.7587465895339847,4.191362825222313,3.272241748869419,3.272241748869419,3.6245063953101635,3.5861195772886276,3.9604324605315924,3.9183078999631107,3.040016238577664,2.0101503147743642,4.297887447755784,3.43243896542117,,,4.169906845316291,3.564460068475455,2.528309208806604,3.587078047916293,3.2924431078135967,,4.103477661963552,4.103477661963552,3.588252213317901,2.6950474847108126,4.258759017568082,3.1162576731294394,3.1162576731294394,4.625005460809916,3.535647990182042,,2.5479798992164433,2.8191535295918584,4.081707363948226,2.597984502092004,2.902002376038581,2.3970578857697546,3.1202148622833192,2.357180709950626,3.9020639108493924,4.449616597499698,5.407231896650046,4.242060522083193,4.341266051400453,3.067313543986529,5.372776162344962,4.816653774585575,3.9407770573161542,3.627755664754659,4.270200761500746,4.517338247969747,2.4067641687579453,2.1906428351067007,3.5924387802369893,,3.63881067186594,5.0022520632483065,4.24201969569549,3.68662502290681,3.471565990243107,3.5252437400631607,3.5178307266905904,,3.649205337278545,5.555052386596799,4.0456249341368675,3.227950579021126,3.4799473248422146,3.1785635128617287,,,2.8810519431717694,2.6467277598567307,2.679859198164195,2.5003030388616025,3.385325935203582,3.0987562616355717,3.397778653074056,4.225237621925771,3.996110064443201,3.0072997636161745,3.542747830040753,3.191566043999046
tt_11.6h,3.1329569476656616,,,2.4420344727113843,3.1840785425156355,4.026479446329176,4.026479446329176,3.3761323168873787,3.345492244232446,,2.844389684032649,2.8333360250107944,4.935210278723389,3.3049653209745884,2.1555089582689106,2.752737221773714,4.196013486478478,3.269447818864137,3.269447818864137,3.619749730452895,3.583030531182885,3.957356942817569,3.915009998716414,3.0342381563968956,2.005129366181791,4.316161724273115,3.428667309228331,,,4.1671277191489935,3.5611283550970256,2.527979306410998,3.580720487050712,3.285220042336732,,4.1081166211515665,4.1081166211515665,3.5838207295164466,2.6890143449418247,4.280265259556472,3.1199877485632896,3.1199877485632896,4.62337797973305,3.535647990182042,,2.5436994303017855,2.8143600090406835,4.080870060715824,2.6100256852805614,2.8977790256030858,2.406987328082323,3.119717063382268,2.3566403472796082,3.899591279681772,4.449745149817318,5.407620867248625,4.233544433955103,4.33936065947637,3.067990941926837,5.372416114900261,4.816036923322827,3.9372867215424776,3.6238869852386415,4.271895347163081,4.517338247969747,2.4016780094243586,2.195481695700437,3.587852446362376,,3.6381827211007476,5.002095936797559,4.275013451464474,3.6826461823657155,3.467222096864134,3.521317968145013,3.5132016949355602,,3.6459203958511353,5.5553287724033,4.040879293810576,3.2233975091949105,3.490806803572923,3.1660457528196275,,,2.875305366702378,2.640599205158651,2.6724675581790507,2.500293964520097,3.385325935203582,3.0933573059737682,3.400448134634644,4.219228265341371,3.991515160072595,3.003325234167278,3.5395544776692986,3.187129528261721
tt_11.700000000000001h,3.1279828590340912,,,2.4344240869395435,3.170589576009661,4.017700351309031,4.017700351309031,3.3982602898031473,3.3298235032707453,,2.841994510963559,2.829348768107593,4.933740816544741,3.299773769453168,2.1484128469601274,2.7467863922938704,4.196013486478478,3.2666286998428404,3.2666286998428404,3.615025061648339,3.579961790703237,3.9543266044929624,3.9117539385333657,3.0283752754330635,2.0026260185986757,4.303206090815365,3.4249577820301056,,,4.164376957342029,3.5578401712700725,2.5276628555729985,3.5747564272023737,3.278314417693764,,4.112776914611459,4.112776914611459,3.5794439031742513,2.6830516988411546,4.301094539929181,3.1199877485632896,3.1199877485632896,4.621760730165988,3.533808361273259,,2.5394858801737428,2.8096354068256915,4.080056689213961,2.6051345812156796,2.9067580606788397,2.403918826021254,3.119172909297049,2.3561126883141696,3.9027078258804977,4.4498937404714525,5.408001373987645,4.225135539192706,4.337490148842335,3.0686119217425585,5.372060764115304,4.815437684301287,3.9338457826524973,3.6200458239763975,4.273635507095605,4.523464339785278,2.389108069706708,2.1954553239047527,3.5833383854478598,,3.637575187254697,5.0019458956085145,4.249448273796588,3.678716456051916,3.462931489571929,3.525214929599315,3.5084991534240544,,3.642677545081824,5.555606591049582,4.0290368515998125,3.2189888027496636,3.4872377375140786,3.1660457528196275,,,2.86962556745857,2.6346527221612632,2.6651767008006573,2.500285104382783,3.3766010464169085,3.088024210650474,3.396965314168483,4.213286851998419,3.9869523351080716,2.9992893300950527,3.5364274098537862,3.182729983702302
tt_11.8h,3.123080676421523,,,2.422500843182206,3.1687906621955335,4.030823798384517,4.030823798384517,3.3856888050213456,3.3145985528826714,,2.8395463745109737,2.825416808947921,4.932301715016365,3.294711946044117,2.141334194224328,2.740895879920572,4.188781090080738,3.263853889890015,3.263853889890015,3.610350272618234,3.5769122536294162,3.951340581290424,3.9085489781573415,3.03951019840315,2.0001819259487092,4.290569855365902,3.4212908698245883,,,4.161654043477029,3.5545882037840784,2.5273594236932695,3.5689086853526533,3.271329407580197,,4.109051287174225,4.109051287174225,3.5751202437095344,2.6873761182650924,4.3211914910934865,3.1140252999030054,3.1140252999030054,4.620191852096468,3.5319786397740245,,2.5353016071021557,2.8049113182350993,4.079266605898738,2.617192396428436,2.9067580606788397,2.400788677390665,3.118635580409318,2.3555989083833992,3.900259215850383,4.450062191579491,5.408373536542058,4.2366499486379325,4.335653889924288,3.069180764723569,5.371709888335317,4.814873481635004,3.930453459266573,3.61626180075109,4.275417499244213,4.519607888534665,2.3840751238167286,2.1954283602535725,3.5788439251482487,,3.6369875064119697,5.001801812555641,4.240719348657876,3.6660271915607154,3.4586860719136894,3.52133467188105,3.5038351071998477,,3.639457424171269,5.555885695386678,4.0243438058532774,3.2145297373645008,3.48375391587615,3.160652400460094,,,2.8640048294328153,2.63877411512658,2.6579139451496303,2.500276457518339,3.3680374985560775,3.0827816780656576,3.3935576155781746,4.207432560157031,3.982445039320737,3.0047726309858263,3.533365224953741,3.178386257495731
tt_11.9h,3.126149813644588,,,2.4149728058837354,3.1670423136092722,4.022041568998247,4.022041568998247,3.3737246631644666,3.3336742711253464,,2.8371141450479627,2.8215618301182985,4.936703424435109,3.289755548350513,2.13441570289433,2.735053417738527,4.181648534722626,3.2676555402576923,3.2676555402576923,3.613486255519092,3.57389680063352,3.94839797122404,3.905387835111469,3.0335911051370203,1.9977730922400951,4.308511132840067,3.417665392626077,,,4.15895857103169,3.5513735013082623,2.527068597730249,3.5632003364153206,3.264556422829628,,4.113739169202745,4.113739169202745,3.5708635635674,2.681457534432411,4.340572963934392,3.108238325919956,3.108238325919956,4.630307452287525,3.5182696310803294,,2.531152829993516,2.8003019276075065,4.078499187715352,2.612219319678843,2.90268323617056,2.3979762587696314,3.1181310866959393,2.355091673322022,3.8978093806654215,4.450250338762999,5.408737482968718,4.2283103172667325,4.333851277362555,3.0697011626325548,5.371363473124802,4.814308574423194,3.9270940399728715,3.6125197866931558,4.277244788128883,4.525762764271349,2.3840751238167286,2.195403744932264,3.574499289970845,,3.636419109068811,5.001663560979068,4.240719348657876,3.662151115015149,3.4503716034814715,3.5174980075098574,3.5078255077823997,,3.636297713033855,5.5561638828366995,4.0243438058532774,3.2103492761962116,3.4803529735654593,3.1552820238284767,,,2.8584452103823423,2.632826221641153,2.650774132926017,2.5002680234611034,3.359617040026933,3.0775415413081646,3.390148992650211,4.201684939675033,3.9851668211631477,3.0047726309858263,3.5395144945941865,3.1742198430001736
tt_12.0h,3.126149813644588,,,2.407521811313927,3.1678724754601717,4.013359189033508,4.013359189033508,3.362013980280608,3.3184509919956326,,2.834730067756027,2.8176940423436463,4.935302057303488,3.284754113294184,2.1275442545302212,2.7292665732093155,4.17461130162701,3.2650421163998544,3.2650421163998544,3.608866211026907,3.575235426425934,3.945493367500603,3.9090977860614657,3.027963756583631,1.9953916557133198,4.295853779185563,3.4140659109689295,,,4.156290184240788,3.548195708077401,2.526789974886924,3.557498889043927,3.2577867922373116,,4.118472669273615,4.118472669273615,3.5666467575356364,2.6756747527979314,4.3196065607480705,3.1025050575844944,3.1025050575844944,4.6287181144580245,3.516453582793474,,2.5230398206040263,2.7957192468456924,4.077753820456564,2.6074584079906344,2.898625699803233,2.40458449954167,3.117592329159379,2.3545927493833005,3.895336128771305,4.450458008330315,5.409093394875526,4.22007681010291,4.332081729546189,3.0701767867431045,5.374999111983925,4.8137605166994035,3.9323485335335135,3.6158865718171,4.279114931356162,4.528041233308613,2.379064653534442,2.195382640697062,3.5701685724779963,,3.6358694578520954,5.001531017012894,4.215922398027033,3.658322691451758,3.4462809516116977,3.5137042300775647,3.5031831157393754,,3.6331778266467154,5.556445142719895,4.019700745120645,3.206110894680023,3.477033241186291,3.1500130966305733,,,2.8529873224906623,2.62695482512936,2.643700009677559,2.500259802211076,3.351435615681112,3.0725483149290085,3.386734669562429,4.206772626377642,3.9807303394190967,3.000852004159242,3.5395144945941865,3.1699750125408173
tt_12.1h,3.121254720259458,,,2.407521811313927,3.1678724754601717,4.004814530257136,4.004814530257136,3.383195925038308,3.3033691672608256,,2.8324053529649973,2.813895928207785,4.933930019382387,3.2798711196519434,2.120807428378612,2.7236277805641294,4.167670203838497,3.262343774084002,3.262343774084002,3.6043153745122254,3.5722590321674943,3.942636251449585,3.9090977860614657,3.0223877569660544,1.993084879592061,4.285063750576228,3.410527410916984,,,4.153647831641138,3.5450555342249572,2.526523150037974,3.551926515996456,3.262740538921207,,4.12327722273767,4.12327722273767,3.5624818056821823,2.66993727395311,4.338623378891498,3.0901497872546315,3.0901497872546315,4.62715779338032,3.514651463832706,,2.5190285234712064,2.7996805286966264,4.077029904350638,2.603152193594724,2.8946983236819506,2.40458449954167,3.117116033565253,2.354108741041273,3.879932012408972,4.4509312142618,5.40944235958159,4.207187581341714,4.334708719979972,3.070611242670566,5.374655403662473,4.81646411633119,3.9290340687148273,3.612187330145389,4.281028574332595,4.528041233308613,2.374207228422165,2.195359058212489,3.565859022550285,,3.635338040534407,5.001404055859894,4.248085111845285,3.658322691451758,3.442251636646688,3.5099729392677546,3.4988366696052253,,3.6300975875929,5.556727287359536,4.015110641717911,3.2020539846271276,3.4842633926309645,3.144837709609419,,,2.8572415178641677,2.6210999554023147,2.6366752623580396,2.5002517919056118,3.3568332828581333,3.067544903140515,3.383433919865638,4.201103551313281,3.976367972791195,2.9969506920315325,3.5365079194307327,3.1658548824489117
tt_12.200000000000001h,3.116532971151173,,,2.4001594251021743,3.166122362948954,4.009143219329417,4.009143219329417,3.3714533131569624,3.307242653798312,,2.830064090434462,2.8179324134252965,4.933930019382387,3.275096452329308,2.1141083976253867,2.7180114714428782,4.172318078111857,3.2596422880887985,3.2596422880887985,3.599794903770089,3.5722590321674943,3.9398205163888633,3.905969550833106,3.027544998563826,1.9907921073026955,4.285063750576228,3.4070266247726977,,,4.151032206602395,3.5419561029411852,2.5262677329592407,3.546321581117809,3.262740538921207,,4.10822920082137,4.10822920082137,3.5583795537240803,2.6642384501174092,4.356910008471459,3.0901497872546315,3.0901497872546315,4.625626071821898,3.515245429240167,,2.5150448684580624,2.795132702216506,4.085142436437309,2.5983140668831766,2.8909436012618244,2.4018132402561605,3.1165889310650527,2.3536278060637414,3.879932012408972,4.451196386478841,5.4143749182112515,4.207187581341714,4.33297956828028,3.071007870603353,5.3743161261081696,4.815944379195571,3.925780971068889,3.6085288394242525,4.282987679820508,4.534142116550356,2.3693374949507415,2.195337111130357,3.5616521569900215,,3.6348243267275393,5.001282555516809,4.2232861034572124,3.6545542632229626,3.4382730163633823,3.5062685986049473,3.4988366696052253,,3.627057107631117,5.557010182645172,4.010573198553175,3.1979682999663055,3.4842633926309645,3.1396872396580875,,,2.8518938357010484,2.6153153209015727,2.629782267380506,2.500243991613388,3.3485891516320407,3.062555239535868,3.3801927641034126,4.201103551313281,3.976367972791195,2.9931642138399184,3.533563398756087,3.1617766334675252
tt_12.3h,3.111831539776176,,,2.392912704963237,3.1643799389712512,4.009143219329417,4.009143219329417,3.359739560633898,3.307242653798312,,2.827770649921149,2.814195256214589,4.932586830109358,3.2703793877735734,2.1165989143773913,2.7124378089793026,4.172318078111857,3.2570920949801803,3.2570920949801803,3.599794903770089,3.56928360555321,3.9370453786104918,3.902882860507816,3.027544998563826,1.9885262483730912,4.272690447513014,3.4035667395219207,,,4.148442200850695,3.5388909708708525,2.5260233501903713,3.540905650239438,3.2561826640740037,,4.10822920082137,4.10822920082137,3.554315885063261,2.6586172226816416,4.374460213351995,3.0843894174322486,3.0843894174322486,4.634080635383725,3.515245429240167,,2.511155786458403,2.790620173327625,4.084431135095656,2.605228655040264,2.88709752028808,2.398925718385726,3.116090205963701,2.3531598513945937,3.877464435528964,4.451480380259454,5.4147178451530635,4.199143503792584,4.331269287969917,3.0713697583414614,5.3743161261081696,4.815440821927041,3.9225735343061388,3.6085288394242525,4.284971159417182,4.514211127068847,2.364569247700274,2.1953199612908065,3.5575617915019393,,3.634327837266028,5.0011663949117064,4.230640632100403,3.6508222995325923,3.434342722874135,3.502605592366308,3.49442152492702,,3.6240562363527715,5.557293706573546,4.006093319505453,3.203581726178527,3.4810078111477196,3.1346100764349103,,,2.846549638081342,2.609619790688157,2.622869411483407,2.5002364008687437,3.3485891516320407,3.0576729299500585,3.3769289162009954,4.1954952222295105,3.9720368795096874,2.9894513548351824,3.530679604038596,3.157832868862897
tt_12.4h,3.107125462964177,,,2.385748722124845,3.165242599323392,4.000690505839884,4.000690505839884,3.3691045553423464,3.2924046055413783,,2.825485674664378,2.810483349021524,4.931271939538419,3.265697706025094,2.10995827941224,2.7068810565397143,4.165470742620528,3.254522397648543,3.254522397648543,3.595322886481881,3.5663294242694974,3.934309992939234,3.89983537979424,3.0221395608969033,1.9862618334591389,4.277969931252301,3.4001488513313234,,,4.143337263260037,3.5358604597859085,2.52578963059932,3.535492648370564,3.2496471758931875,,4.1131057208403945,4.1131057208403945,3.550302004441619,2.653093619272113,4.387666745111346,3.0789276701398194,3.0789276701398194,4.632557354401797,3.5134708136320114,,2.507280057761818,2.7861872971989214,4.083741774782538,2.605228655040264,2.8835101961158216,2.3961934680119157,3.115111908875406,2.3526964732445776,3.87499226257205,4.4517830135300756,5.415054464247078,4.202398729510605,4.329603718128055,3.0596530279144645,5.373981255572289,4.814970965497196,3.9194110855460167,3.604895170778036,4.287018249742687,4.52031409367919,2.3598026647232473,2.1953039867803454,3.5534606045112014,,3.6338481018319726,5.001055453903973,4.230640632100403,3.6471362519077957,3.43045989330858,3.4989831312559545,3.490073376800865,,3.6210755687206984,5.557577732019126,4.001659464556724,3.199573839083314,3.477829286362976,3.138227962423116,,,2.8412908273749053,2.603945206850767,2.6161329792812467,2.500229017343372,3.3406319497153163,3.0631657307967544,3.3737220163457096,4.189967295154929,3.9677582113072276,2.98583600576967,3.5278552095405757,3.15389621257782
tt_12.5h,3.1025115814991295,,,2.3787075164727867,3.165242599323392,3.992370051331818,3.992370051331818,3.3691045553423464,3.2962744389660656,,2.8232038221322,2.8068454950116575,4.929984899703413,3.261063701007515,2.1035019760020077,2.695104092825204,4.158713471144438,3.251967951655388,3.251967951655388,3.590917626861483,3.5633994676172733,3.9316136124543846,3.896829697303474,3.0168114555999637,1.984048715326935,4.277969931252301,3.3967543160542846,,,4.140821464825422,3.5328647098504007,2.525566203519702,3.5392401632852852,3.2433743523433805,,4.118034900631756,4.118034900631756,3.546337062958628,2.647607354912907,4.387666745111346,3.0826333737932146,3.0826333737932146,4.632557354401797,3.5140806646086276,,2.5034344498999417,2.781787496060133,4.083741774782538,2.600526798982173,2.879906368907541,2.3869668655097485,3.114641954191029,2.352250099182129,3.875705008395016,4.452104088850319,5.415054464247078,4.202398729510605,4.32796894479543,3.0599901587702334,5.373650761786848,4.8144989954307675,3.91629293654114,3.6013155025430024,4.289105764590204,4.522586141712964,2.3551626447588205,2.1999412099830806,3.5493501611053944,,3.6333846361376345,5.0009496146813035,4.206567507237196,3.643495417200029,3.426617407705635,3.495400933083147,3.4856743342243135,,3.615265670698136,5.557862137909979,3.9972756560891867,3.1956840939819813,3.485015274491161,3.1331605301238596,,,2.8360791341401637,2.5983316591009498,2.6094072200357914,2.500221840105951,3.3328475183807313,3.058376275934279,3.3706345139071345,4.184539542999119,3.9635314643383026,2.982286831829697,3.5251065217889845,3.1500440104864538
tt_12.6h,3.097915603313595,,,2.371742074843496,3.1635296158492565,3.9966647513210773,3.9966647513210773,3.357744042761624,3.2962744389660656,,2.820952888112515,2.80324997799471,4.928725270554423,3.256593133788556,2.0970494556240737,2.6896658511832356,4.152047195471823,3.249524825718254,3.249524825718254,3.5865414976142347,3.560493522323668,3.9289510981179774,3.8938828920945525,3.0219678906723857,1.9818617375567555,4.265867466572672,3.3934160438366234,,,4.138328897766769,3.52990385517478,2.5253527094610035,3.533842134755105,3.2370761334896088,,4.119192118290812,4.119192118290812,3.542432487476617,2.6421437971293926,4.404106738045812,3.0771696167066693,3.0771696167066693,4.6310621118173,3.5123305851593614,,2.4996777046471834,2.7774293031543493,4.083073714282364,2.6073259278200567,2.8886735788546503,2.3869668655097485,3.1141121783293784,2.3518124888651073,3.875705008395016,4.452443436253816,5.41538486070931,4.194502971600741,4.326364437118173,3.0602846033871174,5.373324617743492,4.814042544923723,3.9132035267539322,3.5977747850120068,4.291372728999704,4.522586141712964,2.3505321671254933,2.199927524663508,3.5532566835172474,,3.6329369959421456,5.004522866569459,4.2139097773469985,3.6398992682807148,3.4228323069401085,3.4918468897230923,3.4814232531934977,,3.6124168201349676,5.558146803639829,3.992946488317102,3.1917757280170918,3.4818972861394286,3.1282627172768116,,,2.830899138469249,2.5927544329315424,2.602747928351164,2.5002148672938347,3.3250673464499414,3.053659163415432,3.367510692216456,4.18959602760151,3.9593756678514183,2.9788083848543465,3.5312145347706974,3.1462554577738047
tt_12.700000000000001h,3.1010252004489303,,,2.364815146662295,3.1644052425399423,3.9884508848190308,3.9884508848190308,3.3470290401019156,3.281757573131472,,2.818723678123206,2.799657459836453,4.927474920172244,3.245237290393561,2.0970494556240737,2.6842952808365226,4.1566924238577485,3.2470880416221917,3.2470880416221917,3.5822133077308536,3.5576228932477534,3.9263316434808075,3.8975910139270127,3.0168130323290825,1.9797126753255725,4.271156241651624,3.390114645473659,,,4.135866087395698,3.5269780051894486,2.5251488159410655,3.5285981679335237,3.241975258104503,,4.119192118290812,4.119192118290812,3.53856320399791,2.636794728692621,4.419814323075116,3.0771696167066693,3.0771696167066693,4.6295944773592055,3.5123305851593614,,2.4959346405230463,2.7731384336948395,4.082426334731281,2.6073259278200567,2.885201871395111,2.3842902900651097,3.1136802746914327,2.351380281150341,3.8732432378455997,4.452798452693969,5.415709128603339,4.197797308675945,4.324789745733142,3.0605528629384935,5.373002791777253,4.814042544923723,3.9101719646714628,3.5942727541550994,4.293547463603318,4.52485311543569,2.345954204443842,2.1999114570207894,3.549353309441358,,3.63250476308167,5.004425570368767,4.2139097773469985,3.6363617214374244,3.4190926095470786,3.488349061459303,3.477268530987203,,3.6096053677611053,5.558431611396372,3.9886623197235167,3.1880887988954782,3.4818972861394286,3.1282627172768116,,,2.8258303636685014,2.5872989273630083,2.606770792044699,2.5002080970443785,3.3304547471925616,3.0489823473617435,3.364364034961909,4.184240053407848,3.955248795915395,2.98425130546093,3.5284959860146046,3.1424764040857553
tt_12.8h,3.0965756187215447,,,2.358030420728028,3.1627218374051154,3.9884508848190308,3.9884508848190308,3.340185976587236,3.2694982001557946,,2.816519884392619,2.796130258589983,4.9262687265872955,3.2407264937646687,2.090692788362503,2.678919372148812,4.150114803574979,3.244607175234705,3.244607175234705,3.5779312956146896,3.554757455829531,3.9237492978572845,3.8946871175430715,3.0168130323290825,1.9776208018884063,4.271156241651624,3.3868526821024716,,,4.133432700764388,3.5297566861845553,2.5249541709199548,3.523414890281856,3.2358754398301244,,4.1242352914996445,4.1242352914996445,3.5347414491698146,2.631479556206614,4.432060724124312,3.0716548888012767,3.0716548888012767,4.621873816009611,3.51058290572837,,2.4922481374815106,2.7689306661486626,4.081799031700939,2.61406695144251,2.8818118954077363,2.3817007592879236,3.1131909522227943,2.3509615254588425,3.8739460026845336,4.45316860685125,5.416027348488569,4.197797308675945,4.323244316503406,3.0607971493154764,5.372685258742422,4.813601333182305,3.9071826892904937,3.590793530456722,4.295768317300826,4.52485311543569,2.341443041805178,2.1998991714790463,3.5454427525401115,,3.632087505888194,5.004333085380495,4.205096362158656,3.6328562651760876,3.4153989334590733,3.484890079125762,3.4731162642128766,,3.6068123802542686,5.559003964997828,3.984425730071962,3.1843147077597678,3.4788520326837897,3.123417021241039,,,2.8208070038817823,2.581842669285834,2.600163691677153,2.500201527029276,3.32283846847713,3.0443349815905094,3.3613953297026455,4.184240053407848,3.9511718032881618,2.9807002949528396,3.525849769357592,3.138859876897186
tt_12.9h,3.0920876902528107,,,2.351295478641987,3.1627218374051154,3.980324656236917,3.980324656236917,3.340185976587236,3.2551635042764246,,2.8143404913134873,2.79267647722736,4.925088569521904,3.2363368994556367,2.0844251080416143,2.6736023649573326,4.143622467294335,3.242269558366388,3.242269558366388,3.573714619036764,3.5562433362938464,3.9212034423835576,3.891836824361235,3.0116610690020025,1.9755609892308712,4.259312500245869,3.3836299646645784,,,4.131028335541487,3.5268698446452618,2.524768438190222,3.5183070525527,3.2297028992325068,,4.12545665865764,4.12545665865764,3.5309665226377547,2.6262030946090817,4.446661091875285,3.075335360597819,3.075335360597819,4.620414263568819,3.511232489719987,,2.488632361870259,2.7647592280991375,4.081191225908697,2.61406695144251,2.878507949411869,2.388472825754434,3.112712341360748,2.3505444186739624,3.871503914706409,4.453553607221693,5.416339606977999,4.190066278446466,4.323244316503406,3.0607971493154764,5.37237198324874,4.8131751753389835,3.904235082678497,3.587365871295333,4.298041235189885,4.53094412619248,2.337034633383155,2.1998991714790463,3.54154319036752,,3.63168352143839,5.0042452975176275,4.205096362158656,3.629393793642521,3.411742545198649,3.481469343882054,3.4690434630028903,,3.60407489631325,5.559291358105838,3.9802364534698427,3.1806691959500313,3.475878201890737,3.118524448480457,,,2.8158009410835803,2.576400830876082,2.593681465834379,2.5002266615629196,3.315303409937769,3.03986647259444,3.358413063455373,4.178939106874168,3.9471441339701414,2.9773545511998236,3.525849769357592,3.1352182612754405
tt_13.0h,3.0876795458607376,,,2.3446699832566082,3.1610471941530704,3.9685194161720574,3.9685194161720574,3.329369551502168,3.2551635042764246,,2.8121578209102154,2.789252933114767,4.923934039659798,3.2319504329934716,2.0782381668686867,2.6683601923286915,4.143622467294335,3.2399103776551783,3.2399103776551783,3.569525603670627,3.553416565526277,3.9186956314370036,3.889034881722182,3.000621619168669,1.9735160488635302,4.264566570520401,3.380428079981357,,,4.128652589861304,3.5240219281986356,2.524591284804046,3.51322506275028,3.2297028992325068,,4.130576726049185,4.130576726049185,3.527235762681812,2.620977423619479,4.446661091875285,3.0700677460990846,3.0700677460990846,4.620414263568819,3.511232489719987,,2.4850087370723486,2.760589829646051,4.080602350179106,2.6094428095966578,2.878507949411869,2.3859436381608248,3.112239927984774,2.3501384765841067,3.871503914706409,4.453952949959785,5.416645953897387,4.193398958537728,4.321727731265128,3.0610195067711174,5.372062939219177,4.812763746827841,3.9013285245746374,3.58397451415658,4.300353321246803,4.533198883756995,2.332638949621469,2.1998862088657916,3.5376528119668365,,3.6312922555953264,5.004162093624473,4.212379051372409,3.6259738598018885,3.4081411929801106,3.47807026328519,3.464921816252172,,3.6013726554811,5.559579372406006,3.976099180057645,3.1771500473842025,3.466903944965452,3.1137589286081493,,,2.810885658953339,2.571102987509221,2.5871964441612363,2.5002204827032983,3.315303409937769,3.035395510494709,3.355408810544759,4.173711963463575,3.9431847273372114,2.9739683936350048,3.5232397275976837,3.131660114042461
tt_13.1h,3.083360127173364,,,2.3381054583005607,3.145852068439126,3.960514049977064,3.960514049977064,3.3385527725331485,3.2411003597080708,,2.8099845675751567,2.7858284544199705,4.922804732341319,3.227661965880543,2.07213664567098,2.6632116800174117,4.137216339353472,3.237527096644044,3.237527096644044,3.5653828503564,3.5506124212406576,3.916225593537092,3.889034881722182,2.995490993373096,1.9714920301921666,4.264566570520401,3.377280604559928,,,4.126305035781115,3.5212032957933843,2.5244224024936557,3.51322506275028,3.2238321164622903,,4.135752892121673,4.135752892121673,3.523563818540424,2.615862322039902,4.460524744354188,3.0648158295080066,3.0648158295080066,4.618981700390577,3.5095114493742585,,2.481431793887168,2.756479138508439,4.072570512536913,2.599981145001948,2.875228291377425,2.383310210891068,3.111748492810875,2.3497387361712754,3.8690592437051237,4.454366676975042,5.4216268584132195,4.185838956385851,4.320239526219666,3.0612218189053237,5.3717580935917795,4.812366916332394,3.8984644855372608,3.580619546584785,4.302739031612873,4.533198883756995,2.336222494021058,2.1998763061128557,3.5339517542161047,,3.6309133577160537,5.004083362407982,4.18925552861765,3.62260858155787,3.4045832753181458,3.474730054847896,3.468963008839637,,3.598705844953656,5.559867865871638,3.9803273207508028,3.1771500473842025,3.463985610753298,3.117438391316682,,,2.806022970471531,2.5657607028260827,2.58081723889336,2.5002144975587726,3.3078488553874195,3.0309452111832798,3.3525067837908864,4.162660345900804,3.9460350084118545,2.9706479706801474,3.5206822333857417,3.128179805353284
tt_13.200000000000001h,3.083360127173364,,,2.3422604254446924,3.144202804658562,3.960514049977064,3.960514049977064,3.327943437267095,3.244919989258051,,2.8078633560799062,2.782475612591952,4.927291767671704,3.223421346861869,2.0747370067983866,2.6580683290958405,4.130892758723348,3.235283805988729,3.235283805988729,3.561284685973078,3.5478335660882294,3.91379283554852,3.8862794185988605,2.9905173406004906,1.9694904289208353,4.2537455526180565,3.374169042799622,,,4.123985253740102,3.5184164298698306,2.524261485785246,3.50821013469249,3.2287439480423927,,4.135752892121673,4.135752892121673,3.51992425089702,2.6107434178702533,4.47182593587786,3.0648158295080066,3.0648158295080066,4.6273333160206676,3.4940575319342315,,2.4779431661590934,2.752416763920337,4.0719918962568045,2.599981145001948,2.871962579432875,2.383310210891068,3.1113083250820637,2.3493453762494028,3.8697686223313212,4.4547946765087545,5.421927796676755,4.185838956385851,4.318779228255153,3.0614058109931648,5.375370518304408,4.811984397936612,3.895627957303077,3.5840038056485355,4.305177337490022,4.519335848744959,2.3319037556648254,2.1998677253723145,3.5302472333423793,,3.6305464850738645,5.00400899304077,4.18925552861765,3.6192750888876617,3.401069272775203,3.471464205533266,3.4650135869160295,,3.596074291970581,5.560156701598316,3.976233425550163,3.1735238400287926,3.461135307792574,3.1127019221894443,,,2.801195860374719,2.5605139527469873,2.5744669125415385,2.5002087033353746,3.300555411260575,3.026647008024156,3.3496506242081523,4.157503415830433,3.9421373503282666,2.9674010975286365,3.510683197993785,3.133581183385104
tt_13.3h,3.0790874902158976,,,2.335759488865733,3.144202804658562,3.9525922490283847,3.9525922490283847,3.327943437267095,3.231127485167235,,2.8057167204096913,2.782475612591952,4.926194406114519,3.219191392417997,2.068738931324333,2.6529593016020954,4.119432299863547,3.2330232188105583,3.2330232188105583,3.564473050646484,3.5450759613886476,3.9113926575519145,3.8835688196122646,2.9905173406004906,1.9675180758349597,4.242130564991385,3.3710946762003005,,,4.121692270971835,3.5156616955064237,2.5241082315333188,3.5033277673646808,3.2227156702429056,,4.137080901302397,4.137080901302397,3.5127761331386864,2.6056656818836927,4.484639732167125,3.0684191822074354,3.0684191822074354,4.625908574555069,3.492372469510883,,2.474474082700908,2.7483810749836266,4.071431290358305,2.606577235739678,2.868898828048259,2.390252630226314,3.110842620022595,2.348964534699917,3.8673456883989275,4.4552367851138115,5.4222230250015855,4.173059646971524,4.317346449941397,3.0615730714052916,5.375068438705057,4.811615959275514,3.8928479333408177,3.5806840951554477,4.307674517855048,4.519335848744959,2.3276342931203544,2.199858609121293,3.5265206559561193,,3.6301913065835834,5.003938875626773,4.196525023784488,3.6227511591278017,3.3975893445312977,3.46819759439677,3.4610908874310553,,3.5934780198149383,5.560445746406913,3.972180809825659,3.170166851952672,3.461135307792574,3.108121071010828,,,2.796497242990881,2.5553030613809824,2.5681745032779872,2.5002030972391367,3.3059294065460563,3.0224082157947123,3.346798822283745,4.152441063895822,3.9382658102549613,2.9674010975286365,3.5081684510223567,3.1300314986146986
tt_13.4h,3.0748797678388655,,,2.3293665079399943,3.1425699908286333,3.956872683018446,3.956872683018446,3.317918543238193,3.231127485167235,,2.8035979866981506,2.7791616269387305,4.92512139165774,3.2151490836404264,2.0627800854854286,2.64790799561888,4.113191006705165,3.2307901065796614,3.2307901065796614,3.5604257355444133,3.5450759613886476,3.9090335448272526,3.887307059019804,2.995638590771705,1.9655809891410172,4.242130564991385,3.368057342711836,,,4.119426787365228,3.5129393129609525,2.5239623463712633,3.49840998230502,3.216963341459632,,4.1423775888979435,4.1423775888979435,3.5092789540067315,2.6007011020556092,4.496764976531267,3.063267193734646,3.063267193734646,4.624510183930397,3.492372469510883,,2.4710365659557283,2.7443910483270884,4.070888169575483,2.602039272431284,2.861444251611829,2.3876816132105887,3.110382152721286,2.348594741895795,3.8649123972281814,4.455692843999714,5.42251262255013,4.165621207095683,4.315940742380917,3.065921025816351,5.3747705216519535,4.811261436901987,3.8901091096922755,3.577399764675647,4.310222611296922,4.52156295767054,2.3234723364003003,2.2046879581175745,3.522828109562397,,3.629847492557019,5.003872903529555,4.174039313104004,3.619464287068695,3.3941633100621402,3.464967117179185,3.457237671595067,,3.590898190625012,5.560734868049622,3.9681723532266915,3.166763920802623,3.4583502798341215,3.1035381304100156,,,2.791840622667223,2.550192636437714,2.5619541159830987,2.5001976769417524,3.2986587658524513,3.0181473647244275,3.343929221853614,4.1474292716011405,3.93444101838395,2.9643170717172325,3.5057039954699576,3.1266926457174122
tt_13.5h,3.070663302205503,,,2.3230858924798667,3.1435065111145377,3.949046346358955,3.949046346358955,3.32701794244349,3.234954781830311,,2.8015457852743566,2.7758964113891125,4.924072292633355,3.2109935907647014,2.0569202951155603,2.642939248122275,4.107030393090099,3.2286225869320333,3.2286225869320333,3.5564427180215716,3.5423574172891676,3.90671010222286,3.884643659926951,2.9906291202642024,1.963682260364294,4.247378274798393,3.365038627292961,,,4.117187657859176,3.510252548381686,2.5238235434517264,3.5022080377675593,3.2112050354480743,,4.147713107056916,4.147713107056916,3.5058113699778914,2.595740693155676,4.496764976531267,3.0581233175471425,3.0581233175471425,4.6231376910582185,3.49303974583745,,2.467661173082888,2.740457041654736,4.070362021680921,2.602039272431284,2.8583413921296597,2.3852924536913633,3.109906665980816,2.348225607536733,3.8649123972281814,4.45616267202422,5.42279667686671,4.165621207095683,4.3145489152520895,3.0660697766579688,5.374476738274097,4.814096801448613,3.887411003932357,3.574134239461273,4.31282845698297,4.527626941446215,2.319316173903644,2.2046809643507004,3.5193331418558955,,3.6295147240161896,5.003810411319137,4.203742126468569,3.6162171130999923,3.390779077541083,3.461755250580609,3.453364657703787,,3.5883716102689505,5.561023937072605,3.9642093190923333,3.163434057030827,3.4654261213727295,3.0989424269646406,,,2.791840622667223,2.5450978754088283,2.555810707155615,2.5001924340613186,3.2916251374408603,3.0139397773891687,3.3412014255300164,4.1474292716011405,3.9306623586453497,2.9611691208556294,3.503288730047643,3.1233886326663196
tt_13.6h,3.0577296996489167,,,2.316867549903691,3.141900995746255,3.9413384115323424,3.9413384115323424,3.3169082230888307,3.221330449450761,,2.7995099858380854,2.772649229504168,4.923041149508208,3.2070638625882566,2.051138353534043,2.637999243568629,4.100950511172414,3.226438045501709,3.226438045501709,3.5524819758720696,3.5396471875719726,3.904421710409224,3.882025012280792,2.985838672146201,1.9618203337304294,4.236023285891861,3.3591424310579896,,,4.114974487107247,3.5075953085906804,2.5236915363930166,3.497406681999564,3.205607321113348,,4.147713107056916,4.147713107056916,3.5023866719566286,2.5908134751953185,4.508199155330658,3.05310676433146,3.05310676433146,4.6231376910582185,3.491378289181739,,2.4643105776049197,2.7365445904433727,4.0698523465543985,2.608572526369244,2.855379471089691,2.382881327532232,3.1094736722297966,2.3475218233652413,3.8495415467768908,4.456646106205881,5.423075265716761,4.168965949676931,4.313196426257491,3.066204881295562,5.3741870522499084,4.813775330781937,3.884753132238984,3.570916661527008,4.315490922424942,4.527626941446215,2.3152502146549523,2.204671951942146,3.5158089702017605,,3.6291926889680326,5.0037512253038585,4.181293144356459,3.6130088889040053,3.3874359922483563,3.458600969519466,3.449489503633231,,3.585878575220704,5.561312826350331,3.9602966266684234,3.1601425441913307,3.4626925769262016,3.0989424269646406,,,2.787249648012221,2.54003928322345,2.5496677295304835,2.500187364872545,3.2846046122722328,3.0099010528065264,3.3384939241223037,4.142487819306552,3.9269486805424094,2.9665537159889936,3.500921731814742,3.1201481502503157
tt_13.700000000000001h,3.0536096449941397,,,2.3107447656802833,3.141900995746255,3.9413384115323424,3.9413384115323424,3.3169082230888307,3.221330449450761,,2.797492368146777,2.769431686028838,4.922026845160872,3.20305479131639,2.0453771562315524,2.633097750134766,4.100950511172414,3.2242783196270466,3.2242783196270466,3.5485613523051143,3.5251254313625395,3.902167847380042,3.879445011727512,2.985838672146201,1.960003742016852,4.236023285891861,3.356246047653258,,,4.112786871846765,3.5049687568098307,2.523446809966117,3.492747079115361,3.205607321113348,,4.133047614246607,4.133047614246607,3.4990036650560796,2.585972693748772,4.502140347380191,3.05310676433146,3.05310676433146,4.631402527913451,3.4897294701077044,,2.4610241721384227,2.7326893964782357,4.0698523465543985,2.604177086148411,2.852483081165701,2.382881327532232,3.1090333252213895,2.3471827702596784,3.847114018164575,4.457142954226583,5.423348473850638,4.16162839345634,4.311869764700532,3.0663275425322354,5.373901891056448,4.813477765303105,3.882134956307709,3.5677345828153193,4.318187525961548,4.529844336211681,2.3112008944153786,2.2046666159294546,3.512256991583854,,3.6288810865953565,5.0037512253038585,4.181293144356459,3.6098391823470592,3.384133968502283,3.455481821205467,3.4457723442465067,,3.583418690599501,5.561601409688592,3.956424532458186,3.165594980120659,3.4600223717279732,3.0944843129254878,,,2.7826367444358766,2.535049853846431,2.5436110235750675,2.5001824675127864,3.2846046122722328,3.0058272941969335,3.3357344404794276,4.147516233380884,3.9232666986063123,2.963556896429509,3.498601885512471,3.1168878893367946
tt_13.8h,3.049534541554749,,,2.304670410696417,3.1428532819263637,3.945577895734459,3.945577895734459,3.325916612520814,3.2252199198119342,,2.7954464773647487,2.7662568232044578,4.92102916771546,3.199171530082822,2.0397490891627967,2.628227550536394,4.105590682476759,3.2222198359668255,3.2222198359668255,3.544679077807814,3.522451556287706,3.8999478933401406,3.876915388740599,2.9910112051293254,1.9582040533423424,4.241259085945785,3.3533841320313513,,,4.110624409280717,3.5023711849935353,2.523333569522947,3.487946569919586,3.1943794041872025,,4.138486655894667,4.138486655894667,3.4956595436669886,2.581163754221052,4.512608279008418,3.040753905195743,3.040753905195743,4.63004215201363,3.4920602533966303,,2.4577989811077714,2.7288611568510532,4.069358661770821,2.61531374277547,2.849657690152526,2.389895796775818,3.108548459596932,2.346854841802269,3.8446808885782957,4.457652919925749,5.423348473850638,4.16162839345634,4.298518296331167,3.066438857000321,5.37362128123641,4.8132036668248475,3.8795413649640977,3.5645891395397484,4.320959338918328,4.53585620643571,2.3072445015423,2.204660033341497,3.50875481357798,,3.628579620271921,5.003695261664689,4.172391049563885,3.606719782575965,3.3808635817840695,3.4523968314751983,3.4421183480881155,,3.5809920290485024,5.561889573466033,3.952595862559974,3.162336926907301,3.4600223717279732,3.098218738567084,,,2.7780799036845565,2.53009225288406,2.5376241421326995,2.5001777382567525,3.2738629058003426,3.00182225741446,3.33311409316957,4.142640063073486,3.91963844653219,2.960554842837155,3.498601885512471,3.1136861611157656
tt_13.9h,3.0455108154565096,,,2.2986862580291927,3.1412731031887233,3.937960494775325,3.937960494775325,3.315804664976895,3.211778278462589,,2.793475174345076,2.7631833725608885,4.920047899708152,3.1952979071065784,2.0341825298964977,2.623434459324926,4.099587828852236,3.2201273874379694,3.2201273874379694,3.5408547944389284,3.519801379647106,3.8977614575996995,3.8744278722442687,2.986168134957552,1.956418267916888,4.2301134299486876,3.3505573607981205,,,4.108486669603735,3.4998039952479303,2.523226071149111,3.483368552289903,3.188822093885392,,4.144008023198694,4.144008023198694,3.4923689886927605,2.576384759042412,4.5224227723665535,3.035815925337374,3.035815925337374,4.628709780052304,3.490423886105418,,2.454575259704143,2.725077678449452,4.077393661253154,2.610865289811045,2.8469236213713884,2.387505874503404,3.1081248060800135,2.3465332482010126,3.8446808885782957,4.458175378385931,5.423616382293403,4.164973529521376,4.2972244480624795,3.0665396247059107,5.373345167841762,4.812952607404441,3.8770011835731566,3.561479481868446,4.3237866358831525,4.5320495455525815,2.3033069018274546,2.204654107801616,3.505409029778093,,3.62828800175339,5.003642437048256,4.150548497214913,3.6036285958252847,3.377644042018801,3.449345814064145,3.438477238640189,,3.57859896030277,5.562177198939025,3.9488103822804987,3.1591566312126815,3.467058348003775,3.0937649975530803,,,2.7736187488771975,2.5252084536477923,2.5316549874842167,2.500173175241798,3.2669495549052954,2.997907788027078,3.33051281562075,4.137852633371949,3.9160634726285934,2.9576087594032288,3.504677241668105,3.1106134252622724
tt_14.0h,3.041534394957125,,,2.2927831183187664,3.139717992860824,3.930416643153876,3.930416643153876,3.306427107192576,3.198525445535779,,2.7914664736017585,2.7510791807435453,4.919082849752158,3.1914909300394356,2.0341825298964977,2.6186944493092597,4.093661486171186,3.2180473394691944,3.2180473394691944,3.5370508055202663,3.517169642262161,3.8956038085743785,3.8744278722442687,2.981613288167864,1.954655274283141,4.2301134299486876,3.347747809253633,,,4.106372662354261,3.4972667642869055,2.5231240638531744,3.478722382336855,3.1833055838942528,,4.144008023198694,4.144008023198694,3.4891064120456576,2.5716781727969646,4.5224227723665535,3.0308347772806883,3.0308347772806883,4.627404836937785,3.488796016201377,,2.451409605331719,2.7213158295489848,4.076908262912184,2.610865289811045,2.844145394861698,2.3852186016738415,3.1077060848474503,2.346223582047969,3.8454351634718478,4.458710339386016,5.412487948779017,4.157753582112491,4.295955642126501,3.0666307820938528,5.373073494061828,4.812724164221436,3.874499329831451,3.5583906178362668,4.326665369793773,4.538065571337938,2.299437618814409,2.2046494744718075,3.5020350930280983,,3.6280059469863772,5.00723163690418,4.179584518540651,3.600574885495007,3.3744641607627273,3.446328690741211,3.4348784838803113,,3.5762387295253575,5.562464170623571,3.94507264951244,3.156032937578857,3.464436436537653,3.089415709488094,,,2.7691467134281993,2.5203737318515778,2.5316549874842167,2.500168774742633,3.260102196596563,2.994033742696047,3.327893478795886,4.133111665956676,3.9125609607435763,2.954676560126245,3.502394908107817,3.107514820061624
tt_14.1h,3.0375479138456285,,,2.286935812328011,3.1381661240011454,3.922991190571338,3.922991190571338,3.306427107192576,3.1995683941058815,,2.789485358633101,2.7479752004146576,4.918133819941431,3.1914909300394356,2.0208095679990947,2.61395379062742,4.087811890058219,3.2160855075344443,3.2160855075344443,3.533285249490291,3.5145635530352592,3.8934836322441697,3.862100393511355,2.977023840416223,1.9529125425033271,4.235340825282037,3.3449884350411594,,,4.104283186607063,3.494759633205831,2.5230273036286235,3.474183165933937,3.177905530668795,,4.145561837591231,4.145561837591231,3.4858824089169502,2.567022097297013,4.531620451249182,3.0260389684699476,3.0260389684699476,4.636933314148337,3.488796016201377,,2.4482817742973566,2.7176063591614366,4.07643807400018,2.601667916867882,2.841540630441159,2.3830109699629247,3.107257221825421,2.3459229613654315,3.8430233411490917,4.4592576823197305,5.41275101993233,4.150642616208643,4.294711507391185,3.066713214851916,5.372806209605187,4.812517964281142,3.872035393025726,3.555350170470774,4.329601398669183,4.5181376789696515,2.2956082387827337,2.2046445831656456,3.498677516821772,,3.635712929535657,5.007184167858213,4.157734630163759,3.5975578743964434,3.3713232735171914,3.4433315228670835,3.431265060324222,,3.573892927262932,5.562750378623605,3.9413737817667425,3.153019553050399,3.461874925531447,3.085070464294404,,,2.7733617876656353,2.515588473994285,2.52579373633489,2.5001645339652896,3.2535259355790913,2.990196563769132,3.3252733587287366,4.12843565735966,3.909089065156877,2.9518343126401305,3.5001578317023814,3.1045262394472957
tt_14.200000000000001h,3.0336854066699743,,,2.2811652733944356,3.14072127873078,3.9346589082852006,3.9346589082852006,3.299251531716436,3.186332024168223,,2.791853691916913,2.744942805264145,4.917200576514006,3.1961752716451883,2.0152771626599133,2.6092682974413037,4.082035360857844,3.2140819570049644,3.2140819570049644,3.5295569342561066,3.5119846225716174,3.889339005574584,3.859657405409962,2.986673721112311,1.9512075553648174,4.22444062307477,3.342261081561446,,,4.102217045612633,3.4922870616428554,2.5229355497285724,3.469734791200608,3.172559428960085,,4.151170930825174,4.151170930825174,3.48269845219329,2.5623977412469685,4.540503217838705,3.034494289662689,3.034494289662689,4.6356132118962705,3.4895076672546566,,2.445187403354794,2.713920356705785,4.075982646085322,2.5973577038384974,2.841540630441159,2.375933380331844,3.1068283803761005,2.3456287840381265,3.8406122247688472,4.459817235358059,5.41300894273445,4.161098530516028,4.293491711374372,3.066787731833756,5.372543262783438,4.812333572190255,3.8696089619770646,3.5523439147509634,4.3325763563625515,4.524159015156329,2.2918426487594843,2.2046445831656456,3.4953607646748424,,3.635434398893267,5.007139634806663,4.1364683005958796,3.5945772044360638,3.3682208815589547,3.440385578200221,3.431265060324222,,3.5715980897657573,5.563035712111741,3.937716173939407,3.1499868920072913,3.459371312521398,3.0808188230730593,,,2.768974186386913,2.510849815327674,2.5298272520303726,2.5001604501158,3.2469525379128754,2.9864362441003323,3.3227972579188645,4.138119175098836,3.9056685883551836,2.9490803754888475,3.4979650410823524,3.1015094090253115
tt_14.3h,3.029837494250387,,,2.275488894432783,3.1391963083297014,3.9272352773696184,3.9272352773696184,3.289861720521003,3.1734103308990598,,2.789912236854434,2.7419414748437703,4.91628292016685,3.1924197706393898,2.009845261462033,2.604667793959379,4.076331742107868,3.2120878724381328,3.2120878724381328,3.525883936788887,3.5094408714212477,3.8873136029578745,3.857256756629795,2.982080214191228,1.9495254349894822,4.224493815097958,3.339566822629422,,,4.100173805374652,3.489839390385896,2.522848565131426,3.465218831785023,3.1672937399707735,,4.156864207237959,4.156864207237959,3.479552268050611,2.557867898605764,4.548831125721335,3.0296791857108474,3.0296791857108474,4.63432013662532,3.4879014315083623,,2.4421689030714333,2.710260916966945,4.0755420620553195,2.608780692331493,2.8500085258856416,2.373679290059954,3.1063815159723163,2.3453374593518674,3.843778354115784,4.460388829931617,5.413261796813458,4.154012475628406,4.292295893654227,3.066855068784207,5.3602985250763595,4.812170582823455,3.86721962550655,3.5523439147509634,4.335621886420995,4.530166438780725,2.2881134999915957,2.193277683109045,3.492164326366037,,3.6351650184951723,5.007097958121449,4.164912489708513,3.5916327270679176,3.365147384814918,3.4374724444933236,3.4191746576689184,,3.5693345642648637,5.563320064917207,3.934099470730871,3.1470075333490968,3.4569248142652214,3.0766257774084806,,,2.76461517624557,2.5061799664981663,2.5240032100118697,2.5001565194688737,3.2405134621076286,2.9827138553373516,3.3202630090527236,4.133439304307103,3.896045057568699,2.9463271629065275,3.495815584436059,3.098615063354373
tt_14.4h,3.0369838401675224,,,2.2698801895603538,3.137671888805926,3.919891278259456,3.919891278259456,3.2804960957728326,3.1902103004977107,,2.7879352760501206,2.7389839715324342,4.915380658116192,3.1887453887611628,2.0045435870997608,2.600092080887407,4.08667205600068,3.2101806476712227,3.2101806476712227,3.5222296840511262,3.5069071408361197,3.8764717169106007,3.8548965300433338,2.977554644923657,1.9478784557431936,4.213555068243295,3.3369052088819444,,,4.098153053317219,3.4874200047925115,2.5227661235257983,3.460954898968339,3.177441392559558,,4.1626124125905335,4.1626124125905335,3.4764546286314726,2.553356188349426,4.5565866976976395,3.024905431084335,3.024905431084335,4.633053520694375,3.486304745543748,,2.4391573988832533,2.7066704584285617,4.075115950778127,2.6044167522341013,2.8473984473384917,2.3714544554241,3.1059440169483423,2.345055678859353,3.841384100727737,4.460962453857064,5.413509659469128,4.146996283438057,4.291123683564365,3.066915894392878,5.360034905839711,4.812028589192778,3.8724331515841186,3.5396475065499544,4.338721620384604,4.52636483637616,2.2844134815968573,2.19327322114259,3.4889588030055165,,3.634904521983117,5.007059060037136,4.143637707922608,3.58873779932037,3.362121890299022,3.4345907918177545,3.4156600311398506,,3.5671026101335883,5.563603335060179,3.930523638613522,3.1441180696710944,3.4663566378876567,3.072441658936441,,,2.7603718088939786,2.501536874566227,2.518257576972246,2.500188209116459,3.252259681466967,2.979006638750434,3.31779035134241,4.128823961131275,3.8926472240127623,2.9437066572718322,3.493725899606943,3.0957222008146346
tt_14.5h,3.0331300483085215,,,2.264359582681209,3.136191022116691,3.9126638011075556,3.9126638011075556,3.289314297493547,3.1773147699423134,,2.786035708617419,2.73604302899912,4.91989126149565,3.185088616795838,1.9992113132029772,2.5955390203744173,4.080968480091542,3.2082876171916723,3.2082876171916723,3.518612550571561,3.5043942290358245,3.8744718357920647,3.852577270474285,2.9731553834863007,1.944703461136669,4.202848477754742,3.3342765676788986,,,4.096154695842415,3.48502756934613,2.522688016295433,3.469059085007757,3.172155673149973,,4.158547176513821,4.158547176513821,3.473383514676243,2.5488795158453286,4.5572247533127666,3.0202730875462294,3.0202730875462294,4.63181281927973,3.472523151896894,,2.436176029033959,2.7031314466148615,4.074703868478537,2.600240900646895,2.8448820430785418,2.3692940450273454,3.105506086256355,2.3447816683910787,3.8389890249818563,4.461557164322585,5.413752608466893,4.1412344998680055,4.289974769111723,3.0711837257258594,5.359775587916374,4.811907161492854,3.8700809623114765,3.5366775575093925,4.341877161990851,4.53235741565004,2.2808182574808598,2.193269694224,3.4857856882736087,,3.6346526495181024,5.00702286278829,4.172039620112628,3.585867327172309,3.3591343355365098,3.4317410686053336,3.4122233539819717,,3.5649007274769247,5.563885395415127,3.9269936098717153,3.1412460673600435,3.4638982387259603,3.0599778424948454,,,2.756124762352556,2.496953507885337,2.512520811520517,2.500184426549822,3.245864565949887,2.9753987584263086,3.3153878250159323,4.1242716405540705,3.8893003072589636,2.932930316310376,3.491660478990525,3.09295084932819
tt_14.6h,3.029313954524696,,,2.258907586336136,3.122611557599157,3.900774357840419,3.900774357840419,3.289314297493547,3.164618763141334,,2.7841310082003474,2.7331295907497406,4.91989126149565,3.1814900268800557,1.9939959095790982,2.5910342736169696,4.0753367017023265,3.2063730750232935,3.2063730750232935,3.521812996827066,3.508604990784079,3.872502211481333,3.8502908418886364,2.9622117881663144,1.943161144386977,4.218781374394894,3.3216998921707273,,,4.094185214024037,3.4826635220088065,2.5226143863983452,3.4647091906517744,3.1670332248322666,,4.164356518071145,4.164356518071145,3.4703508531674743,2.5444789165630937,4.564717491157353,3.0240102391690016,3.0240102391690016,4.6251356159336865,3.4709398350678384,,2.4332609022967517,2.699610974173993,4.074307372793555,2.6116692340001464,2.8424358312040567,2.3671589992009103,3.1050850711762905,2.344515217933804,3.8365884898230433,4.462156415451318,5.413990724366158,4.1342609422281384,4.288848841562867,3.0712430914863944,5.359520513098687,4.811805903445929,3.8677652119658887,3.533741105813533,4.345087927766144,4.528538391459733,2.2844606558792293,2.1932660010643303,3.4826277336105704,,3.634409146849066,5.006989290006459,4.150799312628806,3.5830317176878452,3.356184166390449,3.4289070330560207,3.4088184223510325,,3.562729759607464,5.564165617804974,3.931201640982181,3.138439354021102,3.461496191099286,3.0599778424948454,,,2.751923769712448,2.4924417212605476,2.506891940254718,2.500180791132152,3.239508963190019,2.9718364938162267,3.31298436364159,4.1198022635653615,3.8860041103325784,2.932930316310376,3.4997522505000234,3.0901780487038195
tt_14.700000000000001h,3.025518079288304,,,2.263034362811595,3.121114055160433,3.900774357840419,3.900774357840419,3.2801232622005045,3.1519974493421614,,2.7822156907059252,2.7302526463754475,4.919004736002535,3.177939338143915,1.9888873873278499,2.586613653227687,4.069777046330273,3.2045605764724314,3.2045605764724314,3.5182330776005983,3.506109017878771,3.8705624528229237,3.848031183704734,2.9622117881663144,1.9416323262266815,4.2080803220160306,3.3191073033958673,,,4.092244231142104,3.4803276360034943,2.5225450177676976,3.460417347494513,3.1619159313850105,,4.1702459254302084,4.1702459254302084,3.467352867592126,2.5401070127263665,4.57167609129101,3.0240102391690016,3.0240102391690016,4.623880093451589,3.4693692601285875,,2.430368901230395,2.6961032864637673,4.082305499818176,2.6074510039761662,2.839919315185398,2.376155630685389,3.1046459963545203,2.344255028758198,3.837344969622791,4.462760183494538,5.4142240840010345,4.127356234937906,4.287745528388768,3.0712966937571764,5.359269630163908,4.811724407132715,3.865485551767051,3.530838201753795,4.34833648847416,4.534536528866738,2.2808652417734265,2.193262627813965,3.486520117148757,,3.6341737736947834,5.006958266720176,4.130073829554021,3.580230636522174,3.35327028343454,3.4261259720660746,3.405451750382781,,3.5605889540165663,5.5644439295865595,3.9277103543281555,3.1356577365659177,3.459148176945746,3.055812106002122,,,2.747763383667916,2.487953968346119,2.5012681679800153,2.5001772991381586,3.233187002595514,2.968301258981228,3.310595761053264,4.115372983273119,3.8827581759542227,2.930234035011381,3.4976778090931475,3.087454618886113
tt_14.8h,3.0218370747752488,,,2.2576249008998275,3.11963266832754,3.8936440902762115,3.8936440902762115,3.2716667582280934,3.168526452500373,,2.780356681905687,2.7274086982943118,4.9181332108564675,3.174464935436845,1.9837750373408198,2.5822186986915767,4.064285589382052,3.2027375046163797,3.2027375046163797,3.5182330776005983,3.503639499656856,3.868652790784836,3.851842239499092,2.957765756174922,1.9401240479201078,4.197579714469612,3.316529221367091,,,4.090330868959427,3.4780228049494326,2.5224797097034752,3.456165656913072,3.1569142043590546,,4.1721145384944975,4.1721145384944975,3.4644964640028775,2.535777331329882,4.578167429659516,3.0194092569872737,3.0194092569872737,4.622650069650263,3.47012245003134,,2.427548557985574,2.692634775303304,4.082305499818176,2.6148508731275797,2.837692282628268,2.3740571974776685,3.1042318479157984,2.3440053309313953,3.837344969622791,4.463368437252939,5.419245033990592,4.130723521113396,4.2866645297035575,3.07134507317096,5.359022886492312,4.814789954107255,3.865485551767051,3.5279684639535844,4.351666453294456,4.536704720929265,2.2808652417734265,2.1932599707506597,3.483433191664517,,3.6337268478237092,5.006929718423635,4.141806568019092,3.583762787282467,3.3503915360197425,3.4233752246946096,3.402069457806647,,3.5584606966003776,5.564720259048045,3.9277103543281555,3.1329866745509207,3.4568535084836185,3.051757404115051,,,2.7436376297846437,2.4835353144444525,2.4957416160032153,2.5001739473082125,3.226998408790678,2.9648696640506387,3.3082469911314547,4.120351602323353,3.879581398330629,2.927647428587079,3.4956452515907586,3.08472644072026
tt_14.9h,3.0181726831942797,,,2.252277459949255,3.120706344489008,3.8865877212956548,3.8865877212956548,3.280324772000313,3.155924070160836,,2.778494905680418,2.724590180441737,4.917276501655579,3.1709626987576485,1.978731494396925,2.577854231931269,4.06891822302714,3.200898196082562,3.200898196082562,3.514687930699438,3.5011878577060997,3.86677287844941,3.851842239499092,2.953544771298766,1.938625582959503,4.20277983834967,3.313999829813838,,,4.08844596799463,3.475743929389864,2.522418265696615,3.4519228716380894,3.1520456513389945,,4.1721145384944975,4.1721145384944975,3.4616183200851083,2.5315246605314314,4.585613967850804,3.014858582057059,3.014858582057059,4.6214257148094475,3.47012245003134,,2.424738882109523,2.6891990299336612,4.081914460752159,2.6148508731275797,2.8352680201642215,2.371889766305685,3.103818353265524,2.3437638538889587,3.8349474645219743,4.463981074746698,5.419474143534899,4.130723521113396,4.285605551209301,3.071388721000403,5.358780232723802,4.814746277406812,3.8632270991802216,3.5251157572492957,4.3550616735592484,4.536704720929265,2.277329799719155,2.1932571711950004,3.480401492677629,,3.633514822460711,5.006903572008014,4.121114471927285,3.581000885926187,3.347540361341089,3.42065562447533,3.3988321097567677,,3.5563798174262047,5.564994539134204,3.9242541324347258,3.130297011695802,3.4476744518615305,3.0477064442820847,,,2.739573684055358,2.479157804045826,2.4902866282500327,2.500170732382685,3.220855397172272,2.970241682138294,3.3059677900746465,4.120351602323353,3.8764329901896417,2.925049340352416,3.4936712221242487,3.082101460080594
tt_15.0h,3.014532356057316,,,2.247032674960792,3.120706344489008,3.890810734592378,3.890810734592378,3.280324772000313,3.143589159473777,,2.7766551547683775,2.7218119553290308,4.91643441002816,3.167548513971269,1.9815362878143787,2.5735423769801855,4.063495121896267,3.1991538018919528,3.1991538018919528,3.5111767146736383,3.4987653428688645,3.8649177635088563,3.849614511243999,2.9585616807453334,1.93715405697003,4.20277983834967,3.311500171199441,,,4.086588487960398,3.4734907019883394,2.5223604957573116,3.4477280285209417,3.1568992896936834,,4.178151662927121,4.178151662927121,3.4587605451233685,2.5273023089393973,4.585613967850804,3.010351463686675,3.010351463686675,4.620245061814785,3.4685742468573153,,2.421956456732005,2.685797404963523,4.081536331679672,2.6107576228678226,2.833141001407057,2.3698957161977887,3.1033675028011203,2.343527710530907,3.8325333800166845,4.464598017279059,5.419474143534899,4.12392824748531,4.284568295814097,3.071428084280342,5.358541616238654,4.814721343573183,3.861018427181989,3.522308934945613,4.358522136230022,4.542696950957179,2.2738748053088784,2.1932546398602426,3.477350850123912,,3.633310114964843,5.006879755295813,4.128209644928575,3.578272783663124,3.3447350142523646,3.4179656342603266,3.3954876018688083,,3.5543283615261316,5.565266706980765,3.920836193021387,3.127696819137782,3.4476744518615305,3.0437613716349006,,,2.7354966467246413,2.4748292891308665,2.4848576011136174,2.5001676506362855,3.226191512774676,2.9668271099217236,3.3036861941218376,4.115978532470763,3.873333389405161,2.922549462877214,3.491720355115831,3.079515492077917
tt_15.1h,3.0109563414007425,,,2.247032674960792,3.119253716431558,3.890810734592378,3.890810734592378,3.2717043492011726,3.1475078808143735,,2.7748423838056624,2.7190535021945834,4.915606772061437,3.1642020433209836,1.9766236273571849,2.5693030478432775,4.063495121896267,3.1973885344341397,3.1973885344341397,3.507719134911895,3.4963655546307564,3.863096795976162,3.8474125149659812,2.9585616807453334,1.9357176148332655,4.192499996628612,3.3090304220095277,,,4.084758028388023,3.471263892017305,2.5223062173463404,3.443710324820131,3.1568992896936834,,4.1842720890417695,4.1842720890417695,3.455972987692803,2.5231267856433988,4.591406668070704,3.0140667287632823,3.0140667287632823,4.62836041720584,3.467037981841713,,2.4192335223779082,2.682420566678047,4.081170715391636,2.606348946224898,2.841400015167892,2.3766845907084644,3.1029838318936527,2.3432981190271676,3.8171743010170758,4.46521913446486,5.419698641169816,4.127293647732586,4.28353950753808,3.071463568136096,5.358306983951479,4.814714743755758,3.8588412292301655,3.519533366430551,4.362047780305147,4.522757646162063,2.270418906584382,2.198070352897048,3.474366032052785,,3.6331125027500093,5.006858197040856,4.128209644928575,3.575578632298857,3.341964950785041,3.4153059073723853,3.392225103918463,,3.5523053519427776,5.565536697395146,3.9174563246779144,3.132983604911715,3.445421088952571,3.0397923504933715,,,2.731496885884553,2.470566526055336,2.4794736681506038,2.5001646988093853,3.2201144052669406,2.9634347218088806,3.3014066531322896,4.1116641676053405,3.8702823435887694,2.920116520486772,3.4898090925998986,3.076926470734179
tt_15.200000000000001h,3.0073904413729906,,,2.2418375206179917,3.117817255202681,3.8838472706265748,3.8838472706265748,3.2803803738206625,3.1475078808143735,,2.7730534872971475,2.716323364060372,4.9147933810018,3.16089393151924,1.9766236273571849,2.5650693643838167,4.05814059311524,3.195662498474121,3.195662498474121,3.5042774858884513,3.4940046183764935,3.861304508522153,3.845246964599937,2.9543560999445617,1.9342985688708723,4.197681547142565,3.306591231841594,,,4.082954321056604,3.4690618505701423,2.5222552521154284,3.4396054693497717,3.152029511053115,,4.1701901173219085,4.1701901173219085,3.4604743607342243,2.5190121214836836,4.596753356978297,3.0140667287632823,3.0140667287632823,4.62836041720584,3.467819971498102,,2.416538360528648,2.6790826730430126,4.080817230045795,2.6022049454040825,2.8392194705083966,2.3747012657113373,3.1025461335666478,2.343075459357351,3.8171743010170758,4.465844206977636,5.4199186051264405,4.127293647732586,4.2825447684153914,3.071495541371405,5.358076284639537,4.814714743755758,3.856695140246302,3.5167891085147858,4.365621494594961,4.528759864158928,2.267029257491231,2.198067970108241,3.471393278799951,,3.6329217683523893,5.006838827393949,4.108020628802478,3.575578632298857,3.3392291320487857,3.4100650646723807,3.389123923610896,,3.550311923958361,5.565804452635348,3.9141145045869052,3.1303243399597704,3.443218234926462,3.035948382690549,,,2.7275725142098963,2.466321351006627,2.474214364308864,2.500161873642355,3.2201144052669406,2.9601032808423042,3.2991992509923875,4.107407244853675,3.867279512807727,2.9177328222431242,3.495808793697506,3.0744417076930404
tt_15.3h,3.010649766307324,,,2.2367014861665666,3.1189239406958222,3.8769931085407734,3.8769931085407734,3.2718173465691507,3.135438901372254,,2.7712411200627685,2.713636791333556,4.913994073867798,3.157649362459779,1.9717721161432564,2.5608956278301775,4.052851782180369,3.193950731307268,3.193950731307268,3.500869529787451,3.491654136683792,3.859540550969541,3.8431108011864126,2.950288649648428,1.9329111389815807,4.197681547142565,3.3041824335232377,,,4.081177031621337,3.4668860477395356,2.522207431960851,3.4355962239205837,3.1473015174269676,,4.1701901173219085,4.1701901173219085,3.457684315275401,2.5149110280908644,4.601700666826218,3.0095682968385518,3.0095682968385518,4.627189194783568,3.467819971498102,,2.413899485487491,2.6757832574658096,4.080475506838411,2.6099378471262753,2.837028162088245,2.3747012657113373,3.1021351013332605,2.3428623625077307,3.8147490224801004,4.4664726331830025,5.420134108979255,4.120623933151364,4.281566615216434,3.0715243383310735,5.357849469408393,4.814726068172604,3.8545797988772392,3.5140761472284794,4.369277244433761,4.530923435930163,2.263698121532798,2.198066952172667,3.46850713994354,,3.6327376984991133,5.006821576505899,4.135298080276698,3.5729318521916866,3.336527291685343,3.407498387619853,3.3860363457351923,,3.5483457292430103,5.566069912631065,3.910815814975649,3.127815706655383,3.450107912532985,3.039517886005342,,,2.7236613100394607,2.4621671717613935,2.468939157668501,2.5001591709442437,3.214181224349886,2.956785805989057,3.2948813908733428,4.096262190490961,3.864344039466232,2.9153301930055022,3.49394597671926,3.071940382476896
tt_15.4h,3.007119841873646,,,2.2316730301827192,3.1189239406958222,3.881184457335621,3.881184457335621,3.2718173465691507,3.123281175736338,,2.769454217981547,2.710976064670831,4.913208657875657,3.1543559269048274,1.9669092153199017,2.55676311859861,4.047627929598093,3.1922745127230883,3.1922745127230883,3.4974939860403538,3.4934568437747657,3.857804466970265,3.8410039306618273,2.9552556364797056,1.9315562988631427,4.18675620900467,3.3018039991147816,,,4.0794258886016905,3.464736928232014,2.5221625925041735,3.4232716728001833,3.142548257019371,,4.176485189702362,4.176485189702362,3.45492641068995,2.5109082646667957,4.5923243327997625,3.005222462117672,3.005222462117672,4.626041499897838,3.466307224240154,,2.4112894139252603,2.672507347073406,4.080145182553679,2.6099378471262753,2.837028162088245,2.3726648231968284,3.1017258898355067,2.3426545271649957,3.8123146342113614,4.467104475479573,5.420345221180469,4.123969134874642,4.2806047718040645,3.0715502626262605,5.3576264888979495,4.814754907507449,3.8524948400445282,3.5113938846625388,4.372997347265482,4.530923435930163,2.260389536153525,2.198065049946308,3.4656369062140584,,3.6325600864365697,5.010392883326858,4.115120111498982,3.570307196583599,3.333858496043831,3.4049605731852353,3.382934659253806,,3.546409302391112,5.566333021502942,3.907549493946135,3.125326808542013,3.447944027837366,3.0356694934889674,,,2.7197736580856144,2.4580322690308094,2.4637562800198793,2.5001565874554217,3.2083431761711836,2.953547273762524,3.2927472023293376,4.092061495408416,3.8614348783157766,2.920625024009496,3.4921040078625083,3.069527354091406
tt_15.5h,3.0036467565223575,,,2.2266847426071763,3.11751537816599,3.8744197455234826,3.8744197455234826,3.263747963588685,3.123281175736338,,2.7677258453331888,2.708339491393417,4.912436841521412,3.1512341052293777,1.9621379291638732,2.552708711475134,4.036151847802103,3.19061012333259,3.19061012333259,3.494168584700674,3.4911467446945608,3.856095999944955,3.844809008296579,2.9511668756604195,1.9302361267618835,4.176652839872986,3.299438586924225,,,4.0777005846612155,3.46261265873909,2.5287423809058964,3.4192984118126333,3.147492192685604,,4.182848069816828,4.182848069816828,3.4522039531730115,2.5069115376099944,4.5923243327997625,2.9928681435994804,2.9928681435994804,4.63409582991153,3.467100732959807,,2.408725040499121,2.6692746710032225,4.088122163899243,2.6059308485127985,2.83497429266572,2.37075228523463,3.101336194202304,2.3424531426280737,3.813040154054761,4.467739646323025,5.42055200971663,4.123969134874642,4.283470567781478,3.0758719430305064,5.361209562513977,4.814799877814949,3.8504398786462843,3.5148292374797165,4.3767819670028985,4.5330838318914175,2.2571331788785756,2.198065049946308,3.4656369062140584,,3.632388729136437,5.010377768427134,4.122191913425922,3.5677138781175017,3.3312149825505912,3.4024511319585145,3.3869302487000823,,3.5445017418824136,5.566593725699931,3.904319457244128,3.122845756355673,3.447944027837366,3.031858974136412,,,2.715925752185285,2.453958399128169,2.4586415006779134,2.500154118053615,3.2025541863404214,2.9503242620266974,3.2906125490553677,4.092061495408416,3.8647552891634405,2.9182846434414387,3.4921040078625083,3.0670797917991877
tt_15.6h,3.0036467565223575,,,2.2217328236438334,3.1186323845759034,3.8744197455234826,3.8744197455234826,3.2562174922786653,3.1113288910128176,,2.7659865063615143,2.7057273383252323,4.911658358760178,3.148051841184497,1.957486464176327,2.5569861819967628,4.030992110259831,3.188964679837227,3.188964679837227,3.4908610726706684,3.488849241286516,3.8544146600179374,3.842726102564484,2.9511668756604195,1.9289428372867405,4.176652839872986,3.2971187471412122,,,4.07600081153214,3.4584474288858473,2.5286988522857428,3.415366174187511,3.142860532272607,,4.185052661690861,4.185052661690861,3.449514615815133,2.5029814313165843,4.596704985480756,2.9885396100580692,2.9885396100580692,4.632956621237099,3.467100732959807,,2.4061750089749694,2.6660497980192304,4.087797809392214,2.6137990378774703,2.832867745310068,2.3773358799517155,3.1009198636747897,2.342259320896119,3.813040154054761,4.468377996236086,5.420754544902593,4.1174039538018405,4.282527235336602,3.0758946877904236,5.360989865381271,4.814839764032513,3.8484001024626195,3.5121783926151693,4.380614353343844,4.5330838318914175,2.2539214035496116,2.198062906973064,3.4627983015961945,,3.6322234296239913,5.010363038163632,4.122191913425922,3.565151648595929,3.3286147261969745,3.3999686716124415,3.383890320081264,,3.5407511782832444,5.566851972602308,3.9011255581863225,3.1204587225802243,3.445829558186233,3.031858974136412,,,2.7121125319972634,2.4499136260710657,2.4626723807305098,2.500151759944856,3.2078729020431638,2.9472341015934944,3.2885738629847765,4.087939642369747,3.861915605608374,2.9159983657300472,3.490299324505031,3.0647381911985576
tt_15.700000000000001h,3.000214151106775,,,2.2168670813553035,3.117251666728407,3.8677213662303984,3.8677213662303984,3.248119107913226,3.1152561199851334,,2.764246178790927,2.7097479021176696,4.910908218473196,3.144979520700872,1.9528471371158957,2.5529448185116053,4.025896875187755,3.187420721165836,3.187420721165836,3.4875899595208466,3.4865824948064983,3.8527601682581007,3.8406716068275273,2.9470876404084265,1.9276901236735284,4.181813081260771,3.2948269615881145,,,4.074325688648969,3.4564002654515207,2.5286580799147487,3.4115651194006205,3.138219346292317,,4.191597605589777,4.191597605589777,3.446855455636978,2.4911157959140837,4.600744834635407,2.9885396100580692,2.9885396100580692,4.632956621237099,3.465612533967942,,2.40364984376356,2.6628632503561676,4.087484278250486,2.6137990378774703,2.8309331499040127,2.375463668256998,3.1004947684705257,2.3429500213824213,3.8106082561425865,4.469019421376288,5.42579337535426,4.104661023709923,4.281599628739059,3.075929282233119,5.36077461251989,4.814874678850174,3.8464040402323008,3.5095437220297754,4.384529026225209,4.539070945233107,2.2507534567266703,2.1980613037012517,3.459923360031098,,3.632063995115459,5.0103486850857735,4.113110844511539,3.562619772274047,3.3260475299321115,3.397498933598399,3.380818733945489,,3.5389294675551355,5.567107713315636,3.8979678764007986,3.1204587225802243,3.443762438837439,3.0281291124410927,,,2.7083435310050845,2.437996605411172,2.45762050896883,2.5001495089381933,3.2022819109261036,2.9440704453736544,3.2865140344947577,4.0838540606200695,3.859120123554021,2.9137506233528256,3.4885311601683497,3.062401693314314
tt_15.8h,2.996814513579011,,,2.212084164842963,3.117251666728407,3.8719198261387646,3.8719198261387646,3.248119107913226,3.103427405934781,,2.7625288856215775,2.707175652962178,4.899328031111509,3.149685678537935,1.955752578098327,2.54894229862839,4.025896875187755,3.175150048919022,3.175150048919022,3.4843544382601976,3.484332383610308,3.851132137235254,3.8406716068275273,2.9522276669740677,1.926442788913846,4.171893815044314,3.29256322234869,,,4.0726761519908905,3.4543757205829024,2.5286199185065925,3.407736184541136,3.138219346292317,,4.191597605589777,4.191597605589777,3.4442423386499286,2.4872429575771093,4.607045422308147,2.984280393924564,2.984280393924564,4.631840022280812,3.4503154288977385,,2.4011805299669504,2.65970365004614,4.087181233335286,2.621858899947256,2.828939829953015,2.375463668256998,3.1001046877354383,2.3427672213874757,3.808171243406832,4.469663766678423,5.4259921396151185,4.098178297281265,4.2806874839589,3.075947661884129,5.360563727561384,4.814904731698334,3.844436847604811,3.5069532254710793,4.388507994823158,4.541242936160415,2.2476284517906606,2.198059960268438,3.4571959637105465,,3.6319102374836802,5.0103347026742995,4.093443049583584,3.5601183427497745,3.3210092838853598,3.395076618529856,3.3778038201853633,,3.5371308755129576,5.567360901739448,3.8948514428921044,3.118041053880006,3.450607289560139,3.0244224085472524,,,2.7045928868465126,2.433982102200389,2.452588982414454,2.500179335474968,3.1966335899196565,2.940972128883004,3.2844825107604265,4.079824407119304,3.8563690348528326,2.911594605073333,3.486798790283501,3.060111815109849
tt_15.9h,2.993472098838538,,,2.207316858228296,3.1158818076364696,3.8653063741512597,3.8653063741512597,3.2566285324282944,3.103427405934781,,2.760813906788826,2.7046110406517982,4.898586634080857,3.146631546318531,1.9511533719487488,2.545007628388703,4.020863454788923,3.173543058335781,3.173543058335781,3.4714527232572436,3.484332383610308,3.849530312232673,3.8386443736962974,2.94824098655954,1.9252230748534203,4.171893815044314,3.2903284044004977,,,4.071051188278943,3.452375211752951,2.528584225103259,3.407736184541136,3.133721210528165,,4.198215316049755,4.198215316049755,3.441648348234594,2.48338910471648,4.6106040622107685,2.988041613250971,2.988041613250971,4.630745532456785,3.4488493618555367,,2.3963547525927424,2.6565879439003766,4.087181233335286,2.621858899947256,2.836854910943657,2.3736222465522587,3.0997074572369456,2.3425912065431476,3.808875108137727,4.470310566946864,5.426186792552471,4.098178297281265,4.27979052439332,3.0759641393087804,5.360357131808996,4.814930030610412,3.8424982191063464,3.5043924800120294,4.39255137136206,4.541242936160415,2.244538941886276,2.198058753274381,3.454463238827884,,3.6317619727924466,5.01032108347863,4.093443049583584,3.557659992016852,3.3185366201214492,3.3927145623601973,3.3748244722373784,,3.535360835492611,5.567611490376294,3.8917656410485506,3.1157534760423005,3.448576324619353,3.0207353299483657,,,2.7009159247390926,2.4300646311603487,2.447637229692191,2.500177288427949,3.1966335899196565,2.9379860004410148,3.282496703788638,4.084767101332545,3.853661945555359,2.911594605073333,3.47668564459309,3.0578883341513574
tt_16.0h,2.990195013117045,,,2.2026321180164814,3.1008946606889367,3.8587958267889917,3.8587958267889917,3.24867718340829,3.1073724664747715,,2.759110035840422,2.702069628983736,4.897855882998556,3.1436200947500765,1.9466226580552757,2.541114583145827,4.025486548431218,3.171973191667348,3.171973191667348,3.4682552395388484,3.4821115168742836,3.8479501544497907,3.836644313763827,2.944363030605018,1.9240015223622322,4.1770355380140245,3.2881217948161066,,,4.069450472481549,3.450399475172162,2.528550869319588,3.4039975530467927,3.1292417612858117,,4.200612012762576,4.200612012762576,3.4390860935673118,2.479619595222175,4.6106040622107685,2.9838486686348915,2.9838486686348915,4.638770019635558,3.4488493618555367,,2.393993134610355,2.6535349511541426,4.08688835054636,2.6179159283638,2.8349479706957936,2.364314754959196,3.0993233234621584,2.3424225989729166,3.806442068889737,4.470959582831711,5.42637739982456,4.101531330496073,4.278908513486385,3.0759789030998945,5.360154751688242,4.814950680360198,3.8405878208577633,3.50186225771904,4.396642391569912,4.527328881435096,2.24813962681219,2.202855828218162,3.4517617099918425,,3.6316190217621624,5.010307820979506,4.100470674224198,3.5552214016206563,3.3160869595594704,3.3903468060307205,3.371949036605656,,3.533620490692556,5.567859436850995,3.8959699259139597,3.1134057571180165,3.4465910703875124,3.024303426966071,,,2.6972654880955815,2.426189928781241,2.4427389297634363,2.5001753391698003,3.1911707362160087,2.934972619637847,3.280557740945369,4.080790433567017,3.850998569279909,2.9093786403536797,3.4749807147309184,3.0556707666255534
tt_16.1h,2.993435245938599,,,2.198059130460024,3.099554184358567,3.8587958267889917,3.8587958267889917,3.2409875406883657,3.095793682616204,,2.757416396867484,2.6995990090072155,4.897135617677122,3.140640136320144,1.9422302222810686,2.5372573556378484,4.020514311734587,3.170450503472239,3.170450503472239,3.465092164464295,3.4799111341126263,3.846400315873325,3.8346706447191536,2.944363030605018,1.9228114346042275,4.167273593600839,3.2859441614709795,,,4.067873724736273,3.4484467175789177,2.5285197221674025,3.400266522541642,3.118067807983607,,4.207420282997191,4.207420282997191,3.436556527391076,2.4758620858192444,4.613875097595155,2.9796943068504333,2.9796943068504333,4.637679639738053,3.449669328518212,,2.3916585193946958,2.650508076418191,4.086605316027999,2.609993349760771,2.8330925502814353,2.3624799689278007,3.10212462535128,2.3422605539672077,3.806442068889737,4.4722640248946846,5.426564029417932,4.095143774989992,4.278041213285178,3.0759789030998945,5.3599565154872835,4.8019509869627655,3.8387053525075316,3.4993623634800315,4.400815644767135,4.533321892376989,2.2451117080636322,2.202854746952653,3.4490754706785083,,3.6314812088385224,5.0102949077263474,4.100470674224198,3.552812661509961,3.3136781584471464,3.388006709050387,3.3691310179419816,,3.53190236678347,5.568104701582342,3.8929188274778426,3.111204874701798,3.4465910703875124,3.0207073097117245,,,2.6853306209668517,2.422334861010313,2.4378962884657085,2.5001734839752316,3.1803745767101645,2.9320131014101207,3.2786258570849895,4.076867783907801,3.8483979855664074,2.9072648440487683,3.473310139030218,3.0534885618835688
tt_16.200000000000003h,2.990174221806228,,,2.202126287855208,3.099554184358567,3.846876037772745,3.846876037772745,3.2409875406883657,3.095793682616204,,2.7557542915455997,2.697143415454775,4.896425796672702,3.1376909874379635,1.937852387316525,2.5334301707334816,4.015602307394147,3.1689265267923474,3.1689265267923474,3.461980043910444,3.47775139240548,3.84487590380013,3.8384762182831764,2.940563936252147,1.9216324826702476,4.167273593600839,3.2837774050422013,,,4.06632067495957,3.446518637239933,2.528490661177784,3.396559517364949,3.1137126949615777,,4.207420282997191,4.207420282997191,3.4340568482875824,2.472153496928513,4.6197915486991405,2.9796943068504333,2.9796943068504333,4.6366378935053945,3.4482260360382497,,2.389350065495819,2.6474802028387785,4.08633182104677,2.609993349760771,2.831223110668361,2.360615847632289,3.1017267354764044,2.342102664988488,3.8071185261942446,4.472919165156782,5.42674675071612,4.095143774989992,4.277188389096409,3.0759921236895025,5.359762353822589,4.801962791476399,3.8368504983372986,3.4968921788968146,4.405052957590669,4.529495468363166,2.2421397399157286,2.2028537676669657,3.44639872899279,,3.631348364520818,5.010282337665558,4.107450400944799,3.556385488715023,3.3113005561754107,3.3856913135387003,3.3691310179419816,,3.530214485246688,5.568347243126482,3.8899018159136176,3.1089361356571317,3.453403187915683,3.017162861302495,,,2.681724190711975,2.4185233213938773,2.4330912004224956,2.5001717200502753,3.1749283079989254,2.9290818576700985,3.276710704434663,4.076867783907801,3.845819474197924,2.9051392055116594,3.471673200838268,3.051346709020436
tt_16.3h,2.9869421161711216,,,2.1975948032923043,3.098230352625251,3.84042732976377,3.84042732976377,3.24942996352911,3.084344387985766,,2.7540926104411483,2.6947101978585124,4.8957262532785535,3.1348122865892947,1.9334815819747746,2.5296846823766828,4.010750058572739,3.1674116272479296,3.1674116272479296,3.4588841628283262,3.4796395963057876,3.8433764739893377,3.8365244544111192,2.929435039870441,1.9204829311929643,4.17241791728884,3.2816551104187965,,,4.064791054930538,3.4446191540919244,2.5284635690040886,3.392945073544979,3.109405363444239,,4.209942772518843,4.209942772518843,3.431587570346892,2.4685121565125883,4.622706862166524,2.983415345195681,2.983415345195681,4.6366378935053945,3.4467965746298432,,2.387072892393917,2.6445003878325224,4.078183104749769,2.6183644286356866,2.8294869740493596,2.360615847632289,3.1013416200876236,2.3419498982839286,3.8046878408640623,4.473575237672776,5.42674675071612,4.098485897760838,4.276349785272032,3.0760039556771517,5.359572192188352,4.801970204338431,3.8350229137577116,3.4944370836019516,4.409354551229626,4.535504196770489,2.2391875497996807,2.2028528810478747,3.4438526746816933,,3.6312203193083405,5.010270103812218,4.088291423860937,3.554009639658034,3.308953767642379,3.3834032812155783,3.366322811692953,,3.5285493889823556,5.568587027490139,3.886918461881578,3.1068158890120685,3.4514523837715387,3.013596294913441,,,2.6781417946331203,2.414771692827344,2.4283794476650655,2.5001700441353023,3.169515755493194,2.926207064650953,3.2748157870955765,4.073019209317863,3.845819474197924,2.910398857202381,3.471673200838268,3.0492309546098113
tt_16.400000000000002h,2.9837756603956223,,,2.1930879089049995,3.0993745434097946,3.8340577157214284,3.8340577157214284,3.2417264473624527,3.0882974239066243,,2.752461528405547,2.6923048412427306,4.895019379910082,3.1319376439787447,1.9292217032052577,2.525953955948353,4.010750058572739,3.165933853946626,3.165933853946626,3.455821525771171,3.477518712170422,3.841901821549982,3.8345980956219137,2.925664964132011,1.9193583563901484,4.162827576044947,3.2795588322915137,,,4.06328549515456,3.4427377083338797,2.5284383287653327,3.396735447924584,3.1051021395251155,,4.216906022746116,4.216906022746116,3.4291603351011872,2.464883979409933,4.6253866530023515,2.9793169940821826,2.9793169940821826,4.628509070258588,3.4467965746298432,,2.384832543320954,2.6386381844058633,4.07791464868933,2.614486671052873,2.8277330310083926,2.3588750949129462,3.1009401851333678,2.3418040270917118,3.802258170209825,4.474229169078171,5.426925630774349,4.092191425152123,4.275525160133839,3.076014538295567,5.359572192188352,4.8019733261317015,3.8332222644239664,3.4944370836019516,4.41370363580063,4.535504196770489,2.2362784892320633,2.2028520796447992,3.4412663504481316,,3.631096911150962,5.010270103812218,4.088291423860937,3.551663135178387,3.3066362398676574,3.3811240224167705,3.363509116694331,,3.5269070556387305,5.568823572713882,3.8839687719009817,3.0957766845822334,3.4495454649440944,3.010090605355799,,,2.67458309372887,2.411082946229726,2.4236899544484913,2.5001684525050223,3.1641972502693534,2.923369854222983,3.2729765977710485,4.077927990350872,3.8432832108810544,2.908339482732117,3.4700692375190556,3.0471400902606547
tt_16.500000000000004h,2.9806204540655017,,,2.1886185025796294,3.0980793200433254,3.8340577157214284,3.8340577157214284,3.234195456840098,3.0769722629338503,,2.750845916569233,2.689906663261354,4.894340160768479,3.1291369437240064,1.9292217032052577,2.5222746557556093,4.005958140362054,3.1644836412742734,3.1644836412742734,3.4527933816425502,3.475402982439846,3.8404517178423703,3.8326917649246752,2.9219190683215857,1.918252562172711,4.161432434339076,3.2774889920838177,,,4.060354370623827,3.440881790127605,2.5284148124046624,3.3931092619895935,3.1009488203562796,,4.223991974256933,4.223991974256933,3.426750115584582,2.4613275728188455,4.6253866530023515,2.9752547265961766,2.9752547265961766,4.62749043200165,3.4476398415863514,,2.3826408539898694,2.6357606323435903,4.077655489556491,2.614486671052873,2.8260614285245538,2.365601195488125,3.1005477672442794,2.3416625228710473,3.802258170209825,4.4748806790448725,5.427100735716522,4.092191425152123,4.274714287836105,3.0642301496118307,5.3593859588727355,4.801972254179418,3.831433905288577,3.492024111095816,4.418134671635926,4.537684259004891,2.2334255226887763,2.202851355075836,3.4387060003355145,,3.6309780688025057,5.010258199647069,4.095254530198872,3.549345651641488,3.304348334670067,3.3788931807503104,3.3607234195806086,,3.5252731358632445,5.569055370986462,3.881057174410671,3.093625373672694,3.4476815559901297,3.010090605355799,,,2.6710541122592986,2.4074251651763916,2.4190445714630187,2.500166942831129,3.1589506692253053,2.9205801426433027,3.271118910983205,4.074129638262093,3.8407895592972636,2.9063000273890793,3.4760405272245407,3.0451232362538576
tt_16.6h,2.9774928404949605,,,2.1842392929829657,3.0967940352857113,3.8382343160919845,3.8382343160919845,3.2501071873120964,3.0769722629338503,,2.749261934310198,2.68753530876711,4.893670921213925,3.126359198242426,1.9250630410388112,2.518655254971236,4.010574879124761,3.163075242191553,3.163075242191553,3.4497960447333753,3.4733118945732713,3.839025334920734,3.83081658417359,2.9219190683215857,1.9171770992688835,4.151830289047211,3.275445856153965,,,4.058928381185979,3.4390438538976014,2.528392919804901,3.389595604967326,3.1009488203562796,,4.231161031872034,4.231161031872034,3.4243707046844065,2.457787847146392,4.631080678198487,2.971270627807826,2.971270627807826,4.6264996523968875,3.446220028679818,,2.38048422569409,2.632911738473922,4.077405335381627,2.622981254942715,2.8260614285245538,2.3638627002947032,3.1001572688110173,2.3415279001928866,3.7868049680255353,4.475529752671719,5.432130040135235,4.095515241846442,4.273916946258396,3.0642393343150616,5.359203585423529,4.80196708580479,3.829686158336699,3.4896392500959337,4.422628171741962,4.543710395228118,2.2306070108897984,2.2028507008217275,3.4361560996621847,,3.6308639249764383,5.010246618650854,4.076532069593668,3.547056789044291,3.302089053671807,3.376657860353589,3.358017281163484,,3.523677219171077,5.569282487500459,3.8781757056713104,3.091509945690632,3.4476815559901297,3.006621665786952,,,2.667553740553558,2.403796374797821,2.4144804840907454,2.5001655113883317,3.1589506692253053,2.917790887411684,3.2692855182103813,4.070362745784223,3.838338038418442,2.9043480791151524,3.4744609561748803,3.0411515505984426
tt_16.700000000000003h,2.974393750540912,,,2.179934877436608,3.099238599650562,3.831977164838463,3.831977164838463,3.2425409611314535,3.0648094890639186,,2.747688148636371,2.685173529665917,4.89301159279421,3.123604690656066,1.9279730240814388,2.515056417323649,4.005840565543622,3.161662606988102,3.161662606988102,3.446830563247204,3.471239564474672,3.837621290702373,3.8289680620655417,2.9269236708059907,1.916119545698166,4.142435633111745,3.2734286948107183,,,4.057527934666723,3.437230145558715,2.5283725545741618,3.386069637257606,3.1057938090525568,,4.210620783269405,4.210620783269405,3.422020064201206,2.454321682918817,4.633470719214529,2.971270627807826,2.971270627807826,4.625535971019417,3.446220028679818,,2.378363805357367,2.6300849858671427,4.077163900248706,2.6192201375961304,2.8244635737501085,2.3620935673825443,3.099779943935573,2.3413985557854176,3.784368457272649,4.476176374126226,5.4323018360883,4.0893303994089365,4.2731329132802784,3.064247536472976,5.362779792863876,4.801957916002721,3.827964417170733,3.4931146795861423,4.427180407103151,4.5398628558032215,2.2278255512937903,2.202850110363215,3.4336502477526665,,3.6307543190196157,5.010235354304314,4.086108471266925,3.544796485453844,3.2998504578135908,3.3744786721654236,3.362088108435273,,3.5221052914857864,5.5695049851201475,3.875326538924128,3.0894701527431607,3.4383422266691923,3.0102358423173428,,,2.6641250792890787,2.400216633453965,2.4144804840907454,2.500164155382663,3.1642430587671697,2.9150741854682565,3.2675120676867664,4.066646825056523,3.841880959458649,2.902386407367885,3.4729129443876445,3.0391923934221268
tt_16.8h,2.974393750540912,,,2.175654205493629,3.097971622366458,3.8257857873104513,3.8257857873104513,3.2352514546364546,3.0537535781040788,,2.746103607583791,2.6828504377044737,4.89236207306385,3.12091660592705,1.9238681229762733,2.5114862849004567,4.001161984167993,3.1602662848308682,3.1602662848308682,3.443914495408535,3.469194089528173,3.83623916329816,3.8289680620655417,2.9232791578397155,1.9151051007211208,4.156959036830813,3.2714378400705755,,,4.056153968442231,3.4354383535683155,2.528353624045849,3.3825895050540566,3.1017531398683786,,4.217871606815606,4.217871606815606,3.419699632562697,2.450880571268499,4.635679438244551,2.9750023246742785,2.9750023246742785,4.625535971019417,3.4470891724340618,,2.3762621683999896,2.6273013465106487,4.076930903829634,2.631639418192208,2.816263010725379,2.3620935673825443,3.099412554409355,2.341273625381291,3.7819169727154076,4.476820436306298,5.432469980791211,4.083199892193079,4.272361951414496,3.064254855271429,5.36260330863297,4.801944838371128,3.8331523439846933,3.490761870983988,4.4158083107322454,4.545904451049864,2.2251054299995303,2.202850110363215,3.4214390865527093,,3.630649095401168,4.997706207446754,4.06739493040368,3.5425764601677656,3.2976506780833006,3.3723227977752686,3.3593924487940967,,3.520556688308716,5.569722923915833,3.8725091572850943,3.08737781830132,3.436510591302067,3.006844634655863,,,2.6607190244831145,2.396701017860323,2.4099743217229843,2.500162872020155,3.159078017808497,2.9123741099610925,3.26576764928177,4.062981015071273,3.8394921459257603,2.900458867661655,3.4713958934880793,3.0372951608151197
tt_16.900000000000002h,2.96152401342988,,,2.1714379265904427,3.0967145622707903,3.8196779279969633,3.8196779279969633,3.228290787898004,3.042833810672164,,2.7445457433350384,2.6805564053356647,4.891722237691283,3.118246708996594,1.9197371401824057,2.5080015379935503,3.996539677493274,3.1589092006906867,3.1589092006906867,3.4410133748315275,3.4671694156713784,3.8348786258138716,3.8166682785376906,2.919715887401253,1.9141090116463602,4.147532494738698,3.269472644664347,,,4.054805618710816,3.4336667568422854,2.5283448989503086,3.379185360390693,3.0976784471422434,,4.225267607253045,4.225267607253045,3.417407525703311,2.447494216263294,4.637718793004751,2.971040382515639,2.971040382515639,4.633437582291663,3.44569325260818,,2.3741840147413313,2.6245487960986793,4.076706076040864,2.6278277463279665,2.8146289908327162,2.3689134302549064,3.0990047766827047,2.341152950655669,3.7819169727154076,4.477451936341822,5.432634535711259,4.07651349902153,4.2716038366779685,3.0642613815143704,5.362428612541407,4.801927945110947,3.8314395886845887,3.488436648622155,4.420478301122785,4.525956228841096,2.2223973092623055,2.2077551623806357,3.419015950988978,,3.630548101849854,4.997695382218808,4.06739493040368,3.5403754035942256,3.2954796166159213,3.370192833710462,3.356705366168171,,3.5190286161378026,5.569936370011419,3.869723624549806,3.0854104422032833,3.4347202917560935,3.003439719323069,,,2.6573229446075857,2.39321726327762,2.40548951132223,2.500161658041179,3.1540557439439,2.909700189717114,3.2640444170683622,4.071562463883311,3.8371450547128916,2.8985917242243886,3.469911042135209,3.035407966002822
tt_17.000000000000004h,2.958496229723096,,,2.1673025228083134,3.095471412409097,3.8299720361828804,3.8299720361828804,3.227432412561029,3.0576720726676285,,2.7471104520373046,2.678288986440748,4.891722237691283,3.1156206633895636,1.915653934236616,2.5045427856966853,3.9919743202626705,3.15755105111748,3.15755105111748,3.438142921309918,3.4651708086021245,3.8335396284237504,3.8148423405364156,2.919715887401253,1.9131402857601643,4.138285084161907,3.267516597174108,,,4.053482662886381,3.4319217023439705,2.5283285779878497,3.375740052200854,3.093669285066426,,4.2327711414545774,4.2327711414545774,3.4151426418684423,2.4441335313022137,4.637718793004751,2.967196063604206,2.967196063604206,4.632494927849621,3.4443213338963687,,2.3721300726756454,2.6218297206796706,4.076489159371704,2.6278277463279665,2.8130602198652923,2.3672005613334477,3.098644812591374,2.341037299949676,3.7825525454245508,4.478090409189463,5.4327955651097,4.070417533162981,4.270858353935182,3.064267196226865,5.36225757189095,4.801907326094806,3.8297658641822636,3.486139737069607,4.425206519663334,4.531993533484638,2.219725856091827,2.207754652481526,3.416578338947147,,3.6304511916823685,4.997684858739376,4.074336378835142,3.5382029013708234,3.2933376957662404,3.3680864982306957,3.3540198602713645,,3.5175245674327016,5.570145384408534,3.866970099043101,3.083417813759297,3.4329704879783094,3.000085365958512,,,2.653932487592101,2.389771984424442,2.393452300224453,2.5001605111174285,3.1490932502783835,2.907070306595415,3.2622940591536462,4.067894606851041,3.834839419927448,2.8967631170526147,3.4684577849693596,3.0335812037810683
tt_17.1h,2.9555308083072305,,,2.1632080827839673,3.097943261731416,3.823872680775821,3.823872680775821,3.22046856302768,3.046710058581084,,2.745584027376026,2.676047631073743,4.896221421658993,3.113026585895568,1.9117294941097498,2.501108391210437,4.0011528129689395,3.156218767631799,3.156218767631799,3.4353032098151743,3.453054693993181,3.8322173496708274,3.8130421666428447,2.924674639943987,1.9122006609104574,4.152629450429231,3.2656015404500067,,,4.052184926811606,3.430193231906742,2.528313443530351,3.3724560695700347,3.0897473683580756,,4.228259377647191,4.228259377647191,3.4129179096780717,2.4408161267638206,4.627068721689284,2.9633592809550464,2.9633592809550464,4.631577950436622,3.4304719804786146,,2.3701205188408494,2.619141838978976,4.084649417549372,2.62051068386063,2.81146785011515,2.3655225881375372,3.09826246695593,2.3409262490458786,3.7801108080893755,4.478725748602301,5.43295313231647,4.0643754047341645,4.2701256005093455,3.0642723734490573,5.362090123351663,4.80188306979835,3.8281165389344096,3.4838713696226478,4.429976174142212,4.538013661745936,2.21710681123659,2.207754161208868,3.4141957969404757,,3.6303582224063575,4.997674631420523,4.056061654817313,3.5360581814311445,3.291222669649869,3.366005009971559,3.3514189459383488,,3.5160425980575383,5.570550370030105,3.864253014791757,3.081506807822734,3.431260336190462,2.9968308182433248,,,2.6505874381400645,2.3863585414364934,2.389012028928846,2.500159427523613,3.1441310346126556,2.9044997124001384,3.260595881380141,4.064276153687388,3.8325943676754832,2.8949949461966753,3.4670355333946645,3.0317481965757906
tt_17.200000000000003h,2.952530533540994,,,2.159117778763175,3.0967136239632964,3.8178553548641503,3.8178553548641503,3.213347245939076,3.0358465360477567,,2.744048187043518,2.673813379369676,4.895572076085955,3.1104741422459483,1.907842663116753,2.49771647201851,3.9965855623595417,3.154929149430245,3.154929149430245,3.4414216252043843,3.4510681335814297,3.8309206874109805,3.811266877222806,2.9211619342677295,1.9112798892892897,4.14339389745146,3.263710347004235,,,4.050912216771394,3.42849461780861,2.528299420606345,3.3691285783424973,3.085823980625719,,4.235889664385468,4.235889664385468,3.410708195529878,2.4375647795386612,4.6288784383796155,2.9548250678926706,2.9548250678926706,4.630685973446816,3.4290992873720825,,2.3681289916858077,2.6165048675611615,4.084428807720542,2.6168110123835504,2.8100674566812813,2.363892674446106,3.0978827187791467,2.3408211739733815,3.7776739420369267,4.479357885662466,5.433107296470553,4.073704622685909,4.2737614517100155,3.064276978839189,5.361926201730967,4.801855262834579,3.8264913256280124,3.4816306973807514,4.434821660164744,4.534187433775514,2.214513259474188,2.207753718364984,3.4117703274823725,,3.6302690557204187,4.997664693277329,4.081231283023953,3.5339414975605905,3.2891356581822038,3.3639348191209137,3.348808692768216,,3.514582215808332,5.570746464189142,3.8615636182948947,3.079581039957702,3.4396900762803853,2.99357010377571,,,2.6472870064899325,2.3829920552670956,2.3846434261649847,2.4840864818543196,3.139276762958616,2.9019227460958064,3.258975229691714,4.0607062368653715,3.8303695269860327,2.901956914924085,3.4744054172188044,3.029973905533552
tt_17.3h,2.9495971598662436,,,2.1551064453087747,3.0954967332072556,3.81193873193115,3.81193873193115,3.2062279894016683,3.050631587859243,,2.742528222966939,2.671633452642709,4.8949497747235,3.107945561874658,1.9039295711554587,2.494387428276241,3.9920744569972157,3.1536407517269254,3.1536407517269254,3.4385832119733095,3.4491056874394417,3.829644707031548,3.809516343753785,2.917739230208099,1.9103781902231276,4.134311095345765,3.2618427611887455,,,4.049664374440908,3.4268132452853024,2.528286438435316,3.372987614944577,3.09463703725487,,4.24363565351814,4.24363565351814,3.408526924904436,2.43433378636837,4.630545523483306,2.9509867788292468,2.9509867788292468,4.639451086055487,3.4277489497326314,,2.3661856963299215,2.6138861780054867,4.084215943235904,2.6294643664732575,2.808549272827804,2.3706588996574283,3.0975149502046406,2.3407200858928263,3.7752434494905174,4.4799867598339915,5.433258118107915,4.067678171675652,4.273031427524984,3.0642810720019042,5.361765742767602,4.801823990419507,3.824889943934977,3.479418036993593,4.4397252020426095,4.540224799420685,2.211960748769343,2.207753320224583,3.409440733026713,,3.63018355704844,4.9976550387218595,4.062964442186058,3.5318514816462994,3.2870745812542737,3.361905704718083,3.3463570061139762,,3.5131453778594732,5.570938375778496,3.8589045298285782,3.077714943792671,3.4379706401377916,2.9903446845710278,,,2.6440589148551226,2.379699954763055,2.3803592580370605,2.4840864818543196,3.1494394917972386,2.8994021108374,3.257338259834796,4.057204827666283,3.8281850274652243,2.900163742247969,3.4729771753773093,3.028210720513016
tt_17.400000000000002h,2.946661878377199,,,2.151184415910393,3.0942945843562484,3.816145507618785,3.816145507618785,3.2215543533675373,3.0398056195117533,,2.7410269379615784,2.675642885733396,4.894336911384016,3.112638729158789,1.9000619444996119,2.491102449595928,3.987616325262934,3.152370637282729,3.152370637282729,3.4357763058505952,3.447166389785707,3.8283890392631292,3.8077899552881718,2.9142776504158974,1.9086090722121298,4.148481318261474,3.259999104309827,,,4.048441218212247,3.4251504968851805,2.5282744294963777,3.372987614944577,3.090750999748707,,4.25153583753854,4.25153583753854,3.4063725559972227,2.4311540396884084,4.632079861592501,2.9472716618329287,2.9472716618329287,4.638553923461586,3.4264113940298557,,2.3642717450857162,2.611302221659571,4.084010578226298,2.62571106152609,2.807181702926755,2.3706588996574283,3.0971452123485506,2.3406240218319,3.778299409430474,4.480612291954458,5.422227213624865,4.061722320504487,4.272314818110317,3.0642847064882517,5.36160868499428,4.8017905107699335,3.8233121167868376,3.477217889390886,4.444687928073108,4.536386527586728,2.2094635129906237,2.207752962131053,3.407170629594475,,3.6301015969365835,4.997645400464535,4.045289860572666,3.5297859236598015,3.2850321461446583,3.3599028014577925,3.343892077449709,,3.5117299649864435,5.571126165799797,3.856274440418929,3.075892688706517,3.4362901994027197,2.9778461675159633,,,2.6408324311487377,2.376426573842764,2.3760841600596905,2.4840855170041323,3.144547960255295,2.904703044332564,3.255712467711419,4.053730436600745,3.826040878891945,2.8983777230605483,3.4715793882496655,3.0265024229884148
tt_17.500000000000004h,2.943786128424108,,,2.147320050280541,3.0806114431470633,3.816145507618785,3.816145507618785,3.2144320784136653,3.0291726482100785,,2.7395050786435604,2.6734762210398912,4.893733419012278,3.1101395753212273,1.8963357615284622,2.487836306449026,3.9832111136056483,3.151143121998757,3.151143121998757,3.4329969361424446,3.44526482000947,3.8271535034291446,3.8060872312635183,2.9225158826448023,1.9077486535534263,4.139410139527172,3.258179814554751,,,4.047242593485862,3.4235118497163057,2.5282633304595947,3.3697169246152043,3.0869432357139885,,4.2469250140711665,4.2469250140711665,3.404246206395328,2.4279916044324636,4.635831988416612,2.943526300136,2.943526300136,4.6376618524082005,3.4286423069424927,,2.3623944744467735,2.608743331860751,4.0838124724105,2.622120636049658,2.8057719990611076,2.3690085685811937,3.096775793004781,2.340531819034368,3.775875747203827,4.481234444305301,5.422227213624865,4.070946299936622,4.271611406467855,3.0686124972999096,5.361454965546727,4.804839756339788,3.821757515426725,3.4750580163672566,4.4496916574425995,4.542461427394301,2.196941082365811,2.2077526403591037,3.404890933074057,,3.6300230491906404,4.997634906321764,4.069864053744823,3.527744023129344,3.283025600016117,3.357920077163726,3.3414144008420408,,3.5103183882310987,5.57443666132167,3.8443724787794054,3.0741001018323004,3.4346479838714004,2.9778461675159633,,,2.6376414601691067,2.3731845510192215,2.3718596850521863,2.4840846080332994,3.1397478710860014,2.902194324415177,3.2541178897954524,4.04598088003695,3.823937200009823,2.896646107546985,3.470211503095925,3.01563576515764
tt_17.6h,2.940972399432212,,,2.135263867676258,3.0794206084683537,3.8102986407466233,3.8102986407466233,3.20798743609339,3.0331463306210935,,2.738022528588772,2.6713226325809956,4.893139366991818,3.1101395753212273,1.883133225608617,2.484616882633418,3.9788584928028286,3.1499158875085413,3.1499158875085413,3.4302493082359433,3.44336909474805,3.8259377633221447,3.8098953710868955,2.919100370723754,1.9069118299521506,4.12838370911777,3.2563840188086033,,,4.046068367082626,3.4218882266432047,2.528253080789,3.3664978640154004,3.0831132070161402,,4.254940452519804,4.254940452519804,3.402146106120199,2.42490391805768,4.637305750045925,2.947292171418667,2.947292171418667,4.636812717653811,3.427315200679004,,2.360546454321593,2.6062206868082285,4.08362139062956,2.634781894274056,2.813494035974145,2.3674333235248923,3.096397706773132,2.340443848632276,3.7734592533670366,4.481853036675602,5.42237514955923,4.06500560650602,4.270920987706631,3.0686156135052443,5.361304524354637,4.804809515830129,3.820225898642093,3.472923967987299,4.4547706712037325,4.5446827644482255,2.1944655403494835,2.2077523511834443,3.4026301517151296,,3.629947791341692,4.997623597737402,4.05219646776095,3.5257388027384877,3.281046649441123,3.355993078555912,3.338966304436326,,3.508947641123086,5.574620062019676,3.841771121136844,3.0723321065306664,3.4413246898911893,2.97470088256523,,,2.634485214948654,2.369975111912936,2.3676974535919726,2.4840837521478534,3.135011367034167,2.899716481566429,3.2525760270655155,4.04250399582088,3.82186945900321,2.8948971522040665,3.468873011879623,3.013916229363531
tt_17.700000000000003h,2.938149183988571,,,2.1314459275454283,3.078244458884001,3.8045309972949326,3.8045309972949326,3.21613354049623,3.0331463306210935,,2.7365747299045324,2.6691734665073454,4.892554654274136,3.1076849005185068,1.883133225608617,2.481432772241533,3.967360828537494,3.1487058233469725,3.1487058233469725,3.427548220846802,3.4414948718622327,3.8247416093945503,3.8098953710868955,2.915805032476783,1.9060888881795108,4.12838370911777,3.2546125166118145,,,4.0449183117598295,3.4202870754525065,2.528243623673916,3.3632822195068,3.079366179648787,,4.263077785726637,4.263077785726637,3.400072351563722,2.421846801880747,4.638682192657143,2.947292171418667,2.947292171418667,4.635986652225256,3.4259998654015362,,2.3587025036104023,2.603731448762119,4.083437103778124,2.6311219348572195,2.813494035974145,2.365865913685411,3.096055466681719,2.3403598070144653,3.774070531129837,4.4824678101576865,5.422519861254841,4.059134996961802,4.270243352744728,3.0686156135052443,5.361157301347703,4.804809515830129,3.8187169316224754,3.4708159686997533,4.459908409975469,4.5446827644482255,2.1920374436303973,2.2077520922757685,3.400384167674929,,3.629875705111772,4.997611515689641,4.042952504009008,3.5132397608831525,3.2790943193249404,3.35405497206375,3.3365679760463536,,3.5075975959189236,5.574799458030611,3.8391981082968414,3.070584694389254,3.4413246898911893,2.9715809007175267,,,2.631354816723615,2.3668271056376398,2.3635982535779476,2.4840829470194876,3.130330638960004,2.8973009777255356,3.251045912038535,4.039094513747841,3.819823612459004,2.8932602824643254,3.4675632282160223,3.0122328526340425
tt_17.8h,2.941462988499552,,,2.1276338077150285,3.0794871780090034,3.7926477110013366,3.7926477110013366,3.21613354049623,3.0227008759975433,,2.7351209283806384,2.6691734665073454,4.8919791877269745,3.105251995380968,1.8794645383022726,2.478288249578327,3.967360828537494,3.1475117127411067,3.1475117127411067,3.4248623293824494,3.4396411632187665,3.823564790189266,3.808213212992996,2.912424248177558,1.9052849053405225,4.119449852500111,3.2528479555621743,,,4.043792319949716,3.4187076492235065,2.5282349050976336,3.360201290342957,3.0842062602750957,,4.271379680372775,4.271379680372775,3.398023027461022,2.418822386302054,4.639925474300981,2.9436073801480234,2.9436073801480234,4.643803185317665,3.4269180786795914,,2.356899032369256,2.601267196703702,4.083259391132742,2.640284393914044,2.8121234718710184,2.356583073735237,3.0956838466227055,2.340280430391431,3.774070531129837,4.483078672550619,5.422661405056715,4.062398485373706,4.269578299485147,3.0686183739453554,5.3610132383182645,4.804781065322459,3.817230293992907,3.4687325078994036,4.465087789110839,4.550739667844027,2.1920374436303973,2.1964110136032104,3.398162964731455,,3.6298066745512187,4.997598699294031,4.042952504009008,3.511247039306909,3.2771682841703296,3.3521444629877806,3.3405820610933006,,3.5062685520388186,5.5749749089591205,3.8391981082968414,3.075546936132014,3.4397111805155873,2.9684789665043354,,,2.6282851262949407,2.3637299677357078,2.3595251399092376,2.4840821903198957,3.1257302137091756,2.894916777033359,3.249512921087444,4.035710507072508,3.8177993949502707,2.8916067304089665,3.4662818191573024,3.010614479891956
tt_17.900000000000002h,2.9386759037151933,,,2.1238653655163944,3.0794871780090034,3.7926477110013366,3.7926477110013366,3.209356704261154,3.010552487336099,,2.733688612934202,2.667051885277033,4.891412869095802,3.1028677113354206,1.8758544083684683,2.475211664568633,3.9630593420006335,3.1463624769821763,3.1463624769821763,3.4222057554870844,3.4378108349628747,3.82240700814873,3.806553780566901,2.9012340381741524,1.9044969528913498,4.124539379030466,3.2511231037788093,,,4.04269024822861,3.4171450003050268,2.5282268752343953,3.35705976607278,3.0805062483996153,,4.2751094228588045,4.2751094228588045,3.3960122149437666,2.4158211667090654,4.645036725793034,2.9399707070551813,2.9399707070551813,4.643803185317665,3.4269180786795914,,2.355106763076037,2.598830762784928,4.091186339966953,2.640284393914044,2.8108335859142244,2.356583073735237,3.095323779154569,2.3402043413370848,3.7716695037670434,4.483685518614948,5.422799840569496,4.062398485373706,4.2689256286248565,3.0686208163388073,5.364585129078478,4.804754366632551,3.8157515390776098,3.4722501575015485,4.4703424028120935,4.5308052664622664,2.1896294695325196,2.1964107751846313,3.395980626344681,,3.6297405883669853,4.997585187666118,4.025704324245453,3.5092910691164434,3.275267702061683,3.350251221563667,3.3381943264976144,,3.5049613043665886,5.575146475341171,3.836653523147106,3.0738573470152915,3.4381345422007143,2.9653910798951983,,,2.625249038916081,2.3606644575484097,2.3554965630173683,2.48408147925511,3.1309881419874728,2.8925197003409266,3.2479902366176248,4.032371744979173,3.8215356185100973,2.889954083133489,3.4722058922052383,3.009001438971609
tt_18.000000000000004h,2.9386759037151933,,,2.1201834147796035,3.0783370044082403,3.7869675583206117,3.7869675583206117,3.2027762327343225,3.010552487336099,,2.732266765087843,2.6649522236548364,4.8908555819652975,3.1004968965426087,1.8722053715027869,2.472157943993807,3.9588103904388845,3.145220040343702,3.145220040343702,3.4195774025283754,3.4399031423963606,3.827529462520033,3.804917057044804,2.9012340381741524,1.9037378085777164,4.124539379030466,3.2494199527427554,,,4.041611342225224,3.4156056311912835,2.5282194851897657,3.3540002130903304,3.0805062483996153,,4.2751094228588045,4.2751094228588045,3.3940141103230417,2.4128658790141344,4.645036725793034,2.9364161412231624,2.9364161412231624,4.642994550522417,3.4256262448616326,,2.3533583735115826,2.596423461101949,4.091011868324131,2.6367115434259176,2.809482618700713,2.3550024866126478,3.0949548366479576,2.3401317754760385,3.769273618236184,4.484288293868303,5.422935223206878,4.056628635618836,4.268285123631358,3.0686229770071805,5.364444304723293,4.804729385301471,3.8143086917698383,3.470193427056074,4.475655539426953,4.536880176514387,2.1872640955261886,2.1964105619117618,3.393863419536501,,3.629677338525653,4.997571018524468,4.049810350406915,3.507347460370511,3.273392153903842,3.348370522260666,3.33583474624902,,3.5036743977107108,5.575314218644053,3.834137528669089,3.0721847182139754,3.4365940666757524,2.962384547572583,,,2.6222046804614365,2.357608048245311,2.3515236359089613,2.4840808119624853,3.1309881419874728,2.890197955071926,3.246503705624491,4.037257113493979,3.819536615628749,2.888356055598706,3.4722058922052383,3.0074125439859927
tt_18.1h,2.935931593645364,,,2.1201834147796035,3.0771981924772263,3.781383646186441,3.781383646186441,3.210831413976848,3.000214999075979,,2.7308666007593274,2.6628860225901008,4.890307222492993,3.0982074490748346,1.8686113231815398,2.4691235991194844,3.954610612243414,3.1440802845172584,3.1440802845172584,3.4169815038330853,3.438107657711953,3.8263867902569473,3.8033022242598236,2.897974328137934,1.9029952734708786,4.11576054058969,3.247738804668188,,,4.040556664578617,3.4140854845754802,2.528212691191584,3.350929404143244,3.0769218443892896,,4.28366265213117,4.28366265213117,3.392042350489646,2.4099606587551534,4.646129148080945,2.940168522298336,2.940168522298336,4.6422078078612685,3.426557536236942,,2.3516354570165277,2.5940498607233167,4.090843631885946,2.633491614833474,2.8082476751878858,2.353492289315909,3.0946016320958734,2.3399991132318974,3.753765555098653,4.484886884689331,5.423067610245198,4.04375033499673,4.267656589392573,3.0686248862184584,5.364306521601975,4.804706085007638,3.812887221109122,3.4681618721224368,4.481010391842574,4.539130446501076,2.184934742283076,2.1964105619117618,3.3917382434010506,,3.6296168211847544,4.997556229121983,4.032548081129789,3.5054273824207485,3.2715411838144064,3.3465274032205343,3.3335073376074433,,3.502407042775303,5.575478197075427,3.831654765177518,3.070553795900196,3.443230308126658,2.9593899603933096,,,2.6263769837096334,2.3546122522093356,2.347648257855326,2.4840801865793765,3.126487002708018,2.8878780091181397,3.245050369761884,4.033960875123739,3.8175590028986335,2.8773920624516904,3.4709464046172798,3.0058452994562685
tt_18.200000000000003h,2.933231079019606,,,2.1165888435207307,3.0784678757190704,3.7758572841994464,3.7758572841994464,3.210831413976848,2.9900062694214284,,2.72947675967589,2.6608358272351325,4.889767692424357,3.0958789181895554,1.8651037942618132,2.466133412439376,3.9592110738158226,3.142939671408385,3.142939671408385,3.414407426957041,3.4363326891325414,3.8252627654001117,3.8017093711532652,2.894801754038781,1.9022790240123868,4.1208193358033895,3.251350848004222,,,4.03952259151265,3.412588282022625,2.528200721833855,3.3479184107854962,3.073344213888049,,4.271527009084821,4.271527009084821,3.390095319133252,2.4070911668241024,4.647129161749035,2.940168522298336,2.940168522298336,4.633856409229338,3.426557536236942,,2.3499418199062347,2.598080192692578,4.090843631885946,2.6298534153029323,2.806998244021088,2.36038139462471,3.094236047938466,2.339936811942607,3.753765555098653,4.485480949282646,5.423197056166828,4.04375033499673,4.267027133144438,3.068626570980996,5.364171723369509,4.804684431292117,3.811486950609833,3.4661543099209666,4.491929281037301,4.539130446501076,2.1826408533379436,2.1964104189537466,3.38961392454803,,3.629558934830129,5.001102413982153,4.039388543926179,3.5054273824207485,3.269715002272278,3.344708597753197,3.3312077447772026,,3.5011580768041313,5.575637606438249,3.8291958905756474,3.0688787712715566,3.441715766210109,2.9629481374286115,,,2.623375946190208,2.3516527456231415,2.343756697140634,2.4840796003118157,3.121993197593838,2.885589089244604,3.243634325452149,4.033960875123739,3.815621725283563,2.87581972964108,3.4697142587974668,3.004306236281991
tt_18.3h,2.930544546805322,,,2.112997215706855,3.0784678757190704,3.7801051596179605,3.7801051596179605,3.2046449542976916,2.993978829588741,,2.7280989256687462,2.658799012657255,4.889236892107874,3.093667888548225,1.8617175230756402,2.4631810593418777,3.9550602920353413,3.141866666264832,3.141866666264832,3.411884422414005,3.4363326891325414,3.8241570852696896,3.8055221904069185,2.8996156458742917,1.9015701645985246,4.1208193358033895,3.2496946058236063,,,4.038504937198013,3.411109684035182,2.528195465914905,3.351743793580681,3.069804909173399,,4.280365084763616,4.280365084763616,3.3881741892546415,2.404277083929628,4.6521425801329315,2.9366363012231886,2.9366363012231886,4.6330888122320175,3.425289260689169,,2.348304510116577,2.595761967357248,4.09068142529577,2.639225147664547,2.8058158177882433,2.3589089871384203,3.0938806640915573,2.3398778988048434,3.751369926147163,4.486069947481155,5.428260363638401,4.038061382714659,4.266422064974904,3.068628055974841,5.364039853680879,4.804664388298988,3.81010750355199,3.464171602856368,4.497459734790027,4.545209698844701,2.1803981931880116,2.1964102420024574,3.387574295978993,,3.6295035807415843,5.001086212694645,4.039388543926179,3.503530100453645,3.2679048008285463,3.3429115652106702,3.3312077447772026,,3.4999266155064106,5.575791323091835,3.8267640811391175,3.0673332139849663,3.441715766210109,2.959976636338979,,,2.6204132358543575,2.3487403988838196,2.3399089477024972,2.484079051297158,3.117571754846722,2.885589089244604,3.2421734612435102,4.0307085402309895,3.815621725283563,2.8742922986857593,3.4685088749974966,3.0027869818732142
tt_18.400000000000002h,2.927885444369167,,,2.109416604973376,3.077355667948723,3.7801051596179605,3.7801051596179605,3.1965397032909095,2.993978829588741,,2.726713055744767,2.656779774464667,4.893698082771152,3.0914000063203275,1.8583092619664967,2.460287948604673,3.950958209577948,3.1407999475486577,3.1407999475486577,3.4093700936064124,3.4345813603140414,3.823069576639682,3.8039471744559705,2.8996156458742917,1.900886899791658,4.112211251165718,3.248059330973774,,,4.037503512576222,3.4096475848928094,2.5281906481832266,3.34881688375026,3.058631238527596,,4.280365084763616,4.280365084763616,3.3862772323191166,2.4014735464006662,4.653016337193549,2.93317834334448,2.93317834334448,4.6330888122320175,3.41012816503644,,2.3466704902239144,2.5934589179232717,4.0905250776559114,2.639225147664547,2.813533404842019,2.3589089871384203,3.0935333003289998,2.3398227700963616,3.7489716107957065,4.48665368789807,5.428387294989079,4.0412852563895285,4.265828392934054,3.0686293626204133,5.364039853680879,4.804645921569318,3.8087486438453197,3.464171602856368,4.503050534520298,4.5474316156469285,2.1781845511868596,2.1964100832119584,3.385499358177185,,3.6294506485573947,5.001069486606866,4.046183979604393,3.501655607484281,3.266128607094288,3.341135441325605,3.3289366103708744,,3.4987124246545136,5.575939518399537,3.8243588409386575,3.0673332139849663,3.4402348836883903,2.9570733020082116,,,2.617484558839351,2.3458820595405996,2.3439906826242805,2.4840785381384194,3.1066939048469067,2.8833263437263668,3.240770486649126,4.027499402407557,3.8136853193864226,2.872757717501372,3.467329795937985,3.0012979032471776
tt_18.500000000000004h,2.925265819299966,,,2.105894846841693,3.0786369792185724,3.774664887227118,3.774664887227118,3.190197048243135,2.9839196857064962,,2.725353576708585,2.654780485201627,4.893174835946411,3.0892196921631694,1.861299469601363,2.4574292437173426,3.950958209577948,3.139750410337001,3.139750410337001,3.4126156126149,3.4328519720584154,3.821999983396381,3.8023931747302413,2.8964587268419564,1.9002183601260185,4.11726056644693,3.2464443440549076,,,4.036518210545182,3.4082040819339454,2.5281862360425293,3.345856035593897,3.055165724363178,,4.28938349429518,4.28938349429518,3.3844046029262245,2.398710240609944,4.653016337193549,2.93697393219918,2.93697393219918,4.632344545796514,3.4088836568407714,,2.345070896204561,2.591190635226667,4.090376466047019,2.635671810247004,2.8123579467646778,2.35742906620726,3.092817554716021,2.33976993849501,3.749554425943643,4.487232099287212,5.428511389531195,4.035663854330778,4.265245928894728,3.068630511406809,5.363910857588053,4.80462899710983,3.807410127017647,3.462199244648218,4.508663042914122,4.5474316156469285,2.176013557240367,2.1964099407196045,3.383446136955172,,3.629400024190545,5.001052269246429,4.029477899428457,3.499803197104484,3.2643776005133986,3.339383960235864,3.3266936792060733,,3.4975160704925656,5.576082358602434,3.821980180218816,3.0657530864700675,3.438786999322474,2.9570733020082116,,,2.614610906690359,2.343030739109963,2.340200560167432,2.4840780585072935,3.1023510098457336,2.8811006117612123,3.2394260708242655,4.024353495333344,3.8117697746492922,2.872757717501372,3.457138399593532,2.9998540678061545
tt_18.6h,2.9285169262439013,,,2.102465665433556,3.0775511376559734,3.7692992286756635,3.7692992286756635,3.190197048243135,2.987897035200149,,2.7240132009610534,2.652794973924756,4.892660142853856,3.087045860476792,1.857933699619025,2.454583879560232,3.9469045866280794,3.1386986756697297,3.1386986756697297,3.4101287606172264,3.4311449667438865,3.8209481574594975,3.8023931747302413,2.8933844892308116,1.8995863576419652,4.11726056644693,3.2448231438174844,,,4.035548779647797,3.406780703458935,2.5281821987591684,3.3429783498868346,3.0516429166309536,,4.293696155771613,4.293696155771613,3.382554463110864,2.395978008862585,4.653814161196351,2.9335547271184623,2.9335547271184623,4.631622970569879,3.4088836568407714,,2.3434822279959917,2.5889518596231937,4.09023141534999,2.645007252227515,2.811160230077803,2.355967572890222,3.0924554555676877,2.3397200112231076,3.747166674118489,4.487805161625147,5.428632701747119,4.035663854330778,4.26467448240146,3.0729688103310764,5.363784681074321,4.804613582789898,3.806091571226716,3.4602621435187757,4.514279918279499,4.549628502223641,2.173850297462195,2.1964098131284118,3.3814449342899024,,3.6293516200967133,5.001034593675286,4.029477899428457,3.4979730253107846,3.262650362215936,3.337649759836495,3.324477430898696,,3.4963374198414385,5.576220005750656,3.819628140423447,3.064222187269479,3.4292757976800203,2.9541789065115154,,,2.61179236555472,2.340204557403922,2.3364573563449085,2.4840776110067964,3.098007042426616,2.8789139171130955,3.2380750006996095,4.029204041231424,3.809875280596316,2.8712836443446577,3.455979540012777,2.9983987491577864
tt_18.700000000000003h,2.92594862729311,,,2.099078985862434,3.0775511376559734,3.7735683140344918,3.7735683140344918,3.1840505423024297,2.9779822267591953,,2.7226725667715073,2.650841009337455,4.892153910826892,3.0849159816280007,1.8545832308009267,2.451781451702118,3.9429001258686185,3.137697398662567,3.137697398662567,3.4076736494898796,3.429474947974086,3.8199138632044196,3.800859669689089,2.898339073639363,1.8989741946570575,4.106205404736102,3.243252746295184,,,4.034595132805407,3.4053727737627923,2.5281785083934665,3.340131140779704,3.0516429166309536,,4.303016785997897,4.303016785997897,3.3807402830570936,2.393294401001185,4.654578048270196,2.9335547271184623,2.9335547271184623,4.639357826206833,3.407647571526468,,2.341910061892122,2.5867418190464377,4.098150517325848,2.645007252227515,2.8100797440856695,2.3625360913574696,3.0921072009950876,2.3396728592924774,3.747166674118489,4.4883727533742785,5.428751282859594,4.038880248554051,4.264113866258413,3.0729697761125863,5.363661271519959,4.80459964601323,3.804792738519609,3.458348679356277,4.5199350053444505,4.549628502223641,2.171736846677959,2.2011898159980774,3.3795046331360936,,3.629305351525545,5.001016492024064,4.02017288049683,3.496165234129876,3.260947651229799,3.3359392983838916,3.3222887786105275,,3.4940133299678564,5.576352619100362,3.8173026433214545,3.0626902766525745,3.4278512289747596,2.951310522854328,,,2.6089725750498474,2.3374235327355564,2.3327873167581856,2.48410976305604,3.093778689391911,2.8767245789058506,3.236750604119152,4.026077687274665,3.8080017622560263,2.869852175936103,3.454846073873341,2.996988369617611
tt_18.8h,2.9233974907547235,,,2.0957176946103573,3.076474284287542,3.768307071644813,3.768307071644813,3.1918954458087683,2.9779822267591953,,2.7213527257554233,2.64892063010484,4.891656037885696,3.082797082606703,1.8512774175032973,2.456062121782452,3.947492379695177,3.136690966784954,3.136690966784954,3.4052437152713537,3.4316214635036886,3.8188968640752137,3.799342834856361,2.8952297093346715,1.898379631806165,4.097733607050031,3.2417045035399497,,,4.033657183870673,3.403983968310058,2.5281751374714077,3.340131140779704,3.0483051110059023,,4.303016785997897,4.303016785997897,3.3789368150755763,2.390642979182303,4.643398752901703,2.9301309613510966,2.9301309613510966,4.638656223658472,3.408616855274886,,2.3403834169730544,2.584548568353057,4.0980082377791405,2.654389341827482,2.808994094375521,2.3610962480306625,3.0917733567766845,2.3396281921304762,3.7447830634191632,4.488934813532978,5.428751282859594,4.033349980600178,4.2635638997890055,3.072970621753484,5.363540577236563,4.807641881983727,3.803513935301453,3.4564584735780954,4.525594557169825,4.535696346778423,2.1696414020843804,2.2011896991170943,3.377563809044659,,3.6207962348125875,5.000997995957732,4.02017288049683,3.4943908881396055,3.259268199559301,3.3342476626858115,3.320126499515027,,3.4928861730732024,5.5764803532511,3.815008739940822,3.061215091496706,3.4278512289747596,2.9485103930346668,,,2.6061705951578915,2.3346972609870136,2.3291597212664783,2.4841093732975423,3.093778689391911,2.8745742994360626,3.235423711128533,4.023013570345938,3.806148990057409,2.8684323779307306,3.453737556003034,2.995613655075431
tt_18.900000000000002h,2.920873661059886,,,2.0923828673548996,3.0617134664207697,3.768307071644813,3.768307071644813,3.1859964542090893,2.9819426187314093,,2.7200487665832043,2.647023115772754,4.891166424844414,3.0807340210303664,1.8481051842682064,2.4532921435311437,3.9435340496711433,3.135706642176956,3.135706642176956,3.4028404555283487,3.429985632188618,3.8178969686850905,3.797856729477644,2.8952297093346715,1.8977995752356946,4.097733607050031,3.240177732426673,,,4.032734830863774,3.4026151476427913,2.528172061778605,3.337303061503917,3.0449133589863777,,4.312487267423421,4.312487267423421,3.3771572122350335,2.3880477948114276,4.644068809691817,2.917767506092787,2.917767506092787,4.637956835795194,3.4074043538421392,,2.3388557243160903,2.5823801080696285,4.097871221601963,2.650857732165605,2.808994094375521,2.3610962480306625,3.091430067550391,2.339586555957794,3.7453451952897012,4.489491325803101,5.428867183625698,4.033349980600178,4.266509486827999,3.072971359360963,5.363422545604408,4.80763064045459,3.802255584858358,3.454590900335461,4.531293538399041,4.541697007138282,2.1676004105247557,2.201189594808966,3.381439766846597,,3.6207506954669952,5.000979136209935,4.0269277901388705,3.4926290418952703,3.2576112528331578,3.332563588861376,3.3179911519400775,,3.4917756118811667,5.576603358145803,3.8127363002859056,3.0597391296178102,3.426458502188325,2.952124012634158,,,2.603417184203863,2.332014163956046,2.3255418157204986,2.4841090100817382,3.089624159503728,2.872462355066091,3.2341079995967448,4.023013570345938,3.804316625930369,2.8670335952192545,3.453737556003034,2.9942676974460483
tt_19.000000000000004h,2.918364070355892,,,2.089105302002281,3.0606637010350823,3.763089115731418,3.763089115731418,3.1859964542090893,2.972154767718166,,2.718757335562259,2.6451396429911256,4.89068497158587,3.069290703162551,1.8481051842682064,2.4505575969815254,3.939621155615896,3.1347331847064197,3.1347331847064197,3.4004631233401597,3.428354667034,3.816913954913616,3.8016858198679984,2.892237239982933,1.89723731437698,4.102773393504322,3.2386729191057384,,,4.037274150643498,3.4012625720351934,2.528169258031994,3.3344832556322217,3.0497694918885827,,4.317212102934718,4.317212102934718,3.3754009334370494,2.385460574645549,4.644068809691817,2.914427639916539,2.914427639916539,4.637956835795194,3.4074043538421392,,2.3373732697218657,2.5802444918081164,4.097739293240011,2.650857732165605,2.8079716223292053,2.3597031496465206,3.0910855373367667,2.3395470939576626,3.742973673623055,4.490042152348906,5.428980455733836,4.0365593996830285,4.265971718356013,3.072972002439201,5.363307126797736,4.807620800100267,3.8010174469091,3.452746355906129,4.537013395689428,4.541697007138282,2.1712380601093173,2.20118949143216,3.3795517794787884,,3.620707178954035,5.000959941651672,4.010425828397274,3.490888873580843,3.255976927932352,3.3293218156322837,3.305930706206709,,3.490681099705398,5.576721781864762,3.8169203251600266,3.058332980144769,3.433018136303872,2.9493443183600903,,,2.6006880616769195,2.329375800676644,2.32197010749951,2.484108672477305,3.0947599606588483,2.8703578780405223,3.232872618827969,4.01997013669461,3.802504727151245,2.8722393116913736,3.4526535058394074,2.9929251335561275
tt_19.1h,2.9159154491499066,,,2.093197477981448,3.0606637010350823,3.767358095385134,3.767358095385134,3.19386882847175,2.972154767718166,,2.7174815027974546,2.643278980627656,4.890211587771773,3.0672241714783013,1.844985672738403,2.4478713334538043,3.9357536919414997,3.1337860925123096,3.1337860925123096,3.398108161985874,3.426744476426393,3.815943393856287,3.8002199926413596,2.8970473436638713,1.8966993540525436,4.094443254638463,3.2371897101402283,,,4.036368146538734,3.3999287211336195,2.5281667043454945,3.331734118051827,3.046480159740895,,4.327006298583001,4.327006298583001,3.3736677085980773,2.3829120355658233,4.6446908242069185,2.9111228296533227,2.9111228296533227,4.645657827612013,3.408386522438377,,2.3359246784821153,2.5781404986046255,4.097612283192575,2.644102890510112,2.806950196158141,2.366498281713575,3.090731558855623,2.3395099132321775,3.742973673623055,4.490587153937668,5.4290911494754255,4.031119519844651,4.265444709919393,3.072972561698407,5.350772119127214,4.807612330652773,3.799785310868174,3.4401900921948254,4.542737646959722,4.543832776602358,2.1692225616425276,2.2011894094757736,3.3776442892849445,,3.620665607973933,5.000959941651672,4.010425828397274,3.489170857705176,3.254365423694253,3.327719770837575,3.3038229388184845,,3.489603181835264,5.5768357664346695,3.8146770810708404,3.0568990749306977,3.4316479451954365,2.946567806880921,,,2.5980252819135785,2.3267286894842982,2.318467231467366,2.484108358155936,3.0906731276772916,2.8682918031699955,3.230385441798717,4.024828256107867,3.7901725475676358,2.870836108457297,3.451593487057835,2.9915984580293298
tt_19.200000000000003h,2.9159154491499066,,,2.089948615524918,3.0596406743861735,3.7622015234082937,3.7622015234082937,3.1879431223496795,2.9600439853966236,,2.7162201991304755,2.6473066681064665,4.889746170025319,3.0652312063612044,1.8418686231598258,2.4452322060242295,3.9357536919414997,3.132848197594285,3.132848197594285,3.395798872690648,3.425153559539467,3.814993799198419,3.798784934915602,2.894103846978396,1.896180714480579,4.094443254638463,3.2357116076163948,,,4.03547750134021,3.4029654092155397,2.528164380695671,3.3290240047499537,3.0432209065183997,,4.337001354899257,4.337001354899257,3.371957584284246,2.380393650382757,4.649587776511908,2.9111228296533227,2.9111228296533227,4.644996635615826,3.4071974316611886,,2.3344849036075175,2.5760919405147433,4.097490024752915,2.644102890510112,2.805951257236302,2.365106602665037,3.090385695453733,2.3394750016741455,3.743508157785982,4.491126241628081,5.434197415597737,4.031119519844651,4.264929028227925,3.0729730469174683,5.350659372285008,4.807605201378465,3.7887965869158506,3.4383712289854884,4.548500774428248,4.543832776602358,2.167236858047545,2.2011893363669515,3.375768050085753,,3.6206259061582386,5.000940442085266,4.017184569500387,3.492800329811871,3.252768113743514,3.3261358523741364,3.3017419688403606,,3.488541548140347,5.576945452950895,3.812454476952553,3.0618042573332787,3.4303084993734956,2.943862115032971,,,2.5953918900340796,2.3241294999606907,2.3150416556745768,2.48410806665197,3.0865824492648244,2.866250709630549,3.2291648983955383,4.021823218092322,3.788384505081922,2.8695161547511816,3.4574899412691593,2.9903214196674526
tt_19.300000000000004h,2.9134676279500127,,,2.086795831564814,3.0609625629149377,3.7571055637672544,3.7571055637672544,3.182110719382763,2.9504952072165906,,2.7149559995159507,2.6454677395522594,4.889288634993136,3.0632096068002284,1.8449444901198149,2.4426247710362077,3.9403407950885594,3.1319329431280494,3.1319329431280494,3.393494239076972,3.4235829608514905,3.8140604542568326,3.7973743355832994,2.891160436440259,1.8956835265271366,4.099473827984184,3.2342703361064196,,,4.034601916093379,3.4016522192396224,2.5281622684560716,3.316832768265158,3.040074058342725,,4.337001354899257,4.337001354899257,3.3702698023989797,2.3779019289650023,4.650148346088827,2.9079038039781153,2.9079038039781153,4.644355745520443,3.4071974316611886,,2.333094871137291,2.5740638696588576,4.097372358199209,2.6534954351373017,2.813432307448238,2.3637420083396137,3.090040234848857,2.339442109223455,3.741145954001695,4.491659398190677,5.434305945876986,4.018218141514808,4.264424492139369,3.0729730469174683,5.350549136288464,4.807599381543696,3.7875959682278335,3.436573532409966,4.554285201244056,4.545943635515869,2.165290143340826,2.2011892711743712,3.3738921168260276,,3.6205880008637905,5.000920664984733,4.001037456095219,3.4911048994399607,3.251201137434691,3.3245721445418894,3.299670954234898,,3.487495733425021,5.577050977386534,3.8102567587047815,3.0604121149517596,3.4289997396990657,2.941194847226143,,,2.59275095583871,2.3215663679875433,2.3116024606861174,2.4841077961027622,3.082582879345864,2.8642220497131348,3.2279740208759904,4.018858072347939,3.786616813391447,2.868197048548609,3.4564481382258236,2.989065293222666
tt_19.400000000000002h,2.9110781410709023,,,2.083703306969255,3.0599845708347857,3.7571055637672544,3.7571055637672544,3.182110719382763,2.9409478562884033,,2.7137135500088334,2.6436468618921936,4.889288634993136,3.0612857970409095,1.8418642180040479,2.4400441078469157,3.9365175822749734,3.131011316087097,3.131011316087097,3.3912174506112933,3.422033981885761,3.813143183477223,3.795988090801984,2.891160436440259,1.8952020723372698,4.091280467342585,3.2328490735962987,,,4.033741414081305,3.400356481783092,2.528160349931568,3.3140913299284875,3.040074058342725,,4.34215650241822,4.34215650241822,3.3686039834283292,2.375464945100248,4.650667909998447,2.911506133619696,2.911506133619696,4.643734597135335,3.4081924208439887,,2.3317266535013914,2.5720575670711696,4.097372358199209,2.649988024495542,2.8124904562719166,2.362426759675145,3.0897062136791646,2.339411310851574,3.7388028097338974,4.4921865672804415,5.434411993250251,4.012866537086666,4.263930926565081,3.072973466478288,5.350441362708807,4.807597732637078,3.786414838396013,3.4348004972562194,4.560073782224208,4.551862142980099,2.1633889423683286,2.2011892711743712,3.372037415858358,,3.620551821310073,5.00090013910085,4.023920468520373,3.4894297532737255,3.249657570850104,3.3230286771431565,3.2976445076055825,,3.4864659919403493,5.577152471989393,3.8080834886059165,3.0590424346737564,3.4289997396990657,2.938525917008519,,,2.590161139611155,2.319045809097588,2.308203029446304,2.4841075451113284,3.0786036923527718,2.8622348508797586,3.226814557798207,4.015932267997414,3.7848689798265696,2.8668873393908143,3.4554295553825796,2.987821701914072
tt_19.500000000000004h,2.9144336823374033,,,2.080604705493897,3.0590025512501597,3.7452592770569026,3.7452592770569026,3.189922846853733,2.9545118464156985,,2.712497677654028,2.641846166923642,4.888838630635291,3.0593217657878995,1.8387830583378673,2.4374878662638366,3.9327389006502926,3.1301055885851383,3.1301055885851383,3.3889664518646896,3.422033981885761,3.812241737730801,3.7946257293224335,2.8798976498655975,1.8947368115186691,4.091280467342585,3.231447326950729,,,4.032895955722779,3.399079711176455,2.5281586097553372,3.3114897371269763,3.036867090500891,,4.352550523355603,4.352550523355603,3.366958685219288,2.3730746172368526,4.650667909998447,2.908299420028925,2.908299420028925,4.643734597135335,3.4070268496870995,,2.3303755912929773,2.570076320786029,4.097259128000587,2.649988024495542,2.8114985255524516,2.362426759675145,3.089346776716411,2.339382610283792,3.7388028097338974,4.492707641329616,5.43451560754329,4.007600533310324,4.263448158279061,3.0729738282971084,5.350336004048586,4.80760432081297,3.7852529026567936,3.4330495353788137,4.565901470836252,4.54803019342944,2.1615159576758742,2.2011892129667103,3.370268337894231,,3.620517300441861,5.000878204125911,4.007779056206346,3.48777460725978,3.2481369199231267,3.3215028578415513,3.2956437468528748,,3.485452658031136,5.57725006621331,3.8059346955269575,3.0577427935786545,3.4355192077346146,2.938525917008519,,,2.5875973380170763,2.3165658619254827,2.308203029446304,2.4841073122806847,3.0786036923527718,2.8602602360770106,3.2256732946261764,4.013045175932348,3.783160191960633,2.865627409890294,3.4544337671250105,2.9866211717016995
tt_19.6h,2.912048582918942,,,2.0774963861331344,3.0613327007740736,3.7402228168211877,3.7402228168211877,3.1842298451811075,2.9449435248970985,,2.711289639119059,2.640050817746669,4.888395722489804,3.057444968726486,1.8357546008192003,2.4349671327508986,3.9290054771117866,3.129253204446286,3.129253204446286,3.3867420447058976,3.4205045620910823,3.8113559470511973,3.7946257293224335,2.8769847531802952,1.8942843065597117,4.096301832702011,3.2300652782432735,,,4.032065462786704,3.3978236629627645,2.528157032560557,3.3088430068455637,3.041730252094567,,4.363143285736442,4.363143285736442,3.365346208680421,2.3772693662904203,4.655562745872885,2.9051276282407343,2.9051276282407343,4.65138248167932,3.4058730006217957,,2.329051681794226,2.568111988250166,4.089069635607302,2.65935160825029,2.81059110770002,2.3531240080483258,3.089009008836001,2.3393557500094175,3.723225249443203,4.493212645407766,5.434616835322231,4.016061963047832,4.262976014520973,3.0773360216990113,5.350233088247478,4.807618950493634,3.784096086397767,3.431320186238736,4.571749968454242,4.553937974385917,2.1596655752509832,2.2059351070784032,3.3685199609026313,,3.620484371203929,5.0043906616047025,4.007779056206346,3.4861394059844315,3.246637795586139,3.3199974447488785,3.293668096419424,,3.484455468133092,5.577343886252493,3.803810483776033,3.0564107266254723,3.4342312896624207,2.942221201956272,,,2.58506419416517,2.3141470956616104,2.3048516707494855,2.48410709714517,3.0838135313242674,2.858338399324566,3.224535746499896,4.013045175932348,3.7814543931744993,2.8643891671672463,3.453460359480232,2.985445258207619
tt_19.700000000000003h,2.9097283338196576,,,2.0744719901122153,3.0603445707820356,3.7352633834816515,3.7352633834816515,3.1786727979779243,2.93552854238078,,2.710080283228308,2.638293612282723,4.892840072512627,3.0555704054422677,1.8328366642817855,2.432483199983835,3.9253149167634547,3.128403872717172,3.128403872717172,3.3867420447058976,3.4227505465969443,3.8104855902493,3.782378908712417,2.8741645282134414,1.8938426938839257,4.088220555800945,3.228702903725207,,,4.031249446328729,3.396582226268947,2.528155604377389,3.3062429861165583,3.038628804963082,,4.363143285736442,4.363143285736442,3.363743467256427,2.3749041347764432,4.656029639299959,2.9051276282407343,2.9051276282407343,4.6507787713781,3.4058730006217957,,2.3277438865043223,2.5661760340444744,4.088958524167538,2.6559351147152483,2.809677943587303,2.351807789877057,3.08865704620257,2.339330669026822,3.7209047582000494,4.4937213668599725,5.434715722687542,4.01079742051661,4.26251432672143,3.077336314599961,5.350132673513144,4.807641427963972,3.78297212254256,3.4295982657931745,4.577603000216186,4.553937974385917,2.157840325497091,2.2059350553900003,3.3667718106880784,,3.6204529707320035,5.004365699365735,3.998373214621097,3.4845241555012763,3.2451605768874288,3.3185104955919087,3.2917173532769084,,3.4834739584475756,5.577434054110199,3.8017108934000134,3.0551155493594706,3.4329725322313607,2.93960536736995,,,2.582600778900087,2.3182947346940637,2.3015749491751194,2.4841068983078003,3.0798665061593056,2.856398494914174,3.2233988670632243,4.001785845961422,3.7797757140360773,2.863176667597145,3.452508913818747,2.9842889891006052
tt_19.800000000000004h,2.907425647135824,,,2.0715192719362676,3.059383526444435,3.7352633834816515,3.7352633834816515,3.1758444509468973,2.93552854238078,,2.7089039641432464,2.636542957741767,4.892402726225555,3.0537562943063676,1.829994956497103,2.4300294960848987,3.921666738577187,3.132214294746518,3.132214294746518,3.384542542975396,3.4212537300772965,3.809630477335304,3.781042872928083,2.8713784934952855,1.8934097844175994,4.0852180742658675,3.2273603845387697,,,4.030448222067207,3.3953581717796624,2.5281543130986392,3.303677998483181,3.0355168753303587,,4.352754610590637,4.352754610590637,3.362161213066429,2.372573228087276,4.656461640261114,2.908910728059709,2.908910728059709,4.650193750858307,3.390788238029927,,2.326443715952337,2.564266107045114,4.088851614389569,2.668757434003055,2.80879433080554,2.3505297685042024,3.0883296001702547,2.3393072560429573,3.7185854827985168,4.494223813991994,5.434812316671014,4.005616879090667,4.262062925379723,3.0773365646600723,5.350034706760198,4.807671560905874,3.7818665732629597,3.4279102771542966,4.5834941626526415,4.539885620120913,2.156044586095959,2.205935009289533,3.3650481910444796,,3.620423037558794,5.004339543171227,3.9825738281942904,3.482927292585373,3.2422698559239507,3.317026374861598,3.289791251067072,,3.482508294750005,5.577520688995719,3.799640439450741,3.0538333472795784,3.431742367334664,2.9370324411429465,,,2.5801552082411945,2.3158765751868486,2.3056161901913583,2.484106714371592,3.0760962581261992,2.8455119505524635,3.2222940791398287,3.998935132753104,3.7781246164813638,2.8619625330902636,3.4593465821817517,2.983146936632693
tt_19.900000000000002h,2.9051140849478543,,,2.068647326901555,3.0584212448447943,3.739491850603372,3.739491850603372,3.1703375605866313,2.9395288680680096,,2.711497813463211,2.6348198000341654,4.891972339712083,3.0519328163936734,1.8271726029925048,2.4276354019530118,3.9137878217734396,3.131378431804478,3.131378431804478,3.387797295115888,3.419776867609471,3.8087904076091945,3.779730662237853,2.878944897092879,1.892988278530538,4.077149617951363,3.226037625223398,,,4.029661698266864,3.3941514855250716,2.5281531461514533,3.30112916091457,3.0324577377177775,,4.363773850724101,4.363773850724101,3.35906005743891,2.3702624309808016,4.65686108218506,2.905762120615691,2.905762120615691,4.649626901373267,3.3896582876332104,,2.323931273072958,2.562395218759775,4.08874876331538,2.6652764789760113,2.807958488818258,2.349294821266085,3.087986822705716,2.3392854426056147,3.716273884754628,4.494719837792218,5.434906662907451,4.013985938858241,4.261621645651758,3.0773367774672806,5.349939135834575,4.80770915793255,3.7807792713865638,3.42624122928828,4.58940684935078,4.545766110531986,2.154277634806931,2.205934968777001,3.3633078802376986,,3.620394512079656,5.004312268923968,4.005069911014289,3.4813501345925033,3.240855442825705,3.3155820821411908,3.2878688918426633,,3.4815578358247876,5.577603906858712,3.797590264119208,3.052594392094761,3.439462016802281,2.934463007375598,,,2.5777334519661963,2.313537453766912,2.302353795617819,2.4841065448708832,3.0722896372899413,2.8435950810089707,3.221225324552506,3.996122092474252,3.7765009831637144,2.8682754542678595,3.458389933221042,2.9820344550535083
